"Source","ImageSHA256","VolumeName","InterpreterFilename","InterpreterSHA256","PascalSHA256","LibrarySHA256","BootBlocksSHA256","ResultDirectory"
"images/educational/Reading Workshop - Distant Views (4am crack).zip!Reading Workshop - Distant Views (4am crack)/Reading Workshop - Distant Views (4am crack) side A.dsk","a53734bc1615233e12c1118655ffbd97d32933ac6ca33059fa7f2193f7cd482f","TEXT","SYSTEM.APPLE","b0d6ae9829da793cf605ae4cfc09b229f8130cd46a53db451eed226d8a986873","1e1f49d81a10939c89b0ceb20f4f619853c83c0c77c85774e991fd1119db6f69","85a4cd902d1cb48ee224d4741cb67eaa1280971bde9150a1edb7797142db7e47","802a8c6c14f2461b8132dfbcda29cbdc91d8acde288b022797765a232e32555a","/Users/chris/Repos/pdisasm/Tools/4am/images/a53734bc1615233e12c1118655ffbd97d32933ac6ca33059fa7f2193f7cd482f"
"images/educational/Alaska (4am crack) disk 8 - New People - Russian America 1781-1819.dsk","bd3c1aac3e9119cf65dc8cc443edbd0da6111704b74cdfa1fcf29090222cb76b","LESSONS","RT0006.APPLE","94eb6d37113cf3b9a8e2fa93aadafa08bac16fdcc578138fd9ace5848fd45a73","6dc9c38c6d99a5ea509b6d977b9729648e17bebf810eb9ef79bee1fcc07e7d01","6e03d304fe44a9492d92bf1fced61bde6f000f10a851f9a9d06dde11048de69c","72cd81575a7dfd00093d4636232f662ac486851600c5ffc0b029de7a0d613b06","/Users/chris/Repos/pdisasm/Tools/4am/images/bd3c1aac3e9119cf65dc8cc443edbd0da6111704b74cdfa1fcf29090222cb76b"
"images/educational/Solar Reading Flight 1 - Saturn (4am crack).zip!Solar Reading Flight 1 - Saturn (4am crack)/Solar Reading Flight 1 - Saturn (4am crack).dsk","3ce7b75596794b6e460dd095d77274b60fb44ee4598da8aeee2467bd12307f22","SATURN","SYSTEM.APPLE","49b1bbbd162e00df30a59b10aa591032e16b0fa5fec88512053827339b96383e","1e1f49d81a10939c89b0ceb20f4f619853c83c0c77c85774e991fd1119db6f69","5b9a1623b5d20f9b5707d5b0cd884b0b26546e1889ebb0ec9d17d4dc59de2e83","190f9410ae628d485d58a0b0ae1cc761c88233d916afdc9abb54443a80891003","/Users/chris/Repos/pdisasm/Tools/4am/images/3ce7b75596794b6e460dd095d77274b60fb44ee4598da8aeee2467bd12307f22"
"images/educational/Writing Skills volume 2 (4am crack) disk 1.dsk","e5627709ac0a7f266a8808535c20a3e5b0a8ed7cbaedf2404e29e98434d891d2","WS","SYSTEM.APPLE","47ffb6efa0d0047b8f37b5cb814eca7772af2ddec3e6e6522332992ef4aec70b","ef890517c1eb403c6029ac1063aac4c197ca4617995f7eaa964f8bcc9e688844","849fd458c412a5a8d64b50b33482f92ebade2106505ba1938c10f3c18659dc02","c0a8816dc817ceef784b8672328d621e5220e875edd899df4e1fdac500aa847a","/Users/chris/Repos/pdisasm/Tools/4am/images/e5627709ac0a7f266a8808535c20a3e5b0a8ed7cbaedf2404e29e98434d891d2"
"images/educational/Mixed Number Concepts (4am crack).zip!Mixed Number Concepts (4am crack)/Mixed Number Concepts (4am crack) side B - tests.dsk","02f9ab16b2c12a73f60ccf4026e8cdeb7f01522643770c2aa9138701b9c39191","BFRAC","SYSTEM.APPLE","2443c23e7538ebfc0227525e4a80878dfae0b96a8a445cb1c4b4332f433a8ae6","ef890517c1eb403c6029ac1063aac4c197ca4617995f7eaa964f8bcc9e688844","e5d5b7efb9517fabd9ceda1a80e244f0cbe59dc1b3421364367dc270f0d7f926","190f9410ae628d485d58a0b0ae1cc761c88233d916afdc9abb54443a80891003","/Users/chris/Repos/pdisasm/Tools/4am/images/02f9ab16b2c12a73f60ccf4026e8cdeb7f01522643770c2aa9138701b9c39191"
"images/educational/Mixed Number Concepts (4am crack).zip!Mixed Number Concepts (4am crack)/Mixed Number Concepts (4am crack) side A - lessons.dsk","1e08098932ee5f4c5b07b908e5ffed0960476ffd1e1a52e8b24ee3ac2d9ab75f","BFRAC","SYSTEM.APPLE","2443c23e7538ebfc0227525e4a80878dfae0b96a8a445cb1c4b4332f433a8ae6","ef890517c1eb403c6029ac1063aac4c197ca4617995f7eaa964f8bcc9e688844","a086f8ec93ba0ace22eec8f255da81d2c365788e3e7c24498f64d65b61b99fd4","190f9410ae628d485d58a0b0ae1cc761c88233d916afdc9abb54443a80891003","/Users/chris/Repos/pdisasm/Tools/4am/images/1e08098932ee5f4c5b07b908e5ffed0960476ffd1e1a52e8b24ee3ac2d9ab75f"
"images/educational/Geometric Figures - Angles and Right Angles (4am crack).zip!Geometric Figures - Angles and Right Angles (4am crack)/Geometric Figures - Angles and Right Angles (4am crack).dsk","d1da608b574c7c5de4b3f9f3ae80530f804f79aeec3ecca503623146fda347b9","SYSMAS","SYSTEM.APPLE","2d9d547e62a2b566b2cb2a26f311b321ab1d95a06cf6aaa68d1e9930fdd6b40d","98eb236ebae21950de87485bd83256642a73bb0727aae60d2cbbaf97165c6e15","1f4ab0662f085269e76c315b2cd1ddea6fba56b84da34249f0eed97af3ffc7f6","048c089e53438cc7066a73065409827ee44a382c798ce3718897716279cfc3dc","/Users/chris/Repos/pdisasm/Tools/4am/images/d1da608b574c7c5de4b3f9f3ae80530f804f79aeec3ecca503623146fda347b9"
"images/educational/Simplest Form of a Fraction (4am crack).zip!Simplest Form of a Fraction (4am crack)/Simplest Form of a Fraction (4am crack).dsk","7719d49b1bb9db7be8559a3e179362076c99c60970848a0a067b7faed7df3d74","SYSMAS","SYSTEM.APPLE","2d9d547e62a2b566b2cb2a26f311b321ab1d95a06cf6aaa68d1e9930fdd6b40d","98eb236ebae21950de87485bd83256642a73bb0727aae60d2cbbaf97165c6e15","1f4ab0662f085269e76c315b2cd1ddea6fba56b84da34249f0eed97af3ffc7f6","048c089e53438cc7066a73065409827ee44a382c798ce3718897716279cfc3dc","/Users/chris/Repos/pdisasm/Tools/4am/images/7719d49b1bb9db7be8559a3e179362076c99c60970848a0a067b7faed7df3d74"
"images/educational/Basic Fraction Concepts (4am crack).zip!Basic Fraction Concepts (4am crack)/Basic Fraction Concepts (4am crack) side B.dsk","d85527f6a6840937100bef852566d5a93d34d521e75c466271fb9d6b26e9bb4e","FRAC1","SYSTEM.APPLE","2443c23e7538ebfc0227525e4a80878dfae0b96a8a445cb1c4b4332f433a8ae6","ef890517c1eb403c6029ac1063aac4c197ca4617995f7eaa964f8bcc9e688844","e5d5b7efb9517fabd9ceda1a80e244f0cbe59dc1b3421364367dc270f0d7f926","190f9410ae628d485d58a0b0ae1cc761c88233d916afdc9abb54443a80891003","/Users/chris/Repos/pdisasm/Tools/4am/images/d85527f6a6840937100bef852566d5a93d34d521e75c466271fb9d6b26e9bb4e"
"images/educational/Improper Fractions (4am crack).zip!Improper Fractions (4am crack)/Improper Fractions (4am crack).dsk","eb5303e328d6b0a3c5b05762f3eb999e6c4c4526bc739294015b25e23463437a","4FR-01","SYSTEM.APPLE","2d9d547e62a2b566b2cb2a26f311b321ab1d95a06cf6aaa68d1e9930fdd6b40d","98eb236ebae21950de87485bd83256642a73bb0727aae60d2cbbaf97165c6e15","1f4ab0662f085269e76c315b2cd1ddea6fba56b84da34249f0eed97af3ffc7f6","048c089e53438cc7066a73065409827ee44a382c798ce3718897716279cfc3dc","/Users/chris/Repos/pdisasm/Tools/4am/images/eb5303e328d6b0a3c5b05762f3eb999e6c4c4526bc739294015b25e23463437a"
"images/educational/Fractions- Basic Skills (4am crack).zip!Fractions- Basic Skills (4am crack)/Fractions- Basic Skills (4am crack).dsk","5af16a115eba1f4ed6dc00a67b2fb1d7592dba48416f4c440a4261bddfeb27d1","FB","SYSTEM.APPLE","67adc957afa1fc3cae9177ef42846ea1c31fd44f5a00e0694f63acafd248aed5","3189798e4f598903441f35941277fa9d412ea0cba298e662923f8e2e50003f29","055c258dc906ad9e3034bc86ff4c2d35ffc6b76c12b7ede91ef155bc35e91a7c","048c089e53438cc7066a73065409827ee44a382c798ce3718897716279cfc3dc","/Users/chris/Repos/pdisasm/Tools/4am/images/5af16a115eba1f4ed6dc00a67b2fb1d7592dba48416f4c440a4261bddfeb27d1"
"images/educational/Writing Skills volume 5 (4am crack) disk 1.dsk","d8487e2cd4c9e014610fd39cb98b755b1033f168daced2e5b48ac4906450e758","WS","SYSTEM.APPLE","47ffb6efa0d0047b8f37b5cb814eca7772af2ddec3e6e6522332992ef4aec70b","ef890517c1eb403c6029ac1063aac4c197ca4617995f7eaa964f8bcc9e688844","849fd458c412a5a8d64b50b33482f92ebade2106505ba1938c10f3c18659dc02","a3b34e02c87e7aa3f03961efdb95039b40254516eed8fcd3ddf78dbdd3724abf","/Users/chris/Repos/pdisasm/Tools/4am/images/d8487e2cd4c9e014610fd39cb98b755b1033f168daced2e5b48ac4906450e758"
"images/educational/Game Frame One (4am crack) Shafts and Stairs.dsk","179b94ab06ec145e3b9bc841cac98670e9782199ff85c1a9b4af11273f49647e","GAME","SYSTEM.APPLE","49b1bbbd162e00df30a59b10aa591032e16b0fa5fec88512053827339b96383e","1e1f49d81a10939c89b0ceb20f4f619853c83c0c77c85774e991fd1119db6f69","85a4cd902d1cb48ee224d4741cb67eaa1280971bde9150a1edb7797142db7e47","190f9410ae628d485d58a0b0ae1cc761c88233d916afdc9abb54443a80891003","/Users/chris/Repos/pdisasm/Tools/4am/images/179b94ab06ec145e3b9bc841cac98670e9782199ff85c1a9b4af11273f49647e"
"images/educational/Multiplication Two-Digit Numbers No Renaming (4am crack).zip!Multiplication Two-Digit Numbers No Renaming (4am crack)/Multiplication Two-Digit Numbers No Renaming (4am crack).dsk","11d2bbd3cf6f616c6c2c2f1b46871ce0b61ca687c946fc652f88b03370bb60d5","SYSMAS","SYSTEM.APPLE","2d9d547e62a2b566b2cb2a26f311b321ab1d95a06cf6aaa68d1e9930fdd6b40d","98eb236ebae21950de87485bd83256642a73bb0727aae60d2cbbaf97165c6e15","1f4ab0662f085269e76c315b2cd1ddea6fba56b84da34249f0eed97af3ffc7f6","048c089e53438cc7066a73065409827ee44a382c798ce3718897716279cfc3dc","/Users/chris/Repos/pdisasm/Tools/4am/images/11d2bbd3cf6f616c6c2c2f1b46871ce0b61ca687c946fc652f88b03370bb60d5"
"images/educational/Multiplication Two-Digit Numbers with Renaming (4am crack).zip!Multiplication Two-Digit Numbers with Renaming (4am crack)/Multiplication Two-Digit Numbers with Renaming (4am crack).dsk","7327e78a33c638d57fd177c7c4050f6ff1f167eda02a636cf212494386a3fc59","SYSMAS","SYSTEM.APPLE","2d9d547e62a2b566b2cb2a26f311b321ab1d95a06cf6aaa68d1e9930fdd6b40d","98eb236ebae21950de87485bd83256642a73bb0727aae60d2cbbaf97165c6e15","1f4ab0662f085269e76c315b2cd1ddea6fba56b84da34249f0eed97af3ffc7f6","048c089e53438cc7066a73065409827ee44a382c798ce3718897716279cfc3dc","/Users/chris/Repos/pdisasm/Tools/4am/images/7327e78a33c638d57fd177c7c4050f6ff1f167eda02a636cf212494386a3fc59"
"images/educational/Grammar Gremlins 800K (4am crack) work disk.dsk","c94df43136018c6d39bd21c3935d0cd643a4746681385884be3032be4e2bacd4","GGWORK","SYSTEM.APPLE","2d9d547e62a2b566b2cb2a26f311b321ab1d95a06cf6aaa68d1e9930fdd6b40d","98eb236ebae21950de87485bd83256642a73bb0727aae60d2cbbaf97165c6e15","1f4ab0662f085269e76c315b2cd1ddea6fba56b84da34249f0eed97af3ffc7f6","048c089e53438cc7066a73065409827ee44a382c798ce3718897716279cfc3dc","/Users/chris/Repos/pdisasm/Tools/4am/images/c94df43136018c6d39bd21c3935d0cd643a4746681385884be3032be4e2bacd4"
"images/educational/Comprehension (Prescription Learning) (4am crack) disk 8.dsk","3e757388898a5b951a35073ee2cf5f38bcd4d2960541df525f56e1fcbf1e61bc","BLANK","SYSTEM.APPLE","2443c23e7538ebfc0227525e4a80878dfae0b96a8a445cb1c4b4332f433a8ae6","ef890517c1eb403c6029ac1063aac4c197ca4617995f7eaa964f8bcc9e688844","1e5b7ec8369f6abe0d13a1b64e376e26f1cc94647f159f04bf9a85937bfcba4d","190f9410ae628d485d58a0b0ae1cc761c88233d916afdc9abb54443a80891003","/Users/chris/Repos/pdisasm/Tools/4am/images/3e757388898a5b951a35073ee2cf5f38bcd4d2960541df525f56e1fcbf1e61bc"
"images/educational/Game Frame One (4am crack) Smileage.dsk","8f58c3bf153dc9111ce6b68059faa29546429ba26e583d34b58a4afd7f91dbba","GAME","SYSTEM.APPLE","49b1bbbd162e00df30a59b10aa591032e16b0fa5fec88512053827339b96383e","1e1f49d81a10939c89b0ceb20f4f619853c83c0c77c85774e991fd1119db6f69","85a4cd902d1cb48ee224d4741cb67eaa1280971bde9150a1edb7797142db7e47","190f9410ae628d485d58a0b0ae1cc761c88233d916afdc9abb54443a80891003","/Users/chris/Repos/pdisasm/Tools/4am/images/8f58c3bf153dc9111ce6b68059faa29546429ba26e583d34b58a4afd7f91dbba"
"images/educational/Basic Division Facts - Dividends to 25 - Factors to 5 (4am crack).zip!Basic Division Facts - Dividends to 25 - Factors to 5 (4am crack)/Basic Division Facts - Dividends to 25 - Factors to 5 (4am crack).dsk","ea0d3eef47e9b6d82ebc7d7fb25c70b1343e0dbb3b6393fbabd4f392cefc94ab","IM3-08","SYSTEM.APPLE","2d9d547e62a2b566b2cb2a26f311b321ab1d95a06cf6aaa68d1e9930fdd6b40d","98eb236ebae21950de87485bd83256642a73bb0727aae60d2cbbaf97165c6e15","1f4ab0662f085269e76c315b2cd1ddea6fba56b84da34249f0eed97af3ffc7f6","048c089e53438cc7066a73065409827ee44a382c798ce3718897716279cfc3dc","/Users/chris/Repos/pdisasm/Tools/4am/images/ea0d3eef47e9b6d82ebc7d7fb25c70b1343e0dbb3b6393fbabd4f392cefc94ab"
"images/educational/Alaska (4am crack) disk 6 - First People - Alaska's Natives questions.dsk","fc40383d4655956b762db0567552ec8992e3430d94c8cd761d15ff0a1d7452f4","ASKERS","RT0006.APPLE","94eb6d37113cf3b9a8e2fa93aadafa08bac16fdcc578138fd9ace5848fd45a73","6dc9c38c6d99a5ea509b6d977b9729648e17bebf810eb9ef79bee1fcc07e7d01","6e03d304fe44a9492d92bf1fced61bde6f000f10a851f9a9d06dde11048de69c","72cd81575a7dfd00093d4636232f662ac486851600c5ffc0b029de7a0d613b06","/Users/chris/Repos/pdisasm/Tools/4am/images/fc40383d4655956b762db0567552ec8992e3430d94c8cd761d15ff0a1d7452f4"
"images/educational/Roman Numerals Numbers from 1 to 100 (4am crack).zip!Roman Numerals Numbers from 1 to 100 (4am crack)/Roman Numerals Numbers from 1 to 100 (4am crack).dsk","7d2a64b94b13ad03060a5c5d7b418d322c7484a38c7e59c025e3e72018a8a577","4PV-01","SYSTEM.APPLE","2d9d547e62a2b566b2cb2a26f311b321ab1d95a06cf6aaa68d1e9930fdd6b40d","98eb236ebae21950de87485bd83256642a73bb0727aae60d2cbbaf97165c6e15","1f4ab0662f085269e76c315b2cd1ddea6fba56b84da34249f0eed97af3ffc7f6","048c089e53438cc7066a73065409827ee44a382c798ce3718897716279cfc3dc","/Users/chris/Repos/pdisasm/Tools/4am/images/7d2a64b94b13ad03060a5c5d7b418d322c7484a38c7e59c025e3e72018a8a577"
"images/educational/Mindscape's Reading Workshop- Grade 5 (4am crack).zip!Mindscape's Reading Workshop- Grade 5 (4am crack)/Mindscape's Reading Workshop- Grade 5 (4am crack) disk 3A.dsk","c49823f470a13a7691b36d4b3709015ca5ccee9f7754164c8d5f0a6325397d71","TEXT","SYSTEM.APPLE","b0d6ae9829da793cf605ae4cfc09b229f8130cd46a53db451eed226d8a986873","1e1f49d81a10939c89b0ceb20f4f619853c83c0c77c85774e991fd1119db6f69","85a4cd902d1cb48ee224d4741cb67eaa1280971bde9150a1edb7797142db7e47","802a8c6c14f2461b8132dfbcda29cbdc91d8acde288b022797765a232e32555a","/Users/chris/Repos/pdisasm/Tools/4am/images/c49823f470a13a7691b36d4b3709015ca5ccee9f7754164c8d5f0a6325397d71"
"images/educational/Mindscape's Reading Workshop- Grade 5 (4am crack).zip!Mindscape's Reading Workshop- Grade 5 (4am crack)/Mindscape's Reading Workshop- Grade 5 (4am crack) disk 2A.dsk","d1ae72bb77c71e5814e26d7a659bf09b26b55ba3929ff5b6a4cccc257907a3bf","TEXT","SYSTEM.APPLE","b0d6ae9829da793cf605ae4cfc09b229f8130cd46a53db451eed226d8a986873","1e1f49d81a10939c89b0ceb20f4f619853c83c0c77c85774e991fd1119db6f69","85a4cd902d1cb48ee224d4741cb67eaa1280971bde9150a1edb7797142db7e47","802a8c6c14f2461b8132dfbcda29cbdc91d8acde288b022797765a232e32555a","/Users/chris/Repos/pdisasm/Tools/4am/images/d1ae72bb77c71e5814e26d7a659bf09b26b55ba3929ff5b6a4cccc257907a3bf"
"images/educational/Mindscape's Reading Workshop- Grade 5 (4am crack).zip!Mindscape's Reading Workshop- Grade 5 (4am crack)/Mindscape's Reading Workshop- Grade 5 (4am crack) disk 1A.dsk","de054e94bca899eb5332f820248f4698aec29d533f1cd76ef24c547b90561aca","TEXT","SYSTEM.APPLE","b0d6ae9829da793cf605ae4cfc09b229f8130cd46a53db451eed226d8a986873","1e1f49d81a10939c89b0ceb20f4f619853c83c0c77c85774e991fd1119db6f69","85a4cd902d1cb48ee224d4741cb67eaa1280971bde9150a1edb7797142db7e47","802a8c6c14f2461b8132dfbcda29cbdc91d8acde288b022797765a232e32555a","/Users/chris/Repos/pdisasm/Tools/4am/images/de054e94bca899eb5332f820248f4698aec29d533f1cd76ef24c547b90561aca"
"images/educational/Mindscape's Reading Workshop- Grade 5 (4am crack).zip!Mindscape's Reading Workshop- Grade 5 (4am crack)/Mindscape's Reading Workshop- Grade 5 (4am crack) disk 4 - toolkit.dsk","3bf5e593920c918984c531b40f206ee880868c8e834abed4b2de47901c4f0c29","TOOLKIT","SYSTEM.APPLE","7f4b73233346ce1c7030c6ca14f2a2366a49256baa4301c280d59df8d9791efe","ef890517c1eb403c6029ac1063aac4c197ca4617995f7eaa964f8bcc9e688844","d46a993e4deb6f12c8ddece9b864f988eb0b5c2518e867dc13546cf578f36793","802a8c6c14f2461b8132dfbcda29cbdc91d8acde288b022797765a232e32555a","/Users/chris/Repos/pdisasm/Tools/4am/images/3bf5e593920c918984c531b40f206ee880868c8e834abed4b2de47901c4f0c29"
"images/educational/Addition (Prescription Learning) (4am crack) disk 8.dsk","7b1cf3cd269f5d3341996e211dffdb6706a3d62247ff789fe192d0b375a607c7","CLASMTH","SYSTEM.APPLE","2443c23e7538ebfc0227525e4a80878dfae0b96a8a445cb1c4b4332f433a8ae6","ef890517c1eb403c6029ac1063aac4c197ca4617995f7eaa964f8bcc9e688844","d1879dacf33d8a31dd2c6746e1b10f727a1964016d6853198ab7ab5bf77b72ed","190f9410ae628d485d58a0b0ae1cc761c88233d916afdc9abb54443a80891003","/Users/chris/Repos/pdisasm/Tools/4am/images/7b1cf3cd269f5d3341996e211dffdb6706a3d62247ff789fe192d0b375a607c7"
"images/educational/Reading Workshop - Running Free (4am crack).zip!Reading Workshop - Running Free (4am crack)/Reading Workshop - Running Free (4am crack) disk D-1.dsk","1afe28ba1ec564e2a8132686ef47e5f8d6f09c2d0a37d5ec0e817636a8e6b110","TEXT","SYSTEM.APPLE","b0d6ae9829da793cf605ae4cfc09b229f8130cd46a53db451eed226d8a986873","1e1f49d81a10939c89b0ceb20f4f619853c83c0c77c85774e991fd1119db6f69","85a4cd902d1cb48ee224d4741cb67eaa1280971bde9150a1edb7797142db7e47","802a8c6c14f2461b8132dfbcda29cbdc91d8acde288b022797765a232e32555a","/Users/chris/Repos/pdisasm/Tools/4am/images/1afe28ba1ec564e2a8132686ef47e5f8d6f09c2d0a37d5ec0e817636a8e6b110"
"images/educational/Reading Workshop - Running Free (4am crack).zip!Reading Workshop - Running Free (4am crack)/Reading Workshop - Running Free (4am crack) disk B-1.dsk","a649e43affb8d774d43240a4b7e0d50174893bdf26de11ac95b099037a29a173","TEXT","SYSTEM.APPLE","b0d6ae9829da793cf605ae4cfc09b229f8130cd46a53db451eed226d8a986873","1e1f49d81a10939c89b0ceb20f4f619853c83c0c77c85774e991fd1119db6f69","85a4cd902d1cb48ee224d4741cb67eaa1280971bde9150a1edb7797142db7e47","802a8c6c14f2461b8132dfbcda29cbdc91d8acde288b022797765a232e32555a","/Users/chris/Repos/pdisasm/Tools/4am/images/a649e43affb8d774d43240a4b7e0d50174893bdf26de11ac95b099037a29a173"
"images/educational/Reading Workshop - Running Free (4am crack).zip!Reading Workshop - Running Free (4am crack)/Reading Workshop - Running Free (4am crack) disk C-1.dsk","32a681bb26f1bf38e5a324c92d3bd9c4965e90fa27f353ff991276bdb62e7c14","TEXT","SYSTEM.APPLE","b0d6ae9829da793cf605ae4cfc09b229f8130cd46a53db451eed226d8a986873","1e1f49d81a10939c89b0ceb20f4f619853c83c0c77c85774e991fd1119db6f69","85a4cd902d1cb48ee224d4741cb67eaa1280971bde9150a1edb7797142db7e47","802a8c6c14f2461b8132dfbcda29cbdc91d8acde288b022797765a232e32555a","/Users/chris/Repos/pdisasm/Tools/4am/images/32a681bb26f1bf38e5a324c92d3bd9c4965e90fa27f353ff991276bdb62e7c14"
"images/educational/Reading Workshop - Running Free (4am crack).zip!Reading Workshop - Running Free (4am crack)/Reading Workshop - Running Free (4am crack) disk A-1.dsk","41926cc18b90a2f1838bbc53e8ae6d728c8cfa76121d2740c29e4e2b95d6deb0","TEXT","SYSTEM.APPLE","b0d6ae9829da793cf605ae4cfc09b229f8130cd46a53db451eed226d8a986873","1e1f49d81a10939c89b0ceb20f4f619853c83c0c77c85774e991fd1119db6f69","85a4cd902d1cb48ee224d4741cb67eaa1280971bde9150a1edb7797142db7e47","802a8c6c14f2461b8132dfbcda29cbdc91d8acde288b022797765a232e32555a","/Users/chris/Repos/pdisasm/Tools/4am/images/41926cc18b90a2f1838bbc53e8ae6d728c8cfa76121d2740c29e4e2b95d6deb0"
"images/educational/Geometric Figures - Circles, Radius, Diameter (4am crack).zip!Geometric Figures - Circles, Radius, Diameter (4am crack)/Geometric Figures - Circles, Radius, Diameter (4am crack).dsk","37a9070316a818c6b3408e5b14c098f01655a28ff75e16aa245bdc6468017086","4GC-02","SYSTEM.APPLE","2d9d547e62a2b566b2cb2a26f311b321ab1d95a06cf6aaa68d1e9930fdd6b40d","98eb236ebae21950de87485bd83256642a73bb0727aae60d2cbbaf97165c6e15","1f4ab0662f085269e76c315b2cd1ddea6fba56b84da34249f0eed97af3ffc7f6","048c089e53438cc7066a73065409827ee44a382c798ce3718897716279cfc3dc","/Users/chris/Repos/pdisasm/Tools/4am/images/37a9070316a818c6b3408e5b14c098f01655a28ff75e16aa245bdc6468017086"
"images/educational/Subtraction (Prescription Learning) (4am crack) disk 7.dsk","ca5ce80d1fe2770d4b3aca65a57928d2516a34d52b554e8978fbdfc427d71bf2","CLASMTH","SYSTEM.APPLE","7ce54508b9f1564c47d1db921b530c9702c6e91cee177ccbf89bc40f88a1bd5f","02f0576644c3c2d30ef8671fc8fba306a8123a3661e896eaac5393bc5a7c8a14","8c07c18fe5803ebde4878e8bf511ce3c8969f353498a1007331fe9e322ad5cef","190f9410ae628d485d58a0b0ae1cc761c88233d916afdc9abb54443a80891003","/Users/chris/Repos/pdisasm/Tools/4am/images/ca5ce80d1fe2770d4b3aca65a57928d2516a34d52b554e8978fbdfc427d71bf2"
"images/educational/Addition of Fractions - Common Denominators (4am crack).zip!Addition of Fractions - Common Denominators (4am crack)/Addition of Fractions - Common Denominators (4am crack).dsk","f31935dd94bfd12485b5dcc33979f336dd0de3cc2b447fb3b5cc333b69cec0b1","SYSMAS","SYSTEM.APPLE","2d9d547e62a2b566b2cb2a26f311b321ab1d95a06cf6aaa68d1e9930fdd6b40d","98eb236ebae21950de87485bd83256642a73bb0727aae60d2cbbaf97165c6e15","1f4ab0662f085269e76c315b2cd1ddea6fba56b84da34249f0eed97af3ffc7f6","048c089e53438cc7066a73065409827ee44a382c798ce3718897716279cfc3dc","/Users/chris/Repos/pdisasm/Tools/4am/images/f31935dd94bfd12485b5dcc33979f336dd0de3cc2b447fb3b5cc333b69cec0b1"
"images/educational/Subtraction (Prescription Learning) (4am crack) disk 6.dsk","50a301a5c88cc3fbe442152faeb7881592db3d4e5601fb0eb281f5e7780cbcd1","CLASMTH","SYSTEM.APPLE","7ce54508b9f1564c47d1db921b530c9702c6e91cee177ccbf89bc40f88a1bd5f","02f0576644c3c2d30ef8671fc8fba306a8123a3661e896eaac5393bc5a7c8a14","8c07c18fe5803ebde4878e8bf511ce3c8969f353498a1007331fe9e322ad5cef","190f9410ae628d485d58a0b0ae1cc761c88233d916afdc9abb54443a80891003","/Users/chris/Repos/pdisasm/Tools/4am/images/50a301a5c88cc3fbe442152faeb7881592db3d4e5601fb0eb281f5e7780cbcd1"
"images/educational/Easy Graph II (4am crack).zip!Easy Graph II (4am crack)/Easy Graph II (4am crack) disk 2 - Tool.dsk","bd9dd9b12c99f645b9354aad119dc36af7f9bb88798329b517b854caf880480e","EGPROG","SYSTEM.APPLE","49f00c76ef90887cb8c49cfeee8f9f804cab505ea3d5282b910d5a08e8750a2e","1e1f49d81a10939c89b0ceb20f4f619853c83c0c77c85774e991fd1119db6f69","05dc27c0bacfca3dd281f203f5e8415771d91790657c5a6576e1152fd92086aa","187b52d6d145a848d9dcb28d20513e6ba34a3f6a039b1ea2fe3203159f1cf141","/Users/chris/Repos/pdisasm/Tools/4am/images/bd9dd9b12c99f645b9354aad119dc36af7f9bb88798329b517b854caf880480e"
"images/educational/Easy Graph II (4am crack).zip!Easy Graph II (4am crack)/Easy Graph II (4am crack) disk 1 - Tutorial.dsk","a31c72e4426c650288816fd10e9e547e7621dd63104a54e069d4993f2714aaed","GRAFM","SYSTEM.APPLE","49f00c76ef90887cb8c49cfeee8f9f804cab505ea3d5282b910d5a08e8750a2e","1e1f49d81a10939c89b0ceb20f4f619853c83c0c77c85774e991fd1119db6f69","73b1dc2c8b31f43fa61b657f169f662cefb17143adc5d85f862872c9859b8e00","b97ab98130f6bea6adcc9cacee96fc4ec31fbd8fa41479dad2eba0ebb7f88803","/Users/chris/Repos/pdisasm/Tools/4am/images/a31c72e4426c650288816fd10e9e547e7621dd63104a54e069d4993f2714aaed"
"images/educational/Multiplication One-Digit x Two-Digit No Renaming (4am crack).zip!Multiplication One-Digit x Two-Digit No Renaming (4am crack)/Multiplication One-Digit x Two-Digit No Renaming (4am crack).dsk","e6b8407dd9e55484d3950b0aca11ff8250cbb3a0c0c41ba9b4b49fd232069c4b","IM3-10","SYSTEM.APPLE","2d9d547e62a2b566b2cb2a26f311b321ab1d95a06cf6aaa68d1e9930fdd6b40d","98eb236ebae21950de87485bd83256642a73bb0727aae60d2cbbaf97165c6e15","1f4ab0662f085269e76c315b2cd1ddea6fba56b84da34249f0eed97af3ffc7f6","048c089e53438cc7066a73065409827ee44a382c798ce3718897716279cfc3dc","/Users/chris/Repos/pdisasm/Tools/4am/images/e6b8407dd9e55484d3950b0aca11ff8250cbb3a0c0c41ba9b4b49fd232069c4b"
"images/educational/Alaska (4am crack) disk 9 - New People - Russian America 1820-1867.dsk","4aaaf487ab88fda35411663364e7d5a66f0f887eac7c610d430df0aedb7763ff","LESSONS","RT0006.APPLE","94eb6d37113cf3b9a8e2fa93aadafa08bac16fdcc578138fd9ace5848fd45a73","6dc9c38c6d99a5ea509b6d977b9729648e17bebf810eb9ef79bee1fcc07e7d01","6e03d304fe44a9492d92bf1fced61bde6f000f10a851f9a9d06dde11048de69c","72cd81575a7dfd00093d4636232f662ac486851600c5ffc0b029de7a0d613b06","/Users/chris/Repos/pdisasm/Tools/4am/images/4aaaf487ab88fda35411663364e7d5a66f0f887eac7c610d430df0aedb7763ff"
"images/educational/Alaska (4am crack) disk 1 - The Great Land.dsk","af5c8fe8e9f6e63b284cadc8f9d535bf1240ff8e92cd40bacc286afc56776361","LESSONS","RT0006.APPLE","f6b364dbeaba0f57337c2d655e0641a6a80f89fdad62371aa9b1deab28c58276","6dc9c38c6d99a5ea509b6d977b9729648e17bebf810eb9ef79bee1fcc07e7d01","6e03d304fe44a9492d92bf1fced61bde6f000f10a851f9a9d06dde11048de69c","72cd81575a7dfd00093d4636232f662ac486851600c5ffc0b029de7a0d613b06","/Users/chris/Repos/pdisasm/Tools/4am/images/af5c8fe8e9f6e63b284cadc8f9d535bf1240ff8e92cd40bacc286afc56776361"
"images/educational/The Magic Cash Register (4am crack).zip!The Magic Cash Register (4am crack)/The Magic Cash Register (4am crack).dsk","5db0a7baffdfd5c89a60a247cb7f89888fc7d9449ef5299e3b808b80700d6d8d","MCR","SYSTEM.APPLE","49b1bbbd162e00df30a59b10aa591032e16b0fa5fec88512053827339b96383e","1e1f49d81a10939c89b0ceb20f4f619853c83c0c77c85774e991fd1119db6f69","b4a886c830e4352c98537c784726b0c07cffe3e6f48249bb214df331e5ed31e3","190f9410ae628d485d58a0b0ae1cc761c88233d916afdc9abb54443a80891003","/Users/chris/Repos/pdisasm/Tools/4am/images/5db0a7baffdfd5c89a60a247cb7f89888fc7d9449ef5299e3b808b80700d6d8d"
"images/educational/Addition and Subtraction (4am crack) work disk.dsk","e74a68969bf1502f4e073af42469f9d7ed55dae9ef4f732d3c8bb1bad66fbcc9","AS1WORK","SYSTEM.APPLE","2d9d547e62a2b566b2cb2a26f311b321ab1d95a06cf6aaa68d1e9930fdd6b40d","98eb236ebae21950de87485bd83256642a73bb0727aae60d2cbbaf97165c6e15","1f4ab0662f085269e76c315b2cd1ddea6fba56b84da34249f0eed97af3ffc7f6","048c089e53438cc7066a73065409827ee44a382c798ce3718897716279cfc3dc","/Users/chris/Repos/pdisasm/Tools/4am/images/e74a68969bf1502f4e073af42469f9d7ed55dae9ef4f732d3c8bb1bad66fbcc9"
"images/educational/Fractional Parts of a Region (4am crack).zip!Fractional Parts of a Region (4am crack)/Fractional Parts of a Region (4am crack).dsk","820be8518673f4ce19c56917a151ab3c8df033e89916dab6e5212452bfdb4061","IM3-14","SYSTEM.APPLE","2d9d547e62a2b566b2cb2a26f311b321ab1d95a06cf6aaa68d1e9930fdd6b40d","98eb236ebae21950de87485bd83256642a73bb0727aae60d2cbbaf97165c6e15","1f4ab0662f085269e76c315b2cd1ddea6fba56b84da34249f0eed97af3ffc7f6","048c089e53438cc7066a73065409827ee44a382c798ce3718897716279cfc3dc","/Users/chris/Repos/pdisasm/Tools/4am/images/820be8518673f4ce19c56917a151ab3c8df033e89916dab6e5212452bfdb4061"
"images/educational/Subtraction (Prescription Learning) (4am crack) disk 4.dsk","a6ceabdede2a85e22d801d32c4d84f8b0284f6aa28436235eb4bba3304f2d756","CLASMTH","SYSTEM.APPLE","7ce54508b9f1564c47d1db921b530c9702c6e91cee177ccbf89bc40f88a1bd5f","02f0576644c3c2d30ef8671fc8fba306a8123a3661e896eaac5393bc5a7c8a14","8c07c18fe5803ebde4878e8bf511ce3c8969f353498a1007331fe9e322ad5cef","190f9410ae628d485d58a0b0ae1cc761c88233d916afdc9abb54443a80891003","/Users/chris/Repos/pdisasm/Tools/4am/images/a6ceabdede2a85e22d801d32c4d84f8b0284f6aa28436235eb4bba3304f2d756"
"images/educational/Solar Reading Flight 1 - Blast Off (4am crack).zip!Solar Reading Flight 1 - Blast Off (4am crack)/Solar Reading Flight 1 - Blast Off (4am crack).dsk","cf2d82437c04104ead3980979a1a055a74bbce5113bb89a108db7d97a7ce0852","GAME","SYSTEM.APPLE","49b1bbbd162e00df30a59b10aa591032e16b0fa5fec88512053827339b96383e","1e1f49d81a10939c89b0ceb20f4f619853c83c0c77c85774e991fd1119db6f69","ae0860e842cb476d91b6fb501ab271c6e733644264253c7a471399ddd037ba89","190f9410ae628d485d58a0b0ae1cc761c88233d916afdc9abb54443a80891003","/Users/chris/Repos/pdisasm/Tools/4am/images/cf2d82437c04104ead3980979a1a055a74bbce5113bb89a108db7d97a7ce0852"
"images/educational/Don't Quote Me and Adjective Scramble (4am crack).zip!Don't Quote Me and Adjective Scramble (4am crack)/Don't Quote Me and Adjective Scramble (4am crack).dsk","b3c935718b4f6205301ba0edb27335eb66bb0ef10c02a87fbbd32a450bdb135f","DISKC1","SYSTEM.APPLE","49b1bbbd162e00df30a59b10aa591032e16b0fa5fec88512053827339b96383e","1e1f49d81a10939c89b0ceb20f4f619853c83c0c77c85774e991fd1119db6f69","ee26ba83eddf81c5c69c8f18d72f42dfa1b6e9f6450195836aac127ca6a98a2b","190f9410ae628d485d58a0b0ae1cc761c88233d916afdc9abb54443a80891003","/Users/chris/Repos/pdisasm/Tools/4am/images/b3c935718b4f6205301ba0edb27335eb66bb0ef10c02a87fbbd32a450bdb135f"
"images/educational/Subtraction (Prescription Learning) (4am crack) disk 5.dsk","23bc97b20213c8db61beb4b35d4a99f1943397644e59d860227c5c7525df20e2","CLASMTH","SYSTEM.APPLE","7ce54508b9f1564c47d1db921b530c9702c6e91cee177ccbf89bc40f88a1bd5f","02f0576644c3c2d30ef8671fc8fba306a8123a3661e896eaac5393bc5a7c8a14","8c07c18fe5803ebde4878e8bf511ce3c8969f353498a1007331fe9e322ad5cef","190f9410ae628d485d58a0b0ae1cc761c88233d916afdc9abb54443a80891003","/Users/chris/Repos/pdisasm/Tools/4am/images/23bc97b20213c8db61beb4b35d4a99f1943397644e59d860227c5c7525df20e2"
"images/educational/Countries of the World (4am crack).zip!Countries of the World (4am crack)/Countries of the World (4am crack) side A.dsk","1a1179e7f91a2c58147ed856ef30da67545f446710f3db70f1585be1cf17fa02","CDPURS","SYSTEM.APPLE","49b1bbbd162e00df30a59b10aa591032e16b0fa5fec88512053827339b96383e","1e1f49d81a10939c89b0ceb20f4f619853c83c0c77c85774e991fd1119db6f69","c1b0cc8b089c6c2cba142d481bab2aa6e279acbc192bdd20fa807c7895e04eb1","f9baf6f8578625dd0b53281eeaf6f28c32b05237de7584673cb99e790ba384ac","/Users/chris/Repos/pdisasm/Tools/4am/images/1a1179e7f91a2c58147ed856ef30da67545f446710f3db70f1585be1cf17fa02"
"images/educational/WonderQuest (4am crack).dsk","789a715f6144af955c7cbc2ac1eb3115c6b027ee0430364e1b4279bf74461108","BLANK","SYSTEM.APPLE","49b1bbbd162e00df30a59b10aa591032e16b0fa5fec88512053827339b96383e","1e1f49d81a10939c89b0ceb20f4f619853c83c0c77c85774e991fd1119db6f69","7c440237dcb8048ef1f9937be2391607606648d9f5d38b34d2b4f30519591aa0","a1698801721813bf01c0b4e73a85ab45a73184802cb5ff585b065d3beb28e08b","/Users/chris/Repos/pdisasm/Tools/4am/images/789a715f6144af955c7cbc2ac1eb3115c6b027ee0430364e1b4279bf74461108"
"images/educational/Game Frame Two (4am crack) Satellite Rescue.dsk","bd3671e0f4270a01574f1a0720538050eb9234c4f2520c718c0b83273b6eeaa5","GAME","SYSTEM.APPLE","49b1bbbd162e00df30a59b10aa591032e16b0fa5fec88512053827339b96383e","1e1f49d81a10939c89b0ceb20f4f619853c83c0c77c85774e991fd1119db6f69","85a4cd902d1cb48ee224d4741cb67eaa1280971bde9150a1edb7797142db7e47","190f9410ae628d485d58a0b0ae1cc761c88233d916afdc9abb54443a80891003","/Users/chris/Repos/pdisasm/Tools/4am/images/bd3671e0f4270a01574f1a0720538050eb9234c4f2520c718c0b83273b6eeaa5"
"images/educational/Writing Skills volume 4 (4am crack) disk 1.dsk","f48fe7964a4afdab05869848611bb33180c3151fc21dc344e9b54aafa3a20ebd","WS","SYSTEM.APPLE","47ffb6efa0d0047b8f37b5cb814eca7772af2ddec3e6e6522332992ef4aec70b","ef890517c1eb403c6029ac1063aac4c197ca4617995f7eaa964f8bcc9e688844","849fd458c412a5a8d64b50b33482f92ebade2106505ba1938c10f3c18659dc02","a42caf8b1028d7861861d11c0ba7d0964118a033d242cb6febaa1c39ac6563cd","/Users/chris/Repos/pdisasm/Tools/4am/images/f48fe7964a4afdab05869848611bb33180c3151fc21dc344e9b54aafa3a20ebd"
"images/educational/Pictographs Bar Graphs (4am crack).zip!Pictographs Bar Graphs (4am crack)/Pictographs Bar Graphs (4am crack).dsk","fac27c7124988d969410ebf7181e213ee60134c3513b80701e4cce5115e9656a","IM3-15","SYSTEM.APPLE","2d9d547e62a2b566b2cb2a26f311b321ab1d95a06cf6aaa68d1e9930fdd6b40d","98eb236ebae21950de87485bd83256642a73bb0727aae60d2cbbaf97165c6e15","1f4ab0662f085269e76c315b2cd1ddea6fba56b84da34249f0eed97af3ffc7f6","048c089e53438cc7066a73065409827ee44a382c798ce3718897716279cfc3dc","/Users/chris/Repos/pdisasm/Tools/4am/images/fac27c7124988d969410ebf7181e213ee60134c3513b80701e4cce5115e9656a"
"images/educational/Subtraction (Prescription Learning) (4am crack) disk 1.dsk","6be11b397d39a8e2d1ac920edb7fa927209f904545e1568dc1593dd864e26c9a","CLASMTH","SYSTEM.APPLE","7ce54508b9f1564c47d1db921b530c9702c6e91cee177ccbf89bc40f88a1bd5f","02f0576644c3c2d30ef8671fc8fba306a8123a3661e896eaac5393bc5a7c8a14","8c07c18fe5803ebde4878e8bf511ce3c8969f353498a1007331fe9e322ad5cef","190f9410ae628d485d58a0b0ae1cc761c88233d916afdc9abb54443a80891003","/Users/chris/Repos/pdisasm/Tools/4am/images/6be11b397d39a8e2d1ac920edb7fa927209f904545e1568dc1593dd864e26c9a"
"images/educational/Word Problems Multiplication or Division Basic Facts (4am crack).zip!Word Problems Multiplication or Division Basic Facts (4am crack)/Word Problems Multiplication or Division Basic Facts (4am crack).dsk","5c72d7b327ba79262c02118610fd83c487634009f7ff68dcd3476258a6d2eb5a","IM3-13","SYSTEM.APPLE","2d9d547e62a2b566b2cb2a26f311b321ab1d95a06cf6aaa68d1e9930fdd6b40d","98eb236ebae21950de87485bd83256642a73bb0727aae60d2cbbaf97165c6e15","1f4ab0662f085269e76c315b2cd1ddea6fba56b84da34249f0eed97af3ffc7f6","048c089e53438cc7066a73065409827ee44a382c798ce3718897716279cfc3dc","/Users/chris/Repos/pdisasm/Tools/4am/images/5c72d7b327ba79262c02118610fd83c487634009f7ff68dcd3476258a6d2eb5a"
"images/educational/The Secrets of Science Island (4am crack) side A.dsk","ff2d819c4929628d32b85f99a759d6a39443e0f15833d7eabe5cec255c66cb46","DEMO","SYSTEM.APPLE","49b1bbbd162e00df30a59b10aa591032e16b0fa5fec88512053827339b96383e","1e1f49d81a10939c89b0ceb20f4f619853c83c0c77c85774e991fd1119db6f69","bc219ee784bbabe3f60f8729c7e1cbb2370c50cbd9871e10761646eb9afe8fe6","52fe3795d649e68033fc269fcb1ec312c562a5641571bd53bac22845c1cdab6c","/Users/chris/Repos/pdisasm/Tools/4am/images/ff2d819c4929628d32b85f99a759d6a39443e0f15833d7eabe5cec255c66cb46"
"images/educational/Pollution Control (4am crack).zip!Pollution Control (4am crack)/Pollution Control (4am crack) disk 1 - Pollution Master.dsk","99a6065f6011530d04fac48994bc78963c097de0e3df1c3229fd4e5d04d9ecbb","POL0","SYSTEM.APPLE","cf7ded0f0ae86d8eb3cd36fc18036f182b2368ba864e1d21305381b7f89b8222","02f0576644c3c2d30ef8671fc8fba306a8123a3661e896eaac5393bc5a7c8a14","6e7de1a22ae249a90e132c84b82db753966f80ca9f0df864ebb70e1fe6ff14fc","187b52d6d145a848d9dcb28d20513e6ba34a3f6a039b1ea2fe3203159f1cf141","/Users/chris/Repos/pdisasm/Tools/4am/images/99a6065f6011530d04fac48994bc78963c097de0e3df1c3229fd4e5d04d9ecbb"
"images/educational/Grammar Gremlins (4am crack) side A.dsk","5798ef1e3fdc87006b790391d2f0ce2fe22d70c7758e42eeb87db7b7d7f235e1","GREMLIN","SYSTEM.APPLE","67adc957afa1fc3cae9177ef42846ea1c31fd44f5a00e0694f63acafd248aed5","3189798e4f598903441f35941277fa9d412ea0cba298e662923f8e2e50003f29","4488373786f09b0806953e785275d932015b98a659ca5a3197284b8891b3b554","048c089e53438cc7066a73065409827ee44a382c798ce3718897716279cfc3dc","/Users/chris/Repos/pdisasm/Tools/4am/images/5798ef1e3fdc87006b790391d2f0ce2fe22d70c7758e42eeb87db7b7d7f235e1"
"images/educational/Encyclopedia Trivia (4am crack).zip!Encyclopedia Trivia (4am crack)/Encyclopedia Trivia (4am crack).dsk","f785f4a15f7632b2e7058723a1db7e5a92b8e4dc945a8f452ed0ddbd505ee11f","DISKB2","SYSTEM.APPLE","49b1bbbd162e00df30a59b10aa591032e16b0fa5fec88512053827339b96383e","1e1f49d81a10939c89b0ceb20f4f619853c83c0c77c85774e991fd1119db6f69","ee26ba83eddf81c5c69c8f18d72f42dfa1b6e9f6450195836aac127ca6a98a2b","190f9410ae628d485d58a0b0ae1cc761c88233d916afdc9abb54443a80891003","/Users/chris/Repos/pdisasm/Tools/4am/images/f785f4a15f7632b2e7058723a1db7e5a92b8e4dc945a8f452ed0ddbd505ee11f"
"images/educational/Writing Skills volume 3 (4am crack) disk 1.dsk","3195b9b8c24e3b9ef51fbc6def10d86a7105165a4753b56cd8b396fa461f1efe","WS","SYSTEM.APPLE","47ffb6efa0d0047b8f37b5cb814eca7772af2ddec3e6e6522332992ef4aec70b","ef890517c1eb403c6029ac1063aac4c197ca4617995f7eaa964f8bcc9e688844","849fd458c412a5a8d64b50b33482f92ebade2106505ba1938c10f3c18659dc02","52238ff9bc504b92f140bb9f29bdc8bfdc2bf4e1a8783fdeda1408a4dee0b44a","/Users/chris/Repos/pdisasm/Tools/4am/images/3195b9b8c24e3b9ef51fbc6def10d86a7105165a4753b56cd8b396fa461f1efe"
"images/educational/Subtraction of Fractions - Common Denominators (4am crack).zip!Subtraction of Fractions - Common Denominators (4am crack)/Subtraction of Fractions - Common Denominators (4am crack).dsk","86ad533d53216a3514d50f9559806a3f81db0591cadc49ba36d61b69fef2b0ed","SYSMAS","SYSTEM.APPLE","2d9d547e62a2b566b2cb2a26f311b321ab1d95a06cf6aaa68d1e9930fdd6b40d","98eb236ebae21950de87485bd83256642a73bb0727aae60d2cbbaf97165c6e15","1f4ab0662f085269e76c315b2cd1ddea6fba56b84da34249f0eed97af3ffc7f6","048c089e53438cc7066a73065409827ee44a382c798ce3718897716279cfc3dc","/Users/chris/Repos/pdisasm/Tools/4am/images/86ad533d53216a3514d50f9559806a3f81db0591cadc49ba36d61b69fef2b0ed"
"images/educational/Multiplication (Prescription Learning) (4am crack) disk 8.dsk","e6374d71a1a0587b90ad79eb7729a1c02b78273d02ed1cf3574d4a266f258e38","CLASMTH","SYSTEM.APPLE","7ce54508b9f1564c47d1db921b530c9702c6e91cee177ccbf89bc40f88a1bd5f","02f0576644c3c2d30ef8671fc8fba306a8123a3661e896eaac5393bc5a7c8a14","8c07c18fe5803ebde4878e8bf511ce3c8969f353498a1007331fe9e322ad5cef","190f9410ae628d485d58a0b0ae1cc761c88233d916afdc9abb54443a80891003","/Users/chris/Repos/pdisasm/Tools/4am/images/e6374d71a1a0587b90ad79eb7729a1c02b78273d02ed1cf3574d4a266f258e38"
"images/educational/Subtraction (Prescription Learning) (4am crack) disk 3.dsk","526977e555e3fe0e83eb696cbe14d9910f33218242ddb95a3a20e7345e317d18","CLASMTH","SYSTEM.APPLE","7ce54508b9f1564c47d1db921b530c9702c6e91cee177ccbf89bc40f88a1bd5f","02f0576644c3c2d30ef8671fc8fba306a8123a3661e896eaac5393bc5a7c8a14","8c07c18fe5803ebde4878e8bf511ce3c8969f353498a1007331fe9e322ad5cef","190f9410ae628d485d58a0b0ae1cc761c88233d916afdc9abb54443a80891003","/Users/chris/Repos/pdisasm/Tools/4am/images/526977e555e3fe0e83eb696cbe14d9910f33218242ddb95a3a20e7345e317d18"
"images/educational/The Secrets of Science Island (4am crack) side B.dsk","6cf1b3140bc8eabf6ffd02bf03da09b40f53b45d0407721dceb5532c616d319b","SIDE2","SYSTEM.APPLE","86beeba9e7eec02ce5eafb0793207b819505dc5222ee57b2f50b6f42b8db4993","1e1f49d81a10939c89b0ceb20f4f619853c83c0c77c85774e991fd1119db6f69","4f2257d2e2ecf853081bddeded534e14666180ab89cea2ae8d3bc1bf8cf6a184","f4fdfcb173b450f0d672393d29cff7fee2de12792203f88978f68b50804c104b","/Users/chris/Repos/pdisasm/Tools/4am/images/6cf1b3140bc8eabf6ffd02bf03da09b40f53b45d0407721dceb5532c616d319b"
"images/educational/Game Frame One (4am crack) Tug-A-Grug.dsk","0bcac3dec5a03bc3a56514eee7b0bb0b8f21562e8df8b3ce0f71f0a9e661d7d8","GAME","SYSTEM.APPLE","49b1bbbd162e00df30a59b10aa591032e16b0fa5fec88512053827339b96383e","1e1f49d81a10939c89b0ceb20f4f619853c83c0c77c85774e991fd1119db6f69","85a4cd902d1cb48ee224d4741cb67eaa1280971bde9150a1edb7797142db7e47","190f9410ae628d485d58a0b0ae1cc761c88233d916afdc9abb54443a80891003","/Users/chris/Repos/pdisasm/Tools/4am/images/0bcac3dec5a03bc3a56514eee7b0bb0b8f21562e8df8b3ce0f71f0a9e661d7d8"
"images/educational/Time Measurement AM PM (4am crack).zip!Time Measurement AM PM (4am crack)/Time Measurement AM PM (4am crack).dsk","01762e6a9966b6f61b1a9d5598f5c36992952fa3162de19d3d689494b5547869","IM3-02","SYSTEM.APPLE","2d9d547e62a2b566b2cb2a26f311b321ab1d95a06cf6aaa68d1e9930fdd6b40d","98eb236ebae21950de87485bd83256642a73bb0727aae60d2cbbaf97165c6e15","1f4ab0662f085269e76c315b2cd1ddea6fba56b84da34249f0eed97af3ffc7f6","048c089e53438cc7066a73065409827ee44a382c798ce3718897716279cfc3dc","/Users/chris/Repos/pdisasm/Tools/4am/images/01762e6a9966b6f61b1a9d5598f5c36992952fa3162de19d3d689494b5547869"
"images/educational/Addition Two Renamings (4am crack).zip!Addition Two Renamings (4am crack)/Addition Two Renamings (4am crack).dsk","f4778a8fd1247770b13b51086aaa1acec8738a1ac28f359175c7a00043963bb1","SYSMAS","SYSTEM.APPLE","2d9d547e62a2b566b2cb2a26f311b321ab1d95a06cf6aaa68d1e9930fdd6b40d","98eb236ebae21950de87485bd83256642a73bb0727aae60d2cbbaf97165c6e15","1f4ab0662f085269e76c315b2cd1ddea6fba56b84da34249f0eed97af3ffc7f6","048c089e53438cc7066a73065409827ee44a382c798ce3718897716279cfc3dc","/Users/chris/Repos/pdisasm/Tools/4am/images/f4778a8fd1247770b13b51086aaa1acec8738a1ac28f359175c7a00043963bb1"
"images/educational/Addition and Subtraction 1 (4am crack).dsk","9c9676f0880c0c22f7080e249bf026d6c67a6ae23dc9d0024d5bd306d1c18c50","D99AS1","RTSTRP.APPLE","20825a7ef1aaa49f5a0a830791bb6aac7f10cfd6d7f7637a2de9e10e4d6ff238","2dc60c5c04c061bcff0771a5742820e6815e52aa0c60246301286d61e5258009","85a4cd902d1cb48ee224d4741cb67eaa1280971bde9150a1edb7797142db7e47","6f95245e71173839bf5f064e06c4f78de1728c77bc9a4f04be58a1a1b44dc943","/Users/chris/Repos/pdisasm/Tools/4am/images/9c9676f0880c0c22f7080e249bf026d6c67a6ae23dc9d0024d5bd306d1c18c50"
"images/educational/Basic Division Facts - Dividends to 81 - Factors to 9 (4am crack).zip!Basic Division Facts - Dividends to 81 - Factors to 9 (4am crack)/Basic Division Facts - Dividends to 81 - Factors to 9 (4am crack).dsk","cb8a1b7ffa9fd92b00dd0ebde58620737781d1c10cd41d03ad1c19b06ea2e877","IM3-09","SYSTEM.APPLE","2d9d547e62a2b566b2cb2a26f311b321ab1d95a06cf6aaa68d1e9930fdd6b40d","98eb236ebae21950de87485bd83256642a73bb0727aae60d2cbbaf97165c6e15","1f4ab0662f085269e76c315b2cd1ddea6fba56b84da34249f0eed97af3ffc7f6","048c089e53438cc7066a73065409827ee44a382c798ce3718897716279cfc3dc","/Users/chris/Repos/pdisasm/Tools/4am/images/cb8a1b7ffa9fd92b00dd0ebde58620737781d1c10cd41d03ad1c19b06ea2e877"
"images/educational/Multiplication One-Digit x Three-Digit No Renaming (4am crack).zip!Multiplication One-Digit x Three-Digit No Renaming (4am crack)/Multiplication One-Digit x Three-Digit No Renaming (4am crack).dsk","241759e25137d0663757521d059a2ff28df6f36386fa70bb9c6d1dfead345927","IM3-11","SYSTEM.APPLE","2d9d547e62a2b566b2cb2a26f311b321ab1d95a06cf6aaa68d1e9930fdd6b40d","98eb236ebae21950de87485bd83256642a73bb0727aae60d2cbbaf97165c6e15","1f4ab0662f085269e76c315b2cd1ddea6fba56b84da34249f0eed97af3ffc7f6","048c089e53438cc7066a73065409827ee44a382c798ce3718897716279cfc3dc","/Users/chris/Repos/pdisasm/Tools/4am/images/241759e25137d0663757521d059a2ff28df6f36386fa70bb9c6d1dfead345927"
"images/educational/typing/Smartype (4am crack).zip!Smartype (4am crack)/Smartype (4am crack).dsk","8e997d3f50cef2d3e38ea292268cc83f8242f463072abf03344b49ad592d301a","SMARTYP","SYSTEM.APPLE","7ce54508b9f1564c47d1db921b530c9702c6e91cee177ccbf89bc40f88a1bd5f","02f0576644c3c2d30ef8671fc8fba306a8123a3661e896eaac5393bc5a7c8a14","03b45b4d533246162f4880c5c48333ba580fbc2790828e3dcd0f6b7b6a2b2710","aa5ab02e544b1d0299568ddfaa8c7280aa2e62cfc9ca55b54ce7ec4c898221e4","/Users/chris/Repos/pdisasm/Tools/4am/images/8e997d3f50cef2d3e38ea292268cc83f8242f463072abf03344b49ad592d301a"
"images/educational/typing/The Typewriter (4am crack).zip!The Typewriter (4am crack)/The Typewriter (4am crack).dsk","f01ce518d569d3b7fb3e94e240a26634f93606a1c12229e91fd5419d49964c1b","TW","SYSTEM.APPLE","f7b541b27673739db27deb8f9b9fe4003cb25c4b5fbec905674284f58a6c1286","97a1688dfa2c4838461f8e522b5def79124c6fb53ed022560c9bfffaed12f656","","190f9410ae628d485d58a0b0ae1cc761c88233d916afdc9abb54443a80891003","/Users/chris/Repos/pdisasm/Tools/4am/images/f01ce518d569d3b7fb3e94e240a26634f93606a1c12229e91fd5419d49964c1b"
"images/educational/Multiplication (Prescription Learning) (4am crack) disk 5.dsk","c3ff58cd3ceecbaecccd495ff04f2b67fb093e6b04a4a1f1f3225278659ba065","CMATH","SYSTEM.APPLE","7ce54508b9f1564c47d1db921b530c9702c6e91cee177ccbf89bc40f88a1bd5f","02f0576644c3c2d30ef8671fc8fba306a8123a3661e896eaac5393bc5a7c8a14","8c07c18fe5803ebde4878e8bf511ce3c8969f353498a1007331fe9e322ad5cef","190f9410ae628d485d58a0b0ae1cc761c88233d916afdc9abb54443a80891003","/Users/chris/Repos/pdisasm/Tools/4am/images/c3ff58cd3ceecbaecccd495ff04f2b67fb093e6b04a4a1f1f3225278659ba065"
"images/educational/Multiplication (Prescription Learning) (4am crack) disk 4.dsk","e2f8ada7e96fb28324624df6253d68fa58d558e160042b3354f4931c373092a8","CMATH","SYSTEM.APPLE","7ce54508b9f1564c47d1db921b530c9702c6e91cee177ccbf89bc40f88a1bd5f","02f0576644c3c2d30ef8671fc8fba306a8123a3661e896eaac5393bc5a7c8a14","8c07c18fe5803ebde4878e8bf511ce3c8969f353498a1007331fe9e322ad5cef","190f9410ae628d485d58a0b0ae1cc761c88233d916afdc9abb54443a80891003","/Users/chris/Repos/pdisasm/Tools/4am/images/e2f8ada7e96fb28324624df6253d68fa58d558e160042b3354f4931c373092a8"
"images/educational/Division One Digit Divisor No Renaming (4am crack).zip!Division One Digit Divisor No Renaming (4am crack)/Division One Digit Divisor No Renaming (4am crack).dsk","c6b81cd2568e62ef4a1e74db9e42f7bf4517bc2991f351c4f5e4b51418e2f2b4","IM3-12","SYSTEM.APPLE","2d9d547e62a2b566b2cb2a26f311b321ab1d95a06cf6aaa68d1e9930fdd6b40d","98eb236ebae21950de87485bd83256642a73bb0727aae60d2cbbaf97165c6e15","1f4ab0662f085269e76c315b2cd1ddea6fba56b84da34249f0eed97af3ffc7f6","048c089e53438cc7066a73065409827ee44a382c798ce3718897716279cfc3dc","/Users/chris/Repos/pdisasm/Tools/4am/images/c6b81cd2568e62ef4a1e74db9e42f7bf4517bc2991f351c4f5e4b51418e2f2b4"
"images/educational/Frog Jump Ordering Numbers (4am crack).dsk","e1b909bc19d3d517c09e84147599a1e0b3b8ae9a9cf3279daf74fd73c3430bcd","D99FJ","RTSTRP.APPLE","20825a7ef1aaa49f5a0a830791bb6aac7f10cfd6d7f7637a2de9e10e4d6ff238","2dc60c5c04c061bcff0771a5742820e6815e52aa0c60246301286d61e5258009","85a4cd902d1cb48ee224d4741cb67eaa1280971bde9150a1edb7797142db7e47","6f95245e71173839bf5f064e06c4f78de1728c77bc9a4f04be58a1a1b44dc943","/Users/chris/Repos/pdisasm/Tools/4am/images/e1b909bc19d3d517c09e84147599a1e0b3b8ae9a9cf3279daf74fd73c3430bcd"
"images/educational/Riddle Magic (4am crack) side A.dsk","0deb65ad86c731695f86c3d917ad3aa2306bbb919fa4424b30a7fac70e5bdda2","RIDSHOP","SYSTEM.APPLE","bab952813c718c879d3720572cbc5ad6be7dcb713d5bf20d4f3f77d40ac93008","3189798e4f598903441f35941277fa9d412ea0cba298e662923f8e2e50003f29","4566e64b028b2fc3907073c1547b8d4cca4d9a28e063d4b7b3d52c13488c8d2a","f84b096b8460063f9d333f7e2794ef7550224eb91ed7c9dff08fbf18c41b439e","/Users/chris/Repos/pdisasm/Tools/4am/images/0deb65ad86c731695f86c3d917ad3aa2306bbb919fa4424b30a7fac70e5bdda2"
"images/educational/Grammar Gremlins 1987 (4am crack) side A.dsk","37a2e5b7619a4229338e272e3f69da5f8f80e34b48a9104fd2935fb0d8ab6c8c","GREMLIN","SYSTEM.APPLE","67adc957afa1fc3cae9177ef42846ea1c31fd44f5a00e0694f63acafd248aed5","3189798e4f598903441f35941277fa9d412ea0cba298e662923f8e2e50003f29","4488373786f09b0806953e785275d932015b98a659ca5a3197284b8891b3b554","048c089e53438cc7066a73065409827ee44a382c798ce3718897716279cfc3dc","/Users/chris/Repos/pdisasm/Tools/4am/images/37a2e5b7619a4229338e272e3f69da5f8f80e34b48a9104fd2935fb0d8ab6c8c"
"images/educational/Alaska (4am crack) disk 2 - First People - Alaska's Natives part one.dsk","a91c6831afa9a9a718eb0be119d884dcf114aced28dc50faf5bbba577c3ad3a9","LESSONS","RT0006.APPLE","94eb6d37113cf3b9a8e2fa93aadafa08bac16fdcc578138fd9ace5848fd45a73","6dc9c38c6d99a5ea509b6d977b9729648e17bebf810eb9ef79bee1fcc07e7d01","6e03d304fe44a9492d92bf1fced61bde6f000f10a851f9a9d06dde11048de69c","72cd81575a7dfd00093d4636232f662ac486851600c5ffc0b029de7a0d613b06","/Users/chris/Repos/pdisasm/Tools/4am/images/a91c6831afa9a9a718eb0be119d884dcf114aced28dc50faf5bbba577c3ad3a9"
"images/educational/Alaska (4am crack) disk 4 - First People - Alaska's Natives part three.dsk","711e3727f5b2ef7a2d02d0a31adece9408d3c2bf7395c881c1f8488e5008a68b","LESSONS","RT0006.APPLE","94eb6d37113cf3b9a8e2fa93aadafa08bac16fdcc578138fd9ace5848fd45a73","6dc9c38c6d99a5ea509b6d977b9729648e17bebf810eb9ef79bee1fcc07e7d01","6e03d304fe44a9492d92bf1fced61bde6f000f10a851f9a9d06dde11048de69c","72cd81575a7dfd00093d4636232f662ac486851600c5ffc0b029de7a0d613b06","/Users/chris/Repos/pdisasm/Tools/4am/images/711e3727f5b2ef7a2d02d0a31adece9408d3c2bf7395c881c1f8488e5008a68b"
"images/educational/Multiplication (Prescription Learning) (4am crack) disk 6.dsk","178682a3d0d85eedf6f30e928bb76a7a71e1a85823f41e0af316b64e8af900a7","CMATH","SYSTEM.APPLE","7ce54508b9f1564c47d1db921b530c9702c6e91cee177ccbf89bc40f88a1bd5f","02f0576644c3c2d30ef8671fc8fba306a8123a3661e896eaac5393bc5a7c8a14","8c07c18fe5803ebde4878e8bf511ce3c8969f353498a1007331fe9e322ad5cef","190f9410ae628d485d58a0b0ae1cc761c88233d916afdc9abb54443a80891003","/Users/chris/Repos/pdisasm/Tools/4am/images/178682a3d0d85eedf6f30e928bb76a7a71e1a85823f41e0af316b64e8af900a7"
"images/educational/Multiplication (Prescription Learning) (4am crack) disk 7.dsk","3aafb681a1af896dedb6292cdfefa68c813b1a37737d7b0d873338636aeb2b8c","CMATH","SYSTEM.APPLE","7ce54508b9f1564c47d1db921b530c9702c6e91cee177ccbf89bc40f88a1bd5f","02f0576644c3c2d30ef8671fc8fba306a8123a3661e896eaac5393bc5a7c8a14","8c07c18fe5803ebde4878e8bf511ce3c8969f353498a1007331fe9e322ad5cef","190f9410ae628d485d58a0b0ae1cc761c88233d916afdc9abb54443a80891003","/Users/chris/Repos/pdisasm/Tools/4am/images/3aafb681a1af896dedb6292cdfefa68c813b1a37737d7b0d873338636aeb2b8c"
"images/educational/Fractions- Subtraction (4am crack).zip!Fractions- Subtraction (4am crack)/Fractions- Subtraction (4am crack).dsk","9ddfca47dc12891977686f739836d28cb4b8a72a366a3797c47a8318cac699af","FS","SYSTEM.APPLE","67adc957afa1fc3cae9177ef42846ea1c31fd44f5a00e0694f63acafd248aed5","3189798e4f598903441f35941277fa9d412ea0cba298e662923f8e2e50003f29","2ce512f5b8bb7e204adbb2d0f51d5339117aa0ab404ec0d16377b312720caffe","048c089e53438cc7066a73065409827ee44a382c798ce3718897716279cfc3dc","/Users/chris/Repos/pdisasm/Tools/4am/images/9ddfca47dc12891977686f739836d28cb4b8a72a366a3797c47a8318cac699af"
"images/educational/Alaska (4am crack) disk 7 - New People - Russian Exploration.dsk","8ba0360e98b47f34c222d1d4333fe4355e30614dbf8a307a242a6c514b503a27","LESSONS","RT0006.APPLE","94eb6d37113cf3b9a8e2fa93aadafa08bac16fdcc578138fd9ace5848fd45a73","6dc9c38c6d99a5ea509b6d977b9729648e17bebf810eb9ef79bee1fcc07e7d01","6e03d304fe44a9492d92bf1fced61bde6f000f10a851f9a9d06dde11048de69c","72cd81575a7dfd00093d4636232f662ac486851600c5ffc0b029de7a0d613b06","/Users/chris/Repos/pdisasm/Tools/4am/images/8ba0360e98b47f34c222d1d4333fe4355e30614dbf8a307a242a6c514b503a27"
"images/educational/Whole Numbers- Multiplication (4am crack).zip!Whole Numbers- Multiplication (4am crack)/Whole Numbers- Multiplication (4am crack).dsk","28e8a932707a15dd067a05fd27072e77d050d6b3498395b219e7706f858403ea","WM","SYSTEM.APPLE","67adc957afa1fc3cae9177ef42846ea1c31fd44f5a00e0694f63acafd248aed5","3189798e4f598903441f35941277fa9d412ea0cba298e662923f8e2e50003f29","2ce512f5b8bb7e204adbb2d0f51d5339117aa0ab404ec0d16377b312720caffe","048c089e53438cc7066a73065409827ee44a382c798ce3718897716279cfc3dc","/Users/chris/Repos/pdisasm/Tools/4am/images/28e8a932707a15dd067a05fd27072e77d050d6b3498395b219e7706f858403ea"
"images/educational/Subtraction (Prescription Learning) (4am crack) disk 8.dsk","50b965999cdae4559da887d534e91de2b36bd6eb892de150e27eb8fcb84f86e0","CLASMTH","SYSTEM.APPLE","7ce54508b9f1564c47d1db921b530c9702c6e91cee177ccbf89bc40f88a1bd5f","02f0576644c3c2d30ef8671fc8fba306a8123a3661e896eaac5393bc5a7c8a14","8c07c18fe5803ebde4878e8bf511ce3c8969f353498a1007331fe9e322ad5cef","190f9410ae628d485d58a0b0ae1cc761c88233d916afdc9abb54443a80891003","/Users/chris/Repos/pdisasm/Tools/4am/images/50b965999cdae4559da887d534e91de2b36bd6eb892de150e27eb8fcb84f86e0"
"images/educational/Multiplication (Prescription Learning) (4am crack) disk 3.dsk","bf6009e9c0a721d43b6c92bf7b6ec23f658d5217216758c149f66aa06f60fc47","CLASMTH","SYSTEM.APPLE","7ce54508b9f1564c47d1db921b530c9702c6e91cee177ccbf89bc40f88a1bd5f","02f0576644c3c2d30ef8671fc8fba306a8123a3661e896eaac5393bc5a7c8a14","8c07c18fe5803ebde4878e8bf511ce3c8969f353498a1007331fe9e322ad5cef","190f9410ae628d485d58a0b0ae1cc761c88233d916afdc9abb54443a80891003","/Users/chris/Repos/pdisasm/Tools/4am/images/bf6009e9c0a721d43b6c92bf7b6ec23f658d5217216758c149f66aa06f60fc47"
"images/educational/Contraction Concentration (4am crack).zip!Contraction Concentration (4am crack)/Contraction Concentration (4am crack).dsk","0cbd006773cf2c76cc0322701229eeefd9ef0b3546c5525ccd4244e9b1af2dc9","NEWB1","SYSTEM.APPLE","49b1bbbd162e00df30a59b10aa591032e16b0fa5fec88512053827339b96383e","1e1f49d81a10939c89b0ceb20f4f619853c83c0c77c85774e991fd1119db6f69","ee26ba83eddf81c5c69c8f18d72f42dfa1b6e9f6450195836aac127ca6a98a2b","190f9410ae628d485d58a0b0ae1cc761c88233d916afdc9abb54443a80891003","/Users/chris/Repos/pdisasm/Tools/4am/images/0cbd006773cf2c76cc0322701229eeefd9ef0b3546c5525ccd4244e9b1af2dc9"
"images/educational/Learning to Read - Letters, Words, and Sentences volume 3 (4am crack) disk 1.dsk","2325cdb9e6137a487c43d841f1496bccd60da4e9e7752d648297b29b22dbd4a5","MICRO.T","SYSTEM.APPLE","49b1bbbd162e00df30a59b10aa591032e16b0fa5fec88512053827339b96383e","1e1f49d81a10939c89b0ceb20f4f619853c83c0c77c85774e991fd1119db6f69","b80fa08aa0e35d8a8f92e7df7fa524616629e9de10b8f54ad7c215bc5ac26c95","25facf49800e2f4a9fd38980601b8fee8a7b2933be32315dc0afba4e286ca755","/Users/chris/Repos/pdisasm/Tools/4am/images/2325cdb9e6137a487c43d841f1496bccd60da4e9e7752d648297b29b22dbd4a5"
"images/educational/Game Frame Two (4am crack) Factman.dsk","d845c6ffa71aa39c50c326e5813b891ef47bd9668d3c52b6f2cda19d503e97c6","GAME","SYSTEM.APPLE","49b1bbbd162e00df30a59b10aa591032e16b0fa5fec88512053827339b96383e","1e1f49d81a10939c89b0ceb20f4f619853c83c0c77c85774e991fd1119db6f69","85a4cd902d1cb48ee224d4741cb67eaa1280971bde9150a1edb7797142db7e47","190f9410ae628d485d58a0b0ae1cc761c88233d916afdc9abb54443a80891003","/Users/chris/Repos/pdisasm/Tools/4am/images/d845c6ffa71aa39c50c326e5813b891ef47bd9668d3c52b6f2cda19d503e97c6"
"images/educational/Bible Discovery (4am crack).zip!Bible Discovery (4am crack)/Bible Discovery (4am crack) side A.dsk","5f3e4373949242365f7e5adf1cdaa04d01463830e0cf427c42fb3e80b2ddf737","FOKPROG","SYSTEM.APPLE","ca567b9ed9affd43ac7f27037de992ff34836c9cc4f6a64f2f4c5f9068ad4e3f","3189798e4f598903441f35941277fa9d412ea0cba298e662923f8e2e50003f29","2ca65942987408baaa2dbce8b32140a174d3cda3c6668f5c412fb25e080dbc8b","048c089e53438cc7066a73065409827ee44a382c798ce3718897716279cfc3dc","/Users/chris/Repos/pdisasm/Tools/4am/images/5f3e4373949242365f7e5adf1cdaa04d01463830e0cf427c42fb3e80b2ddf737"
"images/educational/Alaska (4am crack) disk 3 - First People - Alaska's Natives part two.dsk","2fcf7fed077bffa066d65da6877615279c8b0c632b50d04c7ce2052200cdc8e3","LESSONS","RT0006.APPLE","94eb6d37113cf3b9a8e2fa93aadafa08bac16fdcc578138fd9ace5848fd45a73","6dc9c38c6d99a5ea509b6d977b9729648e17bebf810eb9ef79bee1fcc07e7d01","6e03d304fe44a9492d92bf1fced61bde6f000f10a851f9a9d06dde11048de69c","72cd81575a7dfd00093d4636232f662ac486851600c5ffc0b029de7a0d613b06","/Users/chris/Repos/pdisasm/Tools/4am/images/2fcf7fed077bffa066d65da6877615279c8b0c632b50d04c7ce2052200cdc8e3"
"images/educational/Multiplication (Prescription Learning) (4am crack) disk 1.dsk","fa8889c27743e640e734e9b5ceb4d2f67421138aa6fc4a1ddad53b320152f9c9","CLASMTH","SYSTEM.APPLE","7ce54508b9f1564c47d1db921b530c9702c6e91cee177ccbf89bc40f88a1bd5f","02f0576644c3c2d30ef8671fc8fba306a8123a3661e896eaac5393bc5a7c8a14","8c07c18fe5803ebde4878e8bf511ce3c8969f353498a1007331fe9e322ad5cef","190f9410ae628d485d58a0b0ae1cc761c88233d916afdc9abb54443a80891003","/Users/chris/Repos/pdisasm/Tools/4am/images/fa8889c27743e640e734e9b5ceb4d2f67421138aa6fc4a1ddad53b320152f9c9"
"images/educational/Fractions- Addition (4am crack).zip!Fractions- Addition (4am crack)/Fractions- Addition (4am crack).dsk","b10670ba890c9ca243b1b699d0e12498cdccd451a1593ce5a225f819b7935d48","NEW","SYSTEM.APPLE","67adc957afa1fc3cae9177ef42846ea1c31fd44f5a00e0694f63acafd248aed5","3189798e4f598903441f35941277fa9d412ea0cba298e662923f8e2e50003f29","2ce512f5b8bb7e204adbb2d0f51d5339117aa0ab404ec0d16377b312720caffe","190f9410ae628d485d58a0b0ae1cc761c88233d916afdc9abb54443a80891003","/Users/chris/Repos/pdisasm/Tools/4am/images/b10670ba890c9ca243b1b699d0e12498cdccd451a1593ce5a225f819b7935d48"
"images/educational/Learning to Read - Letters, Words, and Sentences volume 3 (4am crack) disk 2.dsk","98b02513145abfce5c2106d8bd78296db6ca2f4eea37bede372cc84a70afaa52","MICRO.T","SYSTEM.APPLE","49b1bbbd162e00df30a59b10aa591032e16b0fa5fec88512053827339b96383e","1e1f49d81a10939c89b0ceb20f4f619853c83c0c77c85774e991fd1119db6f69","4c082776867c3c1e05f7f6c2cda803cadd16fb2d06651fde02c3f3cb55a55596","e056ea7cd5f2ae6481c3d0913a1aa29acf55d3ba6a6deeb5ab0d59c33aa67077","/Users/chris/Repos/pdisasm/Tools/4am/images/98b02513145abfce5c2106d8bd78296db6ca2f4eea37bede372cc84a70afaa52"
"images/educational/Solar Reading Flight 1 - Jupiter (4am crack).zip!Solar Reading Flight 1 - Jupiter (4am crack)/Solar Reading Flight 1 - Jupiter (4am crack).dsk","e0619bbee661f91636fdd51248b96f33d4557f38273d2875857792a2ce875529","JUPITER","SYSTEM.APPLE","49b1bbbd162e00df30a59b10aa591032e16b0fa5fec88512053827339b96383e","1e1f49d81a10939c89b0ceb20f4f619853c83c0c77c85774e991fd1119db6f69","5b9a1623b5d20f9b5707d5b0cd884b0b26546e1889ebb0ec9d17d4dc59de2e83","190f9410ae628d485d58a0b0ae1cc761c88233d916afdc9abb54443a80891003","/Users/chris/Repos/pdisasm/Tools/4am/images/e0619bbee661f91636fdd51248b96f33d4557f38273d2875857792a2ce875529"
"images/educational/Game Frame Two (4am crack) Bowling for Scholars.dsk","c8eec3d0dc744481668b75de3ea6c28d2b322a24f725e18f56ab0958f9790faf","GAME","SYSTEM.APPLE","49b1bbbd162e00df30a59b10aa591032e16b0fa5fec88512053827339b96383e","1e1f49d81a10939c89b0ceb20f4f619853c83c0c77c85774e991fd1119db6f69","85a4cd902d1cb48ee224d4741cb67eaa1280971bde9150a1edb7797142db7e47","190f9410ae628d485d58a0b0ae1cc761c88233d916afdc9abb54443a80891003","/Users/chris/Repos/pdisasm/Tools/4am/images/c8eec3d0dc744481668b75de3ea6c28d2b322a24f725e18f56ab0958f9790faf"
"images/educational/The Music Class (4am crack) disk 2.dsk","1b861be7a187710b40f49a2df4331393a87e77637aa8a221eab22627330c1090","WENGER2","SYSTEM.APPLE","7ce54508b9f1564c47d1db921b530c9702c6e91cee177ccbf89bc40f88a1bd5f","02f0576644c3c2d30ef8671fc8fba306a8123a3661e896eaac5393bc5a7c8a14","8820204c1533f471678ebc2c77d44995d6150e829bb4ccbba84d8af5e975f616","190f9410ae628d485d58a0b0ae1cc761c88233d916afdc9abb54443a80891003","/Users/chris/Repos/pdisasm/Tools/4am/images/1b861be7a187710b40f49a2df4331393a87e77637aa8a221eab22627330c1090"
"images/educational/Learning to Read - Letters, Words, and Sentences volume 2 (4am crack) disk 2.dsk","9c65ea361b6a6f5d59e95d42cbe4f3b85c250153325398ca1ab08bada3144a36","MICRO.T","SYSTEM.APPLE","49b1bbbd162e00df30a59b10aa591032e16b0fa5fec88512053827339b96383e","1e1f49d81a10939c89b0ceb20f4f619853c83c0c77c85774e991fd1119db6f69","3bfae9103008481c2e35f780c289473e9bc20b78ec47e021acccf55d68ec15c5","b5f8f8b083af88142a51ae24b33a8d498cfa974eb66fff6bb3c495ce349456b5","/Users/chris/Repos/pdisasm/Tools/4am/images/9c65ea361b6a6f5d59e95d42cbe4f3b85c250153325398ca1ab08bada3144a36"
"images/educational/Grammar Gremlins 1987 (4am crack).zip!Grammar Gremlins 1987 (4am crack)/Grammar Gremlins 1987 (4am crack) side A.dsk","04db6d8dd6bbb36af30d344a09a047b8f0f00b34594d38ec86f22cbc5f59fe50","GREMLIN","SYSTEM.APPLE","67adc957afa1fc3cae9177ef42846ea1c31fd44f5a00e0694f63acafd248aed5","3189798e4f598903441f35941277fa9d412ea0cba298e662923f8e2e50003f29","4488373786f09b0806953e785275d932015b98a659ca5a3197284b8891b3b554","048c089e53438cc7066a73065409827ee44a382c798ce3718897716279cfc3dc","/Users/chris/Repos/pdisasm/Tools/4am/images/04db6d8dd6bbb36af30d344a09a047b8f0f00b34594d38ec86f22cbc5f59fe50"
"images/educational/Grammar Gremlins 1987 (4am crack).zip!Grammar Gremlins 1987 (4am crack)/Grammar Gremlins 1987 (4am crack) work disk.dsk","56c18dd3e860b4a3e6d7c2a84516929faf010368932b80a1aa76bed3d5d994e4","GGWORK","SYSTEM.APPLE","2d9d547e62a2b566b2cb2a26f311b321ab1d95a06cf6aaa68d1e9930fdd6b40d","98eb236ebae21950de87485bd83256642a73bb0727aae60d2cbbaf97165c6e15","1f4ab0662f085269e76c315b2cd1ddea6fba56b84da34249f0eed97af3ffc7f6","048c089e53438cc7066a73065409827ee44a382c798ce3718897716279cfc3dc","/Users/chris/Repos/pdisasm/Tools/4am/images/56c18dd3e860b4a3e6d7c2a84516929faf010368932b80a1aa76bed3d5d994e4"
"images/educational/GraphMaster (4am crack).zip!GraphMaster (4am crack)/GraphMaster (4am crack).dsk","c6ab6be7c6e12271122e9b9c369165b4cf40db78b78bd51b28ddfd1ac1c3300b","GRAFM","SYSTEM.APPLE","49b1bbbd162e00df30a59b10aa591032e16b0fa5fec88512053827339b96383e","1e1f49d81a10939c89b0ceb20f4f619853c83c0c77c85774e991fd1119db6f69","73b1dc2c8b31f43fa61b657f169f662cefb17143adc5d85f862872c9859b8e00","834592f3d3a78074cb559b9357240bb548614a5712223af227a4037c57f425d5","/Users/chris/Repos/pdisasm/Tools/4am/images/c6ab6be7c6e12271122e9b9c369165b4cf40db78b78bd51b28ddfd1ac1c3300b"
"images/educational/Addition (Prescription Learning) (4am crack) disk 5.dsk","c378ba0aed4b07563badc216a151aeb88bd560455818aa7dad3de1b1731d0174","CLASMTH","SYSTEM.APPLE","7ce54508b9f1564c47d1db921b530c9702c6e91cee177ccbf89bc40f88a1bd5f","02f0576644c3c2d30ef8671fc8fba306a8123a3661e896eaac5393bc5a7c8a14","8c07c18fe5803ebde4878e8bf511ce3c8969f353498a1007331fe9e322ad5cef","190f9410ae628d485d58a0b0ae1cc761c88233d916afdc9abb54443a80891003","/Users/chris/Repos/pdisasm/Tools/4am/images/c378ba0aed4b07563badc216a151aeb88bd560455818aa7dad3de1b1731d0174"
"images/educational/Comprehension (Prescription Learning) (4am crack) disk 6.dsk","ad45e0b1ce38e6ded9f693f5923bb42632dd9cc5d7a2085cd76401e387b96823","BLANK","SYSTEM.APPLE","2443c23e7538ebfc0227525e4a80878dfae0b96a8a445cb1c4b4332f433a8ae6","ef890517c1eb403c6029ac1063aac4c197ca4617995f7eaa964f8bcc9e688844","1e5b7ec8369f6abe0d13a1b64e376e26f1cc94647f159f04bf9a85937bfcba4d","190f9410ae628d485d58a0b0ae1cc761c88233d916afdc9abb54443a80891003","/Users/chris/Repos/pdisasm/Tools/4am/images/ad45e0b1ce38e6ded9f693f5923bb42632dd9cc5d7a2085cd76401e387b96823"
"images/educational/Multiplication Advanced Level (4am crack).zip!Multiplication Advanced Level (4am crack)/Multiplication Advanced Level (4am crack) side A.dsk","c80e52980bf7d1143ad4035efac64014351c72013270ea36636729fe0e9014aa","MULAL","SYSTEM.APPLE","2443c23e7538ebfc0227525e4a80878dfae0b96a8a445cb1c4b4332f433a8ae6","ef890517c1eb403c6029ac1063aac4c197ca4617995f7eaa964f8bcc9e688844","738791a276ddd03cd891115ce886debdf426278aed293f0edf2ec14641192707","190f9410ae628d485d58a0b0ae1cc761c88233d916afdc9abb54443a80891003","/Users/chris/Repos/pdisasm/Tools/4am/images/c80e52980bf7d1143ad4035efac64014351c72013270ea36636729fe0e9014aa"
"images/educational/Multiplication Advanced Level (4am crack).zip!Multiplication Advanced Level (4am crack)/Multiplication Advanced Level (4am crack) side B.dsk","d1b38497550fe37ff83d98a86d9e9b70217dabfcd4d34ce093acf0cb0637f3ef","MULAL","SYSTEM.APPLE","2443c23e7538ebfc0227525e4a80878dfae0b96a8a445cb1c4b4332f433a8ae6","ef890517c1eb403c6029ac1063aac4c197ca4617995f7eaa964f8bcc9e688844","a0cdaa766a3b1e79cc31e43e034d45b0b41cf9a9cafc065e68b760305b6c49d7","190f9410ae628d485d58a0b0ae1cc761c88233d916afdc9abb54443a80891003","/Users/chris/Repos/pdisasm/Tools/4am/images/d1b38497550fe37ff83d98a86d9e9b70217dabfcd4d34ce093acf0cb0637f3ef"
"images/educational/The Music Class - Symbols (4am crack) disk 1.dsk","949f694d0de5de3c4417a08cb09f7882a3e3411b0d5b742c7951963b04f5e88d","WENGER4","SYSTEM.APPLE","7ce54508b9f1564c47d1db921b530c9702c6e91cee177ccbf89bc40f88a1bd5f","02f0576644c3c2d30ef8671fc8fba306a8123a3661e896eaac5393bc5a7c8a14","8820204c1533f471678ebc2c77d44995d6150e829bb4ccbba84d8af5e975f616","190f9410ae628d485d58a0b0ae1cc761c88233d916afdc9abb54443a80891003","/Users/chris/Repos/pdisasm/Tools/4am/images/949f694d0de5de3c4417a08cb09f7882a3e3411b0d5b742c7951963b04f5e88d"
"images/educational/Fraction Equivalence Partially Shaded Regions (4am crack).zip!Fraction Equivalence Partially Shaded Regions (4am crack)/Fraction Equivalence Partially Shaded Regions (4am crack).dsk","1d187f59060033317234cc8ced3942e20fd05bfc479b91c398355c8e74ead873","SYSMAS","SYSTEM.APPLE","2d9d547e62a2b566b2cb2a26f311b321ab1d95a06cf6aaa68d1e9930fdd6b40d","98eb236ebae21950de87485bd83256642a73bb0727aae60d2cbbaf97165c6e15","1f4ab0662f085269e76c315b2cd1ddea6fba56b84da34249f0eed97af3ffc7f6","048c089e53438cc7066a73065409827ee44a382c798ce3718897716279cfc3dc","/Users/chris/Repos/pdisasm/Tools/4am/images/1d187f59060033317234cc8ced3942e20fd05bfc479b91c398355c8e74ead873"
"images/educational/Multiplication One-Digit x Multi-Digit Two Renamings (4am crack).zip!Multiplication One-Digit x Multi-Digit Two Renamings (4am crack)/Multiplication One-Digit x Multi-Digit Two Renamings (4am crack).dsk","a78d71b4d8216d328634548cafd6d049a57c7e9523dcfe7ac293e83d36690e26","SYSMAS","SYSTEM.APPLE","2d9d547e62a2b566b2cb2a26f311b321ab1d95a06cf6aaa68d1e9930fdd6b40d","98eb236ebae21950de87485bd83256642a73bb0727aae60d2cbbaf97165c6e15","1f4ab0662f085269e76c315b2cd1ddea6fba56b84da34249f0eed97af3ffc7f6","048c089e53438cc7066a73065409827ee44a382c798ce3718897716279cfc3dc","/Users/chris/Repos/pdisasm/Tools/4am/images/a78d71b4d8216d328634548cafd6d049a57c7e9523dcfe7ac293e83d36690e26"
"images/educational/Comprehension (Prescription Learning) (4am crack) disk 7.dsk","379dbbc14f951ed4778b7090d000d49b742e0dfc21d8e87b95969ce312fc7e36","BLANK","SYSTEM.APPLE","2443c23e7538ebfc0227525e4a80878dfae0b96a8a445cb1c4b4332f433a8ae6","ef890517c1eb403c6029ac1063aac4c197ca4617995f7eaa964f8bcc9e688844","1e5b7ec8369f6abe0d13a1b64e376e26f1cc94647f159f04bf9a85937bfcba4d","190f9410ae628d485d58a0b0ae1cc761c88233d916afdc9abb54443a80891003","/Users/chris/Repos/pdisasm/Tools/4am/images/379dbbc14f951ed4778b7090d000d49b742e0dfc21d8e87b95969ce312fc7e36"
"images/educational/Addition (Prescription Learning) (4am crack) disk 4.dsk","71338295c0f4eacb70143c6e14dacede3e9aed6e6744f3a4f6fda557f56a8fd4","CLASMTH","SYSTEM.APPLE","7ce54508b9f1564c47d1db921b530c9702c6e91cee177ccbf89bc40f88a1bd5f","02f0576644c3c2d30ef8671fc8fba306a8123a3661e896eaac5393bc5a7c8a14","8c07c18fe5803ebde4878e8bf511ce3c8969f353498a1007331fe9e322ad5cef","190f9410ae628d485d58a0b0ae1cc761c88233d916afdc9abb54443a80891003","/Users/chris/Repos/pdisasm/Tools/4am/images/71338295c0f4eacb70143c6e14dacede3e9aed6e6744f3a4f6fda557f56a8fd4"
"images/educational/Multiplication One-Digit x Two-Digit with Renaming (4am crack).zip!Multiplication One-Digit x Two-Digit with Renaming (4am crack)/Multiplication One-Digit x Two-Digit with Renaming (4am crack).dsk","40eec9ee3c30b98851a71e6d35d4ceedef5a703fb4b428a34cbf653908881791","SYSMAS","SYSTEM.APPLE","2d9d547e62a2b566b2cb2a26f311b321ab1d95a06cf6aaa68d1e9930fdd6b40d","98eb236ebae21950de87485bd83256642a73bb0727aae60d2cbbaf97165c6e15","1f4ab0662f085269e76c315b2cd1ddea6fba56b84da34249f0eed97af3ffc7f6","048c089e53438cc7066a73065409827ee44a382c798ce3718897716279cfc3dc","/Users/chris/Repos/pdisasm/Tools/4am/images/40eec9ee3c30b98851a71e6d35d4ceedef5a703fb4b428a34cbf653908881791"
"images/educational/Triangles Through Octagons (4am crack).zip!Triangles Through Octagons (4am crack)/Triangles Through Octagons (4am crack).dsk","5c7278ce348ad7126bdbafe0e8c6701dcf3aef5529ec8c2677f8b63e5095b72a","SYSMAS","SYSTEM.APPLE","2d9d547e62a2b566b2cb2a26f311b321ab1d95a06cf6aaa68d1e9930fdd6b40d","98eb236ebae21950de87485bd83256642a73bb0727aae60d2cbbaf97165c6e15","1f4ab0662f085269e76c315b2cd1ddea6fba56b84da34249f0eed97af3ffc7f6","048c089e53438cc7066a73065409827ee44a382c798ce3718897716279cfc3dc","/Users/chris/Repos/pdisasm/Tools/4am/images/5c7278ce348ad7126bdbafe0e8c6701dcf3aef5529ec8c2677f8b63e5095b72a"
"images/educational/Word Problems Combinations of Addition and Subtraction (4am crack).zip!Word Problems Combinations of Addition and Subtraction (4am crack)/Word Problems Combinations of Addition and Subtraction (4am crack).dsk","70ec5820c84f09c6c0934ded3b0fc7f5c55bb57ea10f353cec819d96986eccbc","4SU-05","SYSTEM.APPLE","2d9d547e62a2b566b2cb2a26f311b321ab1d95a06cf6aaa68d1e9930fdd6b40d","98eb236ebae21950de87485bd83256642a73bb0727aae60d2cbbaf97165c6e15","1f4ab0662f085269e76c315b2cd1ddea6fba56b84da34249f0eed97af3ffc7f6","048c089e53438cc7066a73065409827ee44a382c798ce3718897716279cfc3dc","/Users/chris/Repos/pdisasm/Tools/4am/images/70ec5820c84f09c6c0934ded3b0fc7f5c55bb57ea10f353cec819d96986eccbc"
"images/educational/Alaska (4am crack) disk 5 - First People - Alaska's Natives part four.dsk","eabd8c88d95355d284caf8d6e45331f57ba3e751e85b2c3eb55b9f4b782dba83","LESSONS","RT0006.APPLE","94eb6d37113cf3b9a8e2fa93aadafa08bac16fdcc578138fd9ace5848fd45a73","6dc9c38c6d99a5ea509b6d977b9729648e17bebf810eb9ef79bee1fcc07e7d01","6e03d304fe44a9492d92bf1fced61bde6f000f10a851f9a9d06dde11048de69c","72cd81575a7dfd00093d4636232f662ac486851600c5ffc0b029de7a0d613b06","/Users/chris/Repos/pdisasm/Tools/4am/images/eabd8c88d95355d284caf8d6e45331f57ba3e751e85b2c3eb55b9f4b782dba83"
"images/educational/The Music Class (4am crack) disk 3.dsk","f9524988fa85149067df8fef8589c8da50d01652cf7e7b05738d19e13b2de7ea","WENG11","SYSTEM.APPLE","7ce54508b9f1564c47d1db921b530c9702c6e91cee177ccbf89bc40f88a1bd5f","02f0576644c3c2d30ef8671fc8fba306a8123a3661e896eaac5393bc5a7c8a14","b210dca8b68fdd3b6e288914263553757cf4fb9c92e15a4644944954d86b4595","190f9410ae628d485d58a0b0ae1cc761c88233d916afdc9abb54443a80891003","/Users/chris/Repos/pdisasm/Tools/4am/images/f9524988fa85149067df8fef8589c8da50d01652cf7e7b05738d19e13b2de7ea"
"images/educational/Division One-Digit Divisor One Renaming (4am crack).zip!Division One-Digit Divisor One Renaming (4am crack)/Division One-Digit Divisor One Renaming (4am crack).dsk","a442e15b76a6a4a079f6a1dbc9e455ab3435b11b01913ed4940ac8160774aa98","SYSMAS","SYSTEM.APPLE","2d9d547e62a2b566b2cb2a26f311b321ab1d95a06cf6aaa68d1e9930fdd6b40d","98eb236ebae21950de87485bd83256642a73bb0727aae60d2cbbaf97165c6e15","1f4ab0662f085269e76c315b2cd1ddea6fba56b84da34249f0eed97af3ffc7f6","048c089e53438cc7066a73065409827ee44a382c798ce3718897716279cfc3dc","/Users/chris/Repos/pdisasm/Tools/4am/images/a442e15b76a6a4a079f6a1dbc9e455ab3435b11b01913ed4940ac8160774aa98"
"images/educational/The Music Class (4am crack) disk 1.dsk","526b2df8f431ff483e71097ceda7234ef1bc6e7102536114ca0c27700b23ef44","WEG1A","SYSTEM.APPLE","7ce54508b9f1564c47d1db921b530c9702c6e91cee177ccbf89bc40f88a1bd5f","02f0576644c3c2d30ef8671fc8fba306a8123a3661e896eaac5393bc5a7c8a14","8820204c1533f471678ebc2c77d44995d6150e829bb4ccbba84d8af5e975f616","190f9410ae628d485d58a0b0ae1cc761c88233d916afdc9abb54443a80891003","/Users/chris/Repos/pdisasm/Tools/4am/images/526b2df8f431ff483e71097ceda7234ef1bc6e7102536114ca0c27700b23ef44"
"images/educational/Learning to Read - Letters, Words, and Sentences volume 2 (4am crack) disk 1.dsk","4935ca2292ff6d390474594a40f4d70cb5a81d474c092566dcdd3b8bac47eb5f","MICRO.T","SYSTEM.APPLE","49b1bbbd162e00df30a59b10aa591032e16b0fa5fec88512053827339b96383e","1e1f49d81a10939c89b0ceb20f4f619853c83c0c77c85774e991fd1119db6f69","753005987c76c0f10c8b64873821e70ac1029b8a44bb5b5e42a67932e2c08ecf","221a10c87659c512b3d0c33be6592f4726d6032c1cd6b6e1a43ef95184c9a6e6","/Users/chris/Repos/pdisasm/Tools/4am/images/4935ca2292ff6d390474594a40f4d70cb5a81d474c092566dcdd3b8bac47eb5f"
"images/educational/Alaska (4am crack) disk 10 - Letters from Alaska.dsk","7e4f8421efbd1bcaedeba992bb34929bd3ba2d3e6365ac52fee95e3e10e75b7d","LESSONS","RT0006.APPLE","f6b364dbeaba0f57337c2d655e0641a6a80f89fdad62371aa9b1deab28c58276","6dc9c38c6d99a5ea509b6d977b9729648e17bebf810eb9ef79bee1fcc07e7d01","6e03d304fe44a9492d92bf1fced61bde6f000f10a851f9a9d06dde11048de69c","72cd81575a7dfd00093d4636232f662ac486851600c5ffc0b029de7a0d613b06","/Users/chris/Repos/pdisasm/Tools/4am/images/7e4f8421efbd1bcaedeba992bb34929bd3ba2d3e6365ac52fee95e3e10e75b7d"
"images/educational/Addition and Subtraction 2 (4am crack).dsk","294d1c5cb0ef72399e8c2b4f35083d9b7348b9a61da77068a6690624635dcb1c","D99AS2","RTSTRP.APPLE","20825a7ef1aaa49f5a0a830791bb6aac7f10cfd6d7f7637a2de9e10e4d6ff238","2dc60c5c04c061bcff0771a5742820e6815e52aa0c60246301286d61e5258009","85a4cd902d1cb48ee224d4741cb67eaa1280971bde9150a1edb7797142db7e47","6f95245e71173839bf5f064e06c4f78de1728c77bc9a4f04be58a1a1b44dc943","/Users/chris/Repos/pdisasm/Tools/4am/images/294d1c5cb0ef72399e8c2b4f35083d9b7348b9a61da77068a6690624635dcb1c"
"images/educational/Comprehension (Prescription Learning) (4am crack) disk 5.dsk","96b5fadb8e7ac3aa41e0c1d9ed932144c5bee81f981d1ce0caf828d428423490","BLANK","SYSTEM.APPLE","2443c23e7538ebfc0227525e4a80878dfae0b96a8a445cb1c4b4332f433a8ae6","ef890517c1eb403c6029ac1063aac4c197ca4617995f7eaa964f8bcc9e688844","1e5b7ec8369f6abe0d13a1b64e376e26f1cc94647f159f04bf9a85937bfcba4d","190f9410ae628d485d58a0b0ae1cc761c88233d916afdc9abb54443a80891003","/Users/chris/Repos/pdisasm/Tools/4am/images/96b5fadb8e7ac3aa41e0c1d9ed932144c5bee81f981d1ce0caf828d428423490"
"images/educational/Changing Improper Fractions to Mixed Numbers (4am crack).zip!Changing Improper Fractions to Mixed Numbers (4am crack)/Changing Improper Fractions to Mixed Numbers (4am crack).dsk","2c02f7b425b99bde1931fc9714cac28ae00ffea7a8334f3bfccc97a06828cc7f","4FR-04","SYSTEM.APPLE","2d9d547e62a2b566b2cb2a26f311b321ab1d95a06cf6aaa68d1e9930fdd6b40d","98eb236ebae21950de87485bd83256642a73bb0727aae60d2cbbaf97165c6e15","1f4ab0662f085269e76c315b2cd1ddea6fba56b84da34249f0eed97af3ffc7f6","048c089e53438cc7066a73065409827ee44a382c798ce3718897716279cfc3dc","/Users/chris/Repos/pdisasm/Tools/4am/images/2c02f7b425b99bde1931fc9714cac28ae00ffea7a8334f3bfccc97a06828cc7f"
"images/educational/Addition (Prescription Learning) (4am crack) disk 6.dsk","67f026460eb46b617ba96f3cf6fb1ebbef3b922385c13cfea300a84fbcb5e9ee","CLASMTH","SYSTEM.APPLE","7ce54508b9f1564c47d1db921b530c9702c6e91cee177ccbf89bc40f88a1bd5f","02f0576644c3c2d30ef8671fc8fba306a8123a3661e896eaac5393bc5a7c8a14","8c07c18fe5803ebde4878e8bf511ce3c8969f353498a1007331fe9e322ad5cef","190f9410ae628d485d58a0b0ae1cc761c88233d916afdc9abb54443a80891003","/Users/chris/Repos/pdisasm/Tools/4am/images/67f026460eb46b617ba96f3cf6fb1ebbef3b922385c13cfea300a84fbcb5e9ee"
"images/educational/The Music Class - Symbols (4am crack) disk 2.dsk","d216d71beb5c1b75a10cfa768710ff2a064207197de10d1388483dac1984445a","WENGER5","SYSTEM.APPLE","7ce54508b9f1564c47d1db921b530c9702c6e91cee177ccbf89bc40f88a1bd5f","02f0576644c3c2d30ef8671fc8fba306a8123a3661e896eaac5393bc5a7c8a14","8820204c1533f471678ebc2c77d44995d6150e829bb4ccbba84d8af5e975f616","190f9410ae628d485d58a0b0ae1cc761c88233d916afdc9abb54443a80891003","/Users/chris/Repos/pdisasm/Tools/4am/images/d216d71beb5c1b75a10cfa768710ff2a064207197de10d1388483dac1984445a"
"images/educational/Grammar Gremlins 800K (4am crack).2mg","01f257344780a52fb3fb7efa3e422cfb48627a9fc5ea0a54b01a0772ca9fc5d8","GRAMLIN","SYSTEM.APPLE","67adc957afa1fc3cae9177ef42846ea1c31fd44f5a00e0694f63acafd248aed5","3189798e4f598903441f35941277fa9d412ea0cba298e662923f8e2e50003f29","4488373786f09b0806953e785275d932015b98a659ca5a3197284b8891b3b554","c7970cfa1e71fac107bc52d78765188371e30c0b3d66339000f73c5b72538763","/Users/chris/Repos/pdisasm/Tools/4am/images/01f257344780a52fb3fb7efa3e422cfb48627a9fc5ea0a54b01a0772ca9fc5d8"
"images/educational/Grammar Gremlins (4am crack) work disk.dsk","12fabd0d4f192958bc2fcb1cae07358cdc47d10ecd6a04bf36f52567835230ba","GGWORK","SYSTEM.APPLE","2d9d547e62a2b566b2cb2a26f311b321ab1d95a06cf6aaa68d1e9930fdd6b40d","98eb236ebae21950de87485bd83256642a73bb0727aae60d2cbbaf97165c6e15","1f4ab0662f085269e76c315b2cd1ddea6fba56b84da34249f0eed97af3ffc7f6","048c089e53438cc7066a73065409827ee44a382c798ce3718897716279cfc3dc","/Users/chris/Repos/pdisasm/Tools/4am/images/12fabd0d4f192958bc2fcb1cae07358cdc47d10ecd6a04bf36f52567835230ba"
"images/educational/The Music Class - Symbols (4am crack) disk 3.dsk","e45c717a272d39e96325151c9caafce2f846b25f70afa6b13b50d44ce230ce0b","MBTK","SYSTEM.APPLE","7ce54508b9f1564c47d1db921b530c9702c6e91cee177ccbf89bc40f88a1bd5f","02f0576644c3c2d30ef8671fc8fba306a8123a3661e896eaac5393bc5a7c8a14","55861b014f93061482767912ac68f2fa239aef3bafa75cc2c3eb97436e6ba76c","190f9410ae628d485d58a0b0ae1cc761c88233d916afdc9abb54443a80891003","/Users/chris/Repos/pdisasm/Tools/4am/images/e45c717a272d39e96325151c9caafce2f846b25f70afa6b13b50d44ce230ce0b"
"images/educational/Geometry - Simple Closed Curves (4am crack).zip!Geometry - Simple Closed Curves (4am crack)/Geometry - Simple Closed Curves (4am crack) side B.dsk","8187b2a7d448d829fbb5eecfbf8d4e60b73b5f77df8683936cb58cd81ee5758c","GEOM","SYSTEM.APPLE","2443c23e7538ebfc0227525e4a80878dfae0b96a8a445cb1c4b4332f433a8ae6","ef890517c1eb403c6029ac1063aac4c197ca4617995f7eaa964f8bcc9e688844","6f6b5487aa117d3fe3acd3f8bbeeb96740020e36cdde96dc95aa8b036b0b97d1","190f9410ae628d485d58a0b0ae1cc761c88233d916afdc9abb54443a80891003","/Users/chris/Repos/pdisasm/Tools/4am/images/8187b2a7d448d829fbb5eecfbf8d4e60b73b5f77df8683936cb58cd81ee5758c"
"images/educational/Geometry - Simple Closed Curves (4am crack).zip!Geometry - Simple Closed Curves (4am crack)/Geometry - Simple Closed Curves (4am crack) side A.dsk","a9a57a0347585829077d836bcd85f789e01d66a1f2a698ccbd483302dce3fc7f","GEOM","SYSTEM.APPLE","2443c23e7538ebfc0227525e4a80878dfae0b96a8a445cb1c4b4332f433a8ae6","ef890517c1eb403c6029ac1063aac4c197ca4617995f7eaa964f8bcc9e688844","a086f8ec93ba0ace22eec8f255da81d2c365788e3e7c24498f64d65b61b99fd4","190f9410ae628d485d58a0b0ae1cc761c88233d916afdc9abb54443a80891003","/Users/chris/Repos/pdisasm/Tools/4am/images/a9a57a0347585829077d836bcd85f789e01d66a1f2a698ccbd483302dce3fc7f"
"images/educational/Addition (Prescription Learning) (4am crack) disk 7.dsk","684125c2883053dbeddea8d30f9f6f11012526b7adfb4a655826d873684b6c7d","CLASMTH","SYSTEM.APPLE","7ce54508b9f1564c47d1db921b530c9702c6e91cee177ccbf89bc40f88a1bd5f","02f0576644c3c2d30ef8671fc8fba306a8123a3661e896eaac5393bc5a7c8a14","8c07c18fe5803ebde4878e8bf511ce3c8969f353498a1007331fe9e322ad5cef","190f9410ae628d485d58a0b0ae1cc761c88233d916afdc9abb54443a80891003","/Users/chris/Repos/pdisasm/Tools/4am/images/684125c2883053dbeddea8d30f9f6f11012526b7adfb4a655826d873684b6c7d"
"images/educational/The Isle of Mem (4am crack).zip!The Isle of Mem (4am crack)/The Isle of Mem (4am crack) side A.dsk","b5ed4f1957944c3b056be9d44d0dca1875af170d19a7dd337f9e6d77d9e7e7e5","DEMO","SYSTEM.APPLE","49b1bbbd162e00df30a59b10aa591032e16b0fa5fec88512053827339b96383e","1e1f49d81a10939c89b0ceb20f4f619853c83c0c77c85774e991fd1119db6f69","b09e2098fe41b79e8a353426be916816154cbd3eb5cd3d64b4454dd799de3b69","851b3847a2396576a5fb0413a3c7bd8b5b2651ae71542975a3d01fc7e7f687eb","/Users/chris/Repos/pdisasm/Tools/4am/images/b5ed4f1957944c3b056be9d44d0dca1875af170d19a7dd337f9e6d77d9e7e7e5"
"images/educational/The Isle of Mem (4am crack).zip!The Isle of Mem (4am crack)/The Isle of Mem (4am crack) side B.dsk","a64ca03a5deb3153616c4bdd67ba4cb228ebe2debf507426368bf2a831010975","SIDE2","SYSTEM.APPLE","49b1bbbd162e00df30a59b10aa591032e16b0fa5fec88512053827339b96383e","1e1f49d81a10939c89b0ceb20f4f619853c83c0c77c85774e991fd1119db6f69","a7a5d6d09cb95b9802a1895eea8186addd1d7509acd49e5228ead28d748dff8c","71a96ef2629210002ac95235d6bdd8eedce6e4f5c6fb006dad68555a1d4bca96","/Users/chris/Repos/pdisasm/Tools/4am/images/a64ca03a5deb3153616c4bdd67ba4cb228ebe2debf507426368bf2a831010975"
"images/educational/Comprehension (Prescription Learning) (4am crack) disk 4.dsk","93f184b327f8ea9e3a9e3c4d8f45e1d68923a13511a08e97e581f07b430480eb","V/C","SYSTEM.APPLE","2443c23e7538ebfc0227525e4a80878dfae0b96a8a445cb1c4b4332f433a8ae6","ef890517c1eb403c6029ac1063aac4c197ca4617995f7eaa964f8bcc9e688844","1e5b7ec8369f6abe0d13a1b64e376e26f1cc94647f159f04bf9a85937bfcba4d","190f9410ae628d485d58a0b0ae1cc761c88233d916afdc9abb54443a80891003","/Users/chris/Repos/pdisasm/Tools/4am/images/93f184b327f8ea9e3a9e3c4d8f45e1d68923a13511a08e97e581f07b430480eb"
"images/educational/Parallel and Perpendicular Lines (4am crack).zip!Parallel and Perpendicular Lines (4am crack)/Parallel and Perpendicular Lines (4am crack).dsk","121ce47f985ba865d0eb5c3e99cff1749587f0f00a8496f9d398dc3c87017369","4GC-01","SYSTEM.APPLE","2d9d547e62a2b566b2cb2a26f311b321ab1d95a06cf6aaa68d1e9930fdd6b40d","98eb236ebae21950de87485bd83256642a73bb0727aae60d2cbbaf97165c6e15","1f4ab0662f085269e76c315b2cd1ddea6fba56b84da34249f0eed97af3ffc7f6","048c089e53438cc7066a73065409827ee44a382c798ce3718897716279cfc3dc","/Users/chris/Repos/pdisasm/Tools/4am/images/121ce47f985ba865d0eb5c3e99cff1749587f0f00a8496f9d398dc3c87017369"
"images/educational/Changing Mixed Numbers to Improper Fractions (4am crack).zip!Changing Mixed Numbers to Improper Fractions (4am crack)/Changing Mixed Numbers to Improper Fractions (4am crack).dsk","fe8a8166a0437fe070269fe20f0ac8dd512bf0ed2eb8cb5f1ae41b2312bc5ac2","4FR-05","SYSTEM.APPLE","2d9d547e62a2b566b2cb2a26f311b321ab1d95a06cf6aaa68d1e9930fdd6b40d","98eb236ebae21950de87485bd83256642a73bb0727aae60d2cbbaf97165c6e15","1f4ab0662f085269e76c315b2cd1ddea6fba56b84da34249f0eed97af3ffc7f6","048c089e53438cc7066a73065409827ee44a382c798ce3718897716279cfc3dc","/Users/chris/Repos/pdisasm/Tools/4am/images/fe8a8166a0437fe070269fe20f0ac8dd512bf0ed2eb8cb5f1ae41b2312bc5ac2"
"images/educational/The Music Class (4am crack) disk 4.dsk","091bd3a1e6e0d5357309defc4c5d5c4e447d672506cc0e5422ba32c0d9e278c7","WENG12","SYSTEM.APPLE","7ce54508b9f1564c47d1db921b530c9702c6e91cee177ccbf89bc40f88a1bd5f","02f0576644c3c2d30ef8671fc8fba306a8123a3661e896eaac5393bc5a7c8a14","8820204c1533f471678ebc2c77d44995d6150e829bb4ccbba84d8af5e975f616","190f9410ae628d485d58a0b0ae1cc761c88233d916afdc9abb54443a80891003","/Users/chris/Repos/pdisasm/Tools/4am/images/091bd3a1e6e0d5357309defc4c5d5c4e447d672506cc0e5422ba32c0d9e278c7"
"images/educational/Multiplication One-Digit x Three-Digit One Renaming (4am crack).zip!Multiplication One-Digit x Three-Digit One Renaming (4am crack)/Multiplication One-Digit x Three-Digit One Renaming (4am crack).dsk","d82b27f881154dc9e7d976eed6fdf6a93f1930864fc19335cebbfd884b78981e","SYSMAS","SYSTEM.APPLE","2d9d547e62a2b566b2cb2a26f311b321ab1d95a06cf6aaa68d1e9930fdd6b40d","98eb236ebae21950de87485bd83256642a73bb0727aae60d2cbbaf97165c6e15","1f4ab0662f085269e76c315b2cd1ddea6fba56b84da34249f0eed97af3ffc7f6","048c089e53438cc7066a73065409827ee44a382c798ce3718897716279cfc3dc","/Users/chris/Repos/pdisasm/Tools/4am/images/d82b27f881154dc9e7d976eed6fdf6a93f1930864fc19335cebbfd884b78981e"
"images/educational/Addition (Prescription Learning) (4am crack) disk 3.dsk","f7631c33fdd8189c52ed70f3f4a0241d07cbf9d561e9bc09679dee9bb5f6182a","CLASMTH","SYSTEM.APPLE","7ce54508b9f1564c47d1db921b530c9702c6e91cee177ccbf89bc40f88a1bd5f","02f0576644c3c2d30ef8671fc8fba306a8123a3661e896eaac5393bc5a7c8a14","8c07c18fe5803ebde4878e8bf511ce3c8969f353498a1007331fe9e322ad5cef","190f9410ae628d485d58a0b0ae1cc761c88233d916afdc9abb54443a80891003","/Users/chris/Repos/pdisasm/Tools/4am/images/f7631c33fdd8189c52ed70f3f4a0241d07cbf9d561e9bc09679dee9bb5f6182a"
"images/educational/Learning to Read - Letters, Words, and Sentences volume 1 (4am crack) disk 1.dsk","c366f29beee029dbb3dc9d1d4e14411db9fcaa44e71be44e6ee492f24dc4da0f","MICRO.T","SYSTEM.APPLE","49b1bbbd162e00df30a59b10aa591032e16b0fa5fec88512053827339b96383e","1e1f49d81a10939c89b0ceb20f4f619853c83c0c77c85774e991fd1119db6f69","a794041868fadff82cef8c00138bf051a091b9e4aaf23bb60e14956fcba450d7","e76a5c7158ade5f3f3539b434b554fffdc3efdb863b170695230f023a1033ac7","/Users/chris/Repos/pdisasm/Tools/4am/images/c366f29beee029dbb3dc9d1d4e14411db9fcaa44e71be44e6ee492f24dc4da0f"
"images/educational/Comprehension (Prescription Learning) (4am crack) disk 1.dsk","f68cf666985d1d7397c7e3af2a7baeadd7f47793fe15db03290db44e12185fe5","BLANK","SYSTEM.APPLE","2443c23e7538ebfc0227525e4a80878dfae0b96a8a445cb1c4b4332f433a8ae6","ef890517c1eb403c6029ac1063aac4c197ca4617995f7eaa964f8bcc9e688844","1e5b7ec8369f6abe0d13a1b64e376e26f1cc94647f159f04bf9a85937bfcba4d","190f9410ae628d485d58a0b0ae1cc761c88233d916afdc9abb54443a80891003","/Users/chris/Repos/pdisasm/Tools/4am/images/f68cf666985d1d7397c7e3af2a7baeadd7f47793fe15db03290db44e12185fe5"
"images/educational/Solar Reading Flight 1 - Uranus (4am crack).zip!Solar Reading Flight 1 - Uranus (4am crack)/Solar Reading Flight 1 - Uranus (4am crack).dsk","173ab19f20b8910d96b8016920aa33df9d5e1b437d51d01b033d145f7439f039","URANUS","SYSTEM.APPLE","49b1bbbd162e00df30a59b10aa591032e16b0fa5fec88512053827339b96383e","1e1f49d81a10939c89b0ceb20f4f619853c83c0c77c85774e991fd1119db6f69","ae0860e842cb476d91b6fb501ab271c6e733644264253c7a471399ddd037ba89","190f9410ae628d485d58a0b0ae1cc761c88233d916afdc9abb54443a80891003","/Users/chris/Repos/pdisasm/Tools/4am/images/173ab19f20b8910d96b8016920aa33df9d5e1b437d51d01b033d145f7439f039"
"images/educational/Round Two-Digit and Three-Digit Numbers (4am crack).zip!Round Two-Digit and Three-Digit Numbers (4am crack)/Round Two-Digit and Three-Digit Numbers (4am crack).dsk","c7c2bb801d7d1725406f97c34b594eeb755fd02fbe12df7213f2daf99ff41f82","IM3-01","SYSTEM.APPLE","2d9d547e62a2b566b2cb2a26f311b321ab1d95a06cf6aaa68d1e9930fdd6b40d","98eb236ebae21950de87485bd83256642a73bb0727aae60d2cbbaf97165c6e15","1f4ab0662f085269e76c315b2cd1ddea6fba56b84da34249f0eed97af3ffc7f6","048c089e53438cc7066a73065409827ee44a382c798ce3718897716279cfc3dc","/Users/chris/Repos/pdisasm/Tools/4am/images/c7c2bb801d7d1725406f97c34b594eeb755fd02fbe12df7213f2daf99ff41f82"
"images/educational/Factors (4am crack).zip!Factors (4am crack)/Factors (4am crack).dsk","a1dcbf89addca9be5ca2fedee6203846e1dccfa5496bc96c308652b7a5238833","IM3-07","SYSTEM.APPLE","2d9d547e62a2b566b2cb2a26f311b321ab1d95a06cf6aaa68d1e9930fdd6b40d","98eb236ebae21950de87485bd83256642a73bb0727aae60d2cbbaf97165c6e15","1f4ab0662f085269e76c315b2cd1ddea6fba56b84da34249f0eed97af3ffc7f6","048c089e53438cc7066a73065409827ee44a382c798ce3718897716279cfc3dc","/Users/chris/Repos/pdisasm/Tools/4am/images/a1dcbf89addca9be5ca2fedee6203846e1dccfa5496bc96c308652b7a5238833"
"images/educational/Comprehension (Prescription Learning) (4am crack) disk 3.dsk","c9ee6bbc60b315c5d5a70dd4b366bfef6faf5b3241b82c8679a0a137431c7461","BLANK","SYSTEM.APPLE","2443c23e7538ebfc0227525e4a80878dfae0b96a8a445cb1c4b4332f433a8ae6","ef890517c1eb403c6029ac1063aac4c197ca4617995f7eaa964f8bcc9e688844","1e5b7ec8369f6abe0d13a1b64e376e26f1cc94647f159f04bf9a85937bfcba4d","190f9410ae628d485d58a0b0ae1cc761c88233d916afdc9abb54443a80891003","/Users/chris/Repos/pdisasm/Tools/4am/images/c9ee6bbc60b315c5d5a70dd4b366bfef6faf5b3241b82c8679a0a137431c7461"
"images/educational/Solar Reading Flight 1 - Neptune (4am crack).zip!Solar Reading Flight 1 - Neptune (4am crack)/Solar Reading Flight 1 - Neptune (4am crack).dsk","9fa6633e982278c697e8efab87233d7bb9f4c629f6bb8fff57958031a2208cfd","NEPTUNE","SYSTEM.APPLE","49b1bbbd162e00df30a59b10aa591032e16b0fa5fec88512053827339b96383e","1e1f49d81a10939c89b0ceb20f4f619853c83c0c77c85774e991fd1119db6f69","ae0860e842cb476d91b6fb501ab271c6e733644264253c7a471399ddd037ba89","190f9410ae628d485d58a0b0ae1cc761c88233d916afdc9abb54443a80891003","/Users/chris/Repos/pdisasm/Tools/4am/images/9fa6633e982278c697e8efab87233d7bb9f4c629f6bb8fff57958031a2208cfd"
"images/educational/The Music Class - Symbols (4am crack) disk 4.dsk","9b2aa8060154e071c471049d511fb97508bc28a335148f14e9ae7e0178e71315","MBTK","SYSTEM.APPLE","7ce54508b9f1564c47d1db921b530c9702c6e91cee177ccbf89bc40f88a1bd5f","02f0576644c3c2d30ef8671fc8fba306a8123a3661e896eaac5393bc5a7c8a14","55861b014f93061482767912ac68f2fa239aef3bafa75cc2c3eb97436e6ba76c","190f9410ae628d485d58a0b0ae1cc761c88233d916afdc9abb54443a80891003","/Users/chris/Repos/pdisasm/Tools/4am/images/9b2aa8060154e071c471049d511fb97508bc28a335148f14e9ae7e0178e71315"
"images/educational/Learning to Read - Letters, Words, and Sentences volume 1 (4am crack) disk 2.dsk","035b6c5740d9e90661f63538b7f068ad3e796c6541810a596d5a045edb7741c5","MICRO.T","SYSTEM.APPLE","49b1bbbd162e00df30a59b10aa591032e16b0fa5fec88512053827339b96383e","1e1f49d81a10939c89b0ceb20f4f619853c83c0c77c85774e991fd1119db6f69","2eeb5854bb76d103d254d840badb9eea558715dc74c8b6ce03ef4328ba226a1c","5a63cd59d55e1ad1e0cf9ee279080fb3aa8411bb49ee379a057c684b08ea122a","/Users/chris/Repos/pdisasm/Tools/4am/images/035b6c5740d9e90661f63538b7f068ad3e796c6541810a596d5a045edb7741c5"
"images/educational/Koala Grams Spelling I (4am crack).zip!Koala Grams Spelling I (4am crack)/Koala Grams Spelling I (4am crack).dsk","2ec0fa48ba119fe0ca91f713bf19e7f5c93014ce14f43f01c90766ff58a745a0","KOALA","RTSTRP.APPLE","93629b22a4916e1f8affaa738a0637665191940152928b5c7d876ff9d800a113","aaa96b0c5648f67d1217e6cbbba76e5447531a0cfed515a49adcc6148e7b6220","befe126440ded7bebb4165ee3aeb8ba862373b62a6065d595562e71b4bc6a512","f9414a1892664e4affd035a3b3415365b74f6a69c997dd71bb29e084fb8cf0d1","/Users/chris/Repos/pdisasm/Tools/4am/images/2ec0fa48ba119fe0ca91f713bf19e7f5c93014ce14f43f01c90766ff58a745a0"
"images/educational/Addition Multiple Renamings (4am crack).zip!Addition Multiple Renamings (4am crack)/Addition Multiple Renamings (4am crack).dsk","a5f2b8b1a048203bfd7e4cd39305b02a5fddf3f4f7b7fd23710302001f3ff5dd","SYSMAS","SYSTEM.APPLE","2d9d547e62a2b566b2cb2a26f311b321ab1d95a06cf6aaa68d1e9930fdd6b40d","98eb236ebae21950de87485bd83256642a73bb0727aae60d2cbbaf97165c6e15","1f4ab0662f085269e76c315b2cd1ddea6fba56b84da34249f0eed97af3ffc7f6","048c089e53438cc7066a73065409827ee44a382c798ce3718897716279cfc3dc","/Users/chris/Repos/pdisasm/Tools/4am/images/a5f2b8b1a048203bfd7e4cd39305b02a5fddf3f4f7b7fd23710302001f3ff5dd"
"images/educational/Comprehension (Prescription Learning) (4am crack) disk 2.dsk","ae729e57771a7dca31ff1b95d8193e736f1dc64a7504db76f939995d15f79594","BLANK","SYSTEM.APPLE","2443c23e7538ebfc0227525e4a80878dfae0b96a8a445cb1c4b4332f433a8ae6","ef890517c1eb403c6029ac1063aac4c197ca4617995f7eaa964f8bcc9e688844","1e5b7ec8369f6abe0d13a1b64e376e26f1cc94647f159f04bf9a85937bfcba4d","190f9410ae628d485d58a0b0ae1cc761c88233d916afdc9abb54443a80891003","/Users/chris/Repos/pdisasm/Tools/4am/images/ae729e57771a7dca31ff1b95d8193e736f1dc64a7504db76f939995d15f79594"
"images/educational/Addition (Prescription Learning) (4am crack) disk 1.dsk","ab2e1529be195cf7cdd7b1ac9d2fbaa9806bc352212dd1022381496863f5a54d","CLASMTH","SYSTEM.APPLE","7ce54508b9f1564c47d1db921b530c9702c6e91cee177ccbf89bc40f88a1bd5f","02f0576644c3c2d30ef8671fc8fba306a8123a3661e896eaac5393bc5a7c8a14","8c07c18fe5803ebde4878e8bf511ce3c8969f353498a1007331fe9e322ad5cef","190f9410ae628d485d58a0b0ae1cc761c88233d916afdc9abb54443a80891003","/Users/chris/Repos/pdisasm/Tools/4am/images/ab2e1529be195cf7cdd7b1ac9d2fbaa9806bc352212dd1022381496863f5a54d"
"images/games/misc/Racter (4am crack).dsk","8335302fbbdee6c176257cbd8afcb08c1f79e6e596d09eeff6126e5e85d84847","RACTER","SYSTEM.APPLE","303e6e8d16efd87b05f86214744fc4a768fe3357092eb8c41d0f5c28e1c86453","fb5421152940287c0c0c49d4c5b9b50074d7f33722b5c8c5d1a44acc2d537657","85a4cd902d1cb48ee224d4741cb67eaa1280971bde9150a1edb7797142db7e47","9037907cab123040de5e652bc7c49482a7363e4d78dbfaef520cfcf50d746bea","/Users/chris/Repos/pdisasm/Tools/4am/images/8335302fbbdee6c176257cbd8afcb08c1f79e6e596d09eeff6126e5e85d84847"
"images/games/rpg/wizardry/Wiziprint (4am crack).zip!Wiziprint (4am crack)/Wiziprint (4am crack).dsk","cac510ec2a0511b9e2995f625c5e2d7c30391eb3a4150b8c84ca3e0af48f5e16","WIZPBT","RTSTRP.APPLE","efa62c72a30f3742415db545a803b9c7f60904353d9acf66b62aee5d79d1a590","aaa96b0c5648f67d1217e6cbbba76e5447531a0cfed515a49adcc6148e7b6220","00aac73bdb87d47fcd83483ef29c6b36d75397d56cd721edbad885473e29d20c","2ffb04276585facf6703ba691cfbc0cbf017eddedcdff54575320595bd960ed1","/Users/chris/Repos/pdisasm/Tools/4am/images/cac510ec2a0511b9e2995f625c5e2d7c30391eb3a4150b8c84ca3e0af48f5e16"
"images/games/rpg/wizardry/Wiziprint (4am crack).zip!Wiziprint (4am crack)/Wiziprint (4am crack).dsk","cac510ec2a0511b9e2995f625c5e2d7c30391eb3a4150b8c84ca3e0af48f5e16","WIZPBT","RTSTND.APPLE","c8fce08c8a30307d4b2bb7c3cd2534006840025b4813e0231994800a0061a606","aaa96b0c5648f67d1217e6cbbba76e5447531a0cfed515a49adcc6148e7b6220","00aac73bdb87d47fcd83483ef29c6b36d75397d56cd721edbad885473e29d20c","2ffb04276585facf6703ba691cfbc0cbf017eddedcdff54575320595bd960ed1","/Users/chris/Repos/pdisasm/Tools/4am/images/cac510ec2a0511b9e2995f625c5e2d7c30391eb3a4150b8c84ca3e0af48f5e16"
"images/games/simulation/GATO v1.2 (4am crack).zip!GATO v1.2 (4am crack)/GATO v1.2 (4am crack).dsk","6ab3553c9c76a0f6404e937511c9319f3a81798ef1d6454eb562a8cc48add583","GATO","SYSTEM.APPLE","6701bcee4840864e6306d744c12fa3c6d47413321eebbe15cbe1bab3d23118e9","fb5421152940287c0c0c49d4c5b9b50074d7f33722b5c8c5d1a44acc2d537657","03fdee7eadd9973e3173f1f6e5d0e9b6445dcd1951e575cefa9537c0e419ea8d","190f9410ae628d485d58a0b0ae1cc761c88233d916afdc9abb54443a80891003","/Users/chris/Repos/pdisasm/Tools/4am/images/6ab3553c9c76a0f6404e937511c9319f3a81798ef1d6454eb562a8cc48add583"
"images/games/simulation/Universe II v1.0 (4am crack).zip!Universe II v1.0 (4am crack)/Universe II v1.0 (4am crack) disk A.dsk","f0eb3b566b1708b48db14c7c5ae10badd6cbdcd39a40fb1fb4672a054123f9f8","A","SYSTEM.APPLE","96b3a45ae3486a211744af24da5ea18fddacb1800d9a65f5749333d66e574cbd","2ec2736219293eb985f5da6faa66c76606ea981f4984aba3d1b2131fc6117f2c","633ab1da52a880d745515c2622dc5d33d43caadf94fd7d767e8ef6c9bcca8c59","190f9410ae628d485d58a0b0ae1cc761c88233d916afdc9abb54443a80891003","/Users/chris/Repos/pdisasm/Tools/4am/images/f0eb3b566b1708b48db14c7c5ae10badd6cbdcd39a40fb1fb4672a054123f9f8"
"images/games/adventure/James Bond 007 in A View To A Kill (4am crack).dsk","46541c22734c269950dcd941936ce0043614a1985a459d8e4ee3fee991477ce1","G1","SYSTEM.APPLE","b0d6ae9829da793cf605ae4cfc09b229f8130cd46a53db451eed226d8a986873","1e1f49d81a10939c89b0ceb20f4f619853c83c0c77c85774e991fd1119db6f69","c2182744860e3cb1a2057518596223ed0b4f8abea36fa174f1608d823d609ac9","9ce27c33efc5577156dc89b80135fda17a450796618487fa894e876887aea67e","/Users/chris/Repos/pdisasm/Tools/4am/images/46541c22734c269950dcd941936ce0043614a1985a459d8e4ee3fee991477ce1"
"images/games/adventure/scott_adams/Voodoo Island (4am crack).zip!Voodoo Island (4am crack)/Voodoo Island (4am crack).dsk","ab6bd402c040fb95257a1fa6dfad155617e95a151cb7e92dc38c688390ee691c","G1","SYSTEM.APPLE","b0d6ae9829da793cf605ae4cfc09b229f8130cd46a53db451eed226d8a986873","1e1f49d81a10939c89b0ceb20f4f619853c83c0c77c85774e991fd1119db6f69","c2182744860e3cb1a2057518596223ed0b4f8abea36fa174f1608d823d609ac9","802a8c6c14f2461b8132dfbcda29cbdc91d8acde288b022797765a232e32555a","/Users/chris/Repos/pdisasm/Tools/4am/images/ab6bd402c040fb95257a1fa6dfad155617e95a151cb7e92dc38c688390ee691c"
"images/games/adventure/Goldfinger (4am crack).zip!Goldfinger (4am crack)/Goldfinger (4am crack).dsk","406be01c1a668aa902d6bd8c724573f188e5c48bc6270bf0e103e76476302231","G1","SYSTEM.APPLE","b0d6ae9829da793cf605ae4cfc09b229f8130cd46a53db451eed226d8a986873","1e1f49d81a10939c89b0ceb20f4f619853c83c0c77c85774e991fd1119db6f69","c2182744860e3cb1a2057518596223ed0b4f8abea36fa174f1608d823d609ac9","802a8c6c14f2461b8132dfbcda29cbdc91d8acde288b022797765a232e32555a","/Users/chris/Repos/pdisasm/Tools/4am/images/406be01c1a668aa902d6bd8c724573f188e5c48bc6270bf0e103e76476302231"
"images/games/adventure/The Mist (4am crack).dsk","996cd4a54e2a3099ac1b898901f575062c2a7de36ee9b4f579fbbfcf041872cb","G1","SYSTEM.APPLE","b0d6ae9829da793cf605ae4cfc09b229f8130cd46a53db451eed226d8a986873","1e1f49d81a10939c89b0ceb20f4f619853c83c0c77c85774e991fd1119db6f69","c2182744860e3cb1a2057518596223ed0b4f8abea36fa174f1608d823d609ac9","9ce27c33efc5577156dc89b80135fda17a450796618487fa894e876887aea67e","/Users/chris/Repos/pdisasm/Tools/4am/images/996cd4a54e2a3099ac1b898901f575062c2a7de36ee9b4f579fbbfcf041872cb"
"images/games/adventure/Forbidden Castle (4am crack).zip!Forbidden Castle (4am crack)/Forbidden Castle (4am crack).dsk","386860ebd51c7baf9dae724d3e3c0d1877d2c61005f980a8456af94f7408539d","G1","SYSTEM.APPLE","b0d6ae9829da793cf605ae4cfc09b229f8130cd46a53db451eed226d8a986873","1e1f49d81a10939c89b0ceb20f4f619853c83c0c77c85774e991fd1119db6f69","c2182744860e3cb1a2057518596223ed0b4f8abea36fa174f1608d823d609ac9","802a8c6c14f2461b8132dfbcda29cbdc91d8acde288b022797765a232e32555a","/Users/chris/Repos/pdisasm/Tools/4am/images/386860ebd51c7baf9dae724d3e3c0d1877d2c61005f980a8456af94f7408539d"
"images/games/adventure/Forbidden Quest (4am crack).zip!Forbidden Quest (4am crack)/Forbidden Quest (4am crack).dsk","f62ac0fee73131c93828a337ea68c2b695635fe5bd2c9b963ba8b4c8e1325d8f","FBQUEST","RTSTRP.APPLE","beba89aaf3558e0cec391faaee28c2ddc13b24f37a2d0a54f0190e243c540f47","2dc60c5c04c061bcff0771a5742820e6815e52aa0c60246301286d61e5258009","0b8a91c8ee254a8dca38bcce29c5543b22ea5267a6beb380802ada0fb647d6de","1036ec5b27cbee434590c91eab6789669000c717cbda9be8c742d298f9154155","/Users/chris/Repos/pdisasm/Tools/4am/images/f62ac0fee73131c93828a337ea68c2b695635fe5bd2c9b963ba8b4c8e1325d8f"
"images/games/adventure/Indiana Jones in Revenge of the Ancients (4am crack).zip!Indiana Jones in Revenge of the Ancients (4am crack)/Indiana Jones in Revenge of the Ancients (4am crack).dsk","146d10b019299db796598a32cc1731b49924a03a28fb6b15f628ff1f8f712e44","G1","SYSTEM.APPLE","b0d6ae9829da793cf605ae4cfc09b229f8130cd46a53db451eed226d8a986873","1e1f49d81a10939c89b0ceb20f4f619853c83c0c77c85774e991fd1119db6f69","c2182744860e3cb1a2057518596223ed0b4f8abea36fa174f1608d823d609ac9","802a8c6c14f2461b8132dfbcda29cbdc91d8acde288b022797765a232e32555a","/Users/chris/Repos/pdisasm/Tools/4am/images/146d10b019299db796598a32cc1731b49924a03a28fb6b15f628ff1f8f712e44"
"images/games/action/Rambo First Blood Part II (4am crack).dsk","9dcdb6f1f663695663dd5779fb577dc0dc74b188e6abf71e48713c602d0061db","G1","SYSTEM.APPLE","b0d6ae9829da793cf605ae4cfc09b229f8130cd46a53db451eed226d8a986873","1e1f49d81a10939c89b0ceb20f4f619853c83c0c77c85774e991fd1119db6f69","c2182744860e3cb1a2057518596223ed0b4f8abea36fa174f1608d823d609ac9","42d839d4a927933a9ef041c4e6faffdf534260cc0eeeaf4c842debbcafec8e5a","/Users/chris/Repos/pdisasm/Tools/4am/images/9dcdb6f1f663695663dd5779fb577dc0dc74b188e6abf71e48713c602d0061db"
"images/games/strategy/What's My Logic? (4am crack).zip!What's My Logic? (4am crack)/What's My Logic? (4am crack).dsk","d6f95737412c6183f48f9e5b2e51b342ba9b3f613befc944e5b479b512f3bfce","MIDWEST","RTSTRP.APPLE","93629b22a4916e1f8affaa738a0637665191940152928b5c7d876ff9d800a113","aaa96b0c5648f67d1217e6cbbba76e5447531a0cfed515a49adcc6148e7b6220","246f1cf18556de0a981cbddb3926abe73349d0558df58422cf1cc173eceb600d","2aab718c9e2386ca1a718e09b02b4f0cf257abe0d4ca6d3ebb3f43e41a4a8e64","/Users/chris/Repos/pdisasm/Tools/4am/images/d6f95737412c6183f48f9e5b2e51b342ba9b3f613befc944e5b479b512f3bfce"
"images/games/strategy/High Stakes (4am crack).zip!High Stakes (4am crack)/High Stakes (4am crack).dsk","63ab499c719c17e6da24d6726e2bc09b81302b77a73428ef49c88e165486e514","G1","SYSTEM.APPLE","b0d6ae9829da793cf605ae4cfc09b229f8130cd46a53db451eed226d8a986873","1e1f49d81a10939c89b0ceb20f4f619853c83c0c77c85774e991fd1119db6f69","c2182744860e3cb1a2057518596223ed0b4f8abea36fa174f1608d823d609ac9","802a8c6c14f2461b8132dfbcda29cbdc91d8acde288b022797765a232e32555a","/Users/chris/Repos/pdisasm/Tools/4am/images/63ab499c719c17e6da24d6726e2bc09b81302b77a73428ef49c88e165486e514"
"images/productivity/misc/NoteCard Maker (4am crack).zip!NoteCard Maker (4am crack) disk 2 - tutorial.dsk","7a9548ec3cdc565afb4767019250be2493d6f59b5e5ffa89dbeb93df21533f72","RTTUT","SYSTEM.APPLE","49b1bbbd162e00df30a59b10aa591032e16b0fa5fec88512053827339b96383e","1e1f49d81a10939c89b0ceb20f4f619853c83c0c77c85774e991fd1119db6f69","3582655c06e3eb6ccc41e01ad8153aca3a4682b9f76b54c7e91fb2fd34eba363","190f9410ae628d485d58a0b0ae1cc761c88233d916afdc9abb54443a80891003","/Users/chris/Repos/pdisasm/Tools/4am/images/7a9548ec3cdc565afb4767019250be2493d6f59b5e5ffa89dbeb93df21533f72"
"images/productivity/misc/NoteCard Maker (4am crack).zip!NoteCard Maker (4am crack) disk 1 - program.dsk","24e328599046733bad8446270e2e7fe53a4e238299830d350df8e8070eb640a9","NCMTOOL","SYSTEM.APPLE","49b1bbbd162e00df30a59b10aa591032e16b0fa5fec88512053827339b96383e","1e1f49d81a10939c89b0ceb20f4f619853c83c0c77c85774e991fd1119db6f69","4072201a23fc029258a85e6ba6003b29b271e04e5810f560dc75410a3ed24fbd","190f9410ae628d485d58a0b0ae1cc761c88233d916afdc9abb54443a80891003","/Users/chris/Repos/pdisasm/Tools/4am/images/24e328599046733bad8446270e2e7fe53a4e238299830d350df8e8070eb640a9"
"images/productivity/database/InforMaster (4am crack).zip!InforMaster (4am crack)/InforMaster (4am crack).dsk","9d8d9af44c301bcc332e03acae02dee6424ab564c46c6912cb0e027ce819a5eb","BADBEJ","SYSTEM.APPLE","49b1bbbd162e00df30a59b10aa591032e16b0fa5fec88512053827339b96383e","1e1f49d81a10939c89b0ceb20f4f619853c83c0c77c85774e991fd1119db6f69","16533b25edee87516003f017a1a15aba0a7e070a1ce9a6facac57e3b5beeacba","e9df46631dc1ebd6a8db12f3d7bbf21a43fa9c0dc8e56e54c10844d176001b9f","/Users/chris/Repos/pdisasm/Tools/4am/images/9d8d9af44c301bcc332e03acae02dee6424ab564c46c6912cb0e027ce819a5eb"
"images/productivity/database/Friendly Filer (4am crack).zip!Friendly Filer (4am crack)/Friendly Filer (4am crack) side A.dsk","fd0b0a2bc54c89cc784e20fbaf1394ba3117405e7c972855410dd70795aeb6c8","BADBEJ","SYSTEM.APPLE","49b1bbbd162e00df30a59b10aa591032e16b0fa5fec88512053827339b96383e","1e1f49d81a10939c89b0ceb20f4f619853c83c0c77c85774e991fd1119db6f69","af42d639420f62f2e270807ae58a7def43aa629843b38c0242d20263d94bae67","f47c1d4df0e94a3ea6a9aa7c3c1f6fcca4ee91fd0990a72d35e60644962874e2","/Users/chris/Repos/pdisasm/Tools/4am/images/fd0b0a2bc54c89cc784e20fbaf1394ba3117405e7c972855410dd70795aeb6c8"
"images/productivity/spreadsheet/Widespread (4am crack) side A.dsk","c6fd1d87af2682a47949acdff5fbedc830d5d9850a35ec0930f545287e637592","WS","SYSTEM.APPLE","6701bcee4840864e6306d744c12fa3c6d47413321eebbe15cbe1bab3d23118e9","fb5421152940287c0c0c49d4c5b9b50074d7f33722b5c8c5d1a44acc2d537657","7c6abf23ed8b604657262750d0487230318803d232689b68b019f7486622469a","190f9410ae628d485d58a0b0ae1cc761c88233d916afdc9abb54443a80891003","/Users/chris/Repos/pdisasm/Tools/4am/images/c6fd1d87af2682a47949acdff5fbedc830d5d9850a35ec0930f545287e637592"
"images/productivity/integrated/pfs/PFS vB.00 (4am crack).zip!PFS vB.00 (4am crack)/PFS vB.00 (4am crack).dsk","780ba050283323c634eb6d04ac5a752541aba199520cc225870031dccd9c003b","PFS2B","RTSTRP.APPLE","93629b22a4916e1f8affaa738a0637665191940152928b5c7d876ff9d800a113","aaa96b0c5648f67d1217e6cbbba76e5447531a0cfed515a49adcc6148e7b6220","00aac73bdb87d47fcd83483ef29c6b36d75397d56cd721edbad885473e29d20c","6f95245e71173839bf5f064e06c4f78de1728c77bc9a4f04be58a1a1b44dc943","/Users/chris/Repos/pdisasm/Tools/4am/images/780ba050283323c634eb6d04ac5a752541aba199520cc225870031dccd9c003b"
"images/productivity/integrated/pfs/PFS File vA.00 (4am crack).zip!PFS File vA.00 (4am crack)/PFS File vA.00 (4am crack).dsk","a22960d9f4461c2ceabdef73709913aa441f3da5d14e5834ed8b0328a74a8ea4","FILEA00","SYSTEM.APPLE","2443c23e7538ebfc0227525e4a80878dfae0b96a8a445cb1c4b4332f433a8ae6","ef890517c1eb403c6029ac1063aac4c197ca4617995f7eaa964f8bcc9e688844","e3996bf923db8a596935df7856da745b24f8afedd8a773d4034a9e796a2446cc","190f9410ae628d485d58a0b0ae1cc761c88233d916afdc9abb54443a80891003","/Users/chris/Repos/pdisasm/Tools/4am/images/a22960d9f4461c2ceabdef73709913aa441f3da5d14e5834ed8b0328a74a8ea4"
"images/productivity/integrated/pfs/PFS Report vB.02 (4am crack).zip!PFS Report vB.02 (4am crack)/PFS Report vB.02 (4am crack).dsk","a5cecf0085010f4dce06210cf43287a730713dabfa2fcabe0f27416499d6bae1","REPORT","RTSTRP.APPLE","93629b22a4916e1f8affaa738a0637665191940152928b5c7d876ff9d800a113","aaa96b0c5648f67d1217e6cbbba76e5447531a0cfed515a49adcc6148e7b6220","00aac73bdb87d47fcd83483ef29c6b36d75397d56cd721edbad885473e29d20c","6f95245e71173839bf5f064e06c4f78de1728c77bc9a4f04be58a1a1b44dc943","/Users/chris/Repos/pdisasm/Tools/4am/images/a5cecf0085010f4dce06210cf43287a730713dabfa2fcabe0f27416499d6bae1"
"images/productivity/integrated/pfs/PFS vA.02 (4am crack).zip!PFS vA.02 (4am crack)/PFS vA.02 (4am crack).dsk","4747f739372ea6adb6054ef83085c8977c847758f519a99ccab2a5d7f8c10eaa","BLANK","RT0003.APPLE","ca5f32c90175a75ddb3ef362b89ea8675015cb88786d2c8c7fb10d19de7d43c0","757bef80851a9959555426849547980ec5bb4782157621830df172b76d322ba9","b57350921a8eea1f989206e16a84c603586f035b3edaea2dcb9cac0f35a0b265","ed6710635884012aca322556714ebd7051d855a45849aa56eda6787cf012e577","/Users/chris/Repos/pdisasm/Tools/4am/images/4747f739372ea6adb6054ef83085c8977c847758f519a99ccab2a5d7f8c10eaa"
"images/productivity/integrated/pfs/PFS vA.02 (4am crack).zip!PFS vA.02 (4am crack)/PFS vA.02 (4am crack).dsk","4747f739372ea6adb6054ef83085c8977c847758f519a99ccab2a5d7f8c10eaa","BLANK","RT0004.APPLE","7a97ef8045b012b07803769b541a754c030921b5480f02dc1913b7672587da3b","757bef80851a9959555426849547980ec5bb4782157621830df172b76d322ba9","b57350921a8eea1f989206e16a84c603586f035b3edaea2dcb9cac0f35a0b265","ed6710635884012aca322556714ebd7051d855a45849aa56eda6787cf012e577","/Users/chris/Repos/pdisasm/Tools/4am/images/4747f739372ea6adb6054ef83085c8977c847758f519a99ccab2a5d7f8c10eaa"
"images/productivity/graphics/misc/Grid Designer (4am crack).zip!Grid Designer (4am crack)/Grid Designer (4am crack) side A.dsk","cdff6180d46f99bd279dccd959baf139ff59e4378c40abae4aee842a6f8fdd55","BLANK27","SYSTEM.APPLE","f7b541b27673739db27deb8f9b9fe4003cb25c4b5fbec905674284f58a6c1286","97a1688dfa2c4838461f8e522b5def79124c6fb53ed022560c9bfffaed12f656","4049411a742a509a8614f346dcc6dbcf9f0ec32d050cb657c9d6b578a7dad959","190f9410ae628d485d58a0b0ae1cc761c88233d916afdc9abb54443a80891003","/Users/chris/Repos/pdisasm/Tools/4am/images/cdff6180d46f99bd279dccd959baf139ff59e4378c40abae4aee842a6f8fdd55"
"images/productivity/graphics/misc/Grid Designer (4am crack).zip!Grid Designer (4am crack)/Grid Designer (4am crack) side B.dsk","a723c031223ba18b50461b4d4e1e9b019217ebc9d8342cf5e216dd502b42c2bf","BLANK13","SYSTEM.APPLE","f7b541b27673739db27deb8f9b9fe4003cb25c4b5fbec905674284f58a6c1286","97a1688dfa2c4838461f8e522b5def79124c6fb53ed022560c9bfffaed12f656","4049411a742a509a8614f346dcc6dbcf9f0ec32d050cb657c9d6b578a7dad959","190f9410ae628d485d58a0b0ae1cc761c88233d916afdc9abb54443a80891003","/Users/chris/Repos/pdisasm/Tools/4am/images/a723c031223ba18b50461b4d4e1e9b019217ebc9d8342cf5e216dd502b42c2bf"
"images/productivity/graphics/misc/EasyGraph (4am crack).dsk","95a35edb80ba8e9f45727d9012f03554cc2163a17ad1b967a914d969bb571222","GRAFM","SYSTEM.APPLE","49b1bbbd162e00df30a59b10aa591032e16b0fa5fec88512053827339b96383e","1e1f49d81a10939c89b0ceb20f4f619853c83c0c77c85774e991fd1119db6f69","73b1dc2c8b31f43fa61b657f169f662cefb17143adc5d85f862872c9859b8e00","ea5f6ea54b46fa42fe0c881b299802b13e332c6c44f04f1c0877cd4d6c5bfc4a","/Users/chris/Repos/pdisasm/Tools/4am/images/95a35edb80ba8e9f45727d9012f03554cc2163a17ad1b967a914d969bb571222"
"Collection_4am.tar.gz!Collection_4am.tar!unsorted/Abacus (4am crack).zip!Abacus (4am crack)/Abacus (4am crack).dsk","a466f5ee86baab2749cdc83ec5e4b97646833d78187602cb3f60ad90006adb90","TURNKEY","SYSTEM.APPLE","eb9172484ad38dd11d68a85acb0fa8966c917e9cc8c411b93301f1d9cb9ebac2","3189798e4f598903441f35941277fa9d412ea0cba298e662923f8e2e50003f29","2ce512f5b8bb7e204adbb2d0f51d5339117aa0ab404ec0d16377b312720caffe","660b8947654a522a41aaa920ac430fdff7cdfad2fabf22fa455cf2941ffa9ee4","/Users/chris/Repos/pdisasm/Tools/4am/images/a466f5ee86baab2749cdc83ec5e4b97646833d78187602cb3f60ad90006adb90"
"Collection_4am.tar.gz!Collection_4am.tar!unsorted/PFS Report 1981-01-03 (vB.00) (4am crack).zip!PFS Report 1981-01-03 (vB.00) (4am crack)/PFS Report 1981-01-03 (vB.00) (4am crack).dsk","af77cb9661abf3f631f05c3670c5c8dfda3595076d2792218d8925d9a8dcaeb0","REPORT","RTSTRP.APPLE","93629b22a4916e1f8affaa738a0637665191940152928b5c7d876ff9d800a113","aaa96b0c5648f67d1217e6cbbba76e5447531a0cfed515a49adcc6148e7b6220","00aac73bdb87d47fcd83483ef29c6b36d75397d56cd721edbad885473e29d20c","6f95245e71173839bf5f064e06c4f78de1728c77bc9a4f04be58a1a1b44dc943","/Users/chris/Repos/pdisasm/Tools/4am/images/af77cb9661abf3f631f05c3670c5c8dfda3595076d2792218d8925d9a8dcaeb0"
"Collection_4am.tar.gz!Collection_4am.tar!unsorted/PFS Fichier 1984-11-26 (4am crack).zip!PFS Fichier 1984-11-26 (4am crack)/PFS Fichier 1984-11-26 (4am crack).dsk","19aad19f790f1262bdd1c77b6251885e25d9e99b6c4f38f8cf0066b45ec26a55","FICHIER","SYSTEM.APPLE","49b1bbbd162e00df30a59b10aa591032e16b0fa5fec88512053827339b96383e","1e1f49d81a10939c89b0ceb20f4f619853c83c0c77c85774e991fd1119db6f69","","190f9410ae628d485d58a0b0ae1cc761c88233d916afdc9abb54443a80891003","/Users/chris/Repos/pdisasm/Tools/4am/images/19aad19f790f1262bdd1c77b6251885e25d9e99b6c4f38f8cf0066b45ec26a55"
"Collection_4am.tar.gz!Collection_4am.tar!unsorted/EasyGraph rev. 2 (4am crack).zip!EasyGraph rev. 2 (4am crack)/EasyGraph rev. 2 (4am crack).dsk","3aa4a78fd9a894e8d0f90ec1702788e13f47b76c782b45d4e0c350389f6083fa","GRAFM","SYSTEM.APPLE","49b1bbbd162e00df30a59b10aa591032e16b0fa5fec88512053827339b96383e","1e1f49d81a10939c89b0ceb20f4f619853c83c0c77c85774e991fd1119db6f69","73b1dc2c8b31f43fa61b657f169f662cefb17143adc5d85f862872c9859b8e00","8e7b3ec5c2de9be52c885e4927df97c6e86e9d920d1fb9443f33312d0b20ed7a","/Users/chris/Repos/pdisasm/Tools/4am/images/3aa4a78fd9a894e8d0f90ec1702788e13f47b76c782b45d4e0c350389f6083fa"
"Collection_4am.tar.gz!Collection_4am.tar!unsorted/PFS File vB.01 (4am crack).zip!PFS File vB.01 (4am crack)/PFS File vB.01 (4am crack).dsk","e34dc693e4ce2b2cdefcc47a921f9516da33d919dbcdb719e88572bd02c12691","PFS2B","RTSTRP.APPLE","93629b22a4916e1f8affaa738a0637665191940152928b5c7d876ff9d800a113","aaa96b0c5648f67d1217e6cbbba76e5447531a0cfed515a49adcc6148e7b6220","00aac73bdb87d47fcd83483ef29c6b36d75397d56cd721edbad885473e29d20c","6f95245e71173839bf5f064e06c4f78de1728c77bc9a4f04be58a1a1b44dc943","/Users/chris/Repos/pdisasm/Tools/4am/images/e34dc693e4ce2b2cdefcc47a921f9516da33d919dbcdb719e88572bd02c12691"
"Collection_4am.tar.gz!Collection_4am.tar!unsorted/PFS Graph 1983-01-12 (4am crack).zip!PFS Graph 1983-01-12 (4am crack)/PFS Graph 1983-01-12 (4am crack).dsk","7e0e51827e18eb862c0135eb9b9e00a70b3b4d468c7a2cf5b307ae810da2ac5c","GRAFA00","SYSTEM.APPLE","2443c23e7538ebfc0227525e4a80878dfae0b96a8a445cb1c4b4332f433a8ae6","026ff5c4f657cb8b0610d9dfbc1c1a1920a5c48628013edda04d9c59e3a23902","0fe90a83e5a392415930976b04e5fedcbc91d4c7485a657e0b564f88fe25fbe3","190f9410ae628d485d58a0b0ae1cc761c88233d916afdc9abb54443a80891003","/Users/chris/Repos/pdisasm/Tools/4am/images/7e0e51827e18eb862c0135eb9b9e00a70b3b4d468c7a2cf5b307ae810da2ac5c"
"Collection_4am.tar.gz!Collection_4am.tar!unsorted/PFS Etat 1984-11-26 (4am crack).zip!PFS Etat 1984-11-26 (4am crack)/PFS Etat 1984-11-26 (4am crack).dsk","0ba12b06f08669b1dd84f61a22b8fd65f97e619ba8c9b5f46e4a20275ca644d4","ETAT","SYSTEM.APPLE","49b1bbbd162e00df30a59b10aa591032e16b0fa5fec88512053827339b96383e","1e1f49d81a10939c89b0ceb20f4f619853c83c0c77c85774e991fd1119db6f69","","190f9410ae628d485d58a0b0ae1cc761c88233d916afdc9abb54443a80891003","/Users/chris/Repos/pdisasm/Tools/4am/images/0ba12b06f08669b1dd84f61a22b8fd65f97e619ba8c9b5f46e4a20275ca644d4"
"Collection_4am.tar.gz!Collection_4am.tar!unsorted/PFS Graph 1984-03-14 (4am crack).zip!PFS Graph 1984-03-14 (4am crack)/PFS Graph 1984-03-14 (4am crack).dsk","3f4a63bd4bb44d4983f3bd0d77f3b998c473ff43f2c78859f36a6bb6b4e78a18","GRAFC00","SYSTEM.APPLE","2443c23e7538ebfc0227525e4a80878dfae0b96a8a445cb1c4b4332f433a8ae6","026ff5c4f657cb8b0610d9dfbc1c1a1920a5c48628013edda04d9c59e3a23902","049bf2f1bb54c99b48aff44defd8dfceb623bd1b7da99ae1b9b1b85cfb1716be","190f9410ae628d485d58a0b0ae1cc761c88233d916afdc9abb54443a80891003","/Users/chris/Repos/pdisasm/Tools/4am/images/3f4a63bd4bb44d4983f3bd0d77f3b998c473ff43f2c78859f36a6bb6b4e78a18"
"Collection_4am.tar.gz!Collection_4am.tar!unsorted/Supercounter (4am crack).zip!Supercounter (4am crack)/Supercounter (4am crack).dsk","60cee4a694618fd4709336e56f244ca77ab28f3dca948ab0b880d6eb8e1b204b","TURNKEY","SYSTEM.APPLE","581a5c924979aed84c65add4a4400d11e312f6b7327b23d7358d497e8b687176","3189798e4f598903441f35941277fa9d412ea0cba298e662923f8e2e50003f29","2ce512f5b8bb7e204adbb2d0f51d5339117aa0ab404ec0d16377b312720caffe","660b8947654a522a41aaa920ac430fdff7cdfad2fabf22fa455cf2941ffa9ee4","/Users/chris/Repos/pdisasm/Tools/4am/images/60cee4a694618fd4709336e56f244ca77ab28f3dca948ab0b880d6eb8e1b204b"
"Collection_4am.tar.gz!Collection_4am.tar!unsorted/PFS Write 1984-11-01 (4am crack).zip!PFS Write 1984-11-01 (4am crack)/PFS Write 1984-11-01 (4am crack).dsk","715057451970d715c516bfd8904fbcb3e3dffbc5191791bca33a4cdac4d0bf76","PFSWORD","SYSTEM.APPLE","f7b541b27673739db27deb8f9b9fe4003cb25c4b5fbec905674284f58a6c1286","97a1688dfa2c4838461f8e522b5def79124c6fb53ed022560c9bfffaed12f656","06bbd7dcda597aa46d62dcfd8ddde4bc1c219f6a6a90ebcfaecc8da0f80b6b8b","190f9410ae628d485d58a0b0ae1cc761c88233d916afdc9abb54443a80891003","/Users/chris/Repos/pdisasm/Tools/4am/images/715057451970d715c516bfd8904fbcb3e3dffbc5191791bca33a4cdac4d0bf76"
"Collection_4am.tar.gz!Collection_4am.tar!unsorted/PFS Report 1984-03-20 (4am crack).zip!PFS Report 1984-03-20 (4am crack)/PFS Report 1984-03-20 (4am crack).dsk","d0c84bcf851752ece21fbdfdb2c3ca3abdef67452d8da783f13ee81c7502f7f2","REPC00","SYSTEM.APPLE","49b1bbbd162e00df30a59b10aa591032e16b0fa5fec88512053827339b96383e","1e1f49d81a10939c89b0ceb20f4f619853c83c0c77c85774e991fd1119db6f69","","190f9410ae628d485d58a0b0ae1cc761c88233d916afdc9abb54443a80891003","/Users/chris/Repos/pdisasm/Tools/4am/images/d0c84bcf851752ece21fbdfdb2c3ca3abdef67452d8da783f13ee81c7502f7f2"
"Collection_4am.tar.gz!Collection_4am.tar!unsorted/Addition-Subtraction Blocks (4am crack).zip!Addition-Subtraction Blocks (4am crack)/Addition-Subtraction Blocks (4am crack).dsk","cb68f12f9155727b5c2d1cf08758db7434a48b7b92257d29609f3035854acca9","TURNKEY","SYSTEM.APPLE","581a5c924979aed84c65add4a4400d11e312f6b7327b23d7358d497e8b687176","3189798e4f598903441f35941277fa9d412ea0cba298e662923f8e2e50003f29","2ce512f5b8bb7e204adbb2d0f51d5339117aa0ab404ec0d16377b312720caffe","660b8947654a522a41aaa920ac430fdff7cdfad2fabf22fa455cf2941ffa9ee4","/Users/chris/Repos/pdisasm/Tools/4am/images/cb68f12f9155727b5c2d1cf08758db7434a48b7b92257d29609f3035854acca9"
"Collection_4am.tar.gz!Collection_4am.tar!unsorted/PFS Report 1982-01-14 (4am crack).zip!PFS Report 1982-01-14 (4am crack)/PFS Report 1982-01-14 (4am crack).dsk","f9533feb4f7c6aab68b57eafb4cf8977ea359de74ae43a19bf225225e63488d1","REPA00","SYSTEM.APPLE","2443c23e7538ebfc0227525e4a80878dfae0b96a8a445cb1c4b4332f433a8ae6","026ff5c4f657cb8b0610d9dfbc1c1a1920a5c48628013edda04d9c59e3a23902","e3996bf923db8a596935df7856da745b24f8afedd8a773d4034a9e796a2446cc","190f9410ae628d485d58a0b0ae1cc761c88233d916afdc9abb54443a80891003","/Users/chris/Repos/pdisasm/Tools/4am/images/f9533feb4f7c6aab68b57eafb4cf8977ea359de74ae43a19bf225225e63488d1"
"Collection_4am.tar.gz!Collection_4am.tar!unsorted/Mindscape's Reading Workshop- Grade 6 (4am crack).zip!Mindscape's Reading Workshop- Grade 6 (4am crack)/Mindscape's Reading Workshop- Grade 6 (4am crack) disk 2A.dsk","4bfa41ac8eb54ecd4a90aac81655d7e0117e657cdf66d2db945a178230008dda","TEXT","SYSTEM.APPLE","b0d6ae9829da793cf605ae4cfc09b229f8130cd46a53db451eed226d8a986873","1e1f49d81a10939c89b0ceb20f4f619853c83c0c77c85774e991fd1119db6f69","85a4cd902d1cb48ee224d4741cb67eaa1280971bde9150a1edb7797142db7e47","802a8c6c14f2461b8132dfbcda29cbdc91d8acde288b022797765a232e32555a","/Users/chris/Repos/pdisasm/Tools/4am/images/4bfa41ac8eb54ecd4a90aac81655d7e0117e657cdf66d2db945a178230008dda"
"Collection_4am.tar.gz!Collection_4am.tar!unsorted/Mindscape's Reading Workshop- Grade 6 (4am crack).zip!Mindscape's Reading Workshop- Grade 6 (4am crack)/Mindscape's Reading Workshop- Grade 6 (4am crack) disk 3A.dsk","ce8e355b9de936e8494882b4f59a222c7c10513dc271b99918f3395fdbfd68d1","TEXT","SYSTEM.APPLE","b0d6ae9829da793cf605ae4cfc09b229f8130cd46a53db451eed226d8a986873","1e1f49d81a10939c89b0ceb20f4f619853c83c0c77c85774e991fd1119db6f69","85a4cd902d1cb48ee224d4741cb67eaa1280971bde9150a1edb7797142db7e47","802a8c6c14f2461b8132dfbcda29cbdc91d8acde288b022797765a232e32555a","/Users/chris/Repos/pdisasm/Tools/4am/images/ce8e355b9de936e8494882b4f59a222c7c10513dc271b99918f3395fdbfd68d1"
"Collection_4am.tar.gz!Collection_4am.tar!unsorted/Mindscape's Reading Workshop- Grade 6 (4am crack).zip!Mindscape's Reading Workshop- Grade 6 (4am crack)/Mindscape's Reading Workshop- Grade 6 (4am crack) disk 1A.dsk","1d6bdaca1e6d9293581b0490c3037dd7dc5749dce8ac8d15956915ea0bc2ddbd","TEXT","SYSTEM.APPLE","b0d6ae9829da793cf605ae4cfc09b229f8130cd46a53db451eed226d8a986873","1e1f49d81a10939c89b0ceb20f4f619853c83c0c77c85774e991fd1119db6f69","85a4cd902d1cb48ee224d4741cb67eaa1280971bde9150a1edb7797142db7e47","802a8c6c14f2461b8132dfbcda29cbdc91d8acde288b022797765a232e32555a","/Users/chris/Repos/pdisasm/Tools/4am/images/1d6bdaca1e6d9293581b0490c3037dd7dc5749dce8ac8d15956915ea0bc2ddbd"
"Collection_4am.tar.gz!Collection_4am.tar!unsorted/PFS File vC.00 (4am crack).zip!PFS File vC.00 (4am crack)/PFS File vC.00 (4am crack).dsk","32b43fa620ba320fbf51be11ce46aac7bcacc6b3f9ba5b0a38c2c4120c292592","FILEC00","SYSTEM.APPLE","49b1bbbd162e00df30a59b10aa591032e16b0fa5fec88512053827339b96383e","1e1f49d81a10939c89b0ceb20f4f619853c83c0c77c85774e991fd1119db6f69","","190f9410ae628d485d58a0b0ae1cc761c88233d916afdc9abb54443a80891003","/Users/chris/Repos/pdisasm/Tools/4am/images/32b43fa620ba320fbf51be11ce46aac7bcacc6b3f9ba5b0a38c2c4120c292592"
"Collection_4am.tar.gz!Collection_4am.tar!unsorted/PFS Write 1984-09-27 (4am crack).zip!PFS Write 1984-09-27 (4am crack)/PFS Write 1984-09-27 (4am crack).dsk","0eed15937493e041b4739b037761b7427449eca2ee23d1189bd9c649624ee58a","PFSWORD","SYSTEM.APPLE","f7b541b27673739db27deb8f9b9fe4003cb25c4b5fbec905674284f58a6c1286","97a1688dfa2c4838461f8e522b5def79124c6fb53ed022560c9bfffaed12f656","","190f9410ae628d485d58a0b0ae1cc761c88233d916afdc9abb54443a80891003","/Users/chris/Repos/pdisasm/Tools/4am/images/0eed15937493e041b4739b037761b7427449eca2ee23d1189bd9c649624ee58a"
"Collection_4am.tar.gz!Collection_4am.tar!unsorted/Addition-Subtraction Facts Family Drill (4am crack).zip!Addition-Subtraction Facts Family Drill (4am crack)/Addition-Subtraction Facts Family Drill (4am crack).dsk","86b2a7ef95b7e6cf47aa1afc8c07629500b26ab4a33d4cd4f9dd634c21f20a00","TURNKEY","SYSTEM.APPLE","581a5c924979aed84c65add4a4400d11e312f6b7327b23d7358d497e8b687176","3189798e4f598903441f35941277fa9d412ea0cba298e662923f8e2e50003f29","2ce512f5b8bb7e204adbb2d0f51d5339117aa0ab404ec0d16377b312720caffe","660b8947654a522a41aaa920ac430fdff7cdfad2fabf22fa455cf2941ffa9ee4","/Users/chris/Repos/pdisasm/Tools/4am/images/86b2a7ef95b7e6cf47aa1afc8c07629500b26ab4a33d4cd4f9dd634c21f20a00"
"Collection_4am.tar.gz!Collection_4am.tar!unsorted/PFS Graph 1984-01-31 (4am crack).zip!PFS Graph 1984-01-31 (4am crack)/PFS Graph 1984-01-31 (4am crack).dsk","94ab803385076da00e17c572af76ac624a415a311d9a903bc69dd728acbb6971","GRAFB00","SYSTEM.APPLE","2443c23e7538ebfc0227525e4a80878dfae0b96a8a445cb1c4b4332f433a8ae6","026ff5c4f657cb8b0610d9dfbc1c1a1920a5c48628013edda04d9c59e3a23902","ffe9d7835925ccc268657df22d5070f9845460a78b0d7e11df259704e9b81354","190f9410ae628d485d58a0b0ae1cc761c88233d916afdc9abb54443a80891003","/Users/chris/Repos/pdisasm/Tools/4am/images/94ab803385076da00e17c572af76ac624a415a311d9a903bc69dd728acbb6971"
"Collection_4am.tar.gz!Collection_4am.tar!unsorted/Language Activities Courseware Level 3 (4am crack).zip!Language Activities Courseware Level 3 (4am crack)/Language Activities Courseware Level 3 (4am crack) Disk B Side 1 - The Verb Arcade.dsk","e12bd59d876a14444c1b79dfa734af1a7215aee83b60513838dfa90d2edc9314","ARCADE","SYSTEM.APPLE","67adc957afa1fc3cae9177ef42846ea1c31fd44f5a00e0694f63acafd248aed5","3189798e4f598903441f35941277fa9d412ea0cba298e662923f8e2e50003f29","20abe37374f46318b9de7c2a411a851b00434e3a3e7867c4b48044056a921d00","190f9410ae628d485d58a0b0ae1cc761c88233d916afdc9abb54443a80891003","/Users/chris/Repos/pdisasm/Tools/4am/images/e12bd59d876a14444c1b79dfa734af1a7215aee83b60513838dfa90d2edc9314"
"Collection_4am.tar.gz!Collection_4am.tar!unsorted/Language Activities Courseware Level 3 (4am crack).zip!Language Activities Courseware Level 3 (4am crack)/Language Activities Courseware Level 3 (4am crack) Disk D Side 2 - Rhyming Words.dsk","b01cc2c4c926b961bb39e1c2de880391b850eef8834db585cdd3c8661893411d","NEW","SYSTEM.APPLE","67adc957afa1fc3cae9177ef42846ea1c31fd44f5a00e0694f63acafd248aed5","3189798e4f598903441f35941277fa9d412ea0cba298e662923f8e2e50003f29","20abe37374f46318b9de7c2a411a851b00434e3a3e7867c4b48044056a921d00","190f9410ae628d485d58a0b0ae1cc761c88233d916afdc9abb54443a80891003","/Users/chris/Repos/pdisasm/Tools/4am/images/b01cc2c4c926b961bb39e1c2de880391b850eef8834db585cdd3c8661893411d"
"Collection_4am.tar.gz!Collection_4am.tar!unsorted/Language Activities Courseware Level 3 (4am crack).zip!Language Activities Courseware Level 3 (4am crack)/Language Activities Courseware Level 3 (4am crack) Disk C Side 2 - Letter Writer.dsk","b518bb2d87a6531fb0179437ea53c0a29b84fc1695211b7c94ef43b128638688","LETTER","SYSTEM.APPLE","67adc957afa1fc3cae9177ef42846ea1c31fd44f5a00e0694f63acafd248aed5","3189798e4f598903441f35941277fa9d412ea0cba298e662923f8e2e50003f29","20abe37374f46318b9de7c2a411a851b00434e3a3e7867c4b48044056a921d00","190f9410ae628d485d58a0b0ae1cc761c88233d916afdc9abb54443a80891003","/Users/chris/Repos/pdisasm/Tools/4am/images/b518bb2d87a6531fb0179437ea53c0a29b84fc1695211b7c94ef43b128638688"
"Collection_4am.tar.gz!Collection_4am.tar!unsorted/Language Activities Courseware Level 3 (4am crack).zip!Language Activities Courseware Level 3 (4am crack)/Language Activities Courseware Level 3 (4am crack) Disk A Side 2 - The House of Nouns.dsk","e393709f44fa33aff6ab7f2a1b1ae1206aa93cbee8fc0b3b7171d17212c6ec17","GAME","SYSTEM.APPLE","67adc957afa1fc3cae9177ef42846ea1c31fd44f5a00e0694f63acafd248aed5","3189798e4f598903441f35941277fa9d412ea0cba298e662923f8e2e50003f29","20abe37374f46318b9de7c2a411a851b00434e3a3e7867c4b48044056a921d00","190f9410ae628d485d58a0b0ae1cc761c88233d916afdc9abb54443a80891003","/Users/chris/Repos/pdisasm/Tools/4am/images/e393709f44fa33aff6ab7f2a1b1ae1206aa93cbee8fc0b3b7171d17212c6ec17"
"Collection_4am.tar.gz!Collection_4am.tar!unsorted/Language Activities Courseware Level 3 (4am crack).zip!Language Activities Courseware Level 3 (4am crack)/Language Activities Courseware Level 3 (4am crack) Disk D Side 1 - Descriptions.dsk","69f44e0a513e807de49f019615071e495bce6e19fa5ed5f768bc30181d62cd56","NEW1","SYSTEM.APPLE","67adc957afa1fc3cae9177ef42846ea1c31fd44f5a00e0694f63acafd248aed5","3189798e4f598903441f35941277fa9d412ea0cba298e662923f8e2e50003f29","20abe37374f46318b9de7c2a411a851b00434e3a3e7867c4b48044056a921d00","190f9410ae628d485d58a0b0ae1cc761c88233d916afdc9abb54443a80891003","/Users/chris/Repos/pdisasm/Tools/4am/images/69f44e0a513e807de49f019615071e495bce6e19fa5ed5f768bc30181d62cd56"
"Collection_4am.tar.gz!Collection_4am.tar!unsorted/Language Activities Courseware Level 3 (4am crack).zip!Language Activities Courseware Level 3 (4am crack)/Language Activities Courseware Level 3 (4am crack) Disk B Side 2 - Contraction Silhouette.dsk","312adbeb642fcb3e6ecfb90fb2ef370aee2d0b0c00f45c051e6b83869dc3ffb4","NEW1","SYSTEM.APPLE","67adc957afa1fc3cae9177ef42846ea1c31fd44f5a00e0694f63acafd248aed5","3189798e4f598903441f35941277fa9d412ea0cba298e662923f8e2e50003f29","20abe37374f46318b9de7c2a411a851b00434e3a3e7867c4b48044056a921d00","190f9410ae628d485d58a0b0ae1cc761c88233d916afdc9abb54443a80891003","/Users/chris/Repos/pdisasm/Tools/4am/images/312adbeb642fcb3e6ecfb90fb2ef370aee2d0b0c00f45c051e6b83869dc3ffb4"
"Collection_4am.tar.gz!Collection_4am.tar!unsorted/Language Activities Courseware Level 3 (4am crack).zip!Language Activities Courseware Level 3 (4am crack)/Language Activities Courseware Level 3 (4am crack) Disk A Side 1 - Humpty Dumpty Sentences.dsk","d1d3882ef83ef083e4c348c8647eef425305caa8fb748dbb8a7e993385e1b22d","HUMPTY","SYSTEM.APPLE","67adc957afa1fc3cae9177ef42846ea1c31fd44f5a00e0694f63acafd248aed5","3189798e4f598903441f35941277fa9d412ea0cba298e662923f8e2e50003f29","20abe37374f46318b9de7c2a411a851b00434e3a3e7867c4b48044056a921d00","190f9410ae628d485d58a0b0ae1cc761c88233d916afdc9abb54443a80891003","/Users/chris/Repos/pdisasm/Tools/4am/images/d1d3882ef83ef083e4c348c8647eef425305caa8fb748dbb8a7e993385e1b22d"
"Collection_4am.tar.gz!Collection_4am.tar!unsorted/Language Activities Courseware Level 3 (4am crack).zip!Language Activities Courseware Level 3 (4am crack)/Language Activities Courseware Level 3 (4am crack) Disk C Side 1 - Definitions Trio.dsk","475ef315c70e79549c9b28a35a9e622525a239ed9cfde9c601264968feff5456","GAME","SYSTEM.APPLE","67adc957afa1fc3cae9177ef42846ea1c31fd44f5a00e0694f63acafd248aed5","3189798e4f598903441f35941277fa9d412ea0cba298e662923f8e2e50003f29","20abe37374f46318b9de7c2a411a851b00434e3a3e7867c4b48044056a921d00","190f9410ae628d485d58a0b0ae1cc761c88233d916afdc9abb54443a80891003","/Users/chris/Repos/pdisasm/Tools/4am/images/475ef315c70e79549c9b28a35a9e622525a239ed9cfde9c601264968feff5456"
