"Source","ImageSHA256","VolumeName","InterpreterFilename","InterpreterSHA256","PascalSHA256","LibrarySHA256","BootBlocksSHA256","ResultDirectory"
"images/misc/1984AppleComputerChristmasDemo.dsk","00d3caa3de8145bc72e8b6735d025694cdb0e00546503798b56e158f9c0ca14f","XMAS84","SYSTEM.APPLE","49b1bbbd162e00df30a59b10aa591032e16b0fa5fec88512053827339b96383e","1e1f49d81a10939c89b0ceb20f4f619853c83c0c77c85774e991fd1119db6f69","","190f9410ae628d485d58a0b0ae1cc761c88233d916afdc9abb54443a80891003","/Users/chris/Repos/pdisasm/Tools/pascal-results/images/00d3caa3de8145bc72e8b6735d025694cdb0e00546503798b56e158f9c0ca14f"
"images/misc/The Apple at Work.dsk","e948af3d375b5fc2e36930d484381ad55e7c204708027e05170875ceb52e8191","WORK.80","SYSTEM.APPLE","6ab94396865ed6942ced3b61fe998b3d043d921a7566963dee64f74c48fd876e","efe7629a1794860c2db6919e3f0b3f6e9437c94438626e22dd78d9ac523a55eb","","190f9410ae628d485d58a0b0ae1cc761c88233d916afdc9abb54443a80891003","/Users/chris/Repos/pdisasm/Tools/pascal-results/images/e948af3d375b5fc2e36930d484381ad55e7c204708027e05170875ceb52e8191"
"images/misc/dk_collection/357a - Apple Presents the IIc - An Introduction.dsk","94612001033b9dae8cab993959b4dfc86a66c0f3fd5b199cde37490dc2900933","KBDRUN","SYSTEM.APPLE","8fb30ba2a7b54d49b55536d13db8252d192f230df14a2f0eba5a8830c9fe1c2e","e44ba3e9ef9840bec2b28407a825d29f9fb3e0cc1c84f137fa0c887489e21af6","862907fd5077ab1de60cb947821ccb15ddfe90c4fb591345301c9764a173a7a1","190f9410ae628d485d58a0b0ae1cc761c88233d916afdc9abb54443a80891003","/Users/chris/Repos/pdisasm/Tools/pascal-results/images/94612001033b9dae8cab993959b4dfc86a66c0f3fd5b199cde37490dc2900933"
"images/misc/dk_collection/353a - Apple Presents The IIc - Exploring Apple Logo.dsk","b4e92cb72e3e116e7377d72e307376c9a719a0231e5daa96a34bcf07049fff8b","LOGORUN","SYSTEM.APPLE","8fb30ba2a7b54d49b55536d13db8252d192f230df14a2f0eba5a8830c9fe1c2e","e44ba3e9ef9840bec2b28407a825d29f9fb3e0cc1c84f137fa0c887489e21af6","53534a6f9b4374c5b562658758b4795329b39335207c74c60ecd659656d53c38","190f9410ae628d485d58a0b0ae1cc761c88233d916afdc9abb54443a80891003","/Users/chris/Repos/pdisasm/Tools/pascal-results/images/b4e92cb72e3e116e7377d72e307376c9a719a0231e5daa96a34bcf07049fff8b"
"images/misc/dk_collection/331b - Apple Presents the IIc - The Apple at Work - 40-Column Writing, Figuring, and Filing.dsk","21a7a45844f9c8569369b47ee98506769314c4f793f5608d7f66f00ebf3bdd1b","WORK.40","SYSTEM.APPLE","6ab94396865ed6942ced3b61fe998b3d043d921a7566963dee64f74c48fd876e","efe7629a1794860c2db6919e3f0b3f6e9437c94438626e22dd78d9ac523a55eb","","190f9410ae628d485d58a0b0ae1cc761c88233d916afdc9abb54443a80891003","/Users/chris/Repos/pdisasm/Tools/pascal-results/images/21a7a45844f9c8569369b47ee98506769314c4f793f5608d7f66f00ebf3bdd1b"
"images/misc/3d0g_knight_collection/263b - Managing Your Money Budget Utilities.dsk","6f2f47659078223c3a3445ef4d8849d869c392891c5ab6b647143532d9d203e7","DISK6","SYSTEM.APPLE","96b3a45ae3486a211744af24da5ea18fddacb1800d9a65f5749333d66e574cbd","2ec2736219293eb985f5da6faa66c76606ea981f4984aba3d1b2131fc6117f2c","89b5219a76aa484a3bedea97075fdd9c3d1964e9079635271f57670ffa4fff45","190f9410ae628d485d58a0b0ae1cc761c88233d916afdc9abb54443a80891003","/Users/chris/Repos/pdisasm/Tools/pascal-results/images/6f2f47659078223c3a3445ef4d8849d869c392891c5ab6b647143532d9d203e7"
"images/misc/3d0g_knight_collection/086b - AppleWorks Tutorial - Side 2.dsk","e1c022e61a2c16c4e55d1d47d197bd439e4c2145da69637fee570ab3f6861320","AW.D2B","SYSTEM.APPLE","49b1bbbd162e00df30a59b10aa591032e16b0fa5fec88512053827339b96383e","1e1f49d81a10939c89b0ceb20f4f619853c83c0c77c85774e991fd1119db6f69","fab14497d8ba5290bbadd1f1c8db7ff05073dbdcd614f2f5d3bb82aa0fc86433","190f9410ae628d485d58a0b0ae1cc761c88233d916afdc9abb54443a80891003","/Users/chris/Repos/pdisasm/Tools/pascal-results/images/e1c022e61a2c16c4e55d1d47d197bd439e4c2145da69637fee570ab3f6861320"
"images/misc/3d0g_knight_collection/056b - Pro Blackjack.dsk","9777a2e0b2ba3df5b6676b9c01a6885b24630d42ec58a40cff52d1ae5189af61","WGBJV10","RTSTND.APPLE","41bf11dded33a57ec1091a466150bd4c18a480d65d89c2c949eda5a5998f9e23","aaa96b0c5648f67d1217e6cbbba76e5447531a0cfed515a49adcc6148e7b6220","00aac73bdb87d47fcd83483ef29c6b36d75397d56cd721edbad885473e29d20c","2ffb04276585facf6703ba691cfbc0cbf017eddedcdff54575320595bd960ed1","/Users/chris/Repos/pdisasm/Tools/pascal-results/images/9777a2e0b2ba3df5b6676b9c01a6885b24630d42ec58a40cff52d1ae5189af61"
"images/misc/3d0g_knight_collection/074a - Apple Pilot.dsk","f31b0815a4da1f4bc61ae5ebef71ffe338f54e5466616bd232075016b6673acc","LESSONS","RT0006.APPLE","94eb6d37113cf3b9a8e2fa93aadafa08bac16fdcc578138fd9ace5848fd45a73","6dc9c38c6d99a5ea509b6d977b9729648e17bebf810eb9ef79bee1fcc07e7d01","6e03d304fe44a9492d92bf1fced61bde6f000f10a851f9a9d06dde11048de69c","77000b95cf63abb97971ac6236a79d05b1348a4f397ec132813b22df0498b6b3","/Users/chris/Repos/pdisasm/Tools/pascal-results/images/f31b0815a4da1f4bc61ae5ebef71ffe338f54e5466616bd232075016b6673acc"
"images/misc/3d0g_knight_collection/157a - Dollars and Sense - Side 1.dsk","24effce908c7f70e7ecf99b4dfba6e30c8cb1fb986930cfc742bf72d5d7a8901","TFOS","RTSTRP.APPLE","93629b22a4916e1f8affaa738a0637665191940152928b5c7d876ff9d800a113","a146cda8cafb5f4b40ce7b271659b91871fdb35c2cf491e1741ab7cc6b94d325","66ae338094b72842ab2ebd350cffbb88fc8aeea26211c336c05a1b1d991292f0","6f95245e71173839bf5f064e06c4f78de1728c77bc9a4f04be58a1a1b44dc943","/Users/chris/Repos/pdisasm/Tools/pascal-results/images/24effce908c7f70e7ecf99b4dfba6e30c8cb1fb986930cfc742bf72d5d7a8901"
"images/misc/3d0g_knight_collection/189b - Stephen King's The Mist.dsk","5547b6ba3e2f5a92d0141ff88f7a1cc77fb8a803602e0f755620636e8c08bd8c","G1","SYSTEM.APPLE","b0d6ae9829da793cf605ae4cfc09b229f8130cd46a53db451eed226d8a986873","1e1f49d81a10939c89b0ceb20f4f619853c83c0c77c85774e991fd1119db6f69","c2182744860e3cb1a2057518596223ed0b4f8abea36fa174f1608d823d609ac9","7bdabe42f2218afafa30cc40f2667ef35386bc6030c2213148be7a42258fd020","/Users/chris/Repos/pdisasm/Tools/pascal-results/images/5547b6ba3e2f5a92d0141ff88f7a1cc77fb8a803602e0f755620636e8c08bd8c"
"images/misc/3d0g_knight_collection/158a - Dollars and Sense Demo - Side 1.dsk","c08afa2992bb0261bfbfdb8f4fc566d0566d018cc4e584a19d25f8d9e23a5a3c","TFOS","RTSTRP.APPLE","93629b22a4916e1f8affaa738a0637665191940152928b5c7d876ff9d800a113","a146cda8cafb5f4b40ce7b271659b91871fdb35c2cf491e1741ab7cc6b94d325","8d565dae51f4b237b7b8094c0ab2e6414f18583d3f89a4c05505e3909eb199c1","6f95245e71173839bf5f064e06c4f78de1728c77bc9a4f04be58a1a1b44dc943","/Users/chris/Repos/pdisasm/Tools/pascal-results/images/c08afa2992bb0261bfbfdb8f4fc566d0566d018cc4e584a19d25f8d9e23a5a3c"
"images/misc/3d0g_knight_collection/289b - Racter.dsk","360ea44c1dad79b7dbaf00356d6a048b99ec2efa8e4344a89dedfc6f4c4cb1c3","RACTER","SYSTEM.APPLE","303e6e8d16efd87b05f86214744fc4a768fe3357092eb8c41d0f5c28e1c86453","fb5421152940287c0c0c49d4c5b9b50074d7f33722b5c8c5d1a44acc2d537657","85a4cd902d1cb48ee224d4741cb67eaa1280971bde9150a1edb7797142db7e47","df654f133f1e6fb48268ce32d9b20a10efda92ff3f1c9f0bd66371a42830085e","/Users/chris/Repos/pdisasm/Tools/pascal-results/images/360ea44c1dad79b7dbaf00356d6a048b99ec2efa8e4344a89dedfc6f4c4cb1c3"
"images/misc/3d0g_knight_collection/056a - JPort.dsk","d5653d5e7ed3c367d28ef20c43131251069cf9e885a36901f62cf17b2c6e33ab","R","SYSTEM.APPLE","7ce54508b9f1564c47d1db921b530c9702c6e91cee177ccbf89bc40f88a1bd5f","02f0576644c3c2d30ef8671fc8fba306a8123a3661e896eaac5393bc5a7c8a14","40c10129a215b55b8c61b8d949cdf3d8bce945561f3007b81dbe42f2c8bf852b","190f9410ae628d485d58a0b0ae1cc761c88233d916afdc9abb54443a80891003","/Users/chris/Repos/pdisasm/Tools/pascal-results/images/d5653d5e7ed3c367d28ef20c43131251069cf9e885a36901f62cf17b2c6e33ab"
"images/misc/3d0g_knight_collection/241b - Pascal - Side 2.dsk","57ddc9113dfb8f76e81390673e8a8c6bf6033ea7531587a7d15cd7c2da8a501e","APPLE1","SYSTEM.APPLE","7ce54508b9f1564c47d1db921b530c9702c6e91cee177ccbf89bc40f88a1bd5f","02f0576644c3c2d30ef8671fc8fba306a8123a3661e896eaac5393bc5a7c8a14","2b240af2c619b5e61b3f992a6dfadec3b05436c1aadfc1be264df95d48281375","1814942a36cc795d71428c6291eff410c6e0dd8ba8060392b76adb640c341890","/Users/chris/Repos/pdisasm/Tools/pascal-results/images/57ddc9113dfb8f76e81390673e8a8c6bf6033ea7531587a7d15cd7c2da8a501e"
"images/misc/3d0g_knight_collection/261a - Managing Your Money Side 1.dsk","c5efbbbec06b3a0530c6c7b1d40c2daf3da83c762e25cde8a71ddbb5e8bf13df","DISK1","SYSTEM.APPLE","96b3a45ae3486a211744af24da5ea18fddacb1800d9a65f5749333d66e574cbd","2ec2736219293eb985f5da6faa66c76606ea981f4984aba3d1b2131fc6117f2c","35e08c06031290bfeaab1c4776f9242538f0e4fcd425714e8a1ca507a1ab54d3","8f968439593656e18877138ec53e978c1c4763c0d6246daca8ce67716a751092","/Users/chris/Repos/pdisasm/Tools/pascal-results/images/c5efbbbec06b3a0530c6c7b1d40c2daf3da83c762e25cde8a71ddbb5e8bf13df"
"images/misc/3d0g_knight_collection/155b - Spectrum Holobyte Gato.dsk","12f508eb6bcf9a23c066d61162bae23cc7d5fa2880cf56ae7f26560703941b4e","GATO","SYSTEM.APPLE","6701bcee4840864e6306d744c12fa3c6d47413321eebbe15cbe1bab3d23118e9","fb5421152940287c0c0c49d4c5b9b50074d7f33722b5c8c5d1a44acc2d537657","03fdee7eadd9973e3173f1f6e5d0e9b6445dcd1951e575cefa9537c0e419ea8d","190f9410ae628d485d58a0b0ae1cc761c88233d916afdc9abb54443a80891003","/Users/chris/Repos/pdisasm/Tools/pascal-results/images/12f508eb6bcf9a23c066d61162bae23cc7d5fa2880cf56ae7f26560703941b4e"
"images/misc/3d0g_knight_collection/421a - Think Tank.dsk","446972418b6ab65cbc2e29dbfd2dda2273edd4f046c57f8c23496fade1bfbe78","TT01","SYSTEM.APPLE","2443c23e7538ebfc0227525e4a80878dfae0b96a8a445cb1c4b4332f433a8ae6","ef890517c1eb403c6029ac1063aac4c197ca4617995f7eaa964f8bcc9e688844","ddc2fbefd4eda3db6b43b816b94667077d6e97c68f874b61d5a985a5a10d3074","190f9410ae628d485d58a0b0ae1cc761c88233d916afdc9abb54443a80891003","/Users/chris/Repos/pdisasm/Tools/pascal-results/images/446972418b6ab65cbc2e29dbfd2dda2273edd4f046c57f8c23496fade1bfbe78"
"images/misc/3d0g_knight_collection/086a - AppleWorks Tutorial - Side 1.dsk","0611e73dbbc74234cf5ac4371d113bc05f1fcf195a2c061f1ea260ee41aca5fe","AW.D1B","SYSTEM.APPLE","49b1bbbd162e00df30a59b10aa591032e16b0fa5fec88512053827339b96383e","1e1f49d81a10939c89b0ceb20f4f619853c83c0c77c85774e991fd1119db6f69","1c3a2ac0a4f32c47722bc62a2b2220b346cf83e43417fbb1e03dee296550646f","190f9410ae628d485d58a0b0ae1cc761c88233d916afdc9abb54443a80891003","/Users/chris/Repos/pdisasm/Tools/pascal-results/images/0611e73dbbc74234cf5ac4371d113bc05f1fcf195a2c061f1ea260ee41aca5fe"
"images/misc/3d0g_knight_collection/186a - Quick Card.dsk","0178869dd37f809efcaf84745bf68e6c6f64c2469624c8b28782c5b033536acf","TUTOR","SYSTEM.APPLE","7ce54508b9f1564c47d1db921b530c9702c6e91cee177ccbf89bc40f88a1bd5f","02f0576644c3c2d30ef8671fc8fba306a8123a3661e896eaac5393bc5a7c8a14","2b240af2c619b5e61b3f992a6dfadec3b05436c1aadfc1be264df95d48281375","190f9410ae628d485d58a0b0ae1cc761c88233d916afdc9abb54443a80891003","/Users/chris/Repos/pdisasm/Tools/pascal-results/images/0178869dd37f809efcaf84745bf68e6c6f64c2469624c8b28782c5b033536acf"
"images/misc/3d0g_knight_collection/435a - Apple Pilot.dsk","9eb95f9ce0c86f2ff87be658a6a8ae260421f3d7cab7a3411bf3c755577f4421","LESSON1","RT0006.APPLE","94eb6d37113cf3b9a8e2fa93aadafa08bac16fdcc578138fd9ace5848fd45a73","6dc9c38c6d99a5ea509b6d977b9729648e17bebf810eb9ef79bee1fcc07e7d01","6e03d304fe44a9492d92bf1fced61bde6f000f10a851f9a9d06dde11048de69c","77000b95cf63abb97971ac6236a79d05b1348a4f397ec132813b22df0498b6b3","/Users/chris/Repos/pdisasm/Tools/pascal-results/images/9eb95f9ce0c86f2ff87be658a6a8ae260421f3d7cab7a3411bf3c755577f4421"
"images/hardware/misc/MEDAC_2000_Disk_1_Master_Utility.dsk","45ed2d4708631a4270f998c78c75b799984e6a4b7c0a1a4e63e9076ba11f84a0","MI91","SYSTEM.APPLE","7ce54508b9f1564c47d1db921b530c9702c6e91cee177ccbf89bc40f88a1bd5f","02f0576644c3c2d30ef8671fc8fba306a8123a3661e896eaac5393bc5a7c8a14","f0711d0df809d9b91b0b9098d589801b74d6f4f53fa8797330731917c2997d75","190f9410ae628d485d58a0b0ae1cc761c88233d916afdc9abb54443a80891003","/Users/chris/Repos/pdisasm/Tools/pascal-results/images/45ed2d4708631a4270f998c78c75b799984e6a4b7c0a1a4e63e9076ba11f84a0"
"images/hardware/misc/MEDAC_2000_Disk_2_Demo_Patient_Disk_BS.dsk","ff6cee9e536f8e2ba58a026a11023024ecc0e626b9088895c3af253a52e871ce","PTDISK","SYSTEM.APPLE","7ce54508b9f1564c47d1db921b530c9702c6e91cee177ccbf89bc40f88a1bd5f","02f0576644c3c2d30ef8671fc8fba306a8123a3661e896eaac5393bc5a7c8a14","b5f1ec3e94666e65f5b5773195561e6b4806c495c75ccdc42b57e7716995d54e","190f9410ae628d485d58a0b0ae1cc761c88233d916afdc9abb54443a80891003","/Users/chris/Repos/pdisasm/Tools/pascal-results/images/ff6cee9e536f8e2ba58a026a11023024ecc0e626b9088895c3af253a52e871ce"
"images/hardware/video/Le Chat Mauve Side 1.dsk","6280e9e46ec12bfde5a702d39fc57bd375b0396888674aa62f49d6a63c9ecf6d","EDITEUR","SYSTEM.APPLE","6701bcee4840864e6306d744c12fa3c6d47413321eebbe15cbe1bab3d23118e9","fb5421152940287c0c0c49d4c5b9b50074d7f33722b5c8c5d1a44acc2d537657","a06861f09ad4b8aa54c886fe7a7beaed26ef01a8717f5ea56e45966967e8acac","190f9410ae628d485d58a0b0ae1cc761c88233d916afdc9abb54443a80891003","/Users/chris/Repos/pdisasm/Tools/pascal-results/images/6280e9e46ec12bfde5a702d39fc57bd375b0396888674aa62f49d6a63c9ecf6d"
"images/hardware/video/Le Chat Mauve Side 1.po","f62a2b64685206a6d23dd0402c179593fcf179d7f516a6173498e96cd953e134","EDITEUR","SYSTEM.APPLE","6701bcee4840864e6306d744c12fa3c6d47413321eebbe15cbe1bab3d23118e9","fb5421152940287c0c0c49d4c5b9b50074d7f33722b5c8c5d1a44acc2d537657","a06861f09ad4b8aa54c886fe7a7beaed26ef01a8717f5ea56e45966967e8acac","190f9410ae628d485d58a0b0ae1cc761c88233d916afdc9abb54443a80891003","/Users/chris/Repos/pdisasm/Tools/pascal-results/images/f62a2b64685206a6d23dd0402c179593fcf179d7f516a6173498e96cd953e134"
"images/hardware/storage/disk/sva/ZVPAS.PO","b540df506f12a975e20acd81c9000326f28b9e16cbab53df919731c9d2c12a8a","ZVPAS","SYSTEM.APPLE","2443c23e7538ebfc0227525e4a80878dfae0b96a8a445cb1c4b4332f433a8ae6","ef890517c1eb403c6029ac1063aac4c197ca4617995f7eaa964f8bcc9e688844","e3996bf923db8a596935df7856da745b24f8afedd8a773d4034a9e796a2446cc","190f9410ae628d485d58a0b0ae1cc761c88233d916afdc9abb54443a80891003","/Users/chris/Repos/pdisasm/Tools/pascal-results/images/b540df506f12a975e20acd81c9000326f28b9e16cbab53df919731c9d2c12a8a"
"images/hardware/storage/disk/sider/SIDERWARE_BACKUP_RESTORE_UTIL.dsk","9d3df16fd8d028718ec171efea067eb1cb054c75d1c405b87dc28a9c6548b252","SIDER","SYSTEM.APPLE","4bd6b2c862305be0fa11356ca2154cc27130c7f83eee673c3ba88422748553e9","a8535382d7df95766093a6c734fe4feeade6fb4ce60fc065dc65c785308f8859","1f4ab0662f085269e76c315b2cd1ddea6fba56b84da34249f0eed97af3ffc7f6","048c089e53438cc7066a73065409827ee44a382c798ce3718897716279cfc3dc","/Users/chris/Repos/pdisasm/Tools/pascal-results/images/9d3df16fd8d028718ec171efea067eb1cb054c75d1c405b87dc28a9c6548b252"
"images/gs/demo/IIgs Tour 86.2mg","a2b274582078ecf200ce3b9392df7980d75d786005bbc4ec3c2991b5ba3c34b9","HALFONE","SYSTEM.APPLE","63c1c07794a1ab9e0965f68393001f5fc1fff55fe3b7cc6aa7fb12bf66f35097","2ec2736219293eb985f5da6faa66c76606ea981f4984aba3d1b2131fc6117f2c","9032266069f6a005750adcbcff6c450ac12fe192b8e7ac3d44f9a539df99640c","c7970cfa1e71fac107bc52d78765188371e30c0b3d66339000f73c5b72538763","/Users/chris/Repos/pdisasm/Tools/pascal-results/images/a2b274582078ecf200ce3b9392df7980d75d786005bbc4ec3c2991b5ba3c34b9"
"images/gs/demo/IIgsTour88.po","49b72ddefacebcb61bce884b12ba7d14db4b59f999d7b64eafd664739764b33e","HALFONE","SYSTEM.APPLE","63c1c07794a1ab9e0965f68393001f5fc1fff55fe3b7cc6aa7fb12bf66f35097","2ec2736219293eb985f5da6faa66c76606ea981f4984aba3d1b2131fc6117f2c","9032266069f6a005750adcbcff6c450ac12fe192b8e7ac3d44f9a539df99640c","c7970cfa1e71fac107bc52d78765188371e30c0b3d66339000f73c5b72538763","/Users/chris/Repos/pdisasm/Tools/pascal-results/images/49b72ddefacebcb61bce884b12ba7d14db4b59f999d7b64eafd664739764b33e"
"images/non-english/german/Applework Demo v1.0 (German).DSK","cb9fb890a0f5d65377b893df05a9ebaad9647ec5dd5154987332296421e74f14","AW.V40E","SYSTEM.APPLE","6ab94396865ed6942ced3b61fe998b3d043d921a7566963dee64f74c48fd876e","efe7629a1794860c2db6919e3f0b3f6e9437c94438626e22dd78d9ac523a55eb","","190f9410ae628d485d58a0b0ae1cc761c88233d916afdc9abb54443a80891003","/Users/chris/Repos/pdisasm/Tools/pascal-results/images/cb9fb890a0f5d65377b893df05a9ebaad9647ec5dd5154987332296421e74f14"
"images/non-english/german/AppleWorks - Training Diskette Vol.1 (German).DSK","5bff96d8f576e19cd7b343ee0e183241de5777fc5f3237b4bd8b92eff63e7f34","AW.D1B","SYSTEM.APPLE","49b1bbbd162e00df30a59b10aa591032e16b0fa5fec88512053827339b96383e","1e1f49d81a10939c89b0ceb20f4f619853c83c0c77c85774e991fd1119db6f69","1791d21597ecbe20d24ce19329d4f33bfe79f9eae5cedb1a09af03b61d2bf223","190f9410ae628d485d58a0b0ae1cc761c88233d916afdc9abb54443a80891003","/Users/chris/Repos/pdisasm/Tools/pascal-results/images/5bff96d8f576e19cd7b343ee0e183241de5777fc5f3237b4bd8b92eff63e7f34"
"images/non-english/german/Quickfile II System v1.0 (GERMAN).dsk","485e3a497e9c1e086519b51c2155a9e8a4a321fd84ed2738fda114d784a6015e","QFBOOT","SYSTEM.APPLE","2443c23e7538ebfc0227525e4a80878dfae0b96a8a445cb1c4b4332f433a8ae6","ef890517c1eb403c6029ac1063aac4c197ca4617995f7eaa964f8bcc9e688844","e8a40750287a22ac92236b2aa25f64953a76b2904c06b388ebb9aed716f36e92","190f9410ae628d485d58a0b0ae1cc761c88233d916afdc9abb54443a80891003","/Users/chris/Repos/pdisasm/Tools/pascal-results/images/485e3a497e9c1e086519b51c2155a9e8a4a321fd84ed2738fda114d784a6015e"
"images/non-english/german/Die Appleworks Auswahl v1.0 (German).DSK","45c63240b47bbedad5cde56f479ad59983614c0f9aca779313333a5c197fb5d4","AW.V80C","SYSTEM.APPLE","6ab94396865ed6942ced3b61fe998b3d043d921a7566963dee64f74c48fd876e","efe7629a1794860c2db6919e3f0b3f6e9437c94438626e22dd78d9ac523a55eb","","190f9410ae628d485d58a0b0ae1cc761c88233d916afdc9abb54443a80891003","/Users/chris/Repos/pdisasm/Tools/pascal-results/images/45c63240b47bbedad5cde56f479ad59983614c0f9aca779313333a5c197fb5d4"
"images/non-english/german/Pascal - Dienstprogramme (German).DSK","4dff8ec65aef53d39897a9ed6a5593b03b5fab48fe524016c3a48e60ad07d278","DIENST","SYSTEM.APPLE","2443c23e7538ebfc0227525e4a80878dfae0b96a8a445cb1c4b4332f433a8ae6","ef890517c1eb403c6029ac1063aac4c197ca4617995f7eaa964f8bcc9e688844","97f95edf64cc09cc77817c85f7d2185a89d3fd7f1e4dd4cfc761a3cb7684d2ff","190f9410ae628d485d58a0b0ae1cc761c88233d916afdc9abb54443a80891003","/Users/chris/Repos/pdisasm/Tools/pascal-results/images/4dff8ec65aef53d39897a9ed6a5593b03b5fab48fe524016c3a48e60ad07d278"
"images/non-english/german/Eine Enfuhrung in den Apple II Computer (German-1982).DSK","ee7431ba8930d9cfed70f719de7559459a2d5b92823f7203988fab8e232d5dfe","NO.DEMO","SYSTEM.APPLE","8fb30ba2a7b54d49b55536d13db8252d192f230df14a2f0eba5a8830c9fe1c2e","e44ba3e9ef9840bec2b28407a825d29f9fb3e0cc1c84f137fa0c887489e21af6","bae697b6ec29bd8a4feb9893b8c66c4b94b610dd83ea10b58388aeea46facc71","190f9410ae628d485d58a0b0ae1cc761c88233d916afdc9abb54443a80891003","/Users/chris/Repos/pdisasm/Tools/pascal-results/images/ee7431ba8930d9cfed70f719de7559459a2d5b92823f7203988fab8e232d5dfe"
"images/non-english/german/Bibles - Dokumentationscchema v2.4-1983 (German).DSK","b75e43126be1574eda9436f121616cff1b45351bccbb066ed6f2711b844f8e97","BIBLIS","SYSTEM.APPLE","0ee1176ba6ead2e162926bc951c17cd78df0a1f4090b40a7d815d7abe44526c6","ef890517c1eb403c6029ac1063aac4c197ca4617995f7eaa964f8bcc9e688844","b7e3993ded9d6f381b0e2c465c8b6b7a0a74e251b8ce310717882c43df6c58f6","190f9410ae628d485d58a0b0ae1cc761c88233d916afdc9abb54443a80891003","/Users/chris/Repos/pdisasm/Tools/pascal-results/images/b75e43126be1574eda9436f121616cff1b45351bccbb066ed6f2711b844f8e97"
"images/non-english/german/DMP Charger Version 2.2 - Disk 1 (German).DSK","56fecb1e10d3e72164af1d562353b9ee2be79c66f8162cad7e879cb43c1d10fe","CH128","SYSTEM.APPLE","6ebeb90720fa23f20f23009bc011194f5e1612ee52783b75ce87647b390b0bad","c5b5133699d622de967e40d8ee8f01c14e4a657b524064593e738f4c6d21e6b0","2117073ed7cd34fd264fafedb749cec9b6a70a2bb445d1fa336a79e4a93ac9c1","190f9410ae628d485d58a0b0ae1cc761c88233d916afdc9abb54443a80891003","/Users/chris/Repos/pdisasm/Tools/pascal-results/images/56fecb1e10d3e72164af1d562353b9ee2be79c66f8162cad7e879cb43c1d10fe"
"images/non-english/german/DMP Charger V3.0 Side A (German).DSK","27cbf1edae265fe8b629564671f910b33e062e6842854dbd8177fbecd8f09398","BLANK","SYSTEM.APPLE","63c1c07794a1ab9e0965f68393001f5fc1fff55fe3b7cc6aa7fb12bf66f35097","2ec2736219293eb985f5da6faa66c76606ea981f4984aba3d1b2131fc6117f2c","c6c4baa40c831869ef3046bc5c5adc709a754f09b4492cdc40fd63f0861b8345","048c089e53438cc7066a73065409827ee44a382c798ce3718897716279cfc3dc","/Users/chris/Repos/pdisasm/Tools/pascal-results/images/27cbf1edae265fe8b629564671f910b33e062e6842854dbd8177fbecd8f09398"
"images/non-english/german/AppleWorks - Training Diskette Vol.2 (German).DSK","4dd429dc880f02efefb85722b63dde53455fc86dc4288662bc8c6debe2fd2377","AW.D2B","SYSTEM.APPLE","49b1bbbd162e00df30a59b10aa591032e16b0fa5fec88512053827339b96383e","1e1f49d81a10939c89b0ceb20f4f619853c83c0c77c85774e991fd1119db6f69","2622c44e361223af8c570ba26c2989ac7637612e41aa504361ede7baf2c13840","190f9410ae628d485d58a0b0ae1cc761c88233d916afdc9abb54443a80891003","/Users/chris/Repos/pdisasm/Tools/pascal-results/images/4dd429dc880f02efefb85722b63dde53455fc86dc4288662bc8c6debe2fd2377"
"images/non-english/german/Einfuehrung in die Apple Logo v2.1.dsk","cddb8909fa8319486c27bc489131bd757eb011f7082255bef7e80d289bff9c41","LGRUNGY","SYSTEM.APPLE","8fb30ba2a7b54d49b55536d13db8252d192f230df14a2f0eba5a8830c9fe1c2e","e44ba3e9ef9840bec2b28407a825d29f9fb3e0cc1c84f137fa0c887489e21af6","8d6a3313dca77ea0c4f55c284ca33c09742276601b59de2188715a6b3bc38983","190f9410ae628d485d58a0b0ae1cc761c88233d916afdc9abb54443a80891003","/Users/chris/Repos/pdisasm/Tools/pascal-results/images/cddb8909fa8319486c27bc489131bd757eb011f7082255bef7e80d289bff9c41"
"images/non-english/german/Quick File II Prog German.dsk","582dd209465849ec22f1dc9c9d441a010405fa66c8bca5df21e93059ad953c96","AIISJ","SYSTEM.APPLE","2443c23e7538ebfc0227525e4a80878dfae0b96a8a445cb1c4b4332f433a8ae6","ef890517c1eb403c6029ac1063aac4c197ca4617995f7eaa964f8bcc9e688844","e8a40750287a22ac92236b2aa25f64953a76b2904c06b388ebb9aed716f36e92","190f9410ae628d485d58a0b0ae1cc761c88233d916afdc9abb54443a80891003","/Users/chris/Repos/pdisasm/Tools/pascal-results/images/582dd209465849ec22f1dc9c9d441a010405fa66c8bca5df21e93059ad953c96"
"images/non-english/german/CNC - Graphiksimulator CAP 11.84 (German).DSK","fed88179afd4e16674f6ab83a0f518afc70195faf7ea9266702967a6123a262b","CNC","SYSTEM.APPLE","2443c23e7538ebfc0227525e4a80878dfae0b96a8a445cb1c4b4332f433a8ae6","4412d9a3858af777da0b8f4a352799a11ba230602df39305df345eeac613fdbc","eae3e236d5f5eaef7acf9dc2e0b6530c048ea6e9c2318810ad983a61af174fe9","190f9410ae628d485d58a0b0ae1cc761c88233d916afdc9abb54443a80891003","/Users/chris/Repos/pdisasm/Tools/pascal-results/images/fed88179afd4e16674f6ab83a0f518afc70195faf7ea9266702967a6123a262b"
"images/non-english/italian/apple/APPLE_PRESENTA_APPLE_ITA.dsk","9595d6b4217730f546d9a02cf755d6e3d72a00c47ba703db3ce9b02a8af4f036","NO.DEMO","SYSTEM.APPLE","8fb30ba2a7b54d49b55536d13db8252d192f230df14a2f0eba5a8830c9fe1c2e","e44ba3e9ef9840bec2b28407a825d29f9fb3e0cc1c84f137fa0c887489e21af6","06c189e851a3f8436dcc903884ffb6101f0881da6bc9188319637f67568597de","190f9410ae628d485d58a0b0ae1cc761c88233d916afdc9abb54443a80891003","/Users/chris/Repos/pdisasm/Tools/pascal-results/images/9595d6b4217730f546d9a02cf755d6e3d72a00c47ba703db3ce9b02a8af4f036"
"images/non-english/italian/apple/Apple_in_Ufficio.dsk","e25ea3284e3c02702451c9fb783b81a212b0c79bb8214be681bdc444af5971ff","P.SIM6","SYSTEM.APPLE","49b1bbbd162e00df30a59b10aa591032e16b0fa5fec88512053827339b96383e","1e1f49d81a10939c89b0ceb20f4f619853c83c0c77c85774e991fd1119db6f69","","190f9410ae628d485d58a0b0ae1cc761c88233d916afdc9abb54443a80891003","/Users/chris/Repos/pdisasm/Tools/pascal-results/images/e25ea3284e3c02702451c9fb783b81a212b0c79bb8214be681bdc444af5971ff"
"images/non-english/italian/apple/Sperimentare_il_Logo.dsk","96b0e93400ec9fb603e19fe2218dc9eed4aa0a850512b7616af181d45dba6a65","LOGORUN","SYSTEM.APPLE","8fb30ba2a7b54d49b55536d13db8252d192f230df14a2f0eba5a8830c9fe1c2e","e44ba3e9ef9840bec2b28407a825d29f9fb3e0cc1c84f137fa0c887489e21af6","e30120e53e00db29e04482c8a209a1c6ffd0e9fb27465c854b71761f94aabfcb","190f9410ae628d485d58a0b0ae1cc761c88233d916afdc9abb54443a80891003","/Users/chris/Repos/pdisasm/Tools/pascal-results/images/96b0e93400ec9fb603e19fe2218dc9eed4aa0a850512b7616af181d45dba6a65"
"images/non-english/italian/apple/Una_introduzione.dsk","c923bbe092f6f63fd2e9e82f4eceb33159f8bb99ddbdf930fd3ce7bcb99b4462","INTRO","SYSTEM.APPLE","8fb30ba2a7b54d49b55536d13db8252d192f230df14a2f0eba5a8830c9fe1c2e","e44ba3e9ef9840bec2b28407a825d29f9fb3e0cc1c84f137fa0c887489e21af6","537b890a4a07754f2fcc2d68b21454a32f52ec03bcbc8b1db0254b1a3ce2be66","190f9410ae628d485d58a0b0ae1cc761c88233d916afdc9abb54443a80891003","/Users/chris/Repos/pdisasm/Tools/pascal-results/images/c923bbe092f6f63fd2e9e82f4eceb33159f8bb99ddbdf930fd3ce7bcb99b4462"
"images/non-english/finnish/DSM III - Psykiatrinen Diagnostiikka (Antti Pakaslahti) - FINNISH.DSK","8d12886d54e845b36bfb355b696b676773d2e5d23e854972e2f926f668c56ccb","CD","SYSTEM.APPLE","058dd304e0fb848e530fe15dc6e8289058f4b442271e974d4371b64b18015496","e44ba3e9ef9840bec2b28407a825d29f9fb3e0cc1c84f137fa0c887489e21af6","cafd4a4bbe659fe23a4c20d638427017de8d848b9e76d842b5fdc8e602cfd485","190f9410ae628d485d58a0b0ae1cc761c88233d916afdc9abb54443a80891003","/Users/chris/Repos/pdisasm/Tools/pascal-results/images/8d12886d54e845b36bfb355b696b676773d2e5d23e854972e2f926f668c56ccb"
"images/non-english/french/apple/apple_demonstrationcouleur_1985_s1.dsk","f33565c49be2cbb145d0242cc135fddaa49b1b9e13d7848134b4ec46e5e38994","PGM","SYSTEM.APPLE","6ebeb90720fa23f20f23009bc011194f5e1612ee52783b75ce87647b390b0bad","c5b5133699d622de967e40d8ee8f01c14e4a657b524064593e738f4c6d21e6b0","35fbfc6019f08760e0b31182a74fc163fe0bf774f52b4e68ebde2cf6a1a2bcb4","190f9410ae628d485d58a0b0ae1cc761c88233d916afdc9abb54443a80891003","/Users/chris/Repos/pdisasm/Tools/pascal-results/images/f33565c49be2cbb145d0242cc135fddaa49b1b9e13d7848134b4ec46e5e38994"
"images/non-english/french/misc/ordinateurexpress_janet_disk_b_cracked.dsk","cb21fd8799b8d0791a8ae1fdf77f29af4aa737494bf7f5553d7384f878d2b2be","SPTY","SYSTEM.APPLE","8e13bbd5c166749a14dfca9134475670c5806d39cffd3bf2cc1e8e80111b1618","ef890517c1eb403c6029ac1063aac4c197ca4617995f7eaa964f8bcc9e688844","ba9d6c3dad8266d93d10fd4d40bbf8b7dc4f8598725cc779dac861f7d5dcd5e7","7a377ea9fc4cdf3f0dcfd262ffd0d455297a16d54ae93e17cbc2ab58743ba10f","/Users/chris/Repos/pdisasm/Tools/pascal-results/images/cb21fd8799b8d0791a8ae1fdf77f29af4aa737494bf7f5553d7384f878d2b2be"
"images/non-english/french/misc/ordinateurexpress_tapii_s2_b.dsk","8cb416a6fb12adba929af358dca7a94a143afda1ebc3f104ddb6371f492ef0f4","SPTY","SYSTEM.APPLE","44f1c3e31b9ce6300b0f8701ae75b2e261f6a1e965e69905d84a3e8e51a70ea6","ef890517c1eb403c6029ac1063aac4c197ca4617995f7eaa964f8bcc9e688844","ba9d6c3dad8266d93d10fd4d40bbf8b7dc4f8598725cc779dac861f7d5dcd5e7","7a377ea9fc4cdf3f0dcfd262ffd0d455297a16d54ae93e17cbc2ab58743ba10f","/Users/chris/Repos/pdisasm/Tools/pascal-results/images/8cb416a6fb12adba929af358dca7a94a143afda1ebc3f104ddb6371f492ef0f4"
"images/non-english/french/misc/MACPIXCODE.dsk","81e6c432bd63fa42a77d3d2e7674dfd3fead36879b17488f90cab37b8f8eba78","MACPIX","SYSTEM.APPLE","07d68e0523e2b16d86294e3ceedcdefa7e192edbe51b38ca35efab668659a0ac","91eac82c263e8ac7b30e00332de259b623cf8de6b98ea4b24e8d9ad7ed7100ea","035334c190d9f8b812a65f5f2f3b2bc3b1fefbb315e8843dae5c733b19c8f915","048c089e53438cc7066a73065409827ee44a382c798ce3718897716279cfc3dc","/Users/chris/Repos/pdisasm/Tools/pascal-results/images/81e6c432bd63fa42a77d3d2e7674dfd3fead36879b17488f90cab37b8f8eba78"
"images/non-english/french/misc/ordigrames_basedoc_35.po","07ff5a6bd09000a2a63a4dfe79b341a2aaa12c2cbe2e248b204ea632fd025539","BZDK.VS","SYSTEM.APPLE","2d9d547e62a2b566b2cb2a26f311b321ab1d95a06cf6aaa68d1e9930fdd6b40d","98eb236ebae21950de87485bd83256642a73bb0727aae60d2cbbaf97165c6e15","be33f82320efef161bb9bfa2f452fa531a7932d53ce1fc4079ce95bacaf8cffb","c7970cfa1e71fac107bc52d78765188371e30c0b3d66339000f73c5b72538763","/Users/chris/Repos/pdisasm/Tools/pascal-results/images/07ff5a6bd09000a2a63a4dfe79b341a2aaa12c2cbe2e248b204ea632fd025539"
"images/non-english/french/saari/saari_comptabilitesaari_v9_80col_d2_programme2.dsk","bdd05308dfa15a27ddd2f10b610c9909e1393b99798cdb59d75780d2c3ad0c7c","PROG2","SYSTEM.APPLE","2443c23e7538ebfc0227525e4a80878dfae0b96a8a445cb1c4b4332f433a8ae6","ef890517c1eb403c6029ac1063aac4c197ca4617995f7eaa964f8bcc9e688844","0ac6262feb7b1f915e074cba0db28c8b09766853124ffa876cf697040c205a6e","190f9410ae628d485d58a0b0ae1cc761c88233d916afdc9abb54443a80891003","/Users/chris/Repos/pdisasm/Tools/pascal-results/images/bdd05308dfa15a27ddd2f10b610c9909e1393b99798cdb59d75780d2c3ad0c7c"
"images/non-english/french/saari/saari_comptabilitesaari_v9_80col_vierge1_programme1.dsk","1e7aa9418036743d48e0dcfef6bfcc209f2b96634d6574b00a9ff83e8113fd40","PROGS1","SYSTEM.APPLE","2443c23e7538ebfc0227525e4a80878dfae0b96a8a445cb1c4b4332f433a8ae6","ef890517c1eb403c6029ac1063aac4c197ca4617995f7eaa964f8bcc9e688844","0ac6262feb7b1f915e074cba0db28c8b09766853124ffa876cf697040c205a6e","190f9410ae628d485d58a0b0ae1cc761c88233d916afdc9abb54443a80891003","/Users/chris/Repos/pdisasm/Tools/pascal-results/images/1e7aa9418036743d48e0dcfef6bfcc209f2b96634d6574b00a9ff83e8113fd40"
"images/non-english/french/saari/saari_comptabilitesaari_v9_80col_vierge2_programme2.dsk","e9c8cc0ee6e9f46d1685ce715b3d13c494abf9891036e5924c6cbf85a7f3e28b","PROGS2","SYSTEM.APPLE","2443c23e7538ebfc0227525e4a80878dfae0b96a8a445cb1c4b4332f433a8ae6","ef890517c1eb403c6029ac1063aac4c197ca4617995f7eaa964f8bcc9e688844","0ac6262feb7b1f915e074cba0db28c8b09766853124ffa876cf697040c205a6e","190f9410ae628d485d58a0b0ae1cc761c88233d916afdc9abb54443a80891003","/Users/chris/Repos/pdisasm/Tools/pascal-results/images/e9c8cc0ee6e9f46d1685ce715b3d13c494abf9891036e5924c6cbf85a7f3e28b"
"images/non-english/french/saari/saari_comptabilitegenerale_v3_d2.dsk","7bda885da0172e097d2a02f8aa2747f18d251fe0b3024164ade8206c51947a5f","P","SYSTEM.APPLE","974c1e5716e7e1c71215d54531a881e07268104f1e63c94648da54cd1e506672","6d94a0a72343c9147899422717669766597a35ebaf1638dc48901bf1f9b97373","3ad9b564cc31a417bb7ba4c40dbd87a97716ae21f4d0e1fdaa2d695f76990f1a","190f9410ae628d485d58a0b0ae1cc761c88233d916afdc9abb54443a80891003","/Users/chris/Repos/pdisasm/Tools/pascal-results/images/7bda885da0172e097d2a02f8aa2747f18d251fe0b3024164ade8206c51947a5f"
"images/non-english/french/saari/saari_comptabilitesaari_v9_80col_d1_programme1.dsk","b33fc5c8b378776e8b0386d899c0cbab372985389373954a3e08cb0627bd2132","PROG1","SYSTEM.APPLE","2443c23e7538ebfc0227525e4a80878dfae0b96a8a445cb1c4b4332f433a8ae6","ef890517c1eb403c6029ac1063aac4c197ca4617995f7eaa964f8bcc9e688844","0ac6262feb7b1f915e074cba0db28c8b09766853124ffa876cf697040c205a6e","190f9410ae628d485d58a0b0ae1cc761c88233d916afdc9abb54443a80891003","/Users/chris/Repos/pdisasm/Tools/pascal-results/images/b33fc5c8b378776e8b0386d899c0cbab372985389373954a3e08cb0627bd2132"
"images/non-english/french/saari/saari_comptabilitegenerale_v3_d1.dsk","c21d788dfad45133fde2cefcc6436490ac4d807dcde9de413a775b1bc193f812","PROGS","SYSTEM.APPLE","2443c23e7538ebfc0227525e4a80878dfae0b96a8a445cb1c4b4332f433a8ae6","ef890517c1eb403c6029ac1063aac4c197ca4617995f7eaa964f8bcc9e688844","880458f1ea593d42dbd667a20a5b01990925fd2c084a312dc47a277c1279695e","190f9410ae628d485d58a0b0ae1cc761c88233d916afdc9abb54443a80891003","/Users/chris/Repos/pdisasm/Tools/pascal-results/images/c21d788dfad45133fde2cefcc6436490ac4d807dcde9de413a775b1bc193f812"
"images/non-english/spanish/Explorando Apple Logo (1984-Apple Computer)(Spanish).dsk","ea8dc90ab15cd1dd85108fe7c6304b0c506d9c09298d9bfb14f174659c480537","BLANCO5","SYSTEM.APPLE","8fb30ba2a7b54d49b55536d13db8252d192f230df14a2f0eba5a8830c9fe1c2e","e44ba3e9ef9840bec2b28407a825d29f9fb3e0cc1c84f137fa0c887489e21af6","53534a6f9b4374c5b562658758b4795329b39335207c74c60ecd659656d53c38","190f9410ae628d485d58a0b0ae1cc761c88233d916afdc9abb54443a80891003","/Users/chris/Repos/pdisasm/Tools/pascal-results/images/ea8dc90ab15cd1dd85108fe7c6304b0c506d9c09298d9bfb14f174659c480537"
"images/non-english/spanish/Una Introduccion (1984-Apple Computer)(Spanish).dsk","d0aa2f076103451a85f907c4d0b8f1a6946e1fdeb9a708ec3f0d3f8b88f1d8a8","KBDRUN","SYSTEM.APPLE","8fb30ba2a7b54d49b55536d13db8252d192f230df14a2f0eba5a8830c9fe1c2e","e44ba3e9ef9840bec2b28407a825d29f9fb3e0cc1c84f137fa0c887489e21af6","de1510252e62ead0baceb21673d61e3a28e855ddf05c91453c4d4839aa1eba7e","190f9410ae628d485d58a0b0ae1cc761c88233d916afdc9abb54443a80891003","/Users/chris/Repos/pdisasm/Tools/pascal-results/images/d0aa2f076103451a85f907c4d0b8f1a6946e1fdeb9a708ec3f0d3f8b88f1d8a8"
"images/disk_utils/universal_file_converter.dsk","3ad63eb1e2681a539d5be79cd8c7f1b3dee94bf30dffda772603cb408c78b415","UFC","SYSTEM.APPLE","49b1bbbd162e00df30a59b10aa591032e16b0fa5fec88512053827339b96383e","1e1f49d81a10939c89b0ceb20f4f619853c83c0c77c85774e991fd1119db6f69","85a4cd902d1cb48ee224d4741cb67eaa1280971bde9150a1edb7797142db7e47","190f9410ae628d485d58a0b0ae1cc761c88233d916afdc9abb54443a80891003","/Users/chris/Repos/pdisasm/Tools/pascal-results/images/3ad63eb1e2681a539d5be79cd8c7f1b3dee94bf30dffda772603cb408c78b415"
"images/disk_utils/cracking/the_saltine/EMG v1.01 1.dsk","6fe63dca7151b639157c2dfd15fa6d76923a6d9e572156e9d3b373f5c90b0a3b","EMG","SYSTEM.APPLE","6ebeb90720fa23f20f23009bc011194f5e1612ee52783b75ce87647b390b0bad","c5b5133699d622de967e40d8ee8f01c14e4a657b524064593e738f4c6d21e6b0","f4daaf23f0101710c403fe64a7c851b5cf91e33619e15733f052413bce282bd9","190f9410ae628d485d58a0b0ae1cc761c88233d916afdc9abb54443a80891003","/Users/chris/Repos/pdisasm/Tools/pascal-results/images/6fe63dca7151b639157c2dfd15fa6d76923a6d9e572156e9d3b373f5c90b0a3b"
"images/disk_utils/cracking/the_saltine/Pascal A1.dsk","20454ade2bab224deef05b828326e77344785de9726662f440736adcde414685","APPLE1","SYSTEM.APPLE","2443c23e7538ebfc0227525e4a80878dfae0b96a8a445cb1c4b4332f433a8ae6","ef890517c1eb403c6029ac1063aac4c197ca4617995f7eaa964f8bcc9e688844","e3996bf923db8a596935df7856da745b24f8afedd8a773d4034a9e796a2446cc","190f9410ae628d485d58a0b0ae1cc761c88233d916afdc9abb54443a80891003","/Users/chris/Repos/pdisasm/Tools/pascal-results/images/20454ade2bab224deef05b828326e77344785de9726662f440736adcde414685"
"images/disk_utils/UNIVERSAL.FILE.CONVERT.po","cb8a9d08c481a01e137633497c17f5de4a425f25f607115eea69310a4cf0cda5","UFC","SYSTEM.APPLE","49b1bbbd162e00df30a59b10aa591032e16b0fa5fec88512053827339b96383e","1e1f49d81a10939c89b0ceb20f4f619853c83c0c77c85774e991fd1119db6f69","85a4cd902d1cb48ee224d4741cb67eaa1280971bde9150a1edb7797142db7e47","190f9410ae628d485d58a0b0ae1cc761c88233d916afdc9abb54443a80891003","/Users/chris/Repos/pdisasm/Tools/pascal-results/images/cb8a9d08c481a01e137633497c17f5de4a425f25f607115eea69310a4cf0cda5"
"images/disk_utils/Profile Limited Data Recovery.dsk","12fbbdc0c9395b09a9ac201be3395af2e6642547350a9b1e71955ce59aac10f0","RECOVER","SYSTEM.APPLE","6701bcee4840864e6306d744c12fa3c6d47413321eebbe15cbe1bab3d23118e9","fb5421152940287c0c0c49d4c5b9b50074d7f33722b5c8c5d1a44acc2d537657","85a4cd902d1cb48ee224d4741cb67eaa1280971bde9150a1edb7797142db7e47","048c089e53438cc7066a73065409827ee44a382c798ce3718897716279cfc3dc","/Users/chris/Repos/pdisasm/Tools/pascal-results/images/12fbbdc0c9395b09a9ac201be3395af2e6642547350a9b1e71955ce59aac10f0"
"images/disk_utils/UNIVERSA.DSK","ec878393287f940d01d9e054d79f532e36e59b0990fd0851b107b34894279af0","UFC","SYSTEM.APPLE","49b1bbbd162e00df30a59b10aa591032e16b0fa5fec88512053827339b96383e","1e1f49d81a10939c89b0ceb20f4f619853c83c0c77c85774e991fd1119db6f69","85a4cd902d1cb48ee224d4741cb67eaa1280971bde9150a1edb7797142db7e47","190f9410ae628d485d58a0b0ae1cc761c88233d916afdc9abb54443a80891003","/Users/chris/Repos/pdisasm/Tools/pascal-results/images/ec878393287f940d01d9e054d79f532e36e59b0990fd0851b107b34894279af0"
"images/educational/Bird's Eye View (Hartley Courseware) (san inc crack).DSK","74455b53d03129de8fdad253ec8856da3ab87187956c35d84b55e7bcd26f9f98","GBIVIEW","SYSTEM.APPLE","e8a84f243578f2ab42c72b5afb5d35b628209fa72ea9877ce8724dde4663f2d7","02f0576644c3c2d30ef8671fc8fba306a8123a3661e896eaac5393bc5a7c8a14","c0574a971c5a0d6085c4ea439b1c6a0ff8c95bee7f8e85475d93f5cf8434ed47","190f9410ae628d485d58a0b0ae1cc761c88233d916afdc9abb54443a80891003","/Users/chris/Repos/pdisasm/Tools/pascal-results/images/74455b53d03129de8fdad253ec8856da3ab87187956c35d84b55e7bcd26f9f98"
"images/educational/Alaska (4am crack) disk 8 - New People - Russian America 1781-1819.dsk","bd3c1aac3e9119cf65dc8cc443edbd0da6111704b74cdfa1fcf29090222cb76b","LESSONS","RT0006.APPLE","94eb6d37113cf3b9a8e2fa93aadafa08bac16fdcc578138fd9ace5848fd45a73","6dc9c38c6d99a5ea509b6d977b9729648e17bebf810eb9ef79bee1fcc07e7d01","6e03d304fe44a9492d92bf1fced61bde6f000f10a851f9a9d06dde11048de69c","72cd81575a7dfd00093d4636232f662ac486851600c5ffc0b029de7a0d613b06","/Users/chris/Repos/pdisasm/Tools/pascal-results/images/bd3c1aac3e9119cf65dc8cc443edbd0da6111704b74cdfa1fcf29090222cb76b"
"images/educational/Writing Skills volume 2 (4am crack) disk 1.dsk","e5627709ac0a7f266a8808535c20a3e5b0a8ed7cbaedf2404e29e98434d891d2","WS","SYSTEM.APPLE","47ffb6efa0d0047b8f37b5cb814eca7772af2ddec3e6e6522332992ef4aec70b","ef890517c1eb403c6029ac1063aac4c197ca4617995f7eaa964f8bcc9e688844","849fd458c412a5a8d64b50b33482f92ebade2106505ba1938c10f3c18659dc02","c0a8816dc817ceef784b8672328d621e5220e875edd899df4e1fdac500aa847a","/Users/chris/Repos/pdisasm/Tools/pascal-results/images/e5627709ac0a7f266a8808535c20a3e5b0a8ed7cbaedf2404e29e98434d891d2"
"images/educational/Writing Skills volume 5 (4am crack) disk 1.dsk","d8487e2cd4c9e014610fd39cb98b755b1033f168daced2e5b48ac4906450e758","WS","SYSTEM.APPLE","47ffb6efa0d0047b8f37b5cb814eca7772af2ddec3e6e6522332992ef4aec70b","ef890517c1eb403c6029ac1063aac4c197ca4617995f7eaa964f8bcc9e688844","849fd458c412a5a8d64b50b33482f92ebade2106505ba1938c10f3c18659dc02","a3b34e02c87e7aa3f03961efdb95039b40254516eed8fcd3ddf78dbdd3724abf","/Users/chris/Repos/pdisasm/Tools/pascal-results/images/d8487e2cd4c9e014610fd39cb98b755b1033f168daced2e5b48ac4906450e758"
"images/educational/Game Frame One (4am crack) Shafts and Stairs.dsk","179b94ab06ec145e3b9bc841cac98670e9782199ff85c1a9b4af11273f49647e","GAME","SYSTEM.APPLE","49b1bbbd162e00df30a59b10aa591032e16b0fa5fec88512053827339b96383e","1e1f49d81a10939c89b0ceb20f4f619853c83c0c77c85774e991fd1119db6f69","85a4cd902d1cb48ee224d4741cb67eaa1280971bde9150a1edb7797142db7e47","190f9410ae628d485d58a0b0ae1cc761c88233d916afdc9abb54443a80891003","/Users/chris/Repos/pdisasm/Tools/pascal-results/images/179b94ab06ec145e3b9bc841cac98670e9782199ff85c1a9b4af11273f49647e"
"images/educational/Flight 2 - Central Thought - Venus X.dsk","5e45fb806534bc3e1f618db63eda27e9339bf54b6f5eaaef7d67870685181c71","R200","SYSTEM.APPLE","581a5c924979aed84c65add4a4400d11e312f6b7327b23d7358d497e8b687176","3189798e4f598903441f35941277fa9d412ea0cba298e662923f8e2e50003f29","de0408d04f9eddd2414bcfbc6999326babff33687debaaf42903848d87404bbc","660b8947654a522a41aaa920ac430fdff7cdfad2fabf22fa455cf2941ffa9ee4","/Users/chris/Repos/pdisasm/Tools/pascal-results/images/5e45fb806534bc3e1f618db63eda27e9339bf54b6f5eaaef7d67870685181c71"
"images/educational/Cloze Encounters in Spanish (1988-Lingo Fun).dsk","fa39156e182996219bdd7f1f1cef4508cb50e619538d4036954d85e26c6c1e61","CLOZ146","SYSTEM.APPLE","7ce54508b9f1564c47d1db921b530c9702c6e91cee177ccbf89bc40f88a1bd5f","02f0576644c3c2d30ef8671fc8fba306a8123a3661e896eaac5393bc5a7c8a14","780923bf8b892591c6d74db20875ce51bd60e805f9833d194837605721542473","190f9410ae628d485d58a0b0ae1cc761c88233d916afdc9abb54443a80891003","/Users/chris/Repos/pdisasm/Tools/pascal-results/images/fa39156e182996219bdd7f1f1cef4508cb50e619538d4036954d85e26c6c1e61"
"images/educational/The 49ers (Entrex Software) side A.dsk","6a1047ffb787ab4e60c7cd86ece56c3f06098b1ed47e7cda84576d13d03947db","49MAST","SYSTEM.APPLE","85715262ddb99cdf441c8c4b020aa2511744c508b7132a565c123ecaaf5c600c","02f0576644c3c2d30ef8671fc8fba306a8123a3661e896eaac5393bc5a7c8a14","b0ae1e20f8aecebc640d3259720b01ef28fea953cbc9acf2f4e1cc066f13421c","190f9410ae628d485d58a0b0ae1cc761c88233d916afdc9abb54443a80891003","/Users/chris/Repos/pdisasm/Tools/pascal-results/images/6a1047ffb787ab4e60c7cd86ece56c3f06098b1ed47e7cda84576d13d03947db"
"images/educational/Grammar Gremlins 800K (4am crack) work disk.dsk","c94df43136018c6d39bd21c3935d0cd643a4746681385884be3032be4e2bacd4","GGWORK","SYSTEM.APPLE","2d9d547e62a2b566b2cb2a26f311b321ab1d95a06cf6aaa68d1e9930fdd6b40d","98eb236ebae21950de87485bd83256642a73bb0727aae60d2cbbaf97165c6e15","1f4ab0662f085269e76c315b2cd1ddea6fba56b84da34249f0eed97af3ffc7f6","048c089e53438cc7066a73065409827ee44a382c798ce3718897716279cfc3dc","/Users/chris/Repos/pdisasm/Tools/pascal-results/images/c94df43136018c6d39bd21c3935d0cd643a4746681385884be3032be4e2bacd4"
"images/educational/Comprehension (Prescription Learning) (4am crack) disk 8.dsk","3e757388898a5b951a35073ee2cf5f38bcd4d2960541df525f56e1fcbf1e61bc","BLANK","SYSTEM.APPLE","2443c23e7538ebfc0227525e4a80878dfae0b96a8a445cb1c4b4332f433a8ae6","ef890517c1eb403c6029ac1063aac4c197ca4617995f7eaa964f8bcc9e688844","1e5b7ec8369f6abe0d13a1b64e376e26f1cc94647f159f04bf9a85937bfcba4d","190f9410ae628d485d58a0b0ae1cc761c88233d916afdc9abb54443a80891003","/Users/chris/Repos/pdisasm/Tools/pascal-results/images/3e757388898a5b951a35073ee2cf5f38bcd4d2960541df525f56e1fcbf1e61bc"
"images/educational/Game Frame One (4am crack) Smileage.dsk","8f58c3bf153dc9111ce6b68059faa29546429ba26e583d34b58a4afd7f91dbba","GAME","SYSTEM.APPLE","49b1bbbd162e00df30a59b10aa591032e16b0fa5fec88512053827339b96383e","1e1f49d81a10939c89b0ceb20f4f619853c83c0c77c85774e991fd1119db6f69","85a4cd902d1cb48ee224d4741cb67eaa1280971bde9150a1edb7797142db7e47","190f9410ae628d485d58a0b0ae1cc761c88233d916afdc9abb54443a80891003","/Users/chris/Repos/pdisasm/Tools/pascal-results/images/8f58c3bf153dc9111ce6b68059faa29546429ba26e583d34b58a4afd7f91dbba"
"images/educational/Alaska (4am crack) disk 6 - First People - Alaska's Natives questions.dsk","fc40383d4655956b762db0567552ec8992e3430d94c8cd761d15ff0a1d7452f4","ASKERS","RT0006.APPLE","94eb6d37113cf3b9a8e2fa93aadafa08bac16fdcc578138fd9ace5848fd45a73","6dc9c38c6d99a5ea509b6d977b9729648e17bebf810eb9ef79bee1fcc07e7d01","6e03d304fe44a9492d92bf1fced61bde6f000f10a851f9a9d06dde11048de69c","72cd81575a7dfd00093d4636232f662ac486851600c5ffc0b029de7a0d613b06","/Users/chris/Repos/pdisasm/Tools/pascal-results/images/fc40383d4655956b762db0567552ec8992e3430d94c8cd761d15ff0a1d7452f4"
"images/educational/Addition (Prescription Learning) (4am crack) disk 8.dsk","7b1cf3cd269f5d3341996e211dffdb6706a3d62247ff789fe192d0b375a607c7","CLASMTH","SYSTEM.APPLE","2443c23e7538ebfc0227525e4a80878dfae0b96a8a445cb1c4b4332f433a8ae6","ef890517c1eb403c6029ac1063aac4c197ca4617995f7eaa964f8bcc9e688844","d1879dacf33d8a31dd2c6746e1b10f727a1964016d6853198ab7ab5bf77b72ed","190f9410ae628d485d58a0b0ae1cc761c88233d916afdc9abb54443a80891003","/Users/chris/Repos/pdisasm/Tools/pascal-results/images/7b1cf3cd269f5d3341996e211dffdb6706a3d62247ff789fe192d0b375a607c7"
"images/educational/Subtraction (Prescription Learning) (4am crack) disk 7.dsk","ca5ce80d1fe2770d4b3aca65a57928d2516a34d52b554e8978fbdfc427d71bf2","CLASMTH","SYSTEM.APPLE","7ce54508b9f1564c47d1db921b530c9702c6e91cee177ccbf89bc40f88a1bd5f","02f0576644c3c2d30ef8671fc8fba306a8123a3661e896eaac5393bc5a7c8a14","8c07c18fe5803ebde4878e8bf511ce3c8969f353498a1007331fe9e322ad5cef","190f9410ae628d485d58a0b0ae1cc761c88233d916afdc9abb54443a80891003","/Users/chris/Repos/pdisasm/Tools/pascal-results/images/ca5ce80d1fe2770d4b3aca65a57928d2516a34d52b554e8978fbdfc427d71bf2"
"images/educational/Subtraction (Prescription Learning) (4am crack) disk 6.dsk","50a301a5c88cc3fbe442152faeb7881592db3d4e5601fb0eb281f5e7780cbcd1","CLASMTH","SYSTEM.APPLE","7ce54508b9f1564c47d1db921b530c9702c6e91cee177ccbf89bc40f88a1bd5f","02f0576644c3c2d30ef8671fc8fba306a8123a3661e896eaac5393bc5a7c8a14","8c07c18fe5803ebde4878e8bf511ce3c8969f353498a1007331fe9e322ad5cef","190f9410ae628d485d58a0b0ae1cc761c88233d916afdc9abb54443a80891003","/Users/chris/Repos/pdisasm/Tools/pascal-results/images/50a301a5c88cc3fbe442152faeb7881592db3d4e5601fb0eb281f5e7780cbcd1"
"images/educational/Flight 2 - Paraphrase - Jupiter-X.dsk","6ff881f94fa9e51828e9fe906f4bc1ecb6183afc018bf63514adb56ee4e689ef","R200","SYSTEM.APPLE","581a5c924979aed84c65add4a4400d11e312f6b7327b23d7358d497e8b687176","3189798e4f598903441f35941277fa9d412ea0cba298e662923f8e2e50003f29","5dc4f07646efeff7432aea6401233007de893d8e5fabb2279997675fb5df8770","660b8947654a522a41aaa920ac430fdff7cdfad2fabf22fa455cf2941ffa9ee4","/Users/chris/Repos/pdisasm/Tools/pascal-results/images/6ff881f94fa9e51828e9fe906f4bc1ecb6183afc018bf63514adb56ee4e689ef"
"images/educational/Alaska (4am crack) disk 9 - New People - Russian America 1820-1867.dsk","4aaaf487ab88fda35411663364e7d5a66f0f887eac7c610d430df0aedb7763ff","LESSONS","RT0006.APPLE","94eb6d37113cf3b9a8e2fa93aadafa08bac16fdcc578138fd9ace5848fd45a73","6dc9c38c6d99a5ea509b6d977b9729648e17bebf810eb9ef79bee1fcc07e7d01","6e03d304fe44a9492d92bf1fced61bde6f000f10a851f9a9d06dde11048de69c","72cd81575a7dfd00093d4636232f662ac486851600c5ffc0b029de7a0d613b06","/Users/chris/Repos/pdisasm/Tools/pascal-results/images/4aaaf487ab88fda35411663364e7d5a66f0f887eac7c610d430df0aedb7763ff"
"images/educational/Alaska (4am crack) disk 1 - The Great Land.dsk","af5c8fe8e9f6e63b284cadc8f9d535bf1240ff8e92cd40bacc286afc56776361","LESSONS","RT0006.APPLE","f6b364dbeaba0f57337c2d655e0641a6a80f89fdad62371aa9b1deab28c58276","6dc9c38c6d99a5ea509b6d977b9729648e17bebf810eb9ef79bee1fcc07e7d01","6e03d304fe44a9492d92bf1fced61bde6f000f10a851f9a9d06dde11048de69c","72cd81575a7dfd00093d4636232f662ac486851600c5ffc0b029de7a0d613b06","/Users/chris/Repos/pdisasm/Tools/pascal-results/images/af5c8fe8e9f6e63b284cadc8f9d535bf1240ff8e92cd40bacc286afc56776361"
"images/educational/Flight 2 - Sequence - Mars.dsk","140e505ace5ed074bdb7a446936fcedd36e94c30c44b1e690ef4f4b94f3e174f","R200","SYSTEM.APPLE","581a5c924979aed84c65add4a4400d11e312f6b7327b23d7358d497e8b687176","3189798e4f598903441f35941277fa9d412ea0cba298e662923f8e2e50003f29","6f83ff6c4bf19279053622b92766b887233926cdaf38a1dd0ef1d6cc6edca625","660b8947654a522a41aaa920ac430fdff7cdfad2fabf22fa455cf2941ffa9ee4","/Users/chris/Repos/pdisasm/Tools/pascal-results/images/140e505ace5ed074bdb7a446936fcedd36e94c30c44b1e690ef4f4b94f3e174f"
"images/educational/classroom_management/KeyMath Assist (1988-American Guidance Service)(8-bit).2mg","4c53bdb5e87946a053dc03d43c9f96774a7fc757aead705f13ce271c025b810f","KM","SYSTEM.APPLE","2d9d547e62a2b566b2cb2a26f311b321ab1d95a06cf6aaa68d1e9930fdd6b40d","98eb236ebae21950de87485bd83256642a73bb0727aae60d2cbbaf97165c6e15","fe202648655743f2a1d41fc1e837ef4d5f458f157bb2387d69ede588090b9962","c7970cfa1e71fac107bc52d78765188371e30c0b3d66339000f73c5b72538763","/Users/chris/Repos/pdisasm/Tools/pascal-results/images/4c53bdb5e87946a053dc03d43c9f96774a7fc757aead705f13ce271c025b810f"
"images/educational/classroom_management/Grade Book.dsk","5e425199117cb9bdf01fd5383484244a4f3a35f70f9c988efb77fe88b83a38fd","GRDBOOK","SYSTEM.APPLE","2443c23e7538ebfc0227525e4a80878dfae0b96a8a445cb1c4b4332f433a8ae6","ef890517c1eb403c6029ac1063aac4c197ca4617995f7eaa964f8bcc9e688844","d65255ad8c21838723640b41a103d8f0e43d8f0ad33a1983be6b6e09d6a085a9","190f9410ae628d485d58a0b0ae1cc761c88233d916afdc9abb54443a80891003","/Users/chris/Repos/pdisasm/Tools/pascal-results/images/5e425199117cb9bdf01fd5383484244a4f3a35f70f9c988efb77fe88b83a38fd"
"images/educational/classroom_management/Gradebook Deluxe v3.5d side B.dsk","0c72da3b7a4638f7703771baf946eed66b4e2813478a3e89f4e4f4fec8473a59","GBK64","SYSTEM.APPLE","9c59d1fc7c8da457196302a01703fda36e96c4c458f1237b2f3df210c7a95202","3189798e4f598903441f35941277fa9d412ea0cba298e662923f8e2e50003f29","8ab6b462ad565b530bd132acd4189e9c12db8f5824fac395c0d9e36aa0eac9c6","190f9410ae628d485d58a0b0ae1cc761c88233d916afdc9abb54443a80891003","/Users/chris/Repos/pdisasm/Tools/pascal-results/images/0c72da3b7a4638f7703771baf946eed66b4e2813478a3e89f4e4f4fec8473a59"
"images/educational/Addition and Subtraction (4am crack) work disk.dsk","e74a68969bf1502f4e073af42469f9d7ed55dae9ef4f732d3c8bb1bad66fbcc9","AS1WORK","SYSTEM.APPLE","2d9d547e62a2b566b2cb2a26f311b321ab1d95a06cf6aaa68d1e9930fdd6b40d","98eb236ebae21950de87485bd83256642a73bb0727aae60d2cbbaf97165c6e15","1f4ab0662f085269e76c315b2cd1ddea6fba56b84da34249f0eed97af3ffc7f6","048c089e53438cc7066a73065409827ee44a382c798ce3718897716279cfc3dc","/Users/chris/Repos/pdisasm/Tools/pascal-results/images/e74a68969bf1502f4e073af42469f9d7ed55dae9ef4f732d3c8bb1bad66fbcc9"
"images/educational/Subtraction (Prescription Learning) (4am crack) disk 4.dsk","a6ceabdede2a85e22d801d32c4d84f8b0284f6aa28436235eb4bba3304f2d756","CLASMTH","SYSTEM.APPLE","7ce54508b9f1564c47d1db921b530c9702c6e91cee177ccbf89bc40f88a1bd5f","02f0576644c3c2d30ef8671fc8fba306a8123a3661e896eaac5393bc5a7c8a14","8c07c18fe5803ebde4878e8bf511ce3c8969f353498a1007331fe9e322ad5cef","190f9410ae628d485d58a0b0ae1cc761c88233d916afdc9abb54443a80891003","/Users/chris/Repos/pdisasm/Tools/pascal-results/images/a6ceabdede2a85e22d801d32c4d84f8b0284f6aa28436235eb4bba3304f2d756"
"images/educational/Subtraction (Prescription Learning) (4am crack) disk 5.dsk","23bc97b20213c8db61beb4b35d4a99f1943397644e59d860227c5c7525df20e2","CLASMTH","SYSTEM.APPLE","7ce54508b9f1564c47d1db921b530c9702c6e91cee177ccbf89bc40f88a1bd5f","02f0576644c3c2d30ef8671fc8fba306a8123a3661e896eaac5393bc5a7c8a14","8c07c18fe5803ebde4878e8bf511ce3c8969f353498a1007331fe9e322ad5cef","190f9410ae628d485d58a0b0ae1cc761c88233d916afdc9abb54443a80891003","/Users/chris/Repos/pdisasm/Tools/pascal-results/images/23bc97b20213c8db61beb4b35d4a99f1943397644e59d860227c5c7525df20e2"
"images/educational/WonderQuest (4am crack).dsk","789a715f6144af955c7cbc2ac1eb3115c6b027ee0430364e1b4279bf74461108","BLANK","SYSTEM.APPLE","49b1bbbd162e00df30a59b10aa591032e16b0fa5fec88512053827339b96383e","1e1f49d81a10939c89b0ceb20f4f619853c83c0c77c85774e991fd1119db6f69","7c440237dcb8048ef1f9937be2391607606648d9f5d38b34d2b4f30519591aa0","a1698801721813bf01c0b4e73a85ab45a73184802cb5ff585b065d3beb28e08b","/Users/chris/Repos/pdisasm/Tools/pascal-results/images/789a715f6144af955c7cbc2ac1eb3115c6b027ee0430364e1b4279bf74461108"
"images/educational/Game Frame Two (4am crack) Satellite Rescue.dsk","bd3671e0f4270a01574f1a0720538050eb9234c4f2520c718c0b83273b6eeaa5","GAME","SYSTEM.APPLE","49b1bbbd162e00df30a59b10aa591032e16b0fa5fec88512053827339b96383e","1e1f49d81a10939c89b0ceb20f4f619853c83c0c77c85774e991fd1119db6f69","85a4cd902d1cb48ee224d4741cb67eaa1280971bde9150a1edb7797142db7e47","190f9410ae628d485d58a0b0ae1cc761c88233d916afdc9abb54443a80891003","/Users/chris/Repos/pdisasm/Tools/pascal-results/images/bd3671e0f4270a01574f1a0720538050eb9234c4f2520c718c0b83273b6eeaa5"
"images/educational/Writing Skills volume 4 (4am crack) disk 1.dsk","f48fe7964a4afdab05869848611bb33180c3151fc21dc344e9b54aafa3a20ebd","WS","SYSTEM.APPLE","47ffb6efa0d0047b8f37b5cb814eca7772af2ddec3e6e6522332992ef4aec70b","ef890517c1eb403c6029ac1063aac4c197ca4617995f7eaa964f8bcc9e688844","849fd458c412a5a8d64b50b33482f92ebade2106505ba1938c10f3c18659dc02","a42caf8b1028d7861861d11c0ba7d0964118a033d242cb6febaa1c39ac6563cd","/Users/chris/Repos/pdisasm/Tools/pascal-results/images/f48fe7964a4afdab05869848611bb33180c3151fc21dc344e9b54aafa3a20ebd"
"images/educational/Subtraction (Prescription Learning) (4am crack) disk 1.dsk","6be11b397d39a8e2d1ac920edb7fa927209f904545e1568dc1593dd864e26c9a","CLASMTH","SYSTEM.APPLE","7ce54508b9f1564c47d1db921b530c9702c6e91cee177ccbf89bc40f88a1bd5f","02f0576644c3c2d30ef8671fc8fba306a8123a3661e896eaac5393bc5a7c8a14","8c07c18fe5803ebde4878e8bf511ce3c8969f353498a1007331fe9e322ad5cef","190f9410ae628d485d58a0b0ae1cc761c88233d916afdc9abb54443a80891003","/Users/chris/Repos/pdisasm/Tools/pascal-results/images/6be11b397d39a8e2d1ac920edb7fa927209f904545e1568dc1593dd864e26c9a"
"images/educational/The Secrets of Science Island (4am crack) side A.dsk","ff2d819c4929628d32b85f99a759d6a39443e0f15833d7eabe5cec255c66cb46","DEMO","SYSTEM.APPLE","49b1bbbd162e00df30a59b10aa591032e16b0fa5fec88512053827339b96383e","1e1f49d81a10939c89b0ceb20f4f619853c83c0c77c85774e991fd1119db6f69","bc219ee784bbabe3f60f8729c7e1cbb2370c50cbd9871e10761646eb9afe8fe6","52fe3795d649e68033fc269fcb1ec312c562a5641571bd53bac22845c1cdab6c","/Users/chris/Repos/pdisasm/Tools/pascal-results/images/ff2d819c4929628d32b85f99a759d6a39443e0f15833d7eabe5cec255c66cb46"
"images/educational/A Way To Learn With Waggs (8-bit).2mg","47083b423cba142eecf93bcab09d7acd33010c8044aa82faec853015dff5f84c","WAGGS","SYSTEM.APPLE","2d9d547e62a2b566b2cb2a26f311b321ab1d95a06cf6aaa68d1e9930fdd6b40d","98eb236ebae21950de87485bd83256642a73bb0727aae60d2cbbaf97165c6e15","9b55ce0b85e4664e43da50c86a18e7dc5fc443c2d83d9d7ed0709dbb883a2d2a","c7970cfa1e71fac107bc52d78765188371e30c0b3d66339000f73c5b72538763","/Users/chris/Repos/pdisasm/Tools/pascal-results/images/47083b423cba142eecf93bcab09d7acd33010c8044aa82faec853015dff5f84c"
"images/educational/Grammar Gremlins (4am crack) side A.dsk","5798ef1e3fdc87006b790391d2f0ce2fe22d70c7758e42eeb87db7b7d7f235e1","GREMLIN","SYSTEM.APPLE","67adc957afa1fc3cae9177ef42846ea1c31fd44f5a00e0694f63acafd248aed5","3189798e4f598903441f35941277fa9d412ea0cba298e662923f8e2e50003f29","4488373786f09b0806953e785275d932015b98a659ca5a3197284b8891b3b554","048c089e53438cc7066a73065409827ee44a382c798ce3718897716279cfc3dc","/Users/chris/Repos/pdisasm/Tools/pascal-results/images/5798ef1e3fdc87006b790391d2f0ce2fe22d70c7758e42eeb87db7b7d7f235e1"
"images/educational/Writing Skills volume 3 (4am crack) disk 1.dsk","3195b9b8c24e3b9ef51fbc6def10d86a7105165a4753b56cd8b396fa461f1efe","WS","SYSTEM.APPLE","47ffb6efa0d0047b8f37b5cb814eca7772af2ddec3e6e6522332992ef4aec70b","ef890517c1eb403c6029ac1063aac4c197ca4617995f7eaa964f8bcc9e688844","849fd458c412a5a8d64b50b33482f92ebade2106505ba1938c10f3c18659dc02","52238ff9bc504b92f140bb9f29bdc8bfdc2bf4e1a8783fdeda1408a4dee0b44a","/Users/chris/Repos/pdisasm/Tools/pascal-results/images/3195b9b8c24e3b9ef51fbc6def10d86a7105165a4753b56cd8b396fa461f1efe"
"images/educational/Multiplication (Prescription Learning) (4am crack) disk 8.dsk","e6374d71a1a0587b90ad79eb7729a1c02b78273d02ed1cf3574d4a266f258e38","CLASMTH","SYSTEM.APPLE","7ce54508b9f1564c47d1db921b530c9702c6e91cee177ccbf89bc40f88a1bd5f","02f0576644c3c2d30ef8671fc8fba306a8123a3661e896eaac5393bc5a7c8a14","8c07c18fe5803ebde4878e8bf511ce3c8969f353498a1007331fe9e322ad5cef","190f9410ae628d485d58a0b0ae1cc761c88233d916afdc9abb54443a80891003","/Users/chris/Repos/pdisasm/Tools/pascal-results/images/e6374d71a1a0587b90ad79eb7729a1c02b78273d02ed1cf3574d4a266f258e38"
"images/educational/Subtraction (Prescription Learning) (4am crack) disk 3.dsk","526977e555e3fe0e83eb696cbe14d9910f33218242ddb95a3a20e7345e317d18","CLASMTH","SYSTEM.APPLE","7ce54508b9f1564c47d1db921b530c9702c6e91cee177ccbf89bc40f88a1bd5f","02f0576644c3c2d30ef8671fc8fba306a8123a3661e896eaac5393bc5a7c8a14","8c07c18fe5803ebde4878e8bf511ce3c8969f353498a1007331fe9e322ad5cef","190f9410ae628d485d58a0b0ae1cc761c88233d916afdc9abb54443a80891003","/Users/chris/Repos/pdisasm/Tools/pascal-results/images/526977e555e3fe0e83eb696cbe14d9910f33218242ddb95a3a20e7345e317d18"
"images/educational/Computer Literacy Courseware Series demonstration disk (1984-Scott, Foresman and Company) side A.dsk","b6974c674d86bb8308663f7760d9ebbcb063495e69de48b71ae9eff6263fcc6a","DEMO","RTSTND.APPLE","c8fce08c8a30307d4b2bb7c3cd2534006840025b4813e0231994800a0061a606","aaa96b0c5648f67d1217e6cbbba76e5447531a0cfed515a49adcc6148e7b6220","2978728dac0dc82d3bc55c4d3b8e1647c837bfd2b740f902e7b0cc14c1c5aef5","2ffb04276585facf6703ba691cfbc0cbf017eddedcdff54575320595bd960ed1","/Users/chris/Repos/pdisasm/Tools/pascal-results/images/b6974c674d86bb8308663f7760d9ebbcb063495e69de48b71ae9eff6263fcc6a"
"images/educational/The Secrets of Science Island (4am crack) side B.dsk","6cf1b3140bc8eabf6ffd02bf03da09b40f53b45d0407721dceb5532c616d319b","SIDE2","SYSTEM.APPLE","86beeba9e7eec02ce5eafb0793207b819505dc5222ee57b2f50b6f42b8db4993","1e1f49d81a10939c89b0ceb20f4f619853c83c0c77c85774e991fd1119db6f69","4f2257d2e2ecf853081bddeded534e14666180ab89cea2ae8d3bc1bf8cf6a184","f4fdfcb173b450f0d672393d29cff7fee2de12792203f88978f68b50804c104b","/Users/chris/Repos/pdisasm/Tools/pascal-results/images/6cf1b3140bc8eabf6ffd02bf03da09b40f53b45d0407721dceb5532c616d319b"
"images/educational/Game Frame One (4am crack) Tug-A-Grug.dsk","0bcac3dec5a03bc3a56514eee7b0bb0b8f21562e8df8b3ce0f71f0a9e661d7d8","GAME","SYSTEM.APPLE","49b1bbbd162e00df30a59b10aa591032e16b0fa5fec88512053827339b96383e","1e1f49d81a10939c89b0ceb20f4f619853c83c0c77c85774e991fd1119db6f69","85a4cd902d1cb48ee224d4741cb67eaa1280971bde9150a1edb7797142db7e47","190f9410ae628d485d58a0b0ae1cc761c88233d916afdc9abb54443a80891003","/Users/chris/Repos/pdisasm/Tools/pascal-results/images/0bcac3dec5a03bc3a56514eee7b0bb0b8f21562e8df8b3ce0f71f0a9e661d7d8"
"images/educational/Addition and Subtraction 1 (4am crack).dsk","9c9676f0880c0c22f7080e249bf026d6c67a6ae23dc9d0024d5bd306d1c18c50","D99AS1","RTSTRP.APPLE","20825a7ef1aaa49f5a0a830791bb6aac7f10cfd6d7f7637a2de9e10e4d6ff238","2dc60c5c04c061bcff0771a5742820e6815e52aa0c60246301286d61e5258009","85a4cd902d1cb48ee224d4741cb67eaa1280971bde9150a1edb7797142db7e47","6f95245e71173839bf5f064e06c4f78de1728c77bc9a4f04be58a1a1b44dc943","/Users/chris/Repos/pdisasm/Tools/pascal-results/images/9c9676f0880c0c22f7080e249bf026d6c67a6ae23dc9d0024d5bd306d1c18c50"
"images/educational/Superplot (1988-EduSoft v2.2).dsk","89b62d834ef8ff02af1a1691425c9a3e8b53b766e407137ae77a76bbc05c36dc","PLOT128","SYSTEM.APPLE","63c1c07794a1ab9e0965f68393001f5fc1fff55fe3b7cc6aa7fb12bf66f35097","2ec2736219293eb985f5da6faa66c76606ea981f4984aba3d1b2131fc6117f2c","cc13458809c4664da511e3a0866abf152627e53b22aaac455eb1da123834db9c","190f9410ae628d485d58a0b0ae1cc761c88233d916afdc9abb54443a80891003","/Users/chris/Repos/pdisasm/Tools/pascal-results/images/89b62d834ef8ff02af1a1691425c9a3e8b53b766e407137ae77a76bbc05c36dc"
"images/educational/Solar Reading Explorer.dsk","480a3635f6c0c51818e60cd15f1c90df0f9d67202afd58cf582d1df60a04591d","R200","SYSTEM.APPLE","581a5c924979aed84c65add4a4400d11e312f6b7327b23d7358d497e8b687176","49396b4be4652ef609cab6403686817e006a623ebcd31cd6e7c2d72776c0e79a","8c60e2234da87be50a37132e3163eccada686911511a987e096891b26e76a60c","660b8947654a522a41aaa920ac430fdff7cdfad2fabf22fa455cf2941ffa9ee4","/Users/chris/Repos/pdisasm/Tools/pascal-results/images/480a3635f6c0c51818e60cd15f1c90df0f9d67202afd58cf582d1df60a04591d"
"images/educational/typing/typewriter.dsk","36eff3081c6969375d4b7b0ac8447d849bdba94ec3fa103eca0cf44e72989105","TW","SYSTEM.APPLE","f7b541b27673739db27deb8f9b9fe4003cb25c4b5fbec905674284f58a6c1286","97a1688dfa2c4838461f8e522b5def79124c6fb53ed022560c9bfffaed12f656","","27ef4428e3bd5abc1ae2530d2d54fe029889eb190a297423cf2960d3ea6958a3","/Users/chris/Repos/pdisasm/Tools/pascal-results/images/36eff3081c6969375d4b7b0ac8447d849bdba94ec3fa103eca0cf44e72989105"
"images/educational/Multiplication (Prescription Learning) (4am crack) disk 5.dsk","c3ff58cd3ceecbaecccd495ff04f2b67fb093e6b04a4a1f1f3225278659ba065","CMATH","SYSTEM.APPLE","7ce54508b9f1564c47d1db921b530c9702c6e91cee177ccbf89bc40f88a1bd5f","02f0576644c3c2d30ef8671fc8fba306a8123a3661e896eaac5393bc5a7c8a14","8c07c18fe5803ebde4878e8bf511ce3c8969f353498a1007331fe9e322ad5cef","190f9410ae628d485d58a0b0ae1cc761c88233d916afdc9abb54443a80891003","/Users/chris/Repos/pdisasm/Tools/pascal-results/images/c3ff58cd3ceecbaecccd495ff04f2b67fb093e6b04a4a1f1f3225278659ba065"
"images/educational/Multiplication (Prescription Learning) (4am crack) disk 4.dsk","e2f8ada7e96fb28324624df6253d68fa58d558e160042b3354f4931c373092a8","CMATH","SYSTEM.APPLE","7ce54508b9f1564c47d1db921b530c9702c6e91cee177ccbf89bc40f88a1bd5f","02f0576644c3c2d30ef8671fc8fba306a8123a3661e896eaac5393bc5a7c8a14","8c07c18fe5803ebde4878e8bf511ce3c8969f353498a1007331fe9e322ad5cef","190f9410ae628d485d58a0b0ae1cc761c88233d916afdc9abb54443a80891003","/Users/chris/Repos/pdisasm/Tools/pascal-results/images/e2f8ada7e96fb28324624df6253d68fa58d558e160042b3354f4931c373092a8"
"images/educational/Flight 2 - Paraphrase - Saturn X.dsk","46ed6ce89994ffa20b82658851529cb82918d934df4b7833f6a3fe2c631bc82c","R200","SYSTEM.APPLE","581a5c924979aed84c65add4a4400d11e312f6b7327b23d7358d497e8b687176","3189798e4f598903441f35941277fa9d412ea0cba298e662923f8e2e50003f29","101ba0ee155492ea1b5b2f8c354b1c5717c37abcbdb7ce37512143c04e7b1083","660b8947654a522a41aaa920ac430fdff7cdfad2fabf22fa455cf2941ffa9ee4","/Users/chris/Repos/pdisasm/Tools/pascal-results/images/46ed6ce89994ffa20b82658851529cb82918d934df4b7833f6a3fe2c631bc82c"
"images/educational/thinktank1.dsk","4d9c66751215a9cc28c10d54ffee4a03cbc4ae15581a95ded587de57b44e0339","TT01","SYSTEM.APPLE","2443c23e7538ebfc0227525e4a80878dfae0b96a8a445cb1c4b4332f433a8ae6","ef890517c1eb403c6029ac1063aac4c197ca4617995f7eaa964f8bcc9e688844","799bae3b1f8d48a136c89e617846e579b5ebe76f95ed12dd0de42458878d6074","190f9410ae628d485d58a0b0ae1cc761c88233d916afdc9abb54443a80891003","/Users/chris/Repos/pdisasm/Tools/pascal-results/images/4d9c66751215a9cc28c10d54ffee4a03cbc4ae15581a95ded587de57b44e0339"
"images/educational/Frog Jump Ordering Numbers (4am crack).dsk","e1b909bc19d3d517c09e84147599a1e0b3b8ae9a9cf3279daf74fd73c3430bcd","D99FJ","RTSTRP.APPLE","20825a7ef1aaa49f5a0a830791bb6aac7f10cfd6d7f7637a2de9e10e4d6ff238","2dc60c5c04c061bcff0771a5742820e6815e52aa0c60246301286d61e5258009","85a4cd902d1cb48ee224d4741cb67eaa1280971bde9150a1edb7797142db7e47","6f95245e71173839bf5f064e06c4f78de1728c77bc9a4f04be58a1a1b44dc943","/Users/chris/Repos/pdisasm/Tools/pascal-results/images/e1b909bc19d3d517c09e84147599a1e0b3b8ae9a9cf3279daf74fd73c3430bcd"
"images/educational/Riddle Magic (4am crack) side A.dsk","0deb65ad86c731695f86c3d917ad3aa2306bbb919fa4424b30a7fac70e5bdda2","RIDSHOP","SYSTEM.APPLE","bab952813c718c879d3720572cbc5ad6be7dcb713d5bf20d4f3f77d40ac93008","3189798e4f598903441f35941277fa9d412ea0cba298e662923f8e2e50003f29","4566e64b028b2fc3907073c1547b8d4cca4d9a28e063d4b7b3d52c13488c8d2a","f84b096b8460063f9d333f7e2794ef7550224eb91ed7c9dff08fbf18c41b439e","/Users/chris/Repos/pdisasm/Tools/pascal-results/images/0deb65ad86c731695f86c3d917ad3aa2306bbb919fa4424b30a7fac70e5bdda2"
"images/educational/Grammar Gremlins 1987 (4am crack) side A.dsk","37a2e5b7619a4229338e272e3f69da5f8f80e34b48a9104fd2935fb0d8ab6c8c","GREMLIN","SYSTEM.APPLE","67adc957afa1fc3cae9177ef42846ea1c31fd44f5a00e0694f63acafd248aed5","3189798e4f598903441f35941277fa9d412ea0cba298e662923f8e2e50003f29","4488373786f09b0806953e785275d932015b98a659ca5a3197284b8891b3b554","048c089e53438cc7066a73065409827ee44a382c798ce3718897716279cfc3dc","/Users/chris/Repos/pdisasm/Tools/pascal-results/images/37a2e5b7619a4229338e272e3f69da5f8f80e34b48a9104fd2935fb0d8ab6c8c"
"images/educational/Alaska (4am crack) disk 2 - First People - Alaska's Natives part one.dsk","a91c6831afa9a9a718eb0be119d884dcf114aced28dc50faf5bbba577c3ad3a9","LESSONS","RT0006.APPLE","94eb6d37113cf3b9a8e2fa93aadafa08bac16fdcc578138fd9ace5848fd45a73","6dc9c38c6d99a5ea509b6d977b9729648e17bebf810eb9ef79bee1fcc07e7d01","6e03d304fe44a9492d92bf1fced61bde6f000f10a851f9a9d06dde11048de69c","72cd81575a7dfd00093d4636232f662ac486851600c5ffc0b029de7a0d613b06","/Users/chris/Repos/pdisasm/Tools/pascal-results/images/a91c6831afa9a9a718eb0be119d884dcf114aced28dc50faf5bbba577c3ad3a9"
"images/educational/Alaska (4am crack) disk 4 - First People - Alaska's Natives part three.dsk","711e3727f5b2ef7a2d02d0a31adece9408d3c2bf7395c881c1f8488e5008a68b","LESSONS","RT0006.APPLE","94eb6d37113cf3b9a8e2fa93aadafa08bac16fdcc578138fd9ace5848fd45a73","6dc9c38c6d99a5ea509b6d977b9729648e17bebf810eb9ef79bee1fcc07e7d01","6e03d304fe44a9492d92bf1fced61bde6f000f10a851f9a9d06dde11048de69c","72cd81575a7dfd00093d4636232f662ac486851600c5ffc0b029de7a0d613b06","/Users/chris/Repos/pdisasm/Tools/pascal-results/images/711e3727f5b2ef7a2d02d0a31adece9408d3c2bf7395c881c1f8488e5008a68b"
"images/educational/Multiplication (Prescription Learning) (4am crack) disk 6.dsk","178682a3d0d85eedf6f30e928bb76a7a71e1a85823f41e0af316b64e8af900a7","CMATH","SYSTEM.APPLE","7ce54508b9f1564c47d1db921b530c9702c6e91cee177ccbf89bc40f88a1bd5f","02f0576644c3c2d30ef8671fc8fba306a8123a3661e896eaac5393bc5a7c8a14","8c07c18fe5803ebde4878e8bf511ce3c8969f353498a1007331fe9e322ad5cef","190f9410ae628d485d58a0b0ae1cc761c88233d916afdc9abb54443a80891003","/Users/chris/Repos/pdisasm/Tools/pascal-results/images/178682a3d0d85eedf6f30e928bb76a7a71e1a85823f41e0af316b64e8af900a7"
"images/educational/Multiplication (Prescription Learning) (4am crack) disk 7.dsk","3aafb681a1af896dedb6292cdfefa68c813b1a37737d7b0d873338636aeb2b8c","CMATH","SYSTEM.APPLE","7ce54508b9f1564c47d1db921b530c9702c6e91cee177ccbf89bc40f88a1bd5f","02f0576644c3c2d30ef8671fc8fba306a8123a3661e896eaac5393bc5a7c8a14","8c07c18fe5803ebde4878e8bf511ce3c8969f353498a1007331fe9e322ad5cef","190f9410ae628d485d58a0b0ae1cc761c88233d916afdc9abb54443a80891003","/Users/chris/Repos/pdisasm/Tools/pascal-results/images/3aafb681a1af896dedb6292cdfefa68c813b1a37737d7b0d873338636aeb2b8c"
"images/educational/college_prep/sat_prep/SAT Vocabulary Skills (roots).dsk","6fc8f4577a081f4c95c7c5be699aa383f2d952ef5461ed15ecb5f67944bd1761","LESSONS","RT0006.APPLE","94eb6d37113cf3b9a8e2fa93aadafa08bac16fdcc578138fd9ace5848fd45a73","6dc9c38c6d99a5ea509b6d977b9729648e17bebf810eb9ef79bee1fcc07e7d01","6e03d304fe44a9492d92bf1fced61bde6f000f10a851f9a9d06dde11048de69c","77000b95cf63abb97971ac6236a79d05b1348a4f397ec132813b22df0498b6b3","/Users/chris/Repos/pdisasm/Tools/pascal-results/images/6fc8f4577a081f4c95c7c5be699aa383f2d952ef5461ed15ecb5f67944bd1761"
"images/educational/Alaska (4am crack) disk 7 - New People - Russian Exploration.dsk","8ba0360e98b47f34c222d1d4333fe4355e30614dbf8a307a242a6c514b503a27","LESSONS","RT0006.APPLE","94eb6d37113cf3b9a8e2fa93aadafa08bac16fdcc578138fd9ace5848fd45a73","6dc9c38c6d99a5ea509b6d977b9729648e17bebf810eb9ef79bee1fcc07e7d01","6e03d304fe44a9492d92bf1fced61bde6f000f10a851f9a9d06dde11048de69c","72cd81575a7dfd00093d4636232f662ac486851600c5ffc0b029de7a0d613b06","/Users/chris/Repos/pdisasm/Tools/pascal-results/images/8ba0360e98b47f34c222d1d4333fe4355e30614dbf8a307a242a6c514b503a27"
"images/educational/Language Activities Courseware 4 disk C-2.dsk","ac687f38f3a74ce8dfba1e7ffc9b8770cb025ee7d17b2818fbdbf255a6dec369","NEWC2","SYSTEM.APPLE","49b1bbbd162e00df30a59b10aa591032e16b0fa5fec88512053827339b96383e","1e1f49d81a10939c89b0ceb20f4f619853c83c0c77c85774e991fd1119db6f69","ee26ba83eddf81c5c69c8f18d72f42dfa1b6e9f6450195836aac127ca6a98a2b","190f9410ae628d485d58a0b0ae1cc761c88233d916afdc9abb54443a80891003","/Users/chris/Repos/pdisasm/Tools/pascal-results/images/ac687f38f3a74ce8dfba1e7ffc9b8770cb025ee7d17b2818fbdbf255a6dec369"
"images/educational/Subtraction (Prescription Learning) (4am crack) disk 8.dsk","50b965999cdae4559da887d534e91de2b36bd6eb892de150e27eb8fcb84f86e0","CLASMTH","SYSTEM.APPLE","7ce54508b9f1564c47d1db921b530c9702c6e91cee177ccbf89bc40f88a1bd5f","02f0576644c3c2d30ef8671fc8fba306a8123a3661e896eaac5393bc5a7c8a14","8c07c18fe5803ebde4878e8bf511ce3c8969f353498a1007331fe9e322ad5cef","190f9410ae628d485d58a0b0ae1cc761c88233d916afdc9abb54443a80891003","/Users/chris/Repos/pdisasm/Tools/pascal-results/images/50b965999cdae4559da887d534e91de2b36bd6eb892de150e27eb8fcb84f86e0"
"images/educational/Multiplication (Prescription Learning) (4am crack) disk 3.dsk","bf6009e9c0a721d43b6c92bf7b6ec23f658d5217216758c149f66aa06f60fc47","CLASMTH","SYSTEM.APPLE","7ce54508b9f1564c47d1db921b530c9702c6e91cee177ccbf89bc40f88a1bd5f","02f0576644c3c2d30ef8671fc8fba306a8123a3661e896eaac5393bc5a7c8a14","8c07c18fe5803ebde4878e8bf511ce3c8969f353498a1007331fe9e322ad5cef","190f9410ae628d485d58a0b0ae1cc761c88233d916afdc9abb54443a80891003","/Users/chris/Repos/pdisasm/Tools/pascal-results/images/bf6009e9c0a721d43b6c92bf7b6ec23f658d5217216758c149f66aa06f60fc47"
"images/educational/Learning to Read - Letters, Words, and Sentences volume 3 (4am crack) disk 1.dsk","2325cdb9e6137a487c43d841f1496bccd60da4e9e7752d648297b29b22dbd4a5","MICRO.T","SYSTEM.APPLE","49b1bbbd162e00df30a59b10aa591032e16b0fa5fec88512053827339b96383e","1e1f49d81a10939c89b0ceb20f4f619853c83c0c77c85774e991fd1119db6f69","b80fa08aa0e35d8a8f92e7df7fa524616629e9de10b8f54ad7c215bc5ac26c95","25facf49800e2f4a9fd38980601b8fee8a7b2933be32315dc0afba4e286ca755","/Users/chris/Repos/pdisasm/Tools/pascal-results/images/2325cdb9e6137a487c43d841f1496bccd60da4e9e7752d648297b29b22dbd4a5"
"images/educational/The Rhyming Notebook (1989-First Byte).dsk","3d8b8eee232af4a4be5b5cbfb675ea0160ddf4d65fbf81e70154f430a20c9d18","PROGDSK","SYSTEM.APPLE","2d9d547e62a2b566b2cb2a26f311b321ab1d95a06cf6aaa68d1e9930fdd6b40d","98eb236ebae21950de87485bd83256642a73bb0727aae60d2cbbaf97165c6e15","25409191443b143e6777dde87039439d6d67616c101c5d9ee8a6d1764de09d90","190f9410ae628d485d58a0b0ae1cc761c88233d916afdc9abb54443a80891003","/Users/chris/Repos/pdisasm/Tools/pascal-results/images/3d8b8eee232af4a4be5b5cbfb675ea0160ddf4d65fbf81e70154f430a20c9d18"
"images/educational/Game Frame Two (4am crack) Factman.dsk","d845c6ffa71aa39c50c326e5813b891ef47bd9668d3c52b6f2cda19d503e97c6","GAME","SYSTEM.APPLE","49b1bbbd162e00df30a59b10aa591032e16b0fa5fec88512053827339b96383e","1e1f49d81a10939c89b0ceb20f4f619853c83c0c77c85774e991fd1119db6f69","85a4cd902d1cb48ee224d4741cb67eaa1280971bde9150a1edb7797142db7e47","190f9410ae628d485d58a0b0ae1cc761c88233d916afdc9abb54443a80891003","/Users/chris/Repos/pdisasm/Tools/pascal-results/images/d845c6ffa71aa39c50c326e5813b891ef47bd9668d3c52b6f2cda19d503e97c6"
"images/educational/Language Activities Courseware 4 disk C-1.dsk","67150544fcdeec6f1bca2cc44fa4ea53db2bfd08384bdcde4a1ffb443f10f000","DISKC1","SYSTEM.APPLE","49b1bbbd162e00df30a59b10aa591032e16b0fa5fec88512053827339b96383e","1e1f49d81a10939c89b0ceb20f4f619853c83c0c77c85774e991fd1119db6f69","ee26ba83eddf81c5c69c8f18d72f42dfa1b6e9f6450195836aac127ca6a98a2b","190f9410ae628d485d58a0b0ae1cc761c88233d916afdc9abb54443a80891003","/Users/chris/Repos/pdisasm/Tools/pascal-results/images/67150544fcdeec6f1bca2cc44fa4ea53db2bfd08384bdcde4a1ffb443f10f000"
"images/educational/Alaska (4am crack) disk 3 - First People - Alaska's Natives part two.dsk","2fcf7fed077bffa066d65da6877615279c8b0c632b50d04c7ce2052200cdc8e3","LESSONS","RT0006.APPLE","94eb6d37113cf3b9a8e2fa93aadafa08bac16fdcc578138fd9ace5848fd45a73","6dc9c38c6d99a5ea509b6d977b9729648e17bebf810eb9ef79bee1fcc07e7d01","6e03d304fe44a9492d92bf1fced61bde6f000f10a851f9a9d06dde11048de69c","72cd81575a7dfd00093d4636232f662ac486851600c5ffc0b029de7a0d613b06","/Users/chris/Repos/pdisasm/Tools/pascal-results/images/2fcf7fed077bffa066d65da6877615279c8b0c632b50d04c7ce2052200cdc8e3"
"images/educational/Multiplication (Prescription Learning) (4am crack) disk 1.dsk","fa8889c27743e640e734e9b5ceb4d2f67421138aa6fc4a1ddad53b320152f9c9","CLASMTH","SYSTEM.APPLE","7ce54508b9f1564c47d1db921b530c9702c6e91cee177ccbf89bc40f88a1bd5f","02f0576644c3c2d30ef8671fc8fba306a8123a3661e896eaac5393bc5a7c8a14","8c07c18fe5803ebde4878e8bf511ce3c8969f353498a1007331fe9e322ad5cef","190f9410ae628d485d58a0b0ae1cc761c88233d916afdc9abb54443a80891003","/Users/chris/Repos/pdisasm/Tools/pascal-results/images/fa8889c27743e640e734e9b5ceb4d2f67421138aa6fc4a1ddad53b320152f9c9"
"images/educational/Learning to Read - Letters, Words, and Sentences volume 3 (4am crack) disk 2.dsk","98b02513145abfce5c2106d8bd78296db6ca2f4eea37bede372cc84a70afaa52","MICRO.T","SYSTEM.APPLE","49b1bbbd162e00df30a59b10aa591032e16b0fa5fec88512053827339b96383e","1e1f49d81a10939c89b0ceb20f4f619853c83c0c77c85774e991fd1119db6f69","4c082776867c3c1e05f7f6c2cda803cadd16fb2d06651fde02c3f3cb55a55596","e056ea7cd5f2ae6481c3d0913a1aa29acf55d3ba6a6deeb5ab0d59c33aa67077","/Users/chris/Repos/pdisasm/Tools/pascal-results/images/98b02513145abfce5c2106d8bd78296db6ca2f4eea37bede372cc84a70afaa52"
"images/educational/Game Frame Two (4am crack) Bowling for Scholars.dsk","c8eec3d0dc744481668b75de3ea6c28d2b322a24f725e18f56ab0958f9790faf","GAME","SYSTEM.APPLE","49b1bbbd162e00df30a59b10aa591032e16b0fa5fec88512053827339b96383e","1e1f49d81a10939c89b0ceb20f4f619853c83c0c77c85774e991fd1119db6f69","85a4cd902d1cb48ee224d4741cb67eaa1280971bde9150a1edb7797142db7e47","190f9410ae628d485d58a0b0ae1cc761c88233d916afdc9abb54443a80891003","/Users/chris/Repos/pdisasm/Tools/pascal-results/images/c8eec3d0dc744481668b75de3ea6c28d2b322a24f725e18f56ab0958f9790faf"
"images/educational/Flight 2 - Sequence - Earth-X.dsk","ab2406c3e6ebe5935ed1ce28023c4cfc6a7ace045aa0af837611736b1dd0446f","R200","SYSTEM.APPLE","581a5c924979aed84c65add4a4400d11e312f6b7327b23d7358d497e8b687176","3189798e4f598903441f35941277fa9d412ea0cba298e662923f8e2e50003f29","7f33041886cd63bf6acd5822ac2690d9f652ad742e51d014471e26d102ce4771","660b8947654a522a41aaa920ac430fdff7cdfad2fabf22fa455cf2941ffa9ee4","/Users/chris/Repos/pdisasm/Tools/pascal-results/images/ab2406c3e6ebe5935ed1ce28023c4cfc6a7ace045aa0af837611736b1dd0446f"
"images/educational/The Music Class (4am crack) disk 2.dsk","1b861be7a187710b40f49a2df4331393a87e77637aa8a221eab22627330c1090","WENGER2","SYSTEM.APPLE","7ce54508b9f1564c47d1db921b530c9702c6e91cee177ccbf89bc40f88a1bd5f","02f0576644c3c2d30ef8671fc8fba306a8123a3661e896eaac5393bc5a7c8a14","8820204c1533f471678ebc2c77d44995d6150e829bb4ccbba84d8af5e975f616","190f9410ae628d485d58a0b0ae1cc761c88233d916afdc9abb54443a80891003","/Users/chris/Repos/pdisasm/Tools/pascal-results/images/1b861be7a187710b40f49a2df4331393a87e77637aa8a221eab22627330c1090"
"images/educational/Learning to Read - Letters, Words, and Sentences volume 2 (4am crack) disk 2.dsk","9c65ea361b6a6f5d59e95d42cbe4f3b85c250153325398ca1ab08bada3144a36","MICRO.T","SYSTEM.APPLE","49b1bbbd162e00df30a59b10aa591032e16b0fa5fec88512053827339b96383e","1e1f49d81a10939c89b0ceb20f4f619853c83c0c77c85774e991fd1119db6f69","3bfae9103008481c2e35f780c289473e9bc20b78ec47e021acccf55d68ec15c5","b5f8f8b083af88142a51ae24b33a8d498cfa974eb66fff6bb3c495ce349456b5","/Users/chris/Repos/pdisasm/Tools/pascal-results/images/9c65ea361b6a6f5d59e95d42cbe4f3b85c250153325398ca1ab08bada3144a36"
"images/educational/Addition (Prescription Learning) (4am crack) disk 5.dsk","c378ba0aed4b07563badc216a151aeb88bd560455818aa7dad3de1b1731d0174","CLASMTH","SYSTEM.APPLE","7ce54508b9f1564c47d1db921b530c9702c6e91cee177ccbf89bc40f88a1bd5f","02f0576644c3c2d30ef8671fc8fba306a8123a3661e896eaac5393bc5a7c8a14","8c07c18fe5803ebde4878e8bf511ce3c8969f353498a1007331fe9e322ad5cef","190f9410ae628d485d58a0b0ae1cc761c88233d916afdc9abb54443a80891003","/Users/chris/Repos/pdisasm/Tools/pascal-results/images/c378ba0aed4b07563badc216a151aeb88bd560455818aa7dad3de1b1731d0174"
"images/educational/Comprehension (Prescription Learning) (4am crack) disk 6.dsk","ad45e0b1ce38e6ded9f693f5923bb42632dd9cc5d7a2085cd76401e387b96823","BLANK","SYSTEM.APPLE","2443c23e7538ebfc0227525e4a80878dfae0b96a8a445cb1c4b4332f433a8ae6","ef890517c1eb403c6029ac1063aac4c197ca4617995f7eaa964f8bcc9e688844","1e5b7ec8369f6abe0d13a1b64e376e26f1cc94647f159f04bf9a85937bfcba4d","190f9410ae628d485d58a0b0ae1cc761c88233d916afdc9abb54443a80891003","/Users/chris/Repos/pdisasm/Tools/pascal-results/images/ad45e0b1ce38e6ded9f693f5923bb42632dd9cc5d7a2085cd76401e387b96823"
"images/educational/Turtle Tracks.dsk","fd0028623d186ec0b4ea965110bb21c7ef6bde996e97d27a4e6b0d17ca1515c6","T","RTSTRP.APPLE","baa59b7e69fb416ee09caf94820fbb392673155a34b70a17a22302e6ed20cd84","aaa96b0c5648f67d1217e6cbbba76e5447531a0cfed515a49adcc6148e7b6220","00aac73bdb87d47fcd83483ef29c6b36d75397d56cd721edbad885473e29d20c","b65fa95df3d85b2729a16a2e3570a7c606f35aec3961b5383ee77da69d472c9e","/Users/chris/Repos/pdisasm/Tools/pascal-results/images/fd0028623d186ec0b4ea965110bb21c7ef6bde996e97d27a4e6b0d17ca1515c6"
"images/educational/The Music Class - Symbols (4am crack) disk 1.dsk","949f694d0de5de3c4417a08cb09f7882a3e3411b0d5b742c7951963b04f5e88d","WENGER4","SYSTEM.APPLE","7ce54508b9f1564c47d1db921b530c9702c6e91cee177ccbf89bc40f88a1bd5f","02f0576644c3c2d30ef8671fc8fba306a8123a3661e896eaac5393bc5a7c8a14","8820204c1533f471678ebc2c77d44995d6150e829bb4ccbba84d8af5e975f616","190f9410ae628d485d58a0b0ae1cc761c88233d916afdc9abb54443a80891003","/Users/chris/Repos/pdisasm/Tools/pascal-results/images/949f694d0de5de3c4417a08cb09f7882a3e3411b0d5b742c7951963b04f5e88d"
"images/educational/Comprehension (Prescription Learning) (4am crack) disk 7.dsk","379dbbc14f951ed4778b7090d000d49b742e0dfc21d8e87b95969ce312fc7e36","BLANK","SYSTEM.APPLE","2443c23e7538ebfc0227525e4a80878dfae0b96a8a445cb1c4b4332f433a8ae6","ef890517c1eb403c6029ac1063aac4c197ca4617995f7eaa964f8bcc9e688844","1e5b7ec8369f6abe0d13a1b64e376e26f1cc94647f159f04bf9a85937bfcba4d","190f9410ae628d485d58a0b0ae1cc761c88233d916afdc9abb54443a80891003","/Users/chris/Repos/pdisasm/Tools/pascal-results/images/379dbbc14f951ed4778b7090d000d49b742e0dfc21d8e87b95969ce312fc7e36"
"images/educational/Addition (Prescription Learning) (4am crack) disk 4.dsk","71338295c0f4eacb70143c6e14dacede3e9aed6e6744f3a4f6fda557f56a8fd4","CLASMTH","SYSTEM.APPLE","7ce54508b9f1564c47d1db921b530c9702c6e91cee177ccbf89bc40f88a1bd5f","02f0576644c3c2d30ef8671fc8fba306a8123a3661e896eaac5393bc5a7c8a14","8c07c18fe5803ebde4878e8bf511ce3c8969f353498a1007331fe9e322ad5cef","190f9410ae628d485d58a0b0ae1cc761c88233d916afdc9abb54443a80891003","/Users/chris/Repos/pdisasm/Tools/pascal-results/images/71338295c0f4eacb70143c6e14dacede3e9aed6e6744f3a4f6fda557f56a8fd4"
"images/educational/Alaska (4am crack) disk 5 - First People - Alaska's Natives part four.dsk","eabd8c88d95355d284caf8d6e45331f57ba3e751e85b2c3eb55b9f4b782dba83","LESSONS","RT0006.APPLE","94eb6d37113cf3b9a8e2fa93aadafa08bac16fdcc578138fd9ace5848fd45a73","6dc9c38c6d99a5ea509b6d977b9729648e17bebf810eb9ef79bee1fcc07e7d01","6e03d304fe44a9492d92bf1fced61bde6f000f10a851f9a9d06dde11048de69c","72cd81575a7dfd00093d4636232f662ac486851600c5ffc0b029de7a0d613b06","/Users/chris/Repos/pdisasm/Tools/pascal-results/images/eabd8c88d95355d284caf8d6e45331f57ba3e751e85b2c3eb55b9f4b782dba83"
"images/educational/The Music Class (4am crack) disk 3.dsk","f9524988fa85149067df8fef8589c8da50d01652cf7e7b05738d19e13b2de7ea","WENG11","SYSTEM.APPLE","7ce54508b9f1564c47d1db921b530c9702c6e91cee177ccbf89bc40f88a1bd5f","02f0576644c3c2d30ef8671fc8fba306a8123a3661e896eaac5393bc5a7c8a14","b210dca8b68fdd3b6e288914263553757cf4fb9c92e15a4644944954d86b4595","190f9410ae628d485d58a0b0ae1cc761c88233d916afdc9abb54443a80891003","/Users/chris/Repos/pdisasm/Tools/pascal-results/images/f9524988fa85149067df8fef8589c8da50d01652cf7e7b05738d19e13b2de7ea"
"images/educational/The Music Class (4am crack) disk 1.dsk","526b2df8f431ff483e71097ceda7234ef1bc6e7102536114ca0c27700b23ef44","WEG1A","SYSTEM.APPLE","7ce54508b9f1564c47d1db921b530c9702c6e91cee177ccbf89bc40f88a1bd5f","02f0576644c3c2d30ef8671fc8fba306a8123a3661e896eaac5393bc5a7c8a14","8820204c1533f471678ebc2c77d44995d6150e829bb4ccbba84d8af5e975f616","190f9410ae628d485d58a0b0ae1cc761c88233d916afdc9abb54443a80891003","/Users/chris/Repos/pdisasm/Tools/pascal-results/images/526b2df8f431ff483e71097ceda7234ef1bc6e7102536114ca0c27700b23ef44"
"images/educational/Learning to Read - Letters, Words, and Sentences volume 2 (4am crack) disk 1.dsk","4935ca2292ff6d390474594a40f4d70cb5a81d474c092566dcdd3b8bac47eb5f","MICRO.T","SYSTEM.APPLE","49b1bbbd162e00df30a59b10aa591032e16b0fa5fec88512053827339b96383e","1e1f49d81a10939c89b0ceb20f4f619853c83c0c77c85774e991fd1119db6f69","753005987c76c0f10c8b64873821e70ac1029b8a44bb5b5e42a67932e2c08ecf","221a10c87659c512b3d0c33be6592f4726d6032c1cd6b6e1a43ef95184c9a6e6","/Users/chris/Repos/pdisasm/Tools/pascal-results/images/4935ca2292ff6d390474594a40f4d70cb5a81d474c092566dcdd3b8bac47eb5f"
"images/educational/Alaska (4am crack) disk 10 - Letters from Alaska.dsk","7e4f8421efbd1bcaedeba992bb34929bd3ba2d3e6365ac52fee95e3e10e75b7d","LESSONS","RT0006.APPLE","f6b364dbeaba0f57337c2d655e0641a6a80f89fdad62371aa9b1deab28c58276","6dc9c38c6d99a5ea509b6d977b9729648e17bebf810eb9ef79bee1fcc07e7d01","6e03d304fe44a9492d92bf1fced61bde6f000f10a851f9a9d06dde11048de69c","72cd81575a7dfd00093d4636232f662ac486851600c5ffc0b029de7a0d613b06","/Users/chris/Repos/pdisasm/Tools/pascal-results/images/7e4f8421efbd1bcaedeba992bb34929bd3ba2d3e6365ac52fee95e3e10e75b7d"
"images/educational/Addition and Subtraction 2 (4am crack).dsk","294d1c5cb0ef72399e8c2b4f35083d9b7348b9a61da77068a6690624635dcb1c","D99AS2","RTSTRP.APPLE","20825a7ef1aaa49f5a0a830791bb6aac7f10cfd6d7f7637a2de9e10e4d6ff238","2dc60c5c04c061bcff0771a5742820e6815e52aa0c60246301286d61e5258009","85a4cd902d1cb48ee224d4741cb67eaa1280971bde9150a1edb7797142db7e47","6f95245e71173839bf5f064e06c4f78de1728c77bc9a4f04be58a1a1b44dc943","/Users/chris/Repos/pdisasm/Tools/pascal-results/images/294d1c5cb0ef72399e8c2b4f35083d9b7348b9a61da77068a6690624635dcb1c"
"images/educational/word_attack/Word Attack Skills - PSAT Prefixes.dsk","abb7f76d9fb347657a363aeba9390595e6b7ba31e8c49864794439b03ad0354a","LESSONS","RT0006.APPLE","94eb6d37113cf3b9a8e2fa93aadafa08bac16fdcc578138fd9ace5848fd45a73","6dc9c38c6d99a5ea509b6d977b9729648e17bebf810eb9ef79bee1fcc07e7d01","6e03d304fe44a9492d92bf1fced61bde6f000f10a851f9a9d06dde11048de69c","77000b95cf63abb97971ac6236a79d05b1348a4f397ec132813b22df0498b6b3","/Users/chris/Repos/pdisasm/Tools/pascal-results/images/abb7f76d9fb347657a363aeba9390595e6b7ba31e8c49864794439b03ad0354a"
"images/educational/word_attack/Word Attack Skills - SAT Prefixes.dsk","3903e70bbfd51a7b3a89141f5d3341411690e18481bdaea362c5cb726100c06b","LESSONS","RT0006.APPLE","94eb6d37113cf3b9a8e2fa93aadafa08bac16fdcc578138fd9ace5848fd45a73","6dc9c38c6d99a5ea509b6d977b9729648e17bebf810eb9ef79bee1fcc07e7d01","6e03d304fe44a9492d92bf1fced61bde6f000f10a851f9a9d06dde11048de69c","77000b95cf63abb97971ac6236a79d05b1348a4f397ec132813b22df0498b6b3","/Users/chris/Repos/pdisasm/Tools/pascal-results/images/3903e70bbfd51a7b3a89141f5d3341411690e18481bdaea362c5cb726100c06b"
"images/educational/word_attack/Word Attack Skills - PSAT Roots.dsk","cb753d97ef715f963edbe052a9ac1f894fc944afe7a695540d41530bf5db6fcc","LESSONS","RT0006.APPLE","94eb6d37113cf3b9a8e2fa93aadafa08bac16fdcc578138fd9ace5848fd45a73","6dc9c38c6d99a5ea509b6d977b9729648e17bebf810eb9ef79bee1fcc07e7d01","6e03d304fe44a9492d92bf1fced61bde6f000f10a851f9a9d06dde11048de69c","77000b95cf63abb97971ac6236a79d05b1348a4f397ec132813b22df0498b6b3","/Users/chris/Repos/pdisasm/Tools/pascal-results/images/cb753d97ef715f963edbe052a9ac1f894fc944afe7a695540d41530bf5db6fcc"
"images/educational/Comprehension (Prescription Learning) (4am crack) disk 5.dsk","96b5fadb8e7ac3aa41e0c1d9ed932144c5bee81f981d1ce0caf828d428423490","BLANK","SYSTEM.APPLE","2443c23e7538ebfc0227525e4a80878dfae0b96a8a445cb1c4b4332f433a8ae6","ef890517c1eb403c6029ac1063aac4c197ca4617995f7eaa964f8bcc9e688844","1e5b7ec8369f6abe0d13a1b64e376e26f1cc94647f159f04bf9a85937bfcba4d","190f9410ae628d485d58a0b0ae1cc761c88233d916afdc9abb54443a80891003","/Users/chris/Repos/pdisasm/Tools/pascal-results/images/96b5fadb8e7ac3aa41e0c1d9ed932144c5bee81f981d1ce0caf828d428423490"
"images/educational/Addition (Prescription Learning) (4am crack) disk 6.dsk","67f026460eb46b617ba96f3cf6fb1ebbef3b922385c13cfea300a84fbcb5e9ee","CLASMTH","SYSTEM.APPLE","7ce54508b9f1564c47d1db921b530c9702c6e91cee177ccbf89bc40f88a1bd5f","02f0576644c3c2d30ef8671fc8fba306a8123a3661e896eaac5393bc5a7c8a14","8c07c18fe5803ebde4878e8bf511ce3c8969f353498a1007331fe9e322ad5cef","190f9410ae628d485d58a0b0ae1cc761c88233d916afdc9abb54443a80891003","/Users/chris/Repos/pdisasm/Tools/pascal-results/images/67f026460eb46b617ba96f3cf6fb1ebbef3b922385c13cfea300a84fbcb5e9ee"
"images/educational/The Music Class - Symbols (4am crack) disk 2.dsk","d216d71beb5c1b75a10cfa768710ff2a064207197de10d1388483dac1984445a","WENGER5","SYSTEM.APPLE","7ce54508b9f1564c47d1db921b530c9702c6e91cee177ccbf89bc40f88a1bd5f","02f0576644c3c2d30ef8671fc8fba306a8123a3661e896eaac5393bc5a7c8a14","8820204c1533f471678ebc2c77d44995d6150e829bb4ccbba84d8af5e975f616","190f9410ae628d485d58a0b0ae1cc761c88233d916afdc9abb54443a80891003","/Users/chris/Repos/pdisasm/Tools/pascal-results/images/d216d71beb5c1b75a10cfa768710ff2a064207197de10d1388483dac1984445a"
"images/educational/Grammar Gremlins 800K (4am crack).2mg","01f257344780a52fb3fb7efa3e422cfb48627a9fc5ea0a54b01a0772ca9fc5d8","GRAMLIN","SYSTEM.APPLE","67adc957afa1fc3cae9177ef42846ea1c31fd44f5a00e0694f63acafd248aed5","3189798e4f598903441f35941277fa9d412ea0cba298e662923f8e2e50003f29","4488373786f09b0806953e785275d932015b98a659ca5a3197284b8891b3b554","c7970cfa1e71fac107bc52d78765188371e30c0b3d66339000f73c5b72538763","/Users/chris/Repos/pdisasm/Tools/pascal-results/images/01f257344780a52fb3fb7efa3e422cfb48627a9fc5ea0a54b01a0772ca9fc5d8"
"images/educational/Grammar Gremlins (4am crack) work disk.dsk","12fabd0d4f192958bc2fcb1cae07358cdc47d10ecd6a04bf36f52567835230ba","GGWORK","SYSTEM.APPLE","2d9d547e62a2b566b2cb2a26f311b321ab1d95a06cf6aaa68d1e9930fdd6b40d","98eb236ebae21950de87485bd83256642a73bb0727aae60d2cbbaf97165c6e15","1f4ab0662f085269e76c315b2cd1ddea6fba56b84da34249f0eed97af3ffc7f6","048c089e53438cc7066a73065409827ee44a382c798ce3718897716279cfc3dc","/Users/chris/Repos/pdisasm/Tools/pascal-results/images/12fabd0d4f192958bc2fcb1cae07358cdc47d10ecd6a04bf36f52567835230ba"
"images/educational/The Music Class - Symbols (4am crack) disk 3.dsk","e45c717a272d39e96325151c9caafce2f846b25f70afa6b13b50d44ce230ce0b","MBTK","SYSTEM.APPLE","7ce54508b9f1564c47d1db921b530c9702c6e91cee177ccbf89bc40f88a1bd5f","02f0576644c3c2d30ef8671fc8fba306a8123a3661e896eaac5393bc5a7c8a14","55861b014f93061482767912ac68f2fa239aef3bafa75cc2c3eb97436e6ba76c","190f9410ae628d485d58a0b0ae1cc761c88233d916afdc9abb54443a80891003","/Users/chris/Repos/pdisasm/Tools/pascal-results/images/e45c717a272d39e96325151c9caafce2f846b25f70afa6b13b50d44ce230ce0b"
"images/educational/Addition (Prescription Learning) (4am crack) disk 7.dsk","684125c2883053dbeddea8d30f9f6f11012526b7adfb4a655826d873684b6c7d","CLASMTH","SYSTEM.APPLE","7ce54508b9f1564c47d1db921b530c9702c6e91cee177ccbf89bc40f88a1bd5f","02f0576644c3c2d30ef8671fc8fba306a8123a3661e896eaac5393bc5a7c8a14","8c07c18fe5803ebde4878e8bf511ce3c8969f353498a1007331fe9e322ad5cef","190f9410ae628d485d58a0b0ae1cc761c88233d916afdc9abb54443a80891003","/Users/chris/Repos/pdisasm/Tools/pascal-results/images/684125c2883053dbeddea8d30f9f6f11012526b7adfb4a655826d873684b6c7d"
"images/educational/Comprehension (Prescription Learning) (4am crack) disk 4.dsk","93f184b327f8ea9e3a9e3c4d8f45e1d68923a13511a08e97e581f07b430480eb","V/C","SYSTEM.APPLE","2443c23e7538ebfc0227525e4a80878dfae0b96a8a445cb1c4b4332f433a8ae6","ef890517c1eb403c6029ac1063aac4c197ca4617995f7eaa964f8bcc9e688844","1e5b7ec8369f6abe0d13a1b64e376e26f1cc94647f159f04bf9a85937bfcba4d","190f9410ae628d485d58a0b0ae1cc761c88233d916afdc9abb54443a80891003","/Users/chris/Repos/pdisasm/Tools/pascal-results/images/93f184b327f8ea9e3a9e3c4d8f45e1d68923a13511a08e97e581f07b430480eb"
"images/educational/The Music Class (4am crack) disk 4.dsk","091bd3a1e6e0d5357309defc4c5d5c4e447d672506cc0e5422ba32c0d9e278c7","WENG12","SYSTEM.APPLE","7ce54508b9f1564c47d1db921b530c9702c6e91cee177ccbf89bc40f88a1bd5f","02f0576644c3c2d30ef8671fc8fba306a8123a3661e896eaac5393bc5a7c8a14","8820204c1533f471678ebc2c77d44995d6150e829bb4ccbba84d8af5e975f616","190f9410ae628d485d58a0b0ae1cc761c88233d916afdc9abb54443a80891003","/Users/chris/Repos/pdisasm/Tools/pascal-results/images/091bd3a1e6e0d5357309defc4c5d5c4e447d672506cc0e5422ba32c0d9e278c7"
"images/educational/MAS II Mathematik Linear Algebra.DSK","9bd50cf9b86a5c5c2f789719874c9c964e1e0d9f76347e31d9e09fd11832ef07","MA-SII","SYSTEM.APPLE","2443c23e7538ebfc0227525e4a80878dfae0b96a8a445cb1c4b4332f433a8ae6","95bf9373628c08a90e967f75cd0323124d13b7d71d57e015d113b44b9633ee11","4af3c3e8812f28539a9b783a889456a769d7f215644c30b3779a64f9ff726e22","190f9410ae628d485d58a0b0ae1cc761c88233d916afdc9abb54443a80891003","/Users/chris/Repos/pdisasm/Tools/pascal-results/images/9bd50cf9b86a5c5c2f789719874c9c964e1e0d9f76347e31d9e09fd11832ef07"
"images/educational/Kaufman Test of Educational Achievement (1989)(American Guidance Service) disk 1A.dsk","274ffc54a20178c03a7796a8c9254034d54ef3939abf5d7afb6b6bba9acaf5d1","KTEA","SYSTEM.APPLE","2d9d547e62a2b566b2cb2a26f311b321ab1d95a06cf6aaa68d1e9930fdd6b40d","98eb236ebae21950de87485bd83256642a73bb0727aae60d2cbbaf97165c6e15","fe202648655743f2a1d41fc1e837ef4d5f458f157bb2387d69ede588090b9962","048c089e53438cc7066a73065409827ee44a382c798ce3718897716279cfc3dc","/Users/chris/Repos/pdisasm/Tools/pascal-results/images/274ffc54a20178c03a7796a8c9254034d54ef3939abf5d7afb6b6bba9acaf5d1"
"images/educational/Grammar Gremlins 1987 (4am crack) work disk.dsk","56c18dd3e860b4a3e6d7c2a84516929faf010368932b80a1aa76bed3d5d994e4","GGWORK","SYSTEM.APPLE","2d9d547e62a2b566b2cb2a26f311b321ab1d95a06cf6aaa68d1e9930fdd6b40d","98eb236ebae21950de87485bd83256642a73bb0727aae60d2cbbaf97165c6e15","1f4ab0662f085269e76c315b2cd1ddea6fba56b84da34249f0eed97af3ffc7f6","048c089e53438cc7066a73065409827ee44a382c798ce3718897716279cfc3dc","/Users/chris/Repos/pdisasm/Tools/pascal-results/images/56c18dd3e860b4a3e6d7c2a84516929faf010368932b80a1aa76bed3d5d994e4"
"images/educational/Language Activities Courseware 4 disk B-1.dsk","8f394368390427b2dbf6bbd2313a64f06143590acba5c6e340a26d14474512c5","NEWB1","SYSTEM.APPLE","49b1bbbd162e00df30a59b10aa591032e16b0fa5fec88512053827339b96383e","1e1f49d81a10939c89b0ceb20f4f619853c83c0c77c85774e991fd1119db6f69","ee26ba83eddf81c5c69c8f18d72f42dfa1b6e9f6450195836aac127ca6a98a2b","190f9410ae628d485d58a0b0ae1cc761c88233d916afdc9abb54443a80891003","/Users/chris/Repos/pdisasm/Tools/pascal-results/images/8f394368390427b2dbf6bbd2313a64f06143590acba5c6e340a26d14474512c5"
"images/educational/Addition (Prescription Learning) (4am crack) disk 3.dsk","f7631c33fdd8189c52ed70f3f4a0241d07cbf9d561e9bc09679dee9bb5f6182a","CLASMTH","SYSTEM.APPLE","7ce54508b9f1564c47d1db921b530c9702c6e91cee177ccbf89bc40f88a1bd5f","02f0576644c3c2d30ef8671fc8fba306a8123a3661e896eaac5393bc5a7c8a14","8c07c18fe5803ebde4878e8bf511ce3c8969f353498a1007331fe9e322ad5cef","190f9410ae628d485d58a0b0ae1cc761c88233d916afdc9abb54443a80891003","/Users/chris/Repos/pdisasm/Tools/pascal-results/images/f7631c33fdd8189c52ed70f3f4a0241d07cbf9d561e9bc09679dee9bb5f6182a"
"images/educational/Learning to Read - Letters, Words, and Sentences volume 1 (4am crack) disk 1.dsk","c366f29beee029dbb3dc9d1d4e14411db9fcaa44e71be44e6ee492f24dc4da0f","MICRO.T","SYSTEM.APPLE","49b1bbbd162e00df30a59b10aa591032e16b0fa5fec88512053827339b96383e","1e1f49d81a10939c89b0ceb20f4f619853c83c0c77c85774e991fd1119db6f69","a794041868fadff82cef8c00138bf051a091b9e4aaf23bb60e14956fcba450d7","e76a5c7158ade5f3f3539b434b554fffdc3efdb863b170695230f023a1033ac7","/Users/chris/Repos/pdisasm/Tools/pascal-results/images/c366f29beee029dbb3dc9d1d4e14411db9fcaa44e71be44e6ee492f24dc4da0f"
"images/educational/Comprehension (Prescription Learning) (4am crack) disk 1.dsk","f68cf666985d1d7397c7e3af2a7baeadd7f47793fe15db03290db44e12185fe5","BLANK","SYSTEM.APPLE","2443c23e7538ebfc0227525e4a80878dfae0b96a8a445cb1c4b4332f433a8ae6","ef890517c1eb403c6029ac1063aac4c197ca4617995f7eaa964f8bcc9e688844","1e5b7ec8369f6abe0d13a1b64e376e26f1cc94647f159f04bf9a85937bfcba4d","190f9410ae628d485d58a0b0ae1cc761c88233d916afdc9abb54443a80891003","/Users/chris/Repos/pdisasm/Tools/pascal-results/images/f68cf666985d1d7397c7e3af2a7baeadd7f47793fe15db03290db44e12185fe5"
"images/educational/Language Activities Courseware 4 disk B-2.dsk","a0eb09050be7db9354e1e484effccd483d2a86f6b6b137c43600e8a03251e575","DISKB2","SYSTEM.APPLE","49b1bbbd162e00df30a59b10aa591032e16b0fa5fec88512053827339b96383e","1e1f49d81a10939c89b0ceb20f4f619853c83c0c77c85774e991fd1119db6f69","ee26ba83eddf81c5c69c8f18d72f42dfa1b6e9f6450195836aac127ca6a98a2b","190f9410ae628d485d58a0b0ae1cc761c88233d916afdc9abb54443a80891003","/Users/chris/Repos/pdisasm/Tools/pascal-results/images/a0eb09050be7db9354e1e484effccd483d2a86f6b6b137c43600e8a03251e575"
"images/educational/Comprehension (Prescription Learning) (4am crack) disk 3.dsk","c9ee6bbc60b315c5d5a70dd4b366bfef6faf5b3241b82c8679a0a137431c7461","BLANK","SYSTEM.APPLE","2443c23e7538ebfc0227525e4a80878dfae0b96a8a445cb1c4b4332f433a8ae6","ef890517c1eb403c6029ac1063aac4c197ca4617995f7eaa964f8bcc9e688844","1e5b7ec8369f6abe0d13a1b64e376e26f1cc94647f159f04bf9a85937bfcba4d","190f9410ae628d485d58a0b0ae1cc761c88233d916afdc9abb54443a80891003","/Users/chris/Repos/pdisasm/Tools/pascal-results/images/c9ee6bbc60b315c5d5a70dd4b366bfef6faf5b3241b82c8679a0a137431c7461"
"images/educational/The Music Class - Symbols (4am crack) disk 4.dsk","9b2aa8060154e071c471049d511fb97508bc28a335148f14e9ae7e0178e71315","MBTK","SYSTEM.APPLE","7ce54508b9f1564c47d1db921b530c9702c6e91cee177ccbf89bc40f88a1bd5f","02f0576644c3c2d30ef8671fc8fba306a8123a3661e896eaac5393bc5a7c8a14","55861b014f93061482767912ac68f2fa239aef3bafa75cc2c3eb97436e6ba76c","190f9410ae628d485d58a0b0ae1cc761c88233d916afdc9abb54443a80891003","/Users/chris/Repos/pdisasm/Tools/pascal-results/images/9b2aa8060154e071c471049d511fb97508bc28a335148f14e9ae7e0178e71315"
"images/educational/Learning to Read - Letters, Words, and Sentences volume 1 (4am crack) disk 2.dsk","035b6c5740d9e90661f63538b7f068ad3e796c6541810a596d5a045edb7741c5","MICRO.T","SYSTEM.APPLE","49b1bbbd162e00df30a59b10aa591032e16b0fa5fec88512053827339b96383e","1e1f49d81a10939c89b0ceb20f4f619853c83c0c77c85774e991fd1119db6f69","2eeb5854bb76d103d254d840badb9eea558715dc74c8b6ce03ef4328ba226a1c","5a63cd59d55e1ad1e0cf9ee279080fb3aa8411bb49ee379a057c684b08ea122a","/Users/chris/Repos/pdisasm/Tools/pascal-results/images/035b6c5740d9e90661f63538b7f068ad3e796c6541810a596d5a045edb7741c5"
"images/educational/Flight 2 - Central Thought - Mercury-X.dsk","93dcd01155d9e432515d7ed2ab3fd3cb2e25995158f6c635c573086e683b53c7","R200","SYSTEM.APPLE","581a5c924979aed84c65add4a4400d11e312f6b7327b23d7358d497e8b687176","3189798e4f598903441f35941277fa9d412ea0cba298e662923f8e2e50003f29","f111a45e522555b92dfa288844589479279091b825113bc861a8da24c7b10bea","660b8947654a522a41aaa920ac430fdff7cdfad2fabf22fa455cf2941ffa9ee4","/Users/chris/Repos/pdisasm/Tools/pascal-results/images/93dcd01155d9e432515d7ed2ab3fd3cb2e25995158f6c635c573086e683b53c7"
"images/educational/Comprehension (Prescription Learning) (4am crack) disk 2.dsk","ae729e57771a7dca31ff1b95d8193e736f1dc64a7504db76f939995d15f79594","BLANK","SYSTEM.APPLE","2443c23e7538ebfc0227525e4a80878dfae0b96a8a445cb1c4b4332f433a8ae6","ef890517c1eb403c6029ac1063aac4c197ca4617995f7eaa964f8bcc9e688844","1e5b7ec8369f6abe0d13a1b64e376e26f1cc94647f159f04bf9a85937bfcba4d","190f9410ae628d485d58a0b0ae1cc761c88233d916afdc9abb54443a80891003","/Users/chris/Repos/pdisasm/Tools/pascal-results/images/ae729e57771a7dca31ff1b95d8193e736f1dc64a7504db76f939995d15f79594"
"images/educational/Addition (Prescription Learning) (4am crack) disk 1.dsk","ab2e1529be195cf7cdd7b1ac9d2fbaa9806bc352212dd1022381496863f5a54d","CLASMTH","SYSTEM.APPLE","7ce54508b9f1564c47d1db921b530c9702c6e91cee177ccbf89bc40f88a1bd5f","02f0576644c3c2d30ef8671fc8fba306a8123a3661e896eaac5393bc5a7c8a14","8c07c18fe5803ebde4878e8bf511ce3c8969f353498a1007331fe9e322ad5cef","190f9410ae628d485d58a0b0ae1cc761c88233d916afdc9abb54443a80891003","/Users/chris/Repos/pdisasm/Tools/pascal-results/images/ab2e1529be195cf7cdd7b1ac9d2fbaa9806bc352212dd1022381496863f5a54d"
"images/programming/misc/Apple Co-Pilot 1.dsk","56c76e6f07ab0c50226ddda7b58a1deb19f2313ee24589db38286a011986263c","PILOT1","RT0006.APPLE","de518684f8714600037db0ca85a780b641559568b3d81c32630546ffebdff24f","6dc9c38c6d99a5ea509b6d977b9729648e17bebf810eb9ef79bee1fcc07e7d01","6e03d304fe44a9492d92bf1fced61bde6f000f10a851f9a9d06dde11048de69c","77000b95cf63abb97971ac6236a79d05b1348a4f397ec132813b22df0498b6b3","/Users/chris/Repos/pdisasm/Tools/pascal-results/images/56c76e6f07ab0c50226ddda7b58a1deb19f2313ee24589db38286a011986263c"
"images/programming/misc/Apple Co-Pilot 2.dsk","215c6efc42bc3122206e8a3fc12f6b60f800fc3ffd24157bb72fef767c70bb64","PILOT2","RT0006.APPLE","de518684f8714600037db0ca85a780b641559568b3d81c32630546ffebdff24f","6dc9c38c6d99a5ea509b6d977b9729648e17bebf810eb9ef79bee1fcc07e7d01","6e03d304fe44a9492d92bf1fced61bde6f000f10a851f9a9d06dde11048de69c","77000b95cf63abb97971ac6236a79d05b1348a4f397ec132813b22df0498b6b3","/Users/chris/Repos/pdisasm/Tools/pascal-results/images/215c6efc42bc3122206e8a3fc12f6b60f800fc3ffd24157bb72fef767c70bb64"
"images/programming/misc/BAGL - Basic Apple Graphics Language (1984-Computer Easy).dsk","ddde1efe0ef229952c152a337654df8af718797d93da156f913eb9c7cb4b3477","BAGL","SYSTEM.APPLE","2443c23e7538ebfc0227525e4a80878dfae0b96a8a445cb1c4b4332f433a8ae6","ef890517c1eb403c6029ac1063aac4c197ca4617995f7eaa964f8bcc9e688844","e55dcdd0d70dfcbd722edd7156a534c3d6d4ec7bd81a566e72d7c69d5faad893","190f9410ae628d485d58a0b0ae1cc761c88233d916afdc9abb54443a80891003","/Users/chris/Repos/pdisasm/Tools/pascal-results/images/ddde1efe0ef229952c152a337654df8af718797d93da156f913eb9c7cb4b3477"
"images/programming/misc/SANE Disk 2.po","2d860eab9ce201549e1171d8c1d2547bc215ca03ec953acc1c97ed070aac3ed1","SANE2","SYSTEM.APPLE","49b1bbbd162e00df30a59b10aa591032e16b0fa5fec88512053827339b96383e","1e1f49d81a10939c89b0ceb20f4f619853c83c0c77c85774e991fd1119db6f69","1ba037e63c0f8f8800f2b93026b5ae791e45c9ea215cabe5d234e2346d8dc46c","190f9410ae628d485d58a0b0ae1cc761c88233d916afdc9abb54443a80891003","/Users/chris/Repos/pdisasm/Tools/pascal-results/images/2d860eab9ce201549e1171d8c1d2547bc215ca03ec953acc1c97ed070aac3ed1"
"images/programming/misc/APPLE_PILOT_hr.dsk","01a3c8bef76ea2cc052531bcd584dc40437e038a76bc842a1aa84e0727cb0ec7","AUTHOR1","RT0006.APPLE","94eb6d37113cf3b9a8e2fa93aadafa08bac16fdcc578138fd9ace5848fd45a73","6dc9c38c6d99a5ea509b6d977b9729648e17bebf810eb9ef79bee1fcc07e7d01","6e03d304fe44a9492d92bf1fced61bde6f000f10a851f9a9d06dde11048de69c","77000b95cf63abb97971ac6236a79d05b1348a4f397ec132813b22df0498b6b3","/Users/chris/Repos/pdisasm/Tools/pascal-results/images/01a3c8bef76ea2cc052531bcd584dc40437e038a76bc842a1aa84e0727cb0ec7"
"images/programming/misc/SANE2.do","c30e961e2d25e41f8343f67f83d1b03b367139f1f7e13bfd6bc32383acf3bfe2","SANE2","SYSTEM.APPLE","49b1bbbd162e00df30a59b10aa591032e16b0fa5fec88512053827339b96383e","1e1f49d81a10939c89b0ceb20f4f619853c83c0c77c85774e991fd1119db6f69","1ba037e63c0f8f8800f2b93026b5ae791e45c9ea215cabe5d234e2346d8dc46c","190f9410ae628d485d58a0b0ae1cc761c88233d916afdc9abb54443a80891003","/Users/chris/Repos/pdisasm/Tools/pascal-results/images/c30e961e2d25e41f8343f67f83d1b03b367139f1f7e13bfd6bc32383acf3bfe2"
"images/programming/pascal/ucsd/UCSD Pascal 1.2_1 Patched.DSK","261c3a0bc2d62a027688b5e6c26689ae9c2ce39e317d655c879259657c3ea9b6","APPLE1","SYSTEM.APPLE","7ce54508b9f1564c47d1db921b530c9702c6e91cee177ccbf89bc40f88a1bd5f","02f0576644c3c2d30ef8671fc8fba306a8123a3661e896eaac5393bc5a7c8a14","2b240af2c619b5e61b3f992a6dfadec3b05436c1aadfc1be264df95d48281375","190f9410ae628d485d58a0b0ae1cc761c88233d916afdc9abb54443a80891003","/Users/chris/Repos/pdisasm/Tools/pascal-results/images/261c3a0bc2d62a027688b5e6c26689ae9c2ce39e317d655c879259657c3ea9b6"
"images/programming/pascal/ucsd/UCSD Pascal 1.1_1.dsk","d6e7509a8ae0c0157f84634c40dd04c22f424b3540d344e5db10bc98fec74229","APPLE1","SYSTEM.APPLE","2443c23e7538ebfc0227525e4a80878dfae0b96a8a445cb1c4b4332f433a8ae6","ef890517c1eb403c6029ac1063aac4c197ca4617995f7eaa964f8bcc9e688844","e3996bf923db8a596935df7856da745b24f8afedd8a773d4034a9e796a2446cc","190f9410ae628d485d58a0b0ae1cc761c88233d916afdc9abb54443a80891003","/Users/chris/Repos/pdisasm/Tools/pascal-results/images/d6e7509a8ae0c0157f84634c40dd04c22f424b3540d344e5db10bc98fec74229"
"images/programming/pascal/ucsd/UCSD Pascal 1.2_1.DSK","25daeefe94df3d064a20bacf97eec5d24c75bca2c43b3400e5c60e34b17b1da0","APPLE1","SYSTEM.APPLE","7ce54508b9f1564c47d1db921b530c9702c6e91cee177ccbf89bc40f88a1bd5f","02f0576644c3c2d30ef8671fc8fba306a8123a3661e896eaac5393bc5a7c8a14","2b240af2c619b5e61b3f992a6dfadec3b05436c1aadfc1be264df95d48281375","190f9410ae628d485d58a0b0ae1cc761c88233d916afdc9abb54443a80891003","/Users/chris/Repos/pdisasm/Tools/pascal-results/images/25daeefe94df3d064a20bacf97eec5d24c75bca2c43b3400e5c60e34b17b1da0"
"images/programming/pascal/ucsd/UCSD Pascal 1.0_1.DSK","12f13f04c72260cf78e36c9271c7995565a5f27d0307f493621cf7dc26887745","APPLE1","SYSTEM.APPLE","974c1e5716e7e1c71215d54531a881e07268104f1e63c94648da54cd1e506672","6d94a0a72343c9147899422717669766597a35ebaf1638dc48901bf1f9b97373","00e5ccd2e0f58558e65181be8f38bf298b7bfefbf7a49918c35b73ec1775f992","190f9410ae628d485d58a0b0ae1cc761c88233d916afdc9abb54443a80891003","/Users/chris/Repos/pdisasm/Tools/pascal-results/images/12f13f04c72260cf78e36c9271c7995565a5f27d0307f493621cf7dc26887745"
"images/programming/pascal/MouseGraphics - Pascal.dsk","0d8b05274c555c3c5da08adc7e07e74aa7efb578018c8470f11780e9c78db58d","TK","SYSTEM.APPLE","6ebeb90720fa23f20f23009bc011194f5e1612ee52783b75ce87647b390b0bad","c5b5133699d622de967e40d8ee8f01c14e4a657b524064593e738f4c6d21e6b0","4afb90f4a9b122a422aff1e49b4b49561f53763d2ea359456b076426be6e1289","190f9410ae628d485d58a0b0ae1cc761c88233d916afdc9abb54443a80891003","/Users/chris/Repos/pdisasm/Tools/pascal-results/images/0d8b05274c555c3c5da08adc7e07e74aa7efb578018c8470f11780e9c78db58d"
"images/programming/pascal/instant/Apple Presents Apple II Instant Pascal - Side A.DSK","b5ea3a1620869b24f41e8c50a975496aa796743503bcc132aa8cd6904e08ad6f","MOUSE1","SYSTEM.APPLE","6701bcee4840864e6306d744c12fa3c6d47413321eebbe15cbe1bab3d23118e9","fb5421152940287c0c0c49d4c5b9b50074d7f33722b5c8c5d1a44acc2d537657","92810f1423b7faf44ba7acdff10af5985a941f69ed252f0164db98c4c5d5d965","190f9410ae628d485d58a0b0ae1cc761c88233d916afdc9abb54443a80891003","/Users/chris/Repos/pdisasm/Tools/pascal-results/images/b5ea3a1620869b24f41e8c50a975496aa796743503bcc132aa8cd6904e08ad6f"
"images/programming/pascal/Date, Number, and String IO utilities (Pascal) (D&L Computing).dsk","febf2e7596b1372837025cc80f03e43667006ea33cc7d98db85b86a1cecfce09","DEMO","SYSTEM.APPLE","47ffb6efa0d0047b8f37b5cb814eca7772af2ddec3e6e6522332992ef4aec70b","ef890517c1eb403c6029ac1063aac4c197ca4617995f7eaa964f8bcc9e688844","4742c7b1f18d2baa62d9ee0278aa069a4b44a7ee304f1dbb18bb5fe922734d83","190f9410ae628d485d58a0b0ae1cc761c88233d916afdc9abb54443a80891003","/Users/chris/Repos/pdisasm/Tools/pascal-results/images/febf2e7596b1372837025cc80f03e43667006ea33cc7d98db85b86a1cecfce09"
"images/programming/pascal/Apple Pascal Fortran Library 1.1.dsk","4400876a0243a0eaa72f5da7238e8200792f7edab13bec097b40c6377bf2aa71","FORT1","SYSTEM.APPLE","2443c23e7538ebfc0227525e4a80878dfae0b96a8a445cb1c4b4332f433a8ae6","ef890517c1eb403c6029ac1063aac4c197ca4617995f7eaa964f8bcc9e688844","","190f9410ae628d485d58a0b0ae1cc761c88233d916afdc9abb54443a80891003","/Users/chris/Repos/pdisasm/Tools/pascal-results/images/4400876a0243a0eaa72f5da7238e8200792f7edab13bec097b40c6377bf2aa71"
"images/programming/pascal/Visible Pascal disk 1 - Manager Disk (boot).dsk","cf7e58f1b9d3c9d5b76fb9d23895cf2c03f78165ddf71c16a8a6ec6e900d118a","MANAGER","SYSTEM.APPLE","2443c23e7538ebfc0227525e4a80878dfae0b96a8a445cb1c4b4332f433a8ae6","ef890517c1eb403c6029ac1063aac4c197ca4617995f7eaa964f8bcc9e688844","20da38bc712aa872311fb59160bb4b1179a18ed2099d5b5723ccf716ec27ed20","190f9410ae628d485d58a0b0ae1cc761c88233d916afdc9abb54443a80891003","/Users/chris/Repos/pdisasm/Tools/pascal-results/images/cf7e58f1b9d3c9d5b76fb9d23895cf2c03f78165ddf71c16a8a6ec6e900d118a"
"images/programming/pascal/Graphics Primitives - Pascal.dsk","7e65b96b1800123506ecd844bd12f4c9a9c25dca0f05d0cecabeba6d9e57d10b","TGP","SYSTEM.APPLE","6ebeb90720fa23f20f23009bc011194f5e1612ee52783b75ce87647b390b0bad","c5b5133699d622de967e40d8ee8f01c14e4a657b524064593e738f4c6d21e6b0","1648d0b8081190bbbee9808417a3dbcfcc83193605938f5be8bd52057c97ae66","190f9410ae628d485d58a0b0ae1cc761c88233d916afdc9abb54443a80891003","/Users/chris/Repos/pdisasm/Tools/pascal-results/images/7e65b96b1800123506ecd844bd12f4c9a9c25dca0f05d0cecabeba6d9e57d10b"
"images/programming/fortran/039_Apple_Fortran_Disks_1_and_2.dsk","d6e4530e9892346e674c72f081b1c41f2c5ce2cdb3e75b975094a961f8fccf67","FORT1","SYSTEM.APPLE","2443c23e7538ebfc0227525e4a80878dfae0b96a8a445cb1c4b4332f433a8ae6","ef890517c1eb403c6029ac1063aac4c197ca4617995f7eaa964f8bcc9e688844","","190f9410ae628d485d58a0b0ae1cc761c88233d916afdc9abb54443a80891003","/Users/chris/Repos/pdisasm/Tools/pascal-results/images/d6e4530e9892346e674c72f081b1c41f2c5ce2cdb3e75b975094a961f8fccf67"
"images/programming/fortran/FORT1.DSK","80dac74613318f08b4c45b6dbb860a129d1bed2592754004a2aba453a4f17299","FORT1","SYSTEM.APPLE","2443c23e7538ebfc0227525e4a80878dfae0b96a8a445cb1c4b4332f433a8ae6","ef890517c1eb403c6029ac1063aac4c197ca4617995f7eaa964f8bcc9e688844","3bf037a07e48f235f0de79b54342052e0f393545dfc8518ab748a3dc065d99f3","190f9410ae628d485d58a0b0ae1cc761c88233d916afdc9abb54443a80891003","/Users/chris/Repos/pdisasm/Tools/pascal-results/images/80dac74613318f08b4c45b6dbb860a129d1bed2592754004a2aba453a4f17299"
"images/programming/fortran/187_Fortran_FORT2.dsk","d05da5357cdcfa5c5f20d31196578e3b088793b4eb4d5ba20bcc06255c9d0413","FORT2","SYSTEM.APPLE","2443c23e7538ebfc0227525e4a80878dfae0b96a8a445cb1c4b4332f433a8ae6","ef890517c1eb403c6029ac1063aac4c197ca4617995f7eaa964f8bcc9e688844","3bf037a07e48f235f0de79b54342052e0f393545dfc8518ab748a3dc065d99f3","190f9410ae628d485d58a0b0ae1cc761c88233d916afdc9abb54443a80891003","/Users/chris/Repos/pdisasm/Tools/pascal-results/images/d05da5357cdcfa5c5f20d31196578e3b088793b4eb4d5ba20bcc06255c9d0413"
"images/masters/model_specific/Apple Presents the IIc - The Apple at Work (80-column)(alt).dsk","9d5793226915db3045b22033be7d1d728d60359ca0e75405cae67bfc8ca79acd","WORK.80","SYSTEM.APPLE","6ab94396865ed6942ced3b61fe998b3d043d921a7566963dee64f74c48fd876e","efe7629a1794860c2db6919e3f0b3f6e9437c94438626e22dd78d9ac523a55eb","","190f9410ae628d485d58a0b0ae1cc761c88233d916afdc9abb54443a80891003","/Users/chris/Repos/pdisasm/Tools/pascal-results/images/9d5793226915db3045b22033be7d1d728d60359ca0e75405cae67bfc8ca79acd"
"images/masters/model_specific/Apple_Presents_the_IIe (1986).dsk","24c7f31bf7cdb3aa5deca886520b12eafbbc651d0fc2f842da274c92d324602f","KBDRUN","SYSTEM.APPLE","8fb30ba2a7b54d49b55536d13db8252d192f230df14a2f0eba5a8830c9fe1c2e","e44ba3e9ef9840bec2b28407a825d29f9fb3e0cc1c84f137fa0c887489e21af6","09814b0ce5b84cd1856df50f662c5068654f9462f62a82768b4f999e02842576","190f9410ae628d485d58a0b0ae1cc761c88233d916afdc9abb54443a80891003","/Users/chris/Repos/pdisasm/Tools/pascal-results/images/24c7f31bf7cdb3aa5deca886520b12eafbbc651d0fc2f842da274c92d324602f"
"images/masters/model_specific/Apple_Presents_the_IIe (late 1982).dsk","8e87c6ccba39c94eb7ffe8a46f3bfcf8934964608886c59412f90699f05603ee","NO.DEMO","SYSTEM.APPLE","8fb30ba2a7b54d49b55536d13db8252d192f230df14a2f0eba5a8830c9fe1c2e","e44ba3e9ef9840bec2b28407a825d29f9fb3e0cc1c84f137fa0c887489e21af6","75f94b0ee07677a8a5ac711849d8b73752757884282ceaf2efe962edc0a78419","190f9410ae628d485d58a0b0ae1cc761c88233d916afdc9abb54443a80891003","/Users/chris/Repos/pdisasm/Tools/pascal-results/images/8e87c6ccba39c94eb7ffe8a46f3bfcf8934964608886c59412f90699f05603ee"
"images/masters/model_specific/Apple_Presents_the_IIe (mid 1982).dsk","e368ba1dc37000c40846a25f33fdbd784767f63711c25fc682b7c1686658db20","NO.DEMO","SYSTEM.APPLE","8fb30ba2a7b54d49b55536d13db8252d192f230df14a2f0eba5a8830c9fe1c2e","e44ba3e9ef9840bec2b28407a825d29f9fb3e0cc1c84f137fa0c887489e21af6","7bff9bff452a570b24b66053881e33a45ac7407b8340616b32e0751a3dbaacfe","190f9410ae628d485d58a0b0ae1cc761c88233d916afdc9abb54443a80891003","/Users/chris/Repos/pdisasm/Tools/pascal-results/images/e368ba1dc37000c40846a25f33fdbd784767f63711c25fc682b7c1686658db20"
"images/masters/model_specific/Apple Presents the IIe - An Introduction (alt).dsk","93204f97f1e7ecbff1dd51075064ca7da8232698a50c5046da4eba17d3110d11","KBDRUN","SYSTEM.APPLE","8fb30ba2a7b54d49b55536d13db8252d192f230df14a2f0eba5a8830c9fe1c2e","e44ba3e9ef9840bec2b28407a825d29f9fb3e0cc1c84f137fa0c887489e21af6","f3421e9674d4d29ff89b481704c3a393790b16699ae48ac187fc7d3840c4c9f4","190f9410ae628d485d58a0b0ae1cc761c88233d916afdc9abb54443a80891003","/Users/chris/Repos/pdisasm/Tools/pascal-results/images/93204f97f1e7ecbff1dd51075064ca7da8232698a50c5046da4eba17d3110d11"
"images/masters/model_specific/Apple IIc - Introduction.dsk","6f002ef2809a5badd5ff18c5b70669a8127c6d7475e6190de175ea841bee3552","KBDRUN","SYSTEM.APPLE","8fb30ba2a7b54d49b55536d13db8252d192f230df14a2f0eba5a8830c9fe1c2e","e44ba3e9ef9840bec2b28407a825d29f9fb3e0cc1c84f137fa0c887489e21af6","236666acc253495f77ea5cdac1c488c199344a651efcf33b0cce484de264889a","190f9410ae628d485d58a0b0ae1cc761c88233d916afdc9abb54443a80891003","/Users/chris/Repos/pdisasm/Tools/pascal-results/images/6f002ef2809a5badd5ff18c5b70669a8127c6d7475e6190de175ea841bee3552"
"images/masters/model_specific/Apple_Presents_the_IIe (1985).dsk","5c9d6d3348a431a2be247362891b2fae2f0531a8dbe89607f7e9c28f2ea0f02b","KBDRUN","SYSTEM.APPLE","8fb30ba2a7b54d49b55536d13db8252d192f230df14a2f0eba5a8830c9fe1c2e","e44ba3e9ef9840bec2b28407a825d29f9fb3e0cc1c84f137fa0c887489e21af6","f3421e9674d4d29ff89b481704c3a393790b16699ae48ac187fc7d3840c4c9f4","190f9410ae628d485d58a0b0ae1cc761c88233d916afdc9abb54443a80891003","/Users/chris/Repos/pdisasm/Tools/pascal-results/images/5c9d6d3348a431a2be247362891b2fae2f0531a8dbe89607f7e9c28f2ea0f02b"
"images/pd_collections/misc/334 - Trivia Wizards Sampler.DSK","2c1fdf0cef9c9d7229c7b9235dbd4ac4ab5844eb7d4d53b635220997e8ed36a3","SAMPLER","SYSTEM.APPLE","63c1c07794a1ab9e0965f68393001f5fc1fff55fe3b7cc6aa7fb12bf66f35097","2ec2736219293eb985f5da6faa66c76606ea981f4984aba3d1b2131fc6117f2c","e88de8826582aaa1cccc64b2f7e73140ce7ef0db4eaebd921741864621ff691b","048c089e53438cc7066a73065409827ee44a382c798ce3718897716279cfc3dc","/Users/chris/Repos/pdisasm/Tools/pascal-results/images/2c1fdf0cef9c9d7229c7b9235dbd4ac4ab5844eb7d4d53b635220997e8ed36a3"
"images/pd_collections/misc/375 - Lazertype.DSK","df0889fe1627cfa347cb596245841d7b9a554f382c9f7d75b325e280b769be54","MONROE","SYSTEM.APPLE","2443c23e7538ebfc0227525e4a80878dfae0b96a8a445cb1c4b4332f433a8ae6","ef890517c1eb403c6029ac1063aac4c197ca4617995f7eaa964f8bcc9e688844","790067da1f28cfb7fdc78be0a42a9d822ce9a6c09f8a1ece03a661f49ee92f71","190f9410ae628d485d58a0b0ae1cc761c88233d916afdc9abb54443a80891003","/Users/chris/Repos/pdisasm/Tools/pascal-results/images/df0889fe1627cfa347cb596245841d7b9a554f382c9f7d75b325e280b769be54"
"images/pd_collections/misc/TABBS_Archives.dmg!IIgs/IIgs Systems/PAS13SYS.SHK","7b33c9beafd2d126e2ea34a5576a0ef87d549aa00fee9a4a7284cc330021fc09","SYS","SYSTEM.APPLE","daa490d5e0bb98e1955081c0d268bed4a862a2b633bdc078b13d0d050a71c630","a8535382d7df95766093a6c734fe4feeade6fb4ce60fc065dc65c785308f8859","1f4ab0662f085269e76c315b2cd1ddea6fba56b84da34249f0eed97af3ffc7f6","8f968439593656e18877138ec53e978c1c4763c0d6246daca8ce67716a751092","/Users/chris/Repos/pdisasm/Tools/pascal-results/images/7b33c9beafd2d126e2ea34a5576a0ef87d549aa00fee9a4a7284cc330021fc09"
"images/pd_collections/misc/TABBS_Archives.dmg!Apple II/Apple II Games/TRIVIA.BXY","a98bc04b6989adf7b02b4cc348a7eba66fdd3f8b9694562a55014623ae10d56e","SAMPLER","SYSTEM.APPLE","63c1c07794a1ab9e0965f68393001f5fc1fff55fe3b7cc6aa7fb12bf66f35097","2ec2736219293eb985f5da6faa66c76606ea981f4984aba3d1b2131fc6117f2c","e88de8826582aaa1cccc64b2f7e73140ce7ef0db4eaebd921741864621ff691b","048c089e53438cc7066a73065409827ee44a382c798ce3718897716279cfc3dc","/Users/chris/Repos/pdisasm/Tools/pascal-results/images/a98bc04b6989adf7b02b4cc348a7eba66fdd3f8b9694562a55014623ae10d56e"
"images/pd_collections/misc/TABBS_Archives.dmg!Apple II/Systems/PASCALS.BXY","58bcab0aa9c7907980fc07fb4ff7cc501cafab1a84c1cd2ca65fda147304a644","SYS","SYSTEM.APPLE","daa490d5e0bb98e1955081c0d268bed4a862a2b633bdc078b13d0d050a71c630","a8535382d7df95766093a6c734fe4feeade6fb4ce60fc065dc65c785308f8859","1f4ab0662f085269e76c315b2cd1ddea6fba56b84da34249f0eed97af3ffc7f6","8f968439593656e18877138ec53e978c1c4763c0d6246daca8ce67716a751092","/Users/chris/Repos/pdisasm/Tools/pascal-results/images/58bcab0aa9c7907980fc07fb4ff7cc501cafab1a84c1cd2ca65fda147304a644"
"images/pd_collections/misc/TABBS_Archives.dmg!Apple2000/Disk Images/Apple IIGS Tour - Old Version","1839825640061130ccde94d87a21f8027ca0e70e16a2ab723c79fef896ab77c8","HALFONE","SYSTEM.APPLE","63c1c07794a1ab9e0965f68393001f5fc1fff55fe3b7cc6aa7fb12bf66f35097","2ec2736219293eb985f5da6faa66c76606ea981f4984aba3d1b2131fc6117f2c","9032266069f6a005750adcbcff6c450ac12fe192b8e7ac3d44f9a539df99640c","c7970cfa1e71fac107bc52d78765188371e30c0b3d66339000f73c5b72538763","/Users/chris/Repos/pdisasm/Tools/pascal-results/images/1839825640061130ccde94d87a21f8027ca0e70e16a2ab723c79fef896ab77c8"
"images/pd_collections/misc/TABBS_Archives.dmg!Apple2000/Apple2000 Apple II Library/Pascal/P001.BXY","05e9a0224c007c65843e6850f7ec61e9ae7df0d9dfb9905b05597a7208f79c0a","PAL1","SYSTEM.APPLE","974c1e5716e7e1c71215d54531a881e07268104f1e63c94648da54cd1e506672","6d94a0a72343c9147899422717669766597a35ebaf1638dc48901bf1f9b97373","e957656f7957e40fe7eb265d7142d19edd597a49cc621f3ccba123388db79946","190f9410ae628d485d58a0b0ae1cc761c88233d916afdc9abb54443a80891003","/Users/chris/Repos/pdisasm/Tools/pascal-results/images/05e9a0224c007c65843e6850f7ec61e9ae7df0d9dfb9905b05597a7208f79c0a"
"images/pd_collections/iac/IAC 22B.po","e02db2e1c42e011d1cff9c1f75cce4d8ed99941e0ba3f302fd133c664f9417f0","IACBASE","SYSTEM.APPLE","2443c23e7538ebfc0227525e4a80878dfae0b96a8a445cb1c4b4332f433a8ae6","ef890517c1eb403c6029ac1063aac4c197ca4617995f7eaa964f8bcc9e688844","d1dc1293cf9becf1257ec2f46cfdca77030a2e2e283b6c0df76e5c3af259e646","190f9410ae628d485d58a0b0ae1cc761c88233d916afdc9abb54443a80891003","/Users/chris/Repos/pdisasm/Tools/pascal-results/images/e02db2e1c42e011d1cff9c1f75cce4d8ed99941e0ba3f302fd133c664f9417f0"
"images/pd_collections/iac/IAC 22A.po","cae3d8c4a8115fc00ecfd0d142c5f8a8ec3532a8b17f2d03eb15d7f25bf2e758","IACDOC","SYSTEM.APPLE","2443c23e7538ebfc0227525e4a80878dfae0b96a8a445cb1c4b4332f433a8ae6","ef890517c1eb403c6029ac1063aac4c197ca4617995f7eaa964f8bcc9e688844","570d2f5e448092aff545fb8644b5c1d316b4e5c54c6bc2d1d7ea1d7a06041c01","190f9410ae628d485d58a0b0ae1cc761c88233d916afdc9abb54443a80891003","/Users/chris/Repos/pdisasm/Tools/pascal-results/images/cae3d8c4a8115fc00ecfd0d142c5f8a8ec3532a8b17f2d03eb15d7f25bf2e758"
"images/sound/Imagination Music.dsk","3535a89776d0256fb0ba4947a60a441b4df79ccb307c4715478b8531c3a805f1","MUSIC","SYSTEM.APPLE","2443c23e7538ebfc0227525e4a80878dfae0b96a8a445cb1c4b4332f433a8ae6","ef890517c1eb403c6029ac1063aac4c197ca4617995f7eaa964f8bcc9e688844","b9510419593755c449dab8dfad5d9ce94d782098eab607acedb78a2abe7d8e29","190f9410ae628d485d58a0b0ae1cc761c88233d916afdc9abb54443a80891003","/Users/chris/Repos/pdisasm/Tools/pascal-results/images/3535a89776d0256fb0ba4947a60a441b4df79ccb307c4715478b8531c3a805f1"
"images/games/misc/Magic Mover.DSK","98f3ce4e97fae98d8e70e5281cefd8f3da9ef6bf06e75eca9b7226049702a71f","MAGIC","SYSTEM.APPLE","7ce54508b9f1564c47d1db921b530c9702c6e91cee177ccbf89bc40f88a1bd5f","02f0576644c3c2d30ef8671fc8fba306a8123a3661e896eaac5393bc5a7c8a14","2b240af2c619b5e61b3f992a6dfadec3b05436c1aadfc1be264df95d48281375","190f9410ae628d485d58a0b0ae1cc761c88233d916afdc9abb54443a80891003","/Users/chris/Repos/pdisasm/Tools/pascal-results/images/98f3ce4e97fae98d8e70e5281cefd8f3da9ef6bf06e75eca9b7226049702a71f"
"images/games/misc/high_stakes.dsk","0c68b88c687227029524bc00ff18ad354b705fcc069687685cdaf0210e2fe960","G1","SYSTEM.APPLE","be03ed4a17e4a28c1a11e0268ec73ff69516b432e513feedd2b24710b8dc7419","1e1f49d81a10939c89b0ceb20f4f619853c83c0c77c85774e991fd1119db6f69","c2182744860e3cb1a2057518596223ed0b4f8abea36fa174f1608d823d609ac9","d153d92d70312cfe7fd35df4bf405d6c1a5c1fbd203a1163b35ca6ef369d649d","/Users/chris/Repos/pdisasm/Tools/pascal-results/images/0c68b88c687227029524bc00ff18ad354b705fcc069687685cdaf0210e2fe960"
"images/games/misc/Racter (4am crack).dsk","8335302fbbdee6c176257cbd8afcb08c1f79e6e596d09eeff6126e5e85d84847","RACTER","SYSTEM.APPLE","303e6e8d16efd87b05f86214744fc4a768fe3357092eb8c41d0f5c28e1c86453","fb5421152940287c0c0c49d4c5b9b50074d7f33722b5c8c5d1a44acc2d537657","85a4cd902d1cb48ee224d4741cb67eaa1280971bde9150a1edb7797142db7e47","9037907cab123040de5e652bc7c49482a7363e4d78dbfaef520cfcf50d746bea","/Users/chris/Repos/pdisasm/Tools/pascal-results/images/8335302fbbdee6c176257cbd8afcb08c1f79e6e596d09eeff6126e5e85d84847"
"images/games/misc/racter.dsk","c318fd47c9461870a338b37fca6e207f8514d5c38f20459a59a05692fed524f2","RACTER","SYSTEM.APPLE","303e6e8d16efd87b05f86214744fc4a768fe3357092eb8c41d0f5c28e1c86453","fb5421152940287c0c0c49d4c5b9b50074d7f33722b5c8c5d1a44acc2d537657","85a4cd902d1cb48ee224d4741cb67eaa1280971bde9150a1edb7797142db7e47","df654f133f1e6fb48268ce32d9b20a10efda92ff3f1c9f0bd66371a42830085e","/Users/chris/Repos/pdisasm/Tools/pascal-results/images/c318fd47c9461870a338b37fca6e207f8514d5c38f20459a59a05692fed524f2"
"images/games/board/Strategic Craps.dsk","cec5945d108ed5f342caad9d93876fa142ba5f72f67e4e78004a9ba8c14c386f","CRAPS","SYSTEM.APPLE","67adc957afa1fc3cae9177ef42846ea1c31fd44f5a00e0694f63acafd248aed5","3189798e4f598903441f35941277fa9d412ea0cba298e662923f8e2e50003f29","2ce512f5b8bb7e204adbb2d0f51d5339117aa0ab404ec0d16377b312720caffe","190f9410ae628d485d58a0b0ae1cc761c88233d916afdc9abb54443a80891003","/Users/chris/Repos/pdisasm/Tools/pascal-results/images/cec5945d108ed5f342caad9d93876fa142ba5f72f67e4e78004a9ba8c14c386f"
"images/games/board/VegasVideoPoker.dsk","9e1eac2e7ea83a40a0af4f48cba2b6ea08aa4b7e589aea5b8eb5732a6c316406","POKER","RTSTRP.APPLE","20825a7ef1aaa49f5a0a830791bb6aac7f10cfd6d7f7637a2de9e10e4d6ff238","2dc60c5c04c061bcff0771a5742820e6815e52aa0c60246301286d61e5258009","85a4cd902d1cb48ee224d4741cb67eaa1280971bde9150a1edb7797142db7e47","6f95245e71173839bf5f064e06c4f78de1728c77bc9a4f04be58a1a1b44dc943","/Users/chris/Repos/pdisasm/Tools/pascal-results/images/9e1eac2e7ea83a40a0af4f48cba2b6ea08aa4b7e589aea5b8eb5732a6c316406"
"images/games/rpg/misc/wizardyscenarioeditorthebigm.dsk","866d949b1256654bcada73d132ebcbaf194ca809ea54a1d094344121522acc1f","DELF","SYSTEM.APPLE","2443c23e7538ebfc0227525e4a80878dfae0b96a8a445cb1c4b4332f433a8ae6","ef890517c1eb403c6029ac1063aac4c197ca4617995f7eaa964f8bcc9e688844","41757dac46111834840cf2f066ca9adb716f09b29e9ef5a49d3e0b1c671a2d6d","190f9410ae628d485d58a0b0ae1cc761c88233d916afdc9abb54443a80891003","/Users/chris/Repos/pdisasm/Tools/pascal-results/images/866d949b1256654bcada73d132ebcbaf194ca809ea54a1d094344121522acc1f"
"images/games/rpg/misc/J-Port.dsk","9a826f55dabacd18547849eff4655551c9acee4b15c8e5da2805b90856aade6c","R","SYSTEM.APPLE","7ce54508b9f1564c47d1db921b530c9702c6e91cee177ccbf89bc40f88a1bd5f","02f0576644c3c2d30ef8671fc8fba306a8123a3661e896eaac5393bc5a7c8a14","40c10129a215b55b8c61b8d949cdf3d8bce945561f3007b81dbe42f2c8bf852b","190f9410ae628d485d58a0b0ae1cc761c88233d916afdc9abb54443a80891003","/Users/chris/Repos/pdisasm/Tools/pascal-results/images/9a826f55dabacd18547849eff4655551c9acee4b15c8e5da2805b90856aade6c"
"images/games/rpg/universe_2/Univ2a.dsk","fa5eecba7dad2417aae8c337dc38e276dfba78aaaca1377fe4437a3ceaba4c8f","A","SYSTEM.APPLE","96b3a45ae3486a211744af24da5ea18fddacb1800d9a65f5749333d66e574cbd","2ec2736219293eb985f5da6faa66c76606ea981f4984aba3d1b2131fc6117f2c","c20104c2bdc07e825989223ce4d4346cf5c8041122fb2b0361abd4538ec2bf46","190f9410ae628d485d58a0b0ae1cc761c88233d916afdc9abb54443a80891003","/Users/chris/Repos/pdisasm/Tools/pascal-results/images/fa5eecba7dad2417aae8c337dc38e276dfba78aaaca1377fe4437a3ceaba4c8f"
"images/games/rpg/wiz_plus/wiz_plus.dsk","5dd1674da5ac5b8944313808166ea0a861d20282b44b2ddcccd004b0ba0bcb97","WIZPLS","RTSTND.APPLE","c8fce08c8a30307d4b2bb7c3cd2534006840025b4813e0231994800a0061a606","aaa96b0c5648f67d1217e6cbbba76e5447531a0cfed515a49adcc6148e7b6220","02c81bbb9b867a984775c71bea5eb8d149b51864cbfdfae66bde5f9d3b42bd50","2ffb04276585facf6703ba691cfbc0cbf017eddedcdff54575320595bd960ed1","/Users/chris/Repos/pdisasm/Tools/pascal-results/images/5dd1674da5ac5b8944313808166ea0a861d20282b44b2ddcccd004b0ba0bcb97"
"images/games/rpg/wiz_plus/wizplus.dsk","8a5cca5419e6c30a862465239d4a8c1fe5e49593d707d42b39c3e15ca88a45a9","WIZPLS","RTSTND.APPLE","c8fce08c8a30307d4b2bb7c3cd2534006840025b4813e0231994800a0061a606","aaa96b0c5648f67d1217e6cbbba76e5447531a0cfed515a49adcc6148e7b6220","02c81bbb9b867a984775c71bea5eb8d149b51864cbfdfae66bde5f9d3b42bd50","2ffb04276585facf6703ba691cfbc0cbf017eddedcdff54575320595bd960ed1","/Users/chris/Repos/pdisasm/Tools/pascal-results/images/8a5cca5419e6c30a862465239d4a8c1fe5e49593d707d42b39c3e15ca88a45a9"
"images/games/rpg/wizardry/wizardry_I/wizardry_i_boot.dsk","99a982c2a711adc545d6e17a71df7350ff9b2336c3013e131f3b4bdc741d0229","WBV2.1","RTSTRP.APPLE","93629b22a4916e1f8affaa738a0637665191940152928b5c7d876ff9d800a113","aaa96b0c5648f67d1217e6cbbba76e5447531a0cfed515a49adcc6148e7b6220","00aac73bdb87d47fcd83483ef29c6b36d75397d56cd721edbad885473e29d20c","6f95245e71173839bf5f064e06c4f78de1728c77bc9a4f04be58a1a1b44dc943","/Users/chris/Repos/pdisasm/Tools/pascal-results/images/99a982c2a711adc545d6e17a71df7350ff9b2336c3013e131f3b4bdc741d0229"
"images/games/rpg/wizardry/wizardry_I/Wizardry - Proving Grounds of the Mad Overlord v2.1 - boot disk (san inc crack).dsk","fb75ed31f53ee3ca2b57b2df5e8759434f3d773d43bd9433beda6c956d12091a","WBV2.1","RTSTRP.APPLE","93629b22a4916e1f8affaa738a0637665191940152928b5c7d876ff9d800a113","aaa96b0c5648f67d1217e6cbbba76e5447531a0cfed515a49adcc6148e7b6220","00aac73bdb87d47fcd83483ef29c6b36d75397d56cd721edbad885473e29d20c","6f95245e71173839bf5f064e06c4f78de1728c77bc9a4f04be58a1a1b44dc943","/Users/chris/Repos/pdisasm/Tools/pascal-results/images/fb75ed31f53ee3ca2b57b2df5e8759434f3d773d43bd9433beda6c956d12091a"
"images/games/rpg/wizardry/wizardry_II/wizardry_ii_1.dsk","6ebaf84bb2642c89d093ed28237d26d4ee3c8f61f4b70d9506c8c317a9cc9355","KODBV2","RTSTRP.APPLE","fb909d174d2c1951a3796b4692446d9aa812ad555146874c57a6bef6719d08bd","aaa96b0c5648f67d1217e6cbbba76e5447531a0cfed515a49adcc6148e7b6220","00aac73bdb87d47fcd83483ef29c6b36d75397d56cd721edbad885473e29d20c","6f95245e71173839bf5f064e06c4f78de1728c77bc9a4f04be58a1a1b44dc943","/Users/chris/Repos/pdisasm/Tools/pascal-results/images/6ebaf84bb2642c89d093ed28237d26d4ee3c8f61f4b70d9506c8c317a9cc9355"
"images/games/rpg/wizardry/wizardry_II/Wizardry II - Knight of Diamonds - boot disk (san inc crack).dsk","94e0ac72ec1888a85b3e8e5f27cdf559fbc1d42e97d848b8783969b82abef96b","KODBV2","RTSTRP.APPLE","fb909d174d2c1951a3796b4692446d9aa812ad555146874c57a6bef6719d08bd","aaa96b0c5648f67d1217e6cbbba76e5447531a0cfed515a49adcc6148e7b6220","00aac73bdb87d47fcd83483ef29c6b36d75397d56cd721edbad885473e29d20c","6f95245e71173839bf5f064e06c4f78de1728c77bc9a4f04be58a1a1b44dc943","/Users/chris/Repos/pdisasm/Tools/pascal-results/images/94e0ac72ec1888a85b3e8e5f27cdf559fbc1d42e97d848b8783969b82abef96b"
"images/games/rpg/wizardry/WIZ_FINEOUS_REVENGE_S1(bootWrtProt).dsk","914c56fbbd0f226914c8fa18a50878b28fc83fb91f608018cad597d8a0b51639","WIZB0","RTSTRP.APPLE","93629b22a4916e1f8affaa738a0637665191940152928b5c7d876ff9d800a113","aaa96b0c5648f67d1217e6cbbba76e5447531a0cfed515a49adcc6148e7b6220","00aac73bdb87d47fcd83483ef29c6b36d75397d56cd721edbad885473e29d20c","6f95245e71173839bf5f064e06c4f78de1728c77bc9a4f04be58a1a1b44dc943","/Users/chris/Repos/pdisasm/Tools/pascal-results/images/914c56fbbd0f226914c8fa18a50878b28fc83fb91f608018cad597d8a0b51639"
"images/games/rpg/wizardry/wizardry_III/wizardry_iii_1.dsk","92fa210805072d5c1f93eba023d9acf9c766a32edd36256201a7521d7036059f","KODBV2","RTSTRP.APPLE","fb909d174d2c1951a3796b4692446d9aa812ad555146874c57a6bef6719d08bd","aaa96b0c5648f67d1217e6cbbba76e5447531a0cfed515a49adcc6148e7b6220","c4e561fddb5d40c716ddcfff4f6c49c476d106cd0860b27e153960155baaec14","6f95245e71173839bf5f064e06c4f78de1728c77bc9a4f04be58a1a1b44dc943","/Users/chris/Repos/pdisasm/Tools/pascal-results/images/92fa210805072d5c1f93eba023d9acf9c766a32edd36256201a7521d7036059f"
"images/games/rpg/wizardry/wizardry_III/Wizardry III - Legacy of Llylgamyn - boot disk (san inc crack).dsk","c7376b2df6edf441b174aed59ac1bdbe12d43891847c4cf8496883813c1ea21f","LOLBOOT","RTSTRP.APPLE","fb909d174d2c1951a3796b4692446d9aa812ad555146874c57a6bef6719d08bd","aaa96b0c5648f67d1217e6cbbba76e5447531a0cfed515a49adcc6148e7b6220","c4e561fddb5d40c716ddcfff4f6c49c476d106cd0860b27e153960155baaec14","6f95245e71173839bf5f064e06c4f78de1728c77bc9a4f04be58a1a1b44dc943","/Users/chris/Repos/pdisasm/Tools/pascal-results/images/c7376b2df6edf441b174aed59ac1bdbe12d43891847c4cf8496883813c1ea21f"
"images/games/simulation/Gato v1.3.dsk","406cb9ee82e8c428aab21f7e00c6f066141b2847a8efb996e1dd485d0b7fe3e8","GATO","SYSTEM.APPLE","bef424a9677dbcf5c43ff3b3b57af8564b60ce8f6815569cbca9fd7a48708207","fb5421152940287c0c0c49d4c5b9b50074d7f33722b5c8c5d1a44acc2d537657","5fbfd9105449fc0f3f4f98d11ca1ee67ba39117a8d49f6b1cfebe333533cece3","afa9d31c7b2b414f98948d92e2f37068b3376fdc16c494fd92d3c78b421b48ac","/Users/chris/Repos/pdisasm/Tools/pascal-results/images/406cb9ee82e8c428aab21f7e00c6f066141b2847a8efb996e1dd485d0b7fe3e8"
"images/games/simulation/gato (Warezird crack).dsk","b9dd2e0bc904b081724edd0b37dcaa669c86352cc909f960f454e67b76fe57c8","GATO","SYSTEM.APPLE","6701bcee4840864e6306d744c12fa3c6d47413321eebbe15cbe1bab3d23118e9","fb5421152940287c0c0c49d4c5b9b50074d7f33722b5c8c5d1a44acc2d537657","03fdee7eadd9973e3173f1f6e5d0e9b6445dcd1951e575cefa9537c0e419ea8d","3198f793cb1e506653f842d2b2b975f5990bbb57f4402401338587c921548491","/Users/chris/Repos/pdisasm/Tools/pascal-results/images/b9dd2e0bc904b081724edd0b37dcaa669c86352cc909f960f454e67b76fe57c8"
"images/games/adventure/JPORT.dsk","e01264e400ec2ec7365f9a5fe011583b444607d7daf291310326b01695832168","R","SYSTEM.APPLE","7ce54508b9f1564c47d1db921b530c9702c6e91cee177ccbf89bc40f88a1bd5f","02f0576644c3c2d30ef8671fc8fba306a8123a3661e896eaac5393bc5a7c8a14","40c10129a215b55b8c61b8d949cdf3d8bce945561f3007b81dbe42f2c8bf852b","190f9410ae628d485d58a0b0ae1cc761c88233d916afdc9abb54443a80891003","/Users/chris/Repos/pdisasm/Tools/pascal-results/images/e01264e400ec2ec7365f9a5fe011583b444607d7daf291310326b01695832168"
"images/games/adventure/James Bond 007 in A View To A Kill (4am crack).dsk","46541c22734c269950dcd941936ce0043614a1985a459d8e4ee3fee991477ce1","G1","SYSTEM.APPLE","b0d6ae9829da793cf605ae4cfc09b229f8130cd46a53db451eed226d8a986873","1e1f49d81a10939c89b0ceb20f4f619853c83c0c77c85774e991fd1119db6f69","c2182744860e3cb1a2057518596223ed0b4f8abea36fa174f1608d823d609ac9","9ce27c33efc5577156dc89b80135fda17a450796618487fa894e876887aea67e","/Users/chris/Repos/pdisasm/Tools/pascal-results/images/46541c22734c269950dcd941936ce0043614a1985a459d8e4ee3fee991477ce1"
"images/games/adventure/ForbiddenQuest.dsk","75e463a02a02b5573775a583536041e09bf4faafd6eaa56b13bec5afdc20eeda","FBQUEST","RTSTRP.APPLE","5daf3a85ca8f09d3fd09e045c7fbf6240651734b88ad7bcc274b18e930791afc","aaa96b0c5648f67d1217e6cbbba76e5447531a0cfed515a49adcc6148e7b6220","4fbeeeac4d671c5a1209f57bdce6f0a329136066d67a65bf419c056e7e6bbd3d","6f95245e71173839bf5f064e06c4f78de1728c77bc9a4f04be58a1a1b44dc943","/Users/chris/Repos/pdisasm/Tools/pascal-results/images/75e463a02a02b5573775a583536041e09bf4faafd6eaa56b13bec5afdc20eeda"
"images/games/adventure/earthly_delights/earthlydelights1.dsk","3eecf45b31aba4a9b599f845ab865c02ba81965344df6c88330b270a9379dfcd","BOOT","RTSTND.APPLE","1d5cd21aef92011d473d8403366f05bedc878ca77ec5ce855281f1109ee2f770","2dc60c5c04c061bcff0771a5742820e6815e52aa0c60246301286d61e5258009","e6311ada386b286b2318284da7fe7b25b005a166d53ad71ee951f821caf4f77b","2ffb04276585facf6703ba691cfbc0cbf017eddedcdff54575320595bd960ed1","/Users/chris/Repos/pdisasm/Tools/pascal-results/images/3eecf45b31aba4a9b599f845ab865c02ba81965344df6c88330b270a9379dfcd"
"images/games/adventure/scott_adams/VoodooIsland.dsk","06d00c80ceb5cda6edb3a39724b256fb8124cf894ebe2c1559ce8f2047f9b2a7","G1","SYSTEM.APPLE","b0d6ae9829da793cf605ae4cfc09b229f8130cd46a53db451eed226d8a986873","1e1f49d81a10939c89b0ceb20f4f619853c83c0c77c85774e991fd1119db6f69","c2182744860e3cb1a2057518596223ed0b4f8abea36fa174f1608d823d609ac9","4009f9ddaf4d3f79e6bb60bffed2b7452fdebede2cc218226617cccf9c35926b","/Users/chris/Repos/pdisasm/Tools/pascal-results/images/06d00c80ceb5cda6edb3a39724b256fb8124cf894ebe2c1559ce8f2047f9b2a7"
"images/games/adventure/J-ADVENTURE.dsk","13665abf817e7a4b19884fc26cd216b107da934ab247446d5d2aa04ffa0d6504","R","SYSTEM.APPLE","7ce54508b9f1564c47d1db921b530c9702c6e91cee177ccbf89bc40f88a1bd5f","02f0576644c3c2d30ef8671fc8fba306a8123a3661e896eaac5393bc5a7c8a14","40c10129a215b55b8c61b8d949cdf3d8bce945561f3007b81dbe42f2c8bf852b","190f9410ae628d485d58a0b0ae1cc761c88233d916afdc9abb54443a80891003","/Users/chris/Repos/pdisasm/Tools/pascal-results/images/13665abf817e7a4b19884fc26cd216b107da934ab247446d5d2aa04ffa0d6504"
"images/games/adventure/The Mist (4am crack).dsk","996cd4a54e2a3099ac1b898901f575062c2a7de36ee9b4f579fbbfcf041872cb","G1","SYSTEM.APPLE","b0d6ae9829da793cf605ae4cfc09b229f8130cd46a53db451eed226d8a986873","1e1f49d81a10939c89b0ceb20f4f619853c83c0c77c85774e991fd1119db6f69","c2182744860e3cb1a2057518596223ed0b4f8abea36fa174f1608d823d609ac9","9ce27c33efc5577156dc89b80135fda17a450796618487fa894e876887aea67e","/Users/chris/Repos/pdisasm/Tools/pascal-results/images/996cd4a54e2a3099ac1b898901f575062c2a7de36ee9b4f579fbbfcf041872cb"
"images/games/adventure/007_view_to_kill.dsk","1b9eef680ab56895714aedcdce255ad07008ddd49501291f50adb52534f69b59","G1","SYSTEM.APPLE","aba7065ec4f3d930cd0151ca112de11430fae3c2af07b059fb95ab66bdbc7451","1e1f49d81a10939c89b0ceb20f4f619853c83c0c77c85774e991fd1119db6f69","ccaa62f0a524515a2342192c2b3173ae65d2ffd17714f3fd59db084b4b9ccffa","a5bdda40f2a7b5f6937e500e77315d4be588dc10c178c85f13f89cf336fefc9f","/Users/chris/Repos/pdisasm/Tools/pascal-results/images/1b9eef680ab56895714aedcdce255ad07008ddd49501291f50adb52534f69b59"
"images/games/adventure/ForbiddenCastle.dsk","bedfd92519383c28f5a71f153573450c68a9f20d9861a6239c7518abffff08e1","G1","SYSTEM.APPLE","b0d6ae9829da793cf605ae4cfc09b229f8130cd46a53db451eed226d8a986873","1e1f49d81a10939c89b0ceb20f4f619853c83c0c77c85774e991fd1119db6f69","c2182744860e3cb1a2057518596223ed0b4f8abea36fa174f1608d823d609ac9","4804e1eeca70d6f0d1806ee576eb5d70d3c85156f2b29b97dd873e8480bd739f","/Users/chris/Repos/pdisasm/Tools/pascal-results/images/bedfd92519383c28f5a71f153573450c68a9f20d9861a6239c7518abffff08e1"
"images/games/adventure/007_gold_finger.dsk","cd6b73510be2bada438648e56a4ca44b003211248e40a0a4dd634c01974b5f36","G1","SYSTEM.APPLE","1d2b69d5878ce68e76bb5cc83bef3e0d8bd1e8065e11e704387eaf21e3ec1977","1e1f49d81a10939c89b0ceb20f4f619853c83c0c77c85774e991fd1119db6f69","c2182744860e3cb1a2057518596223ed0b4f8abea36fa174f1608d823d609ac9","e41925ca27d29ed6897228ab0fae0cd7c57897ae2acad12724776e4e14ce7b00","/Users/chris/Repos/pdisasm/Tools/pascal-results/images/cd6b73510be2bada438648e56a4ca44b003211248e40a0a4dd634c01974b5f36"
"images/games/adventure/indiana_jones_revenge_of_the_ancients.dsk","9735b5f0239da7d6c36c4c5a8a278d26da1981cbae66136701cdaa06662d3143","G1","SYSTEM.APPLE","b0d6ae9829da793cf605ae4cfc09b229f8130cd46a53db451eed226d8a986873","1e1f49d81a10939c89b0ceb20f4f619853c83c0c77c85774e991fd1119db6f69","c2182744860e3cb1a2057518596223ed0b4f8abea36fa174f1608d823d609ac9","0e9bc50b35680a4da922ded0af38b27b7ef2d6d40aaa3e26025c8d9487f57b88","/Users/chris/Repos/pdisasm/Tools/pascal-results/images/9735b5f0239da7d6c36c4c5a8a278d26da1981cbae66136701cdaa06662d3143"
"images/games/sports/APBABaseball-DraftDisk.dsk","6852eb58060fd48492da13ac878b394a7cabceb79042664f2f36f96d38623e2b","DRFTMTR","SYSTEM.APPLE","63c1c07794a1ab9e0965f68393001f5fc1fff55fe3b7cc6aa7fb12bf66f35097","2ec2736219293eb985f5da6faa66c76606ea981f4984aba3d1b2131fc6117f2c","3144081b4ff91d7c191f7c76cad999070507733928f47cdf61edea53dd96a9a1","048c089e53438cc7066a73065409827ee44a382c798ce3718897716279cfc3dc","/Users/chris/Repos/pdisasm/Tools/pascal-results/images/6852eb58060fd48492da13ac878b394a7cabceb79042664f2f36f96d38623e2b"
"images/games/sports/APBABaseball-MasterProgram.dsk","7231a6de84d9a24be5c36d8e9bd0b5c0512b64dd265d979a42fe105c7cc04ba2","BBMSTR","SYSTEM.APPLE","63c1c07794a1ab9e0965f68393001f5fc1fff55fe3b7cc6aa7fb12bf66f35097","2ec2736219293eb985f5da6faa66c76606ea981f4984aba3d1b2131fc6117f2c","9b90b75c785d1b6dd4160304d7e737260a8cc62ca05f7675136092949d282ac4","048c089e53438cc7066a73065409827ee44a382c798ce3718897716279cfc3dc","/Users/chris/Repos/pdisasm/Tools/pascal-results/images/7231a6de84d9a24be5c36d8e9bd0b5c0512b64dd265d979a42fe105c7cc04ba2"
"images/games/action/APPLE_STELLAR_INVADERS_hr.dsk","4dfeabafdfe0ef18d42343aac25045f531467f18497382c023a1038d6c759356","INVADER","RTSTRP.APPLE","16b484364f0a0467b9cc359d87c65d15e1130cff2d53ee0e92b7fba367b69961","aaa96b0c5648f67d1217e6cbbba76e5447531a0cfed515a49adcc6148e7b6220","","6f95245e71173839bf5f064e06c4f78de1728c77bc9a4f04be58a1a1b44dc943","/Users/chris/Repos/pdisasm/Tools/pascal-results/images/4dfeabafdfe0ef18d42343aac25045f531467f18497382c023a1038d6c759356"
"images/games/action/Rambo - First Blood Part II (1985) (Angelsoft).dsk","c09611378f0b01158fe1a582ab38250f1d61767da8ff411d56bab141af1682f2","G1","SYSTEM.APPLE","b0d6ae9829da793cf605ae4cfc09b229f8130cd46a53db451eed226d8a986873","1e1f49d81a10939c89b0ceb20f4f619853c83c0c77c85774e991fd1119db6f69","c2182744860e3cb1a2057518596223ed0b4f8abea36fa174f1608d823d609ac9","bfb5cb362010256ba84db84fc89aa65bfef6fff6eaf0125de3e367bc568653d7","/Users/chris/Repos/pdisasm/Tools/pascal-results/images/c09611378f0b01158fe1a582ab38250f1d61767da8ff411d56bab141af1682f2"
"images/games/action/Rambo First Blood Part II (4am crack).dsk","9dcdb6f1f663695663dd5779fb577dc0dc74b188e6abf71e48713c602d0061db","G1","SYSTEM.APPLE","b0d6ae9829da793cf605ae4cfc09b229f8130cd46a53db451eed226d8a986873","1e1f49d81a10939c89b0ceb20f4f619853c83c0c77c85774e991fd1119db6f69","c2182744860e3cb1a2057518596223ed0b4f8abea36fa174f1608d823d609ac9","42d839d4a927933a9ef041c4e6faffdf534260cc0eeeaf4c842debbcafec8e5a","/Users/chris/Repos/pdisasm/Tools/pascal-results/images/9dcdb6f1f663695663dd5779fb577dc0dc74b188e6abf71e48713c602d0061db"
"images/games/action/RamboFirstBloodPart2.dsk","642478967d0d343e9c09547f8cea2125796973689ac3c7675b8927eb7164864d","G1","SYSTEM.APPLE","b0d6ae9829da793cf605ae4cfc09b229f8130cd46a53db451eed226d8a986873","1e1f49d81a10939c89b0ceb20f4f619853c83c0c77c85774e991fd1119db6f69","c2182744860e3cb1a2057518596223ed0b4f8abea36fa174f1608d823d609ac9","f04c160ae1e065dd32d3aaa9f8d079a6d17b2ac36469288ff3f25775298eb4c6","/Users/chris/Repos/pdisasm/Tools/pascal-results/images/642478967d0d343e9c09547f8cea2125796973689ac3c7675b8927eb7164864d"
"images/games/collections/alliance_collection/White_Disks/white_27a.dsk","05ac80a8b218ec117596ac5421526529f2744ac99986ac050c8b7a4482d75b19","PFS2B","RTSTRP.APPLE","d663e6360553609952efd622b173b3387c738b2c82a19d6b14c95b6582e49ec2","aaa96b0c5648f67d1217e6cbbba76e5447531a0cfed515a49adcc6148e7b6220","00aac73bdb87d47fcd83483ef29c6b36d75397d56cd721edbad885473e29d20c","6f95245e71173839bf5f064e06c4f78de1728c77bc9a4f04be58a1a1b44dc943","/Users/chris/Repos/pdisasm/Tools/pascal-results/images/05ac80a8b218ec117596ac5421526529f2744ac99986ac050c8b7a4482d75b19"
"images/games/collections/san_inc_dos/The World's Greatest Blackjack Program (san inc crack).dsk","79e5b9d8807a2e620954782b4e69c4581a86acc8e2e26b823105e9e72f5101d0","WGBJV10","RTSTND.APPLE","3b189a83b80032282f090e6fae3fae38c0b17e13db4f20116ad8b66feeb7876f","aaa96b0c5648f67d1217e6cbbba76e5447531a0cfed515a49adcc6148e7b6220","00aac73bdb87d47fcd83483ef29c6b36d75397d56cd721edbad885473e29d20c","2ffb04276585facf6703ba691cfbc0cbf017eddedcdff54575320595bd960ed1","/Users/chris/Repos/pdisasm/Tools/pascal-results/images/79e5b9d8807a2e620954782b4e69c4581a86acc8e2e26b823105e9e72f5101d0"
"images/apple3/misc/wap/APPLE-3-WAP-pcl-05a.dsk","7447c2c7fad641b2b643e1223fb7b52836cb904683103b9815895d2c4427dfbf","","SYSTEM.APPLE","49b1bbbd162e00df30a59b10aa591032e16b0fa5fec88512053827339b96383e","1e1f49d81a10939c89b0ceb20f4f619853c83c0c77c85774e991fd1119db6f69","1ba037e63c0f8f8800f2b93026b5ae791e45c9ea215cabe5d234e2346d8dc46c","6955877f1172752d36901227676524584a6d88a17eb9cb816b55835d85c6db64","/Users/chris/Repos/pdisasm/Tools/pascal-results/images/7447c2c7fad641b2b643e1223fb7b52836cb904683103b9815895d2c4427dfbf"
"images/communications/SmartCom I (Hayes-1984).dsk","4f8db2ca425d77295547188a4a53148e451991cacf0e455cdbaffea0f809a830","H112884","SYSTEM.APPLE","6701bcee4840864e6306d744c12fa3c6d47413321eebbe15cbe1bab3d23118e9","fb5421152940287c0c0c49d4c5b9b50074d7f33722b5c8c5d1a44acc2d537657","85a4cd902d1cb48ee224d4741cb67eaa1280971bde9150a1edb7797142db7e47","190f9410ae628d485d58a0b0ae1cc761c88233d916afdc9abb54443a80891003","/Users/chris/Repos/pdisasm/Tools/pascal-results/images/4f8db2ca425d77295547188a4a53148e451991cacf0e455cdbaffea0f809a830"
"images/communications/Hayes Terminal Program.dsk","68de9b5aac273d61e8d58b55a50d6529555f618a74174f765e2024a08343c2f8","M042083","RTSTRP.APPLE","913ac023856b41a24cf585df81a2f3a8a4ebd8ed3dd2dd86a1eef1c69d87f2fb","09b1b2a8646708dc1d0556438fe77bde6239f1d0167b9791d587f34d13ab5b8a","b7ab222051e0984eba3688852fc0fdd645e7bff6fcebaf6eba3738f3b36c20ea","6f95245e71173839bf5f064e06c4f78de1728c77bc9a4f04be58a1a1b44dc943","/Users/chris/Repos/pdisasm/Tools/pascal-results/images/68de9b5aac273d61e8d58b55a50d6529555f618a74174f765e2024a08343c2f8"
"images/communications/datalink/DataLink 5.0 (1981-Link Systems).dsk","4b218815b5378704be0c1cbbab992abc2d4c104c6d515c9e4b951ca66d6aac8c","DATALNK","SYSTEM.APPLE","2443c23e7538ebfc0227525e4a80878dfae0b96a8a445cb1c4b4332f433a8ae6","ef890517c1eb403c6029ac1063aac4c197ca4617995f7eaa964f8bcc9e688844","d65255ad8c21838723640b41a103d8f0e43d8f0ad33a1983be6b6e09d6a085a9","190f9410ae628d485d58a0b0ae1cc761c88233d916afdc9abb54443a80891003","/Users/chris/Repos/pdisasm/Tools/pascal-results/images/4b218815b5378704be0c1cbbab992abc2d4c104c6d515c9e4b951ca66d6aac8c"
"images/communications/Hayes Terminal Program (alt).dsk","aeef08eb00ee0faab4d74a472628cc219a52cfbec7b47fbeb4041826810a287c","M042083","RTSTRP.APPLE","913ac023856b41a24cf585df81a2f3a8a4ebd8ed3dd2dd86a1eef1c69d87f2fb","09b1b2a8646708dc1d0556438fe77bde6239f1d0167b9791d587f34d13ab5b8a","b7ab222051e0984eba3688852fc0fdd645e7bff6fcebaf6eba3738f3b36c20ea","6f95245e71173839bf5f064e06c4f78de1728c77bc9a4f04be58a1a1b44dc943","/Users/chris/Repos/pdisasm/Tools/pascal-results/images/aeef08eb00ee0faab4d74a472628cc219a52cfbec7b47fbeb4041826810a287c"
"images/communications/SMARTCOM.DSK","cd2478d884ab7e8ce573d3f5b7061224894e9e8da7bb94cca19229bbee22d42d","M080883","RTSTRP.APPLE","96ece22f650d63059b3d9666bc03c7afe50a3b701ce232d93216d33a7942c13f","09b1b2a8646708dc1d0556438fe77bde6239f1d0167b9791d587f34d13ab5b8a","71e84d9793c2e2e3f8ddc79b0eaadfdbcee55b1759f31666db38e48920122a87","6f95245e71173839bf5f064e06c4f78de1728c77bc9a4f04be58a1a1b44dc943","/Users/chris/Repos/pdisasm/Tools/pascal-results/images/cd2478d884ab7e8ce573d3f5b7061224894e9e8da7bb94cca19229bbee22d42d"
"images/productivity/misc/MicroFinesse Graphics Disk.dsk","e959d9a0780d88ced9906d85678b1e956e3c19b0e82b75d6b6ac3361162f1fa8","USDIS22","SYSTEM.APPLE","2443c23e7538ebfc0227525e4a80878dfae0b96a8a445cb1c4b4332f433a8ae6","ef890517c1eb403c6029ac1063aac4c197ca4617995f7eaa964f8bcc9e688844","2c904190360936836e22c328f1028f2b2b639fee06b42d597446c90975cb1040","190f9410ae628d485d58a0b0ae1cc761c88233d916afdc9abb54443a80891003","/Users/chris/Repos/pdisasm/Tools/pascal-results/images/e959d9a0780d88ced9906d85678b1e956e3c19b0e82b75d6b6ac3361162f1fa8"
"images/productivity/misc/MyMailList (My Software Company Inc).dsk","023f5746a14b187e2a8990e346f605c2e47d64550609c6578e34d4b0b5a38bfc","MML","SYSTEM.APPLE","ed6f1555b276008807fe9d23db834971dbad3b5ed928989f4f755e578bdbad9e","98eb236ebae21950de87485bd83256642a73bb0727aae60d2cbbaf97165c6e15","1fffb6a8de411b6d2b405b8e2558f82405aa778f356a19164aa6e8b052359e64","8f968439593656e18877138ec53e978c1c4763c0d6246daca8ce67716a751092","/Users/chris/Repos/pdisasm/Tools/pascal-results/images/023f5746a14b187e2a8990e346f605c2e47d64550609c6578e34d4b0b5a38bfc"
"images/productivity/misc/ThinkTank - Program Disk v1.001 - Apple IIe (Clean).DSK","7f7733eff94895a53b006c2ec06ffaa1cd58750df42bb45a3ea161f0bc5fb215","TT01","SYSTEM.APPLE","2443c23e7538ebfc0227525e4a80878dfae0b96a8a445cb1c4b4332f433a8ae6","ef890517c1eb403c6029ac1063aac4c197ca4617995f7eaa964f8bcc9e688844","ddc2fbefd4eda3db6b43b816b94667077d6e97c68f874b61d5a985a5a10d3074","190f9410ae628d485d58a0b0ae1cc761c88233d916afdc9abb54443a80891003","/Users/chris/Repos/pdisasm/Tools/pascal-results/images/7f7733eff94895a53b006c2ec06ffaa1cd58750df42bb45a3ea161f0bc5fb215"
"images/productivity/misc/Thinktank disk 1.dsk","549cc79539760ce50c353561d44e78512c3274d3f98456d02b932b4c5dc46deb","TT01","SYSTEM.APPLE","2443c23e7538ebfc0227525e4a80878dfae0b96a8a445cb1c4b4332f433a8ae6","ef890517c1eb403c6029ac1063aac4c197ca4617995f7eaa964f8bcc9e688844","ddc2fbefd4eda3db6b43b816b94667077d6e97c68f874b61d5a985a5a10d3074","190f9410ae628d485d58a0b0ae1cc761c88233d916afdc9abb54443a80891003","/Users/chris/Repos/pdisasm/Tools/pascal-results/images/549cc79539760ce50c353561d44e78512c3274d3f98456d02b932b4c5dc46deb"
"images/productivity/misc/THINKTANK.dsk","35028a37e19023d6771577c166da6eb4deb9a06db8be092f0f8a559f772cdcfd","TT01","SYSTEM.APPLE","2443c23e7538ebfc0227525e4a80878dfae0b96a8a445cb1c4b4332f433a8ae6","ef890517c1eb403c6029ac1063aac4c197ca4617995f7eaa964f8bcc9e688844","799bae3b1f8d48a136c89e617846e579b5ebe76f95ed12dd0de42458878d6074","190f9410ae628d485d58a0b0ae1cc761c88233d916afdc9abb54443a80891003","/Users/chris/Repos/pdisasm/Tools/pascal-results/images/35028a37e19023d6771577c166da6eb4deb9a06db8be092f0f8a559f772cdcfd"
"images/productivity/misc/Basic Leapsystem (1982-Quantum Technology).dsk","d2563baa921309e8eefd90f0345483584ed6710006ccc1821b3b89afb9ad8868","LEAP0","SYSTEM.APPLE","2443c23e7538ebfc0227525e4a80878dfae0b96a8a445cb1c4b4332f433a8ae6","ef890517c1eb403c6029ac1063aac4c197ca4617995f7eaa964f8bcc9e688844","c13f8a98a3e5b989a0e6b4f1a537455aab24766fec284fbf2e29c22b4b38b473","190f9410ae628d485d58a0b0ae1cc761c88233d916afdc9abb54443a80891003","/Users/chris/Repos/pdisasm/Tools/pascal-results/images/d2563baa921309e8eefd90f0345483584ed6710006ccc1821b3b89afb9ad8868"
"images/productivity/misc/Milestone v1.08 (1981-Organic Software)(X MILESTONE to run).dsk","ad566f385fc66e1be832d7871973997e981b6480ca54d831a3bd8c7d895213d3","APPLE1","SYSTEM.APPLE","2443c23e7538ebfc0227525e4a80878dfae0b96a8a445cb1c4b4332f433a8ae6","ef890517c1eb403c6029ac1063aac4c197ca4617995f7eaa964f8bcc9e688844","e3996bf923db8a596935df7856da745b24f8afedd8a773d4034a9e796a2446cc","190f9410ae628d485d58a0b0ae1cc761c88233d916afdc9abb54443a80891003","/Users/chris/Repos/pdisasm/Tools/pascal-results/images/ad566f385fc66e1be832d7871973997e981b6480ca54d831a3bd8c7d895213d3"
"images/productivity/misc/Dow Jones News and Quotes Reporter.dsk","12ee588106e3459c9ea81719d1a9166e4c4c9767528f5bf9730b6be748073409","DJN&QR","RT0003.APPLE","ca5f32c90175a75ddb3ef362b89ea8675015cb88786d2c8c7fb10d19de7d43c0","757bef80851a9959555426849547980ec5bb4782157621830df172b76d322ba9","b57350921a8eea1f989206e16a84c603586f035b3edaea2dcb9cac0f35a0b265","ed6710635884012aca322556714ebd7051d855a45849aa56eda6787cf012e577","/Users/chris/Repos/pdisasm/Tools/pascal-results/images/12ee588106e3459c9ea81719d1a9166e4c4c9767528f5bf9730b6be748073409"
"images/productivity/misc/Dow Jones News and Quotes Reporter.dsk","12ee588106e3459c9ea81719d1a9166e4c4c9767528f5bf9730b6be748073409","DJN&QR","RT0004.APPLE","7a97ef8045b012b07803769b541a754c030921b5480f02dc1913b7672587da3b","757bef80851a9959555426849547980ec5bb4782157621830df172b76d322ba9","b57350921a8eea1f989206e16a84c603586f035b3edaea2dcb9cac0f35a0b265","ed6710635884012aca322556714ebd7051d855a45849aa56eda6787cf012e577","/Users/chris/Repos/pdisasm/Tools/pascal-results/images/12ee588106e3459c9ea81719d1a9166e4c4c9767528f5bf9730b6be748073409"
"images/productivity/misc/VersaForm 1.2_r2 disk 4.dsk","8967ed6c2348a17ceb17c1ff9c8733a5c9fff99a428c63194b42e3756cf09066","CPRINT","SYSTEM.APPLE","2443c23e7538ebfc0227525e4a80878dfae0b96a8a445cb1c4b4332f433a8ae6","ef890517c1eb403c6029ac1063aac4c197ca4617995f7eaa964f8bcc9e688844","5a3cf389f124999f910063ac4100505ede612310374c361e7a52d017b707d0a1","4f10f8a41fa832d17b8809f773e6ff9568bfc36f9f8c296a372dafb6d576bd5d","/Users/chris/Repos/pdisasm/Tools/pascal-results/images/8967ed6c2348a17ceb17c1ff9c8733a5c9fff99a428c63194b42e3756cf09066"
"images/productivity/misc/VersaForm 1.2_r2 disk 5.dsk","02e48ee29d9268f67c5081bde45fe0a14f2a2f8c58a177830125cc42fd372812","TUTORS","SYSTEM.APPLE","2443c23e7538ebfc0227525e4a80878dfae0b96a8a445cb1c4b4332f433a8ae6","ef890517c1eb403c6029ac1063aac4c197ca4617995f7eaa964f8bcc9e688844","5a3cf389f124999f910063ac4100505ede612310374c361e7a52d017b707d0a1","190f9410ae628d485d58a0b0ae1cc761c88233d916afdc9abb54443a80891003","/Users/chris/Repos/pdisasm/Tools/pascal-results/images/02e48ee29d9268f67c5081bde45fe0a14f2a2f8c58a177830125cc42fd372812"
"images/productivity/misc/MyMailList.dsk","b8b18208424445f0d1c56386df9a3810ece452fddd27b8c5759b0c2558ee47e5","MYLIST","SYSTEM.APPLE","ed6f1555b276008807fe9d23db834971dbad3b5ed928989f4f755e578bdbad9e","98eb236ebae21950de87485bd83256642a73bb0727aae60d2cbbaf97165c6e15","1fffb6a8de411b6d2b405b8e2558f82405aa778f356a19164aa6e8b052359e64","048c089e53438cc7066a73065409827ee44a382c798ce3718897716279cfc3dc","/Users/chris/Repos/pdisasm/Tools/pascal-results/images/b8b18208424445f0d1c56386df9a3810ece452fddd27b8c5759b0c2558ee47e5"
"images/productivity/misc/MicroFinesse ProgramDisk_cracked.dsk","54d899f4fc0fe41c8ba8de3477c44fccfc2cb696e88f46f024c77eed1196cb0d","US22","SYSTEM.APPLE","2443c23e7538ebfc0227525e4a80878dfae0b96a8a445cb1c4b4332f433a8ae6","ef890517c1eb403c6029ac1063aac4c197ca4617995f7eaa964f8bcc9e688844","c91411779b33d75e0e9b2cb576ac44e4a4431aa4e8de2afdecd5bd52d8a8a9b4","190f9410ae628d485d58a0b0ae1cc761c88233d916afdc9abb54443a80891003","/Users/chris/Repos/pdisasm/Tools/pascal-results/images/54d899f4fc0fe41c8ba8de3477c44fccfc2cb696e88f46f024c77eed1196cb0d"
"images/productivity/misc/VersaForm 1.2_r2 disk 2.dsk","7abcd4877dabe7ebbb1be8266732450a7531bbb15d7b7d051e0f5133bfe395e3","FILING","SYSTEM.APPLE","2443c23e7538ebfc0227525e4a80878dfae0b96a8a445cb1c4b4332f433a8ae6","ef890517c1eb403c6029ac1063aac4c197ca4617995f7eaa964f8bcc9e688844","5a3cf389f124999f910063ac4100505ede612310374c361e7a52d017b707d0a1","190f9410ae628d485d58a0b0ae1cc761c88233d916afdc9abb54443a80891003","/Users/chris/Repos/pdisasm/Tools/pascal-results/images/7abcd4877dabe7ebbb1be8266732450a7531bbb15d7b7d051e0f5133bfe395e3"
"images/productivity/misc/VersaForm 1.2_r2 disk 3.dsk","9080deaf5ae342c9e7730b1c3c0cdbad427caaa7d51f27cab5240b16ce7776ba","REPORT","SYSTEM.APPLE","2443c23e7538ebfc0227525e4a80878dfae0b96a8a445cb1c4b4332f433a8ae6","ef890517c1eb403c6029ac1063aac4c197ca4617995f7eaa964f8bcc9e688844","5a3cf389f124999f910063ac4100505ede612310374c361e7a52d017b707d0a1","4f10f8a41fa832d17b8809f773e6ff9568bfc36f9f8c296a372dafb6d576bd5d","/Users/chris/Repos/pdisasm/Tools/pascal-results/images/9080deaf5ae342c9e7730b1c3c0cdbad427caaa7d51f27cab5240b16ce7776ba"
"images/productivity/misc/VersaForm 1.2_r2 disk 1.dsk","9a3a006b24133d1c50bcb8addb0f62ae39dc371f5e468eeb643c04b1ccee04d3","DESIGN","SYSTEM.APPLE","2443c23e7538ebfc0227525e4a80878dfae0b96a8a445cb1c4b4332f433a8ae6","ef890517c1eb403c6029ac1063aac4c197ca4617995f7eaa964f8bcc9e688844","5a3cf389f124999f910063ac4100505ede612310374c361e7a52d017b707d0a1","190f9410ae628d485d58a0b0ae1cc761c88233d916afdc9abb54443a80891003","/Users/chris/Repos/pdisasm/Tools/pascal-results/images/9a3a006b24133d1c50bcb8addb0f62ae39dc371f5e468eeb643c04b1ccee04d3"
"images/productivity/misc/TELOFACTS_2.dsk","fa888c4316520a38937628f91bfa52a8d92940b0288b0591628cecd01969a28e","TELOFAC","RTSTRP.APPLE","93629b22a4916e1f8affaa738a0637665191940152928b5c7d876ff9d800a113","aaa96b0c5648f67d1217e6cbbba76e5447531a0cfed515a49adcc6148e7b6220","f7b1f4df05c6dbfa816f65d115416fcda159c10cc5e4d36be16db37f5cfdf482","6f95245e71173839bf5f064e06c4f78de1728c77bc9a4f04be58a1a1b44dc943","/Users/chris/Repos/pdisasm/Tools/pascal-results/images/fa888c4316520a38937628f91bfa52a8d92940b0288b0591628cecd01969a28e"
"images/productivity/database/AUGE - The IACBASE System (Pascal 1.1)-DATA.DSK","4f4f82ce5758bade2ed76f629f5fa2ee1f38360caad7a580cd7e93fb16337df5","IACBASE","SYSTEM.APPLE","2443c23e7538ebfc0227525e4a80878dfae0b96a8a445cb1c4b4332f433a8ae6","ef890517c1eb403c6029ac1063aac4c197ca4617995f7eaa964f8bcc9e688844","d1dc1293cf9becf1257ec2f46cfdca77030a2e2e283b6c0df76e5c3af259e646","190f9410ae628d485d58a0b0ae1cc761c88233d916afdc9abb54443a80891003","/Users/chris/Repos/pdisasm/Tools/pascal-results/images/4f4f82ce5758bade2ed76f629f5fa2ee1f38360caad7a580cd7e93fb16337df5"
"images/productivity/database/Quick File II.dsk","d519ca2189e6c4b3792fed8f71f37774abf732d43460e820997422c13a9f02d5","AIIQF","SYSTEM.APPLE","2443c23e7538ebfc0227525e4a80878dfae0b96a8a445cb1c4b4332f433a8ae6","ef890517c1eb403c6029ac1063aac4c197ca4617995f7eaa964f8bcc9e688844","e8a40750287a22ac92236b2aa25f64953a76b2904c06b388ebb9aed716f36e92","190f9410ae628d485d58a0b0ae1cc761c88233d916afdc9abb54443a80891003","/Users/chris/Repos/pdisasm/Tools/pascal-results/images/d519ca2189e6c4b3792fed8f71f37774abf732d43460e820997422c13a9f02d5"
"images/productivity/database/Apple NPL II Information Management System - Disk 1 - NPL - (A2D0053-689-0017-A).dsk","740a5f0534f4522d2186c5f2d90eed2aaa6b06fac860ae21413af3611d8382bc","NPL","SYSTEM.APPLE","2443c23e7538ebfc0227525e4a80878dfae0b96a8a445cb1c4b4332f433a8ae6","ef890517c1eb403c6029ac1063aac4c197ca4617995f7eaa964f8bcc9e688844","f151189e52bb0d36371108dbd8c813517209640ff4f15cdc17c37a8d5dad5618","190f9410ae628d485d58a0b0ae1cc761c88233d916afdc9abb54443a80891003","/Users/chris/Repos/pdisasm/Tools/pascal-results/images/740a5f0534f4522d2186c5f2d90eed2aaa6b06fac860ae21413af3611d8382bc"
"images/productivity/database/library_reference_service/Library Reference Service v3.3 - Euthanasia volume 1.dsk","13f1b6b894bf21df7b68e2714ccef5bb5aa92002448970234b1838fac65268d9","EUTH1","SYSTEM.APPLE","2d9d547e62a2b566b2cb2a26f311b321ab1d95a06cf6aaa68d1e9930fdd6b40d","98eb236ebae21950de87485bd83256642a73bb0727aae60d2cbbaf97165c6e15","25409191443b143e6777dde87039439d6d67616c101c5d9ee8a6d1764de09d90","048c089e53438cc7066a73065409827ee44a382c798ce3718897716279cfc3dc","/Users/chris/Repos/pdisasm/Tools/pascal-results/images/13f1b6b894bf21df7b68e2714ccef5bb5aa92002448970234b1838fac65268d9"
"images/productivity/database/library_reference_service/Library Reference Service v3.3 - Ethics and Values volume 1.dsk","37b442c8719b20148da5c75d1a4a289545b38d901f48d58b26b96fff9343fac1","E.V1","SYSTEM.APPLE","2d9d547e62a2b566b2cb2a26f311b321ab1d95a06cf6aaa68d1e9930fdd6b40d","98eb236ebae21950de87485bd83256642a73bb0727aae60d2cbbaf97165c6e15","25409191443b143e6777dde87039439d6d67616c101c5d9ee8a6d1764de09d90","048c089e53438cc7066a73065409827ee44a382c798ce3718897716279cfc3dc","/Users/chris/Repos/pdisasm/Tools/pascal-results/images/37b442c8719b20148da5c75d1a4a289545b38d901f48d58b26b96fff9343fac1"
"images/productivity/database/library_reference_service/Library Reference Service v3.3 - Environment volume 1.dsk","7b9eb2dabf9d74a002dd8fbf582b67c616abedbc39f106da006b29846812dc11","ENV1","SYSTEM.APPLE","2d9d547e62a2b566b2cb2a26f311b321ab1d95a06cf6aaa68d1e9930fdd6b40d","98eb236ebae21950de87485bd83256642a73bb0727aae60d2cbbaf97165c6e15","25409191443b143e6777dde87039439d6d67616c101c5d9ee8a6d1764de09d90","048c089e53438cc7066a73065409827ee44a382c798ce3718897716279cfc3dc","/Users/chris/Repos/pdisasm/Tools/pascal-results/images/7b9eb2dabf9d74a002dd8fbf582b67c616abedbc39f106da006b29846812dc11"
"images/productivity/database/library_reference_service/Library Reference Service v3.3 - Human Transplants volume 1.dsk","d2ababf52a13a3fb1b933c9f89a95a1c8e127298093a6992b6278b55e336f4e0","HUT1","SYSTEM.APPLE","2d9d547e62a2b566b2cb2a26f311b321ab1d95a06cf6aaa68d1e9930fdd6b40d","98eb236ebae21950de87485bd83256642a73bb0727aae60d2cbbaf97165c6e15","25409191443b143e6777dde87039439d6d67616c101c5d9ee8a6d1764de09d90","048c089e53438cc7066a73065409827ee44a382c798ce3718897716279cfc3dc","/Users/chris/Repos/pdisasm/Tools/pascal-results/images/d2ababf52a13a3fb1b933c9f89a95a1c8e127298093a6992b6278b55e336f4e0"
"images/productivity/database/library_reference_service/Library Reference Service v3.3 - Cigarette Smoking volume 1.dsk","4423b4e21580fe0098d67fbb9e3ce643a2daf172a06e06bf952041a06ac36e93","CIG1","SYSTEM.APPLE","2d9d547e62a2b566b2cb2a26f311b321ab1d95a06cf6aaa68d1e9930fdd6b40d","98eb236ebae21950de87485bd83256642a73bb0727aae60d2cbbaf97165c6e15","25409191443b143e6777dde87039439d6d67616c101c5d9ee8a6d1764de09d90","048c089e53438cc7066a73065409827ee44a382c798ce3718897716279cfc3dc","/Users/chris/Repos/pdisasm/Tools/pascal-results/images/4423b4e21580fe0098d67fbb9e3ce643a2daf172a06e06bf952041a06ac36e93"
"images/productivity/database/library_reference_service/Library Reference Service v3.3 - Pornography volume 1.dsk","ff836c3b8a7f87a35e163632076ad3e15f653f754a439e634624e833ffb15aa7","PORN1","SYSTEM.APPLE","60f50eeb846866d9206712b1d3f21ea1107e3b9106218ecd3da058d7cf18a87a","98eb236ebae21950de87485bd83256642a73bb0727aae60d2cbbaf97165c6e15","25409191443b143e6777dde87039439d6d67616c101c5d9ee8a6d1764de09d90","048c089e53438cc7066a73065409827ee44a382c798ce3718897716279cfc3dc","/Users/chris/Repos/pdisasm/Tools/pascal-results/images/ff836c3b8a7f87a35e163632076ad3e15f653f754a439e634624e833ffb15aa7"
"images/productivity/database/AUGE-IACBaseDatabaseSource.dsk","8a554c4c9d82016a3ed1434d6d64481c57a5f03ad9056add239e89f97c602fff","IACDOC","SYSTEM.APPLE","2443c23e7538ebfc0227525e4a80878dfae0b96a8a445cb1c4b4332f433a8ae6","ef890517c1eb403c6029ac1063aac4c197ca4617995f7eaa964f8bcc9e688844","570d2f5e448092aff545fb8644b5c1d316b4e5c54c6bc2d1d7ea1d7a06041c01","190f9410ae628d485d58a0b0ae1cc761c88233d916afdc9abb54443a80891003","/Users/chris/Repos/pdisasm/Tools/pascal-results/images/8a554c4c9d82016a3ed1434d6d64481c57a5f03ad9056add239e89f97c602fff"
"images/productivity/database/quickfile][.dsk","22115437c78dba45ef817d9782971025f7ea6956ade47788bcb054acafe6deec","AIIQF","SYSTEM.APPLE","2443c23e7538ebfc0227525e4a80878dfae0b96a8a445cb1c4b4332f433a8ae6","ef890517c1eb403c6029ac1063aac4c197ca4617995f7eaa964f8bcc9e688844","e8a40750287a22ac92236b2aa25f64953a76b2904c06b388ebb9aed716f36e92","190f9410ae628d485d58a0b0ae1cc761c88233d916afdc9abb54443a80891003","/Users/chris/Repos/pdisasm/Tools/pascal-results/images/22115437c78dba45ef817d9782971025f7ea6956ade47788bcb054acafe6deec"
"images/productivity/database/AUGE - The IACBASE System (Pascal 1.1).DSK","594153bea9ab0c81cf1b44f83fb41d28ebfbcc7684454e7e67ad6aa8e9bc21f3","IACDOC","SYSTEM.APPLE","2443c23e7538ebfc0227525e4a80878dfae0b96a8a445cb1c4b4332f433a8ae6","ef890517c1eb403c6029ac1063aac4c197ca4617995f7eaa964f8bcc9e688844","570d2f5e448092aff545fb8644b5c1d316b4e5c54c6bc2d1d7ea1d7a06041c01","190f9410ae628d485d58a0b0ae1cc761c88233d916afdc9abb54443a80891003","/Users/chris/Repos/pdisasm/Tools/pascal-results/images/594153bea9ab0c81cf1b44f83fb41d28ebfbcc7684454e7e67ad6aa8e9bc21f3"
"images/productivity/database/AUGE-IACBaseDatabase.dsk","040dd462e41c2e6ddbcbeaa8c1ae08ee5d8930255437149eac3bad096d381027","IACBASE","SYSTEM.APPLE","2443c23e7538ebfc0227525e4a80878dfae0b96a8a445cb1c4b4332f433a8ae6","ef890517c1eb403c6029ac1063aac4c197ca4617995f7eaa964f8bcc9e688844","d1dc1293cf9becf1257ec2f46cfdca77030a2e2e283b6c0df76e5c3af259e646","190f9410ae628d485d58a0b0ae1cc761c88233d916afdc9abb54443a80891003","/Users/chris/Repos/pdisasm/Tools/pascal-results/images/040dd462e41c2e6ddbcbeaa8c1ae08ee5d8930255437149eac3bad096d381027"
"images/productivity/spreadsheet/Widespread (4am crack) side A.dsk","c6fd1d87af2682a47949acdff5fbedc830d5d9850a35ec0930f545287e637592","WS","SYSTEM.APPLE","6701bcee4840864e6306d744c12fa3c6d47413321eebbe15cbe1bab3d23118e9","fb5421152940287c0c0c49d4c5b9b50074d7f33722b5c8c5d1a44acc2d537657","7c6abf23ed8b604657262750d0487230318803d232689b68b019f7486622469a","190f9410ae628d485d58a0b0ae1cc761c88233d916afdc9abb54443a80891003","/Users/chris/Repos/pdisasm/Tools/pascal-results/images/c6fd1d87af2682a47949acdff5fbedc830d5d9850a35ec0930f545287e637592"
"images/productivity/word_processing/Quill (missing Planner and Library).dsk","a8fc01c3c12ed80c90f27c0b48be643fe3d6fee72eae3fcfaa61024f59bed521","QDISK","SYSTEM.APPLE","e6079e1dfa388b534851d322e48d150ada5bedc5adb95ff36f9b12ed8f60f3bb","ef890517c1eb403c6029ac1063aac4c197ca4617995f7eaa964f8bcc9e688844","146f9e585ac567e6e78d720c376bf4fdcfdde1ae29b95b2f343c32a1806887a1","190f9410ae628d485d58a0b0ae1cc761c88233d916afdc9abb54443a80891003","/Users/chris/Repos/pdisasm/Tools/pascal-results/images/a8fc01c3c12ed80c90f27c0b48be643fe3d6fee72eae3fcfaa61024f59bed521"
"images/productivity/word_processing/MegaWriter.dsk","bdb6d083032c1c5faf99c53b49d4f2902c59d1e99c155c754d62e5b8ba48268a","MEGAWTR","SYSTEM.APPLE","47ffb6efa0d0047b8f37b5cb814eca7772af2ddec3e6e6522332992ef4aec70b","ef890517c1eb403c6029ac1063aac4c197ca4617995f7eaa964f8bcc9e688844","20c00a6006ce546f87f61c1ef4b20d93bc7ae67ffb6d8da2a975c89d0d501444","190f9410ae628d485d58a0b0ae1cc761c88233d916afdc9abb54443a80891003","/Users/chris/Repos/pdisasm/Tools/pascal-results/images/bdb6d083032c1c5faf99c53b49d4f2902c59d1e99c155c754d62e5b8ba48268a"
"images/productivity/word_processing/Apple Writer II Training Disk.dsk","feff70adb5232a77f999ed37c1b88ca5291ebe466998b4624b95496b64a39d8f","AWPTD","SYSTEM.APPLE","49b1bbbd162e00df30a59b10aa591032e16b0fa5fec88512053827339b96383e","1e1f49d81a10939c89b0ceb20f4f619853c83c0c77c85774e991fd1119db6f69","4938813c7095c85d6f2648b127cb9ecca361100c70597f0462eafec6dcb3781d","190f9410ae628d485d58a0b0ae1cc761c88233d916afdc9abb54443a80891003","/Users/chris/Repos/pdisasm/Tools/pascal-results/images/feff70adb5232a77f999ed37c1b88ca5291ebe466998b4624b95496b64a39d8f"
"images/productivity/integrated/appleworks/Claris Presents Appleworks.dsk","02b80170e8c17367bdb5b856d094f7ad3960548c84c2f341881bc9334d2f0b34","AW.D1B","SYSTEM.APPLE","67adc957afa1fc3cae9177ef42846ea1c31fd44f5a00e0694f63acafd248aed5","3189798e4f598903441f35941277fa9d412ea0cba298e662923f8e2e50003f29","23f9b09a8ffabdce3cd9b7d021bc1bceb06ec5840f964008b38d8aaec7d3d63e","048c089e53438cc7066a73065409827ee44a382c798ce3718897716279cfc3dc","/Users/chris/Repos/pdisasm/Tools/pascal-results/images/02b80170e8c17367bdb5b856d094f7ad3960548c84c2f341881bc9334d2f0b34"
"images/productivity/integrated/appleworks/Apple Presents Appleworks (8-bit).2mg","34a815711b074d47438882efc1cd93c82ff1a407c246b7da9f86f0ceeb420053","AWPTD","SYSTEM.APPLE","67adc957afa1fc3cae9177ef42846ea1c31fd44f5a00e0694f63acafd248aed5","3189798e4f598903441f35941277fa9d412ea0cba298e662923f8e2e50003f29","00b44854e8201b90f00c59b18c74fa936db1b085a7e7b657b80ddb676d41f2fc","c7970cfa1e71fac107bc52d78765188371e30c0b3d66339000f73c5b72538763","/Users/chris/Repos/pdisasm/Tools/pascal-results/images/34a815711b074d47438882efc1cd93c82ff1a407c246b7da9f86f0ceeb420053"
"images/productivity/integrated/appleworks/v2.0_apple/AppleWorks 2.0 Apple Presents Appleworks Disk 2.po","b54bdabfa2fc4cfdfc51a22b510809ffbfb4c8083e46c917a31e87c2d90893dc","AW.D2B","SYSTEM.APPLE","67adc957afa1fc3cae9177ef42846ea1c31fd44f5a00e0694f63acafd248aed5","3189798e4f598903441f35941277fa9d412ea0cba298e662923f8e2e50003f29","b352551ffca512177ce45a1f5e515ba57b6683fbfba1b9918ec9028335f1d225","048c089e53438cc7066a73065409827ee44a382c798ce3718897716279cfc3dc","/Users/chris/Repos/pdisasm/Tools/pascal-results/images/b54bdabfa2fc4cfdfc51a22b510809ffbfb4c8083e46c917a31e87c2d90893dc"
"images/productivity/integrated/appleworks/v2.0_apple/Apple Presents AppleWorks side 2.dsk","5303978d8bfcd02d1280cd99f73f9208ca096a6f1474c3bab16fb9ec98c863db","AW.D2B","SYSTEM.APPLE","49b1bbbd162e00df30a59b10aa591032e16b0fa5fec88512053827339b96383e","1e1f49d81a10939c89b0ceb20f4f619853c83c0c77c85774e991fd1119db6f69","fab14497d8ba5290bbadd1f1c8db7ff05073dbdcd614f2f5d3bb82aa0fc86433","190f9410ae628d485d58a0b0ae1cc761c88233d916afdc9abb54443a80891003","/Users/chris/Repos/pdisasm/Tools/pascal-results/images/5303978d8bfcd02d1280cd99f73f9208ca096a6f1474c3bab16fb9ec98c863db"
"images/productivity/integrated/appleworks/v2.0_apple/Apple Presents AppleWorks side 1.dsk","c92b186147d5030c42aa39171b0cb0b59fa95eea711e211450503cae1041449e","AW.DIB","SYSTEM.APPLE","49b1bbbd162e00df30a59b10aa591032e16b0fa5fec88512053827339b96383e","1e1f49d81a10939c89b0ceb20f4f619853c83c0c77c85774e991fd1119db6f69","1c3a2ac0a4f32c47722bc62a2b2220b346cf83e43417fbb1e03dee296550646f","190f9410ae628d485d58a0b0ae1cc761c88233d916afdc9abb54443a80891003","/Users/chris/Repos/pdisasm/Tools/pascal-results/images/c92b186147d5030c42aa39171b0cb0b59fa95eea711e211450503cae1041449e"
"images/productivity/integrated/appleworks/v2.0_apple/AppleWorks 2.0 Apple Presents Appleworks Disk 1.po","a3ce324b7aac5ed4dd167f2a0ee46af5a7733edf86742ced6a39c0c646166a96","AW.D1B","SYSTEM.APPLE","67adc957afa1fc3cae9177ef42846ea1c31fd44f5a00e0694f63acafd248aed5","3189798e4f598903441f35941277fa9d412ea0cba298e662923f8e2e50003f29","9b3a251baeb204ac00a154491b178ad9776fd461b878bd763831e443369838ed","048c089e53438cc7066a73065409827ee44a382c798ce3718897716279cfc3dc","/Users/chris/Repos/pdisasm/Tools/pascal-results/images/a3ce324b7aac5ed4dd167f2a0ee46af5a7733edf86742ced6a39c0c646166a96"
"images/productivity/integrated/appleworks/AppleWorks Training side 2.dsk","1d9bfa4609ceaa2f71b16c2c4147695ad936845a4fcc790b54529746e22d09e6","AW.D2B","SYSTEM.APPLE","67adc957afa1fc3cae9177ef42846ea1c31fd44f5a00e0694f63acafd248aed5","3189798e4f598903441f35941277fa9d412ea0cba298e662923f8e2e50003f29","a6d0d2be917c47fa44c7d70eb91b6f3a62a4f07159a55895fe9b2177bcb832f6","048c089e53438cc7066a73065409827ee44a382c798ce3718897716279cfc3dc","/Users/chris/Repos/pdisasm/Tools/pascal-results/images/1d9bfa4609ceaa2f71b16c2c4147695ad936845a4fcc790b54529746e22d09e6"
"images/productivity/integrated/pfs/PFS_ACCESS_TRIAL_SIZE.dsk","ea74f5dd62dfc0270edbde71abd53ebb7c7be08510092efcc2c0c5ea10f284ef","PFSACCE","SYSTEM.APPLE","f7b541b27673739db27deb8f9b9fe4003cb25c4b5fbec905674284f58a6c1286","97a1688dfa2c4838461f8e522b5def79124c6fb53ed022560c9bfffaed12f656","a0c1cfb6f11e2886bb3a1b001a5593f49ad21384a5ba4c2293f60669a2efd853","190f9410ae628d485d58a0b0ae1cc761c88233d916afdc9abb54443a80891003","/Users/chris/Repos/pdisasm/Tools/pascal-results/images/ea74f5dd62dfc0270edbde71abd53ebb7c7be08510092efcc2c0c5ea10f284ef"
"images/productivity/integrated/pfs/PFS_WRITE.dsk","be7a884d33e682375f9d271d4b658c0a8b33cb909b24b036a2be237970ac0df6","PFSWORD","SYSTEM.APPLE","f7b541b27673739db27deb8f9b9fe4003cb25c4b5fbec905674284f58a6c1286","97a1688dfa2c4838461f8e522b5def79124c6fb53ed022560c9bfffaed12f656","805a4310e8863b9778109068e9b4d998ee09bd086c3fb951cb29c1d2875c5f1d","190f9410ae628d485d58a0b0ae1cc761c88233d916afdc9abb54443a80891003","/Users/chris/Repos/pdisasm/Tools/pascal-results/images/be7a884d33e682375f9d271d4b658c0a8b33cb909b24b036a2be237970ac0df6"
"images/productivity/integrated/pfs/PFS (Personal Filing System) (1982 B-01) (write protect).dsk","bbde3633abf050e1c3220f89c536afe7da51d7a55b19b071ecff20199f6dbd79","PFS2B","RTSTRP.APPLE","d663e6360553609952efd622b173b3387c738b2c82a19d6b14c95b6582e49ec2","aaa96b0c5648f67d1217e6cbbba76e5447531a0cfed515a49adcc6148e7b6220","00aac73bdb87d47fcd83483ef29c6b36d75397d56cd721edbad885473e29d20c","6f95245e71173839bf5f064e06c4f78de1728c77bc9a4f04be58a1a1b44dc943","/Users/chris/Repos/pdisasm/Tools/pascal-results/images/bbde3633abf050e1c3220f89c536afe7da51d7a55b19b071ecff20199f6dbd79"
"images/productivity/integrated/VisiSchedule v1.1.dsk","8767ad97828f9488c870c258447e42954e89c492cbfbfcdcc2c705808ac7b72b","VISISCH","RTSTRP.APPLE","93629b22a4916e1f8affaa738a0637665191940152928b5c7d876ff9d800a113","aaa96b0c5648f67d1217e6cbbba76e5447531a0cfed515a49adcc6148e7b6220","b776449ce2c2eef2d17cba5d15d63e76e750e6887291b05238623a2002b3d8be","6f95245e71173839bf5f064e06c4f78de1728c77bc9a4f04be58a1a1b44dc943","/Users/chris/Repos/pdisasm/Tools/pascal-results/images/8767ad97828f9488c870c258447e42954e89c492cbfbfcdcc2c705808ac7b72b"
"images/productivity/finance/Dollars and Sense 1.5.dsk","5ebe5af40898d91515f0774a837ce3360780ad119335ad80da81e9af67ea9ce7","TFOS","SYSTEM.APPLE","96b3a45ae3486a211744af24da5ea18fddacb1800d9a65f5749333d66e574cbd","2ec2736219293eb985f5da6faa66c76606ea981f4984aba3d1b2131fc6117f2c","7142347b6006e7940bfeb62b14abee47b88c8d0c661cec7ba57074664d936e14","048c089e53438cc7066a73065409827ee44a382c798ce3718897716279cfc3dc","/Users/chris/Repos/pdisasm/Tools/pascal-results/images/5ebe5af40898d91515f0774a837ce3360780ad119335ad80da81e9af67ea9ce7"
"images/productivity/finance/Forecast 128K v1.1 (1984-Monogram Software).dsk","7a9f623ccc8e049a288627bd53fb48a3400eec4728ab4808d7db7abff323a9b0","TFOS","SYSTEM.APPLE","6701bcee4840864e6306d744c12fa3c6d47413321eebbe15cbe1bab3d23118e9","fb5421152940287c0c0c49d4c5b9b50074d7f33722b5c8c5d1a44acc2d537657","0b4dfa72e9e6537f8f28b49381a676880a6742158b27f9b215708b98a73f7b88","190f9410ae628d485d58a0b0ae1cc761c88233d916afdc9abb54443a80891003","/Users/chris/Repos/pdisasm/Tools/pascal-results/images/7a9f623ccc8e049a288627bd53fb48a3400eec4728ab4808d7db7abff323a9b0"
"images/productivity/finance/Forecast 64K v1.1 (1984-Monogram Software).dsk","2d74d80f6804fdb3d2eae8da574769bdbc12213cceacdaa4a7e7684df7bc790c","TFOS","SYSTEM.APPLE","7ce54508b9f1564c47d1db921b530c9702c6e91cee177ccbf89bc40f88a1bd5f","02f0576644c3c2d30ef8671fc8fba306a8123a3661e896eaac5393bc5a7c8a14","274b85450602170b32582c1041963b8d5b6de25b7904137b9878bb8602d69fcb","190f9410ae628d485d58a0b0ae1cc761c88233d916afdc9abb54443a80891003","/Users/chris/Repos/pdisasm/Tools/pascal-results/images/2d74d80f6804fdb3d2eae8da574769bdbc12213cceacdaa4a7e7684df7bc790c"
"images/productivity/finance/Dollars and Sense Side 1.DO","96dd8a2afce562498e32bb24a837719f08eb430d2fe82345dfececc382c10cc6","TFOS","RTSTRP.APPLE","93629b22a4916e1f8affaa738a0637665191940152928b5c7d876ff9d800a113","a146cda8cafb5f4b40ce7b271659b91871fdb35c2cf491e1741ab7cc6b94d325","66ae338094b72842ab2ebd350cffbb88fc8aeea26211c336c05a1b1d991292f0","6f95245e71173839bf5f064e06c4f78de1728c77bc9a4f04be58a1a1b44dc943","/Users/chris/Repos/pdisasm/Tools/pascal-results/images/96dd8a2afce562498e32bb24a837719f08eb430d2fe82345dfececc382c10cc6"
"images/productivity/finance/mousebudget1.dsk","09727a7dbe3740426af9ab89c72d9ae5743919d753eccc0a53c89c08f460a5a8","PROG","SYSTEM.APPLE","6701bcee4840864e6306d744c12fa3c6d47413321eebbe15cbe1bab3d23118e9","71d49d8db5513fdd74968487449cd6ee19485d1ad69b0e7559a258c0fec7c2ef","","84d2ab0a44e75f0cedcd902a088091c31b4a2f1dcf93af4113070060865ac821","/Users/chris/Repos/pdisasm/Tools/pascal-results/images/09727a7dbe3740426af9ab89c72d9ae5743919d753eccc0a53c89c08f460a5a8"
"images/productivity/finance/tobias_managing_your_money/Andrew Tobias Managing Your Money disk 6.dsk","16d8b5f91b9945458316c58ffe8dabcb66ab1614b790e838d8d0e009725b98cd","DISK6","SYSTEM.APPLE","63c1c07794a1ab9e0965f68393001f5fc1fff55fe3b7cc6aa7fb12bf66f35097","2ec2736219293eb985f5da6faa66c76606ea981f4984aba3d1b2131fc6117f2c","66c03ee93d49b4a2e78cf3e924a2b9e3d9b3432c95d4384f9ab9ba1955f145e0","8f968439593656e18877138ec53e978c1c4763c0d6246daca8ce67716a751092","/Users/chris/Repos/pdisasm/Tools/pascal-results/images/16d8b5f91b9945458316c58ffe8dabcb66ab1614b790e838d8d0e009725b98cd"
"images/productivity/finance/tobias_managing_your_money/Andrew Tobias Managing Your Money disk 1.dsk","9d7efc59520f761ce194db3a724c03e276b6f6a7096d92fc162c7f5fe282bffc","DISK1","SYSTEM.APPLE","63c1c07794a1ab9e0965f68393001f5fc1fff55fe3b7cc6aa7fb12bf66f35097","2ec2736219293eb985f5da6faa66c76606ea981f4984aba3d1b2131fc6117f2c","b63858a0832abf8d368b0bb6cd6a1394e0b587c63a3a14afef149023805462ec","8f968439593656e18877138ec53e978c1c4763c0d6246daca8ce67716a751092","/Users/chris/Repos/pdisasm/Tools/pascal-results/images/9d7efc59520f761ce194db3a724c03e276b6f6a7096d92fc162c7f5fe282bffc"
"images/productivity/finance/tobias_managing_your_money/Managing Your Money demo disk 1.dsk","1628763f973f7cf6c6907cf783297b9a773839801d88069a5bca3ffe28b83f0e","BOOT","SYSTEM.APPLE","96b3a45ae3486a211744af24da5ea18fddacb1800d9a65f5749333d66e574cbd","2ec2736219293eb985f5da6faa66c76606ea981f4984aba3d1b2131fc6117f2c","35e08c06031290bfeaab1c4776f9242538f0e4fcd425714e8a1ca507a1ab54d3","8f968439593656e18877138ec53e978c1c4763c0d6246daca8ce67716a751092","/Users/chris/Repos/pdisasm/Tools/pascal-results/images/1628763f973f7cf6c6907cf783297b9a773839801d88069a5bca3ffe28b83f0e"
"images/productivity/finance/Dollars and Sense - Boot .dsk","b488c99b96b2af7dfe0b5c84ba5abba1663c48862e4e0f17a96e7fc2a1c39538","TFOS","RTSTRP.APPLE","93629b22a4916e1f8affaa738a0637665191940152928b5c7d876ff9d800a113","a146cda8cafb5f4b40ce7b271659b91871fdb35c2cf491e1741ab7cc6b94d325","66ae338094b72842ab2ebd350cffbb88fc8aeea26211c336c05a1b1d991292f0","6f95245e71173839bf5f064e06c4f78de1728c77bc9a4f04be58a1a1b44dc943","/Users/chris/Repos/pdisasm/Tools/pascal-results/images/b488c99b96b2af7dfe0b5c84ba5abba1663c48862e4e0f17a96e7fc2a1c39538"
"images/productivity/finance/ag_pac/AGPAC The Agricultural Software Package - Program.dsk","dddca62e07d753bb8d63ea030ca53a01b08aae6bd7b3caca3ab623e2004f64d9","AGPAC","SYSTEM.APPLE","6ebeb90720fa23f20f23009bc011194f5e1612ee52783b75ce87647b390b0bad","c5b5133699d622de967e40d8ee8f01c14e4a657b524064593e738f4c6d21e6b0","f4dacce7ec27bbfeb90bb7a41d51c0d622ebbf8a300785e35ba8e5c7d6d262e1","5d7c9b4430818374ba919c3b9ee1139bd433009b2de1b9445826e3b0a81404a9","/Users/chris/Repos/pdisasm/Tools/pascal-results/images/dddca62e07d753bb8d63ea030ca53a01b08aae6bd7b3caca3ab623e2004f64d9"
"images/productivity/finance/ag_pac/AGPAC The Agricultural Software Package - Amortization Tables.dsk","41caaa7f7d11150694001d70bff5dff2af14df718af5e2e57624615e1c68d1b1","AGPAC","SYSTEM.APPLE","6ebeb90720fa23f20f23009bc011194f5e1612ee52783b75ce87647b390b0bad","c5b5133699d622de967e40d8ee8f01c14e4a657b524064593e738f4c6d21e6b0","f4dacce7ec27bbfeb90bb7a41d51c0d622ebbf8a300785e35ba8e5c7d6d262e1","5d7c9b4430818374ba919c3b9ee1139bd433009b2de1b9445826e3b0a81404a9","/Users/chris/Repos/pdisasm/Tools/pascal-results/images/41caaa7f7d11150694001d70bff5dff2af14df718af5e2e57624615e1c68d1b1"
"images/productivity/finance/ag_pac/AGPAC The Agricultural Software Package - Livestock.dsk","9487ca78711bb8fd17585cf8615662a7d129095fe07f10f9bff08644b14044a7","AGPAC","SYSTEM.APPLE","6ebeb90720fa23f20f23009bc011194f5e1612ee52783b75ce87647b390b0bad","c5b5133699d622de967e40d8ee8f01c14e4a657b524064593e738f4c6d21e6b0","ff69a46e19344598c45733f6d2c4f276eb03fa2d9a75dde3738f5c87b4bbb5e9","b254ea72f95066d62c983c06cdd075c18d79cb7af3a01f2c1c5890773cd53ffb","/Users/chris/Repos/pdisasm/Tools/pascal-results/images/9487ca78711bb8fd17585cf8615662a7d129095fe07f10f9bff08644b14044a7"
"images/productivity/finance/Dollars and Sense side A.dsk","c1cc1eab4d8656fbc6b4276b6f731c0290ab677e55b5365f6c6ae552c1c3e239","TFOS","RTSTRP.APPLE","93629b22a4916e1f8affaa738a0637665191940152928b5c7d876ff9d800a113","a146cda8cafb5f4b40ce7b271659b91871fdb35c2cf491e1741ab7cc6b94d325","66ae338094b72842ab2ebd350cffbb88fc8aeea26211c336c05a1b1d991292f0","6f95245e71173839bf5f064e06c4f78de1728c77bc9a4f04be58a1a1b44dc943","/Users/chris/Repos/pdisasm/Tools/pascal-results/images/c1cc1eab4d8656fbc6b4276b6f731c0290ab677e55b5365f6c6ae552c1c3e239"
"images/productivity/graphics/misc/Imagination Pictures.dsk","92dbd15c2f98c9dbe0630a2ce3b925a41de8c64a0f8df496e27fdba667f23fd7","PICTURE","SYSTEM.APPLE","2443c23e7538ebfc0227525e4a80878dfae0b96a8a445cb1c4b4332f433a8ae6","ef890517c1eb403c6029ac1063aac4c197ca4617995f7eaa964f8bcc9e688844","799bae3b1f8d48a136c89e617846e579b5ebe76f95ed12dd0de42458878d6074","190f9410ae628d485d58a0b0ae1cc761c88233d916afdc9abb54443a80891003","/Users/chris/Repos/pdisasm/Tools/pascal-results/images/92dbd15c2f98c9dbe0630a2ce3b925a41de8c64a0f8df496e27fdba667f23fd7"
"images/productivity/graphics/misc/EasyGraph (4am crack).dsk","95a35edb80ba8e9f45727d9012f03554cc2163a17ad1b967a914d969bb571222","GRAFM","SYSTEM.APPLE","49b1bbbd162e00df30a59b10aa591032e16b0fa5fec88512053827339b96383e","1e1f49d81a10939c89b0ceb20f4f619853c83c0c77c85774e991fd1119db6f69","73b1dc2c8b31f43fa61b657f169f662cefb17143adc5d85f862872c9859b8e00","ea5f6ea54b46fa42fe0c881b299802b13e332c6c44f04f1c0877cd4d6c5bfc4a","/Users/chris/Repos/pdisasm/Tools/pascal-results/images/95a35edb80ba8e9f45727d9012f03554cc2163a17ad1b967a914d969bb571222"
"images/productivity/graphics/misc/Imagination Quilt.dsk","58c529c6b702b9dc48f59ec88ff8a938154feeabfc874d94c13e8e12b0be67e2","QUILT","SYSTEM.APPLE","2443c23e7538ebfc0227525e4a80878dfae0b96a8a445cb1c4b4332f433a8ae6","ef890517c1eb403c6029ac1063aac4c197ca4617995f7eaa964f8bcc9e688844","1549c7ec5eb6bf01d0d1d2856e1beaf6ba715c14f6c1ef6381002faec71282f6","190f9410ae628d485d58a0b0ae1cc761c88233d916afdc9abb54443a80891003","/Users/chris/Repos/pdisasm/Tools/pascal-results/images/58c529c6b702b9dc48f59ec88ff8a938154feeabfc874d94c13e8e12b0be67e2"
"images/productivity/graphics/cad/CAD-APPLE_D1.dsk","cec9655f14e07165b8eb708dffbf6b87a56f21384fe753673982a36c51d176f7","LCBOOT","SYSTEM.APPLE","ac4e05e901516cb162870f3e725b468afe6f717e38cadc58dbc40d6c51070bc5","72bbfdfc659ca1c383488507e0707df79789d1ee6ee864de76b8c0fb774090e5","117fc75c835f79472bdf00cfc7fb2ead48128a5825cb7682e18affd0386b0f44","895540e73c48071873ada2fdbcb7b2700ba972dbc343a18d941aeba6d1778a9c","/Users/chris/Repos/pdisasm/Tools/pascal-results/images/cec9655f14e07165b8eb708dffbf6b87a56f21384fe753673982a36c51d176f7"
"unzip/misc/Ron Fenley 1980s Apple Floppy Collection/Ron Fenley 1980s Apple Floppy Collection/BOX 1/PASCAL 09.dsk","a472edc170a4b2c80c9d3bda59e219f934b90389e9b4313ab6154e5ba396958f","STARTUP","SYSTEM.APPLE","2443c23e7538ebfc0227525e4a80878dfae0b96a8a445cb1c4b4332f433a8ae6","ef890517c1eb403c6029ac1063aac4c197ca4617995f7eaa964f8bcc9e688844","9a0765d098fd490fa0e8d0c14e7c2a934329e3063bed05bbd9e70c94a071b0e8","190f9410ae628d485d58a0b0ae1cc761c88233d916afdc9abb54443a80891003","/Users/chris/Repos/pdisasm/Tools/pascal-results/images/a472edc170a4b2c80c9d3bda59e219f934b90389e9b4313ab6154e5ba396958f"
"unzip/misc/Ron Fenley 1980s Apple Floppy Collection/Ron Fenley 1980s Apple Floppy Collection/BOX 1/1315.dsk","36fc5dbe341bbe616830d2c1588fcd07422987c727659b54ef68aa1a183e0dec","IACDOC","SYSTEM.APPLE","2443c23e7538ebfc0227525e4a80878dfae0b96a8a445cb1c4b4332f433a8ae6","ef890517c1eb403c6029ac1063aac4c197ca4617995f7eaa964f8bcc9e688844","570d2f5e448092aff545fb8644b5c1d316b4e5c54c6bc2d1d7ea1d7a06041c01","190f9410ae628d485d58a0b0ae1cc761c88233d916afdc9abb54443a80891003","/Users/chris/Repos/pdisasm/Tools/pascal-results/images/36fc5dbe341bbe616830d2c1588fcd07422987c727659b54ef68aa1a183e0dec"
"unzip/misc/Ron Fenley 1980s Apple Floppy Collection/Ron Fenley 1980s Apple Floppy Collection/BOX 1/1315B.dsk","8261e4e8497180c081fa7c86768ee54a26b2350bced5e36c60b243684f0260a2","IACBASE","SYSTEM.APPLE","2443c23e7538ebfc0227525e4a80878dfae0b96a8a445cb1c4b4332f433a8ae6","ef890517c1eb403c6029ac1063aac4c197ca4617995f7eaa964f8bcc9e688844","d1dc1293cf9becf1257ec2f46cfdca77030a2e2e283b6c0df76e5c3af259e646","190f9410ae628d485d58a0b0ae1cc761c88233d916afdc9abb54443a80891003","/Users/chris/Repos/pdisasm/Tools/pascal-results/images/8261e4e8497180c081fa7c86768ee54a26b2350bced5e36c60b243684f0260a2"
"unzip/misc/Ron Fenley 1980s Apple Floppy Collection/Ron Fenley 1980s Apple Floppy Collection/BMC Box 1/011-2 - ProDOS.dsk","cfe7fa73c34f2572587739557c1210398b318002bf8174ea300efda0419ad358","KBDRUN","SYSTEM.APPLE","7df7ad195bec6bcfbc25bda7df6ca4645562ee0a5cad0fc5a08a1f56391a25c7","e44ba3e9ef9840bec2b28407a825d29f9fb3e0cc1c84f137fa0c887489e21af6","","190f9410ae628d485d58a0b0ae1cc761c88233d916afdc9abb54443a80891003","/Users/chris/Repos/pdisasm/Tools/pascal-results/images/cfe7fa73c34f2572587739557c1210398b318002bf8174ea300efda0419ad358"
"unzip/misc/Ron Fenley 1980s Apple Floppy Collection/Ron Fenley 1980s Apple Floppy Collection/BMC Box 1/109-1 - Dollars and Sense 1.5 - Side 1.dsk","12f4edafd6d17f2998de102488265743cb291ca85978abdbef48d94b2cb28c88","TFOS","SYSTEM.APPLE","96b3a45ae3486a211744af24da5ea18fddacb1800d9a65f5749333d66e574cbd","2ec2736219293eb985f5da6faa66c76606ea981f4984aba3d1b2131fc6117f2c","f95c5c6c9f4e9bf90558d77fbb0df64e4020e59259b3cd3f95a4d67276f65abc","048c089e53438cc7066a73065409827ee44a382c798ce3718897716279cfc3dc","/Users/chris/Repos/pdisasm/Tools/pascal-results/images/12f4edafd6d17f2998de102488265743cb291ca85978abdbef48d94b2cb28c88"
"unzip/misc/Ron Fenley 1980s Apple Floppy Collection/Ron Fenley 1980s Apple Floppy Collection/BMC Box 1/096-2 - SmartCom.dsk","fe0dff21a26bba027b6d80ede8b06252b57c8bee83a86d00b0f9b039180c4f8e","H112884","SYSTEM.APPLE","6701bcee4840864e6306d744c12fa3c6d47413321eebbe15cbe1bab3d23118e9","fb5421152940287c0c0c49d4c5b9b50074d7f33722b5c8c5d1a44acc2d537657","85a4cd902d1cb48ee224d4741cb67eaa1280971bde9150a1edb7797142db7e47","190f9410ae628d485d58a0b0ae1cc761c88233d916afdc9abb54443a80891003","/Users/chris/Repos/pdisasm/Tools/pascal-results/images/fe0dff21a26bba027b6d80ede8b06252b57c8bee83a86d00b0f9b039180c4f8e"
"unzip/misc/Ron Fenley 1980s Apple Floppy Collection/Ron Fenley 1980s Apple Floppy Collection/BOX 3 NUMBER 4 - APPS AND UTILITIES/03 - DOLLARS AND SENSE - BOOT.dsk","95837c3efaa3e6c8d74c298a575dae19cae416b56548e91b3698beb6570d5a66","TFOS","RTSTRP.APPLE","93629b22a4916e1f8affaa738a0637665191940152928b5c7d876ff9d800a113","a146cda8cafb5f4b40ce7b271659b91871fdb35c2cf491e1741ab7cc6b94d325","66ae338094b72842ab2ebd350cffbb88fc8aeea26211c336c05a1b1d991292f0","6f95245e71173839bf5f064e06c4f78de1728c77bc9a4f04be58a1a1b44dc943","/Users/chris/Repos/pdisasm/Tools/pascal-results/images/95837c3efaa3e6c8d74c298a575dae19cae416b56548e91b3698beb6570d5a66"
"unzip/misc/Ron Fenley 1980s Apple Floppy Collection/Ron Fenley 1980s Apple Floppy Collection/BOX 2/008 - PRODOS BASIC 1.0.dsk","eebcbe2648a1e7c2120f04096cd4a48c9236f66756b38b47d06a5e6487aca638","KBDRUN","SYSTEM.APPLE","f2f87b99c627786cde2ca9e31aa66c84acacc82c1e40988c7377acb2a8d859f9","e44ba3e9ef9840bec2b28407a825d29f9fb3e0cc1c84f137fa0c887489e21af6","","190f9410ae628d485d58a0b0ae1cc761c88233d916afdc9abb54443a80891003","/Users/chris/Repos/pdisasm/Tools/pascal-results/images/eebcbe2648a1e7c2120f04096cd4a48c9236f66756b38b47d06a5e6487aca638"
"unzip/misc/European Apple IIgs Collection/European Apple IIgs Collection/0481 Pascal v1.3 - RAM-disk Version.po","5f03bd37a43a9d5f116589c75b0e9b98556aba7769a4222b2ed78fc2a0bbf1cf","SYSTEM","SYSTEM.APPLE","2d9d547e62a2b566b2cb2a26f311b321ab1d95a06cf6aaa68d1e9930fdd6b40d","98eb236ebae21950de87485bd83256642a73bb0727aae60d2cbbaf97165c6e15","90895376cf302da3a93b594e8a09b9299656923058ab479aee9c46aca6e32bb8","c7970cfa1e71fac107bc52d78765188371e30c0b3d66339000f73c5b72538763","/Users/chris/Repos/pdisasm/Tools/pascal-results/images/5f03bd37a43a9d5f116589c75b0e9b98556aba7769a4222b2ed78fc2a0bbf1cf"
"unzip/misc/European Apple IIgs Collection/European Apple IIgs Collection/0022 Apple II Pascal v1.3 - Workbench.po","b6a2fb2fda5a9e643d4ff49b3c665e96f0154c045239a0a09d982ac9aca59282","1PASCAL","SYSTEM.APPLE","daa490d5e0bb98e1955081c0d268bed4a862a2b633bdc078b13d0d050a71c630","a8535382d7df95766093a6c734fe4feeade6fb4ce60fc065dc65c785308f8859","1f4ab0662f085269e76c315b2cd1ddea6fba56b84da34249f0eed97af3ffc7f6","c7970cfa1e71fac107bc52d78765188371e30c0b3d66339000f73c5b72538763","/Users/chris/Repos/pdisasm/Tools/pascal-results/images/b6a2fb2fda5a9e643d4ff49b3c665e96f0154c045239a0a09d982ac9aca59282"
"unzip/misc/European Apple IIgs Collection/European Apple IIgs Collection/0022 Apple II Pascal v1.3 - Workbench.po","b6a2fb2fda5a9e643d4ff49b3c665e96f0154c045239a0a09d982ac9aca59282","1PASCAL","128K.APPLE","2d9d547e62a2b566b2cb2a26f311b321ab1d95a06cf6aaa68d1e9930fdd6b40d","a8535382d7df95766093a6c734fe4feeade6fb4ce60fc065dc65c785308f8859","1f4ab0662f085269e76c315b2cd1ddea6fba56b84da34249f0eed97af3ffc7f6","c7970cfa1e71fac107bc52d78765188371e30c0b3d66339000f73c5b72538763","/Users/chris/Repos/pdisasm/Tools/pascal-results/images/b6a2fb2fda5a9e643d4ff49b3c665e96f0154c045239a0a09d982ac9aca59282"
"unzip/misc/European Apple IIgs Collection/European Apple IIgs Collection/0017 Mega-Works - Spellchecker IIe.po","1c8518686f7eee05a150a73b3d57c100d0ad562ab628727f8877cbfb0bca15f3","BLANK","SYSTEM.APPLE","8538878e3ab27aadae12b9c6c1b5dc6f866afb2cb8635af2887c132ea8707e35","98eb236ebae21950de87485bd83256642a73bb0727aae60d2cbbaf97165c6e15","372938ad47c1d59a3ff9d01a012dccb9beac10d7eecc4612860e7afd5a54919b","c7970cfa1e71fac107bc52d78765188371e30c0b3d66339000f73c5b72538763","/Users/chris/Repos/pdisasm/Tools/pascal-results/images/1c8518686f7eee05a150a73b3d57c100d0ad562ab628727f8877cbfb0bca15f3"
"unzip/misc/European Apple IIgs Collection/European Apple IIgs Collection/0370 UCSD Pascal - Das neue Bremer System.po","6e187cf05962ea6737e71d4306c81f6205ed5bd7eb498997ac8f843df54dacdb","SYS3.6","SYSTEM.APPLE","1a446afb0b566047634071465b70b7aed33de82dbdedf221a420c829f51a50f5","98eb236ebae21950de87485bd83256642a73bb0727aae60d2cbbaf97165c6e15","51f80d19af3941e404016fa582155bae8ee82e9bba61eb666da180b896222f4a","fbcf6170c37482bb42f4095af42d721118a8b3a1ed4a2148008a4e5f32f3278e","/Users/chris/Repos/pdisasm/Tools/pascal-results/images/6e187cf05962ea6737e71d4306c81f6205ed5bd7eb498997ac8f843df54dacdb"
"unzip/misc/European Apple IIgs Collection/European Apple IIgs Collection/0160 IIGS demo.po","3152c97b517cdb4c1a6b9cd68cdcf47ea384237b1ffefa2694a7ced55550a8ba","HALFONE","SYSTEM.APPLE","63c1c07794a1ab9e0965f68393001f5fc1fff55fe3b7cc6aa7fb12bf66f35097","2ec2736219293eb985f5da6faa66c76606ea981f4984aba3d1b2131fc6117f2c","9032266069f6a005750adcbcff6c450ac12fe192b8e7ac3d44f9a539df99640c","c7970cfa1e71fac107bc52d78765188371e30c0b3d66339000f73c5b72538763","/Users/chris/Repos/pdisasm/Tools/pascal-results/images/3152c97b517cdb4c1a6b9cd68cdcf47ea384237b1ffefa2694a7ced55550a8ba"
"unzip/misc/European Apple IIgs Collection/European Apple IIgs Collection/0387 Pascal - Buch - Buchhaltung - in disk 2 DATA DISK.po","9bf2f4714e45b237f4e9079eeeeab5b381304cfc82cefb2733f204b337e2f91b","BLANK","SYSTEM.APPLE","67adc957afa1fc3cae9177ef42846ea1c31fd44f5a00e0694f63acafd248aed5","3189798e4f598903441f35941277fa9d412ea0cba298e662923f8e2e50003f29","2ce512f5b8bb7e204adbb2d0f51d5339117aa0ab404ec0d16377b312720caffe","c7970cfa1e71fac107bc52d78765188371e30c0b3d66339000f73c5b72538763","/Users/chris/Repos/pdisasm/Tools/pascal-results/images/9bf2f4714e45b237f4e9079eeeeab5b381304cfc82cefb2733f204b337e2f91b"
"unzip/misc/European Apple IIgs Collection/European Apple IIgs Collection/0023 Apple II Pascal v1.3.po","84e215bee5afd3370a57a16697b9087712d6abd6831d014bd679a91a0fa197f6","PASSYS","SYSTEM.APPLE","2d9d547e62a2b566b2cb2a26f311b321ab1d95a06cf6aaa68d1e9930fdd6b40d","98eb236ebae21950de87485bd83256642a73bb0727aae60d2cbbaf97165c6e15","431125b4a3824af775ebaeab8989d0f1cc51809131593b2fe4924174c017c3a6","c7970cfa1e71fac107bc52d78765188371e30c0b3d66339000f73c5b72538763","/Users/chris/Repos/pdisasm/Tools/pascal-results/images/84e215bee5afd3370a57a16697b9087712d6abd6831d014bd679a91a0fa197f6"
"unzip/misc/espirit_de_apple_corps/EDAC-Esprit de Apple Corps_CD2/Games/Games.8bit/Disk.Archives/TRIVIA.WIZ.BXY","3232e6806be1bb51fe2b057ab8aef06a639172c2ef1c7c088fb5c589d262c752","SAMPLER","SYSTEM.APPLE","63c1c07794a1ab9e0965f68393001f5fc1fff55fe3b7cc6aa7fb12bf66f35097","2ec2736219293eb985f5da6faa66c76606ea981f4984aba3d1b2131fc6117f2c","e88de8826582aaa1cccc64b2f7e73140ce7ef0db4eaebd921741864621ff691b","048c089e53438cc7066a73065409827ee44a382c798ce3718897716279cfc3dc","/Users/chris/Repos/pdisasm/Tools/pascal-results/images/3232e6806be1bb51fe2b057ab8aef06a639172c2ef1c7c088fb5c589d262c752"
"unzip/misc/a2util2/EINF2C.DSK","b29c8c717a52377cca797452669fb1bde5e48a8f6c3c9ac2b8ff7476d8b81db3","APA2501","SYSTEM.APPLE","8fb30ba2a7b54d49b55536d13db8252d192f230df14a2f0eba5a8830c9fe1c2e","e44ba3e9ef9840bec2b28407a825d29f9fb3e0cc1c84f137fa0c887489e21af6","f56de428be17503070902c7842e44151c40476d1355274718bedc2450a5efa6f","190f9410ae628d485d58a0b0ae1cc761c88233d916afdc9abb54443a80891003","/Users/chris/Repos/pdisasm/Tools/pascal-results/images/b29c8c717a52377cca797452669fb1bde5e48a8f6c3c9ac2b8ff7476d8b81db3"
"unzip/misc/a2util2/UCSDPAS1.DSK","cb0104cbea8e9d3da7f100be343d8e7991b8132b5798fac1ec57e9b8e2588e11","APPLE1","SYSTEM.APPLE","2443c23e7538ebfc0227525e4a80878dfae0b96a8a445cb1c4b4332f433a8ae6","ef890517c1eb403c6029ac1063aac4c197ca4617995f7eaa964f8bcc9e688844","e3996bf923db8a596935df7856da745b24f8afedd8a773d4034a9e796a2446cc","190f9410ae628d485d58a0b0ae1cc761c88233d916afdc9abb54443a80891003","/Users/chris/Repos/pdisasm/Tools/pascal-results/images/cb0104cbea8e9d3da7f100be343d8e7991b8132b5798fac1ec57e9b8e2588e11"
"unzip/misc/woz_format/woz-format-test-images-2018-06/woz-format-test-images-2018-06/Widespread (1985)(Software Publishing Corporation).woz","e1e53afbe8a70ff9aafa19bcf755f3fc30418affdf5feccad406b0fdd0f2d33d","WS","SYSTEM.APPLE","6701bcee4840864e6306d744c12fa3c6d47413321eebbe15cbe1bab3d23118e9","fb5421152940287c0c0c49d4c5b9b50074d7f33722b5c8c5d1a44acc2d537657","7c6abf23ed8b604657262750d0487230318803d232689b68b019f7486622469a","190f9410ae628d485d58a0b0ae1cc761c88233d916afdc9abb54443a80891003","/Users/chris/Repos/pdisasm/Tools/pascal-results/images/e1e53afbe8a70ff9aafa19bcf755f3fc30418affdf5feccad406b0fdd0f2d33d"
"unzip/misc/woz_format/woz-format-test-images-2018-06/woz-format-test-images-2018-06/Solar Reading - Flight 2 - Sequence - Earth-X (1990)(Learning Multi-Systems).woz","54fee5ac4f8c1442c2893ac590c34b9b648e2e048bb3f04c411f59526d52e70b","R200","SYSTEM.APPLE","581a5c924979aed84c65add4a4400d11e312f6b7327b23d7358d497e8b687176","3189798e4f598903441f35941277fa9d412ea0cba298e662923f8e2e50003f29","7f33041886cd63bf6acd5822ac2690d9f652ad742e51d014471e26d102ce4771","660b8947654a522a41aaa920ac430fdff7cdfad2fabf22fa455cf2941ffa9ee4","/Users/chris/Repos/pdisasm/Tools/pascal-results/images/54fee5ac4f8c1442c2893ac590c34b9b648e2e048bb3f04c411f59526d52e70b"
"unzip/misc/woz_format/woz-format-test-images-2018-06/woz-format-test-images-2018-06/GATO.woz","7a082a5a16c2924289ca75c9d428ad841fb2b285adee4128c0bf864e4b49bbe0","GATO","SYSTEM.APPLE","04f1ec08c713359afed6dba63d2e54cd1445aa03a160047a7a3d8535bb5baf2d","fb5421152940287c0c0c49d4c5b9b50074d7f33722b5c8c5d1a44acc2d537657","5fbfd9105449fc0f3f4f98d11ca1ee67ba39117a8d49f6b1cfebe333533cece3","fd4c672d4f06bb10179324f0513c386508a40ccad83bf424c7fc7510e38ecfad","/Users/chris/Repos/pdisasm/Tools/pascal-results/images/7a082a5a16c2924289ca75c9d428ad841fb2b285adee4128c0bf864e4b49bbe0"
"unzip/misc/woz_format/woz-format-test-images-2018-06/woz-format-test-images-2018-06/Solar Reading Flight 2 - Venus-X - Central Thought (1989)(Learning Multi-Systems).woz","d302772236254f149f0bd70ca71d8447a7e4df4be716fb9ce6c661bbdc9dc142","R200","SYSTEM.APPLE","581a5c924979aed84c65add4a4400d11e312f6b7327b23d7358d497e8b687176","3189798e4f598903441f35941277fa9d412ea0cba298e662923f8e2e50003f29","de0408d04f9eddd2414bcfbc6999326babff33687debaaf42903848d87404bbc","660b8947654a522a41aaa920ac430fdff7cdfad2fabf22fa455cf2941ffa9ee4","/Users/chris/Repos/pdisasm/Tools/pascal-results/images/d302772236254f149f0bd70ca71d8447a7e4df4be716fb9ce6c661bbdc9dc142"
"unzip/misc/woz_format/woz-format-test-images-2018-06/woz-format-test-images-2018-06/Solar Reading Flight 2 - Mars - Comprehension Skills (1990)(Learning Multi-Systems).woz","a35bb0778237cbbc2a0b0c327fe64e228a343a2a460596a161240f32bb0b7a9d","R200","SYSTEM.APPLE","581a5c924979aed84c65add4a4400d11e312f6b7327b23d7358d497e8b687176","3189798e4f598903441f35941277fa9d412ea0cba298e662923f8e2e50003f29","6f83ff6c4bf19279053622b92766b887233926cdaf38a1dd0ef1d6cc6edca625","660b8947654a522a41aaa920ac430fdff7cdfad2fabf22fa455cf2941ffa9ee4","/Users/chris/Repos/pdisasm/Tools/pascal-results/images/a35bb0778237cbbc2a0b0c327fe64e228a343a2a460596a161240f32bb0b7a9d"
"unzip/misc/woz_format/woz-format-test-images-2018-06/woz-format-test-images-2018-06/Solar Reading Flight 2 - Saturn-X - Paraphrase (1990(Learning Multi-Systems).woz","be59ff098f0a770f72751d5ffffebb25f233bb6425d4b39035f3a54debb43da7","R200","SYSTEM.APPLE","581a5c924979aed84c65add4a4400d11e312f6b7327b23d7358d497e8b687176","3189798e4f598903441f35941277fa9d412ea0cba298e662923f8e2e50003f29","101ba0ee155492ea1b5b2f8c354b1c5717c37abcbdb7ce37512143c04e7b1083","660b8947654a522a41aaa920ac430fdff7cdfad2fabf22fa455cf2941ffa9ee4","/Users/chris/Repos/pdisasm/Tools/pascal-results/images/be59ff098f0a770f72751d5ffffebb25f233bb6425d4b39035f3a54debb43da7"
"unzip/misc/woz_format/woz-format-test-images-2018-06/woz-format-test-images-2018-06/Solar Reading - Flight 2 - Paraphrase - Jupiter-X (1990)(Learning Multi-Systems).woz","2819281e1cf6536b355f7ff9257649421175d3bf5d53e0485eb83b3dc8b4d9b9","R200","SYSTEM.APPLE","581a5c924979aed84c65add4a4400d11e312f6b7327b23d7358d497e8b687176","3189798e4f598903441f35941277fa9d412ea0cba298e662923f8e2e50003f29","5dc4f07646efeff7432aea6401233007de893d8e5fabb2279997675fb5df8770","660b8947654a522a41aaa920ac430fdff7cdfad2fabf22fa455cf2941ffa9ee4","/Users/chris/Repos/pdisasm/Tools/pascal-results/images/2819281e1cf6536b355f7ff9257649421175d3bf5d53e0485eb83b3dc8b4d9b9"
"unzip/misc/woz_format/woz-format-test-images-2018-06/woz-format-test-images-2018-06/MyMailList (1987)(MySoftwareCo).woz","57badaf1985dfc5f530836aa720d9dc779991844d2fac3c79270c1f629a2b08c","MYLIST","SYSTEM.APPLE","ed6f1555b276008807fe9d23db834971dbad3b5ed928989f4f755e578bdbad9e","98eb236ebae21950de87485bd83256642a73bb0727aae60d2cbbaf97165c6e15","1fffb6a8de411b6d2b405b8e2558f82405aa778f356a19164aa6e8b052359e64","048c089e53438cc7066a73065409827ee44a382c798ce3718897716279cfc3dc","/Users/chris/Repos/pdisasm/Tools/pascal-results/images/57badaf1985dfc5f530836aa720d9dc779991844d2fac3c79270c1f629a2b08c"
"unzip/misc/woz_format/woz-format-test-images-2018-05/woz/Reading Workshop - Running Free (1987)(Scott, Foresman and Company)(Disk 3 of 8).woz","c2b70c2ddc846503a3becc8644959d2a13d3a26b95bb2f2c4cd9e44001f75608","TEXT","SYSTEM.APPLE","b0d6ae9829da793cf605ae4cfc09b229f8130cd46a53db451eed226d8a986873","1e1f49d81a10939c89b0ceb20f4f619853c83c0c77c85774e991fd1119db6f69","85a4cd902d1cb48ee224d4741cb67eaa1280971bde9150a1edb7797142db7e47","802a8c6c14f2461b8132dfbcda29cbdc91d8acde288b022797765a232e32555a","/Users/chris/Repos/pdisasm/Tools/pascal-results/images/c2b70c2ddc846503a3becc8644959d2a13d3a26b95bb2f2c4cd9e44001f75608"
"unzip/misc/woz_format/woz-format-test-images-2018-05/woz/Language Activities Courseware Level 4 - Grammar and Study Skills (1986)(Houghton Mifflin)(Disk B-2).woz","94423d27f872ba0d0559179d6e58d4ee8b7d03fa3c0d765192e47c4ec7fdd911","DISKB2","SYSTEM.APPLE","49b1bbbd162e00df30a59b10aa591032e16b0fa5fec88512053827339b96383e","1e1f49d81a10939c89b0ceb20f4f619853c83c0c77c85774e991fd1119db6f69","ee26ba83eddf81c5c69c8f18d72f42dfa1b6e9f6450195836aac127ca6a98a2b","190f9410ae628d485d58a0b0ae1cc761c88233d916afdc9abb54443a80891003","/Users/chris/Repos/pdisasm/Tools/pascal-results/images/94423d27f872ba0d0559179d6e58d4ee8b7d03fa3c0d765192e47c4ec7fdd911"
"unzip/misc/woz_format/woz-format-test-images-2018-05/woz/Reading Workshop - Running Free (1987)(Scott, Foresman and Company)(Disk 5 of 8).woz","8149d42b672f4436d368fa7f0dc94ddcf859051ed56e1c5ed46a642a728027f3","TEXT","SYSTEM.APPLE","b0d6ae9829da793cf605ae4cfc09b229f8130cd46a53db451eed226d8a986873","1e1f49d81a10939c89b0ceb20f4f619853c83c0c77c85774e991fd1119db6f69","85a4cd902d1cb48ee224d4741cb67eaa1280971bde9150a1edb7797142db7e47","802a8c6c14f2461b8132dfbcda29cbdc91d8acde288b022797765a232e32555a","/Users/chris/Repos/pdisasm/Tools/pascal-results/images/8149d42b672f4436d368fa7f0dc94ddcf859051ed56e1c5ed46a642a728027f3"
"unzip/misc/woz_format/woz-format-test-images-2018-05/woz/Riddle Magic (1987)(Mindscape)(Disk 1 of 2).woz","2b4d7f61f3011337abf1ca0c60324061eb0ff82dbd72ddefdb3bdf091108809b","RIDSHOP","SYSTEM.APPLE","bab952813c718c879d3720572cbc5ad6be7dcb713d5bf20d4f3f77d40ac93008","3189798e4f598903441f35941277fa9d412ea0cba298e662923f8e2e50003f29","4566e64b028b2fc3907073c1547b8d4cca4d9a28e063d4b7b3d52c13488c8d2a","93197875c871f60b1d90ed2dfdc3edb33643ea518cfc80afec27a013e5a3d458","/Users/chris/Repos/pdisasm/Tools/pascal-results/images/2b4d7f61f3011337abf1ca0c60324061eb0ff82dbd72ddefdb3bdf091108809b"
"unzip/misc/woz_format/woz-format-test-images-2018-05/woz/The Mist (1985)(Mindscape).woz","334e99550e4a9bcaa3e057e9790bc377cf0948905d2903ac82f42fe5a1081740","G1","SYSTEM.APPLE","b0d6ae9829da793cf605ae4cfc09b229f8130cd46a53db451eed226d8a986873","1e1f49d81a10939c89b0ceb20f4f619853c83c0c77c85774e991fd1119db6f69","c2182744860e3cb1a2057518596223ed0b4f8abea36fa174f1608d823d609ac9","a5046ff58df4641d177e82ea64ed985e372620ab02a063ccc7fe94b3350fa131","/Users/chris/Repos/pdisasm/Tools/pascal-results/images/334e99550e4a9bcaa3e057e9790bc377cf0948905d2903ac82f42fe5a1081740"
"unzip/misc/woz_format/woz-format-test-images-2018-05/woz/Don't Quote Me and Adjective Scramble (1986)(Houghton Mifflin).woz","520d0449c7e9aaba387375d48ffc39ac639b91e88b58ac0af761db2b4ac3f67c","DISKC1","SYSTEM.APPLE","49b1bbbd162e00df30a59b10aa591032e16b0fa5fec88512053827339b96383e","1e1f49d81a10939c89b0ceb20f4f619853c83c0c77c85774e991fd1119db6f69","ee26ba83eddf81c5c69c8f18d72f42dfa1b6e9f6450195836aac127ca6a98a2b","190f9410ae628d485d58a0b0ae1cc761c88233d916afdc9abb54443a80891003","/Users/chris/Repos/pdisasm/Tools/pascal-results/images/520d0449c7e9aaba387375d48ffc39ac639b91e88b58ac0af761db2b4ac3f67c"
"unzip/misc/woz_format/woz-format-test-images-2018-05/woz/Language Activities Courseware Level 4 - Grammar and Study Skills (1986)(Houghton Mifflin)(Disk C-2) -- appears damaged.woz","c1c6d4b88df24c2e713b44477c505a77532e7f41c094bc74b2f167ac4ac00599","NEWC2","SYSTEM.APPLE","49b1bbbd162e00df30a59b10aa591032e16b0fa5fec88512053827339b96383e","1e1f49d81a10939c89b0ceb20f4f619853c83c0c77c85774e991fd1119db6f69","ee26ba83eddf81c5c69c8f18d72f42dfa1b6e9f6450195836aac127ca6a98a2b","190f9410ae628d485d58a0b0ae1cc761c88233d916afdc9abb54443a80891003","/Users/chris/Repos/pdisasm/Tools/pascal-results/images/c1c6d4b88df24c2e713b44477c505a77532e7f41c094bc74b2f167ac4ac00599"
"unzip/misc/woz_format/woz-format-test-images-2018-05/woz/James Bond 007 in A View To A Kill (1985)(Mindscape).woz","00d08e7dcea4c263b1a0e0b47a3f7134219525614463a28ea96de9e490c42ab5","G1","SYSTEM.APPLE","b0d6ae9829da793cf605ae4cfc09b229f8130cd46a53db451eed226d8a986873","1e1f49d81a10939c89b0ceb20f4f619853c83c0c77c85774e991fd1119db6f69","c2182744860e3cb1a2057518596223ed0b4f8abea36fa174f1608d823d609ac9","a5046ff58df4641d177e82ea64ed985e372620ab02a063ccc7fe94b3350fa131","/Users/chris/Repos/pdisasm/Tools/pascal-results/images/00d08e7dcea4c263b1a0e0b47a3f7134219525614463a28ea96de9e490c42ab5"
"unzip/misc/woz_format/woz-format-test-images-2018-05/woz/Reading Workshop - Running Free (1987)(Scott, Foresman and Company)(Disk 1 of 8).woz","1f23491591f9c7c4608587db56c2a081391e764d7de948145257a926522224f2","TEXT","SYSTEM.APPLE","b0d6ae9829da793cf605ae4cfc09b229f8130cd46a53db451eed226d8a986873","1e1f49d81a10939c89b0ceb20f4f619853c83c0c77c85774e991fd1119db6f69","85a4cd902d1cb48ee224d4741cb67eaa1280971bde9150a1edb7797142db7e47","802a8c6c14f2461b8132dfbcda29cbdc91d8acde288b022797765a232e32555a","/Users/chris/Repos/pdisasm/Tools/pascal-results/images/1f23491591f9c7c4608587db56c2a081391e764d7de948145257a926522224f2"
"unzip/misc/woz_format/woz-format-test-images-2018-05/woz/Reading Workshop - Running Free (1987)(Scott, Foresman and Company)(Disk 7 of 8).woz","58c3b1cc83d86ff2bb6489eec342b4d38e02ad67f00946f1d34ea3d5801a62d4","TEXT","SYSTEM.APPLE","b0d6ae9829da793cf605ae4cfc09b229f8130cd46a53db451eed226d8a986873","1e1f49d81a10939c89b0ceb20f4f619853c83c0c77c85774e991fd1119db6f69","85a4cd902d1cb48ee224d4741cb67eaa1280971bde9150a1edb7797142db7e47","802a8c6c14f2461b8132dfbcda29cbdc91d8acde288b022797765a232e32555a","/Users/chris/Repos/pdisasm/Tools/pascal-results/images/58c3b1cc83d86ff2bb6489eec342b4d38e02ad67f00946f1d34ea3d5801a62d4"
"unzip/misc/woz_format/woz-format-test-images-2018-05/woz/Language Activities Courseware Level 4 - Grammar and Study Skills (1986)(Houghton Mifflin)(Disk B-1).woz","c151c01219c4fe37614b1e348e5ec1141e2858c3248718ed2a6ee44006e31fb1","NEWB1","SYSTEM.APPLE","49b1bbbd162e00df30a59b10aa591032e16b0fa5fec88512053827339b96383e","1e1f49d81a10939c89b0ceb20f4f619853c83c0c77c85774e991fd1119db6f69","ee26ba83eddf81c5c69c8f18d72f42dfa1b6e9f6450195836aac127ca6a98a2b","190f9410ae628d485d58a0b0ae1cc761c88233d916afdc9abb54443a80891003","/Users/chris/Repos/pdisasm/Tools/pascal-results/images/c151c01219c4fe37614b1e348e5ec1141e2858c3248718ed2a6ee44006e31fb1"
"unzip/misc/woz_format/woz-format-test-images-2018-05/woz/Racter (1985)(Mindscape).woz","61e2a15b4c64534af62f2f1f8c4900a84efab5c895f589d1afef45051c455141","RACTER","SYSTEM.APPLE","303e6e8d16efd87b05f86214744fc4a768fe3357092eb8c41d0f5c28e1c86453","fb5421152940287c0c0c49d4c5b9b50074d7f33722b5c8c5d1a44acc2d537657","85a4cd902d1cb48ee224d4741cb67eaa1280971bde9150a1edb7797142db7e47","802a8c6c14f2461b8132dfbcda29cbdc91d8acde288b022797765a232e32555a","/Users/chris/Repos/pdisasm/Tools/pascal-results/images/61e2a15b4c64534af62f2f1f8c4900a84efab5c895f589d1afef45051c455141"
"unzip/misc/woz_format/woz-format-test-images-2018-05/woz/Rambo First Blood Part II.woz","0d669aa2de68e651de7207011284ccc3dc652f10c1a7d33377febe74f4998406","G1","SYSTEM.APPLE","b0d6ae9829da793cf605ae4cfc09b229f8130cd46a53db451eed226d8a986873","1e1f49d81a10939c89b0ceb20f4f619853c83c0c77c85774e991fd1119db6f69","c2182744860e3cb1a2057518596223ed0b4f8abea36fa174f1608d823d609ac9","a5046ff58df4641d177e82ea64ed985e372620ab02a063ccc7fe94b3350fa131","/Users/chris/Repos/pdisasm/Tools/pascal-results/images/0d669aa2de68e651de7207011284ccc3dc652f10c1a7d33377febe74f4998406"
"unzip/misc/Apple II Disk Images/APPLE-II-DISK-IMAGES/misc/quickfile][.dsk.gz","3f2e9169e4b3a8dff5461b8111a5e6eb9575db88c4ddf999a4e3e3c100131f52","AIIQF","SYSTEM.APPLE","2443c23e7538ebfc0227525e4a80878dfae0b96a8a445cb1c4b4332f433a8ae6","ef890517c1eb403c6029ac1063aac4c197ca4617995f7eaa964f8bcc9e688844","e8a40750287a22ac92236b2aa25f64953a76b2904c06b388ebb9aed716f36e92","190f9410ae628d485d58a0b0ae1cc761c88233d916afdc9abb54443a80891003","/Users/chris/Repos/pdisasm/Tools/pascal-results/images/3f2e9169e4b3a8dff5461b8111a5e6eb9575db88c4ddf999a4e3e3c100131f52"
"unzip/misc/Apple II Disk Images/APPLE-II-DISK-IMAGES/disk_utils/UNIVERSAL.FILE.CONVERT.SDK","3cd2e9b4521461c3bd43f85d0c40ff596b25b8c2d1bd4f84e2c37a16e13e66c1","UFC","SYSTEM.APPLE","49b1bbbd162e00df30a59b10aa591032e16b0fa5fec88512053827339b96383e","1e1f49d81a10939c89b0ceb20f4f619853c83c0c77c85774e991fd1119db6f69","85a4cd902d1cb48ee224d4741cb67eaa1280971bde9150a1edb7797142db7e47","190f9410ae628d485d58a0b0ae1cc761c88233d916afdc9abb54443a80891003","/Users/chris/Repos/pdisasm/Tools/pascal-results/images/3cd2e9b4521461c3bd43f85d0c40ff596b25b8c2d1bd4f84e2c37a16e13e66c1"
"unzip/misc/Apple II Disk Images/APPLE-II-DISK-IMAGES/disk_utils/universalfileconversion.dsk.gz","25066fefde20392a3e28263a0ff64d629ebcd1f27ede3ebd0162ecca3c286451","UFC","SYSTEM.APPLE","49b1bbbd162e00df30a59b10aa591032e16b0fa5fec88512053827339b96383e","1e1f49d81a10939c89b0ceb20f4f619853c83c0c77c85774e991fd1119db6f69","85a4cd902d1cb48ee224d4741cb67eaa1280971bde9150a1edb7797142db7e47","190f9410ae628d485d58a0b0ae1cc761c88233d916afdc9abb54443a80891003","/Users/chris/Repos/pdisasm/Tools/pascal-results/images/25066fefde20392a3e28263a0ff64d629ebcd1f27ede3ebd0162ecca3c286451"
"unzip/misc/Apple II Disk Images/APPLE-II-DISK-IMAGES/educational/Vocab2and3.zip!Vocab3_D3.DSK","2aa380052b3a08eea6870c2deaf0224277f36f79418dbb5e63b93ff9da57d184","LESSONS","RT0006.APPLE","94eb6d37113cf3b9a8e2fa93aadafa08bac16fdcc578138fd9ace5848fd45a73","6dc9c38c6d99a5ea509b6d977b9729648e17bebf810eb9ef79bee1fcc07e7d01","6e03d304fe44a9492d92bf1fced61bde6f000f10a851f9a9d06dde11048de69c","77000b95cf63abb97971ac6236a79d05b1348a4f397ec132813b22df0498b6b3","/Users/chris/Repos/pdisasm/Tools/pascal-results/images/2aa380052b3a08eea6870c2deaf0224277f36f79418dbb5e63b93ff9da57d184"
"unzip/misc/Apple II Disk Images/APPLE-II-DISK-IMAGES/educational/Vocab2and3.zip!Vocab3_D2.DSK","35c7bcbd9df144abf3cc1960b4c6debcf45fa03c9cffa4bea1bf215e0ebff629","LESSONS","RT0006.APPLE","94eb6d37113cf3b9a8e2fa93aadafa08bac16fdcc578138fd9ace5848fd45a73","6dc9c38c6d99a5ea509b6d977b9729648e17bebf810eb9ef79bee1fcc07e7d01","6e03d304fe44a9492d92bf1fced61bde6f000f10a851f9a9d06dde11048de69c","77000b95cf63abb97971ac6236a79d05b1348a4f397ec132813b22df0498b6b3","/Users/chris/Repos/pdisasm/Tools/pascal-results/images/35c7bcbd9df144abf3cc1960b4c6debcf45fa03c9cffa4bea1bf215e0ebff629"
"unzip/misc/Apple II Disk Images/APPLE-II-DISK-IMAGES/educational/Vocab2and3.zip!Vocab3_D1.DSK","6d937cdad9d9a63538f9039ab7495254ca4c6ab2418c833bdf60a84de99d617c","LESSONS","RT0006.APPLE","94eb6d37113cf3b9a8e2fa93aadafa08bac16fdcc578138fd9ace5848fd45a73","6dc9c38c6d99a5ea509b6d977b9729648e17bebf810eb9ef79bee1fcc07e7d01","6e03d304fe44a9492d92bf1fced61bde6f000f10a851f9a9d06dde11048de69c","77000b95cf63abb97971ac6236a79d05b1348a4f397ec132813b22df0498b6b3","/Users/chris/Repos/pdisasm/Tools/pascal-results/images/6d937cdad9d9a63538f9039ab7495254ca4c6ab2418c833bdf60a84de99d617c"
"unzip/misc/Apple II Disk Images/APPLE-II-DISK-IMAGES/educational/Vocab2and3.zip!Vocab3_D4.DSK","39cc77375a1ac56b5d52cb57471ad56c6c896abe4537dd0bd0a01b285b8726e5","LESSONS","RT0006.APPLE","94eb6d37113cf3b9a8e2fa93aadafa08bac16fdcc578138fd9ace5848fd45a73","6dc9c38c6d99a5ea509b6d977b9729648e17bebf810eb9ef79bee1fcc07e7d01","6e03d304fe44a9492d92bf1fced61bde6f000f10a851f9a9d06dde11048de69c","77000b95cf63abb97971ac6236a79d05b1348a4f397ec132813b22df0498b6b3","/Users/chris/Repos/pdisasm/Tools/pascal-results/images/39cc77375a1ac56b5d52cb57471ad56c6c896abe4537dd0bd0a01b285b8726e5"
"unzip/misc/Apple II Disk Images/APPLE-II-DISK-IMAGES/educational/Vocab2and3.zip!Vocab2_D1.DSK","585a520bc09734bd01e77746152a27d96c7d9cb1a0cdffa76cc0cb7d69ab3c15","LESSONS","RT0006.APPLE","94eb6d37113cf3b9a8e2fa93aadafa08bac16fdcc578138fd9ace5848fd45a73","6dc9c38c6d99a5ea509b6d977b9729648e17bebf810eb9ef79bee1fcc07e7d01","6e03d304fe44a9492d92bf1fced61bde6f000f10a851f9a9d06dde11048de69c","77000b95cf63abb97971ac6236a79d05b1348a4f397ec132813b22df0498b6b3","/Users/chris/Repos/pdisasm/Tools/pascal-results/images/585a520bc09734bd01e77746152a27d96c7d9cb1a0cdffa76cc0cb7d69ab3c15"
"unzip/misc/Apple II Disk Images/APPLE-II-DISK-IMAGES/educational/Vocab2and3.zip!Vocab2_D2.DSK","4b5f0632c3c22fa55872a37f40152634db2eea3e6e9177846251ab7fe1618d32","LESSONS","RT0006.APPLE","94eb6d37113cf3b9a8e2fa93aadafa08bac16fdcc578138fd9ace5848fd45a73","6dc9c38c6d99a5ea509b6d977b9729648e17bebf810eb9ef79bee1fcc07e7d01","6e03d304fe44a9492d92bf1fced61bde6f000f10a851f9a9d06dde11048de69c","77000b95cf63abb97971ac6236a79d05b1348a4f397ec132813b22df0498b6b3","/Users/chris/Repos/pdisasm/Tools/pascal-results/images/4b5f0632c3c22fa55872a37f40152634db2eea3e6e9177846251ab7fe1618d32"
"unzip/misc/Apple II Disk Images/APPLE-II-DISK-IMAGES/educational/Vocab2and3.zip!Vocab2_D3.DSK","7f1b7ca7434e9b73a93c94c8337033613fb924941a0ae40986cefe53ab2e803d","LESSONS","RT0006.APPLE","94eb6d37113cf3b9a8e2fa93aadafa08bac16fdcc578138fd9ace5848fd45a73","6dc9c38c6d99a5ea509b6d977b9729648e17bebf810eb9ef79bee1fcc07e7d01","6e03d304fe44a9492d92bf1fced61bde6f000f10a851f9a9d06dde11048de69c","77000b95cf63abb97971ac6236a79d05b1348a4f397ec132813b22df0498b6b3","/Users/chris/Repos/pdisasm/Tools/pascal-results/images/7f1b7ca7434e9b73a93c94c8337033613fb924941a0ae40986cefe53ab2e803d"
"unzip/misc/Apple II Disk Images/APPLE-II-DISK-IMAGES/educational/Vocab2and3.zip!Vocab2_D4.DSK","e6687b0eafa3b04585efbb72c640e19637d6216456c219829c35a69761fdf63f","KAM","RT0006.APPLE","94eb6d37113cf3b9a8e2fa93aadafa08bac16fdcc578138fd9ace5848fd45a73","6dc9c38c6d99a5ea509b6d977b9729648e17bebf810eb9ef79bee1fcc07e7d01","6e03d304fe44a9492d92bf1fced61bde6f000f10a851f9a9d06dde11048de69c","77000b95cf63abb97971ac6236a79d05b1348a4f397ec132813b22df0498b6b3","/Users/chris/Repos/pdisasm/Tools/pascal-results/images/e6687b0eafa3b04585efbb72c640e19637d6216456c219829c35a69761fdf63f"
"unzip/misc/Apple II Disk Images/APPLE-II-DISK-IMAGES/educational/thinktank1.dsk.gz","97e94577da372339ef722cef36fdda1c0f799f38dae2253f23532706ed84f3f9","TT01","SYSTEM.APPLE","2443c23e7538ebfc0227525e4a80878dfae0b96a8a445cb1c4b4332f433a8ae6","ef890517c1eb403c6029ac1063aac4c197ca4617995f7eaa964f8bcc9e688844","799bae3b1f8d48a136c89e617846e579b5ebe76f95ed12dd0de42458878d6074","190f9410ae628d485d58a0b0ae1cc761c88233d916afdc9abb54443a80891003","/Users/chris/Repos/pdisasm/Tools/pascal-results/images/97e94577da372339ef722cef36fdda1c0f799f38dae2253f23532706ed84f3f9"
"unzip/misc/Apple II Disk Images/APPLE-II-DISK-IMAGES/educational/algebra mentor.zip!Algebra Mentor Student Disk 7-B.dsk","31145ed692b18ba4f07b7f937685e48f167960b3de35fe65cb84107e5b790f64","A1017","SYSTEM.APPLE","63c1c07794a1ab9e0965f68393001f5fc1fff55fe3b7cc6aa7fb12bf66f35097","2ec2736219293eb985f5da6faa66c76606ea981f4984aba3d1b2131fc6117f2c","0ac8e37ac30e7d04935233444b0c193d983b3dae5797ac0511a6dfc8d1db5291","33bc19fa31aeae899c0d24964341b7ded1e67949434ef25152c3eadd17ccad05","/Users/chris/Repos/pdisasm/Tools/pascal-results/images/31145ed692b18ba4f07b7f937685e48f167960b3de35fe65cb84107e5b790f64"
"unzip/misc/Apple II Disk Images/APPLE-II-DISK-IMAGES/educational/algebra mentor.zip!Algebra Mentor Student Disk 5-A.dsk","6a594d0b6e222f7417ba483e6c6cce4c00ba5c3f0e82eb04470d729592d1c584","A1015","SYSTEM.APPLE","67adc957afa1fc3cae9177ef42846ea1c31fd44f5a00e0694f63acafd248aed5","3189798e4f598903441f35941277fa9d412ea0cba298e662923f8e2e50003f29","0ac8e37ac30e7d04935233444b0c193d983b3dae5797ac0511a6dfc8d1db5291","ec2b0592ecb4866aa91051e43b23b9734480e9d3f5e93e82e765f5275f651049","/Users/chris/Repos/pdisasm/Tools/pascal-results/images/6a594d0b6e222f7417ba483e6c6cce4c00ba5c3f0e82eb04470d729592d1c584"
"unzip/misc/Apple II Disk Images/APPLE-II-DISK-IMAGES/educational/algebra mentor.zip!Algebra Mentor Test Generator.dsk","029a6152cf41f78c853f6bc6faa63823ed1304c61c33b9c9c59165aefc0b9868","A101Q","SYSTEM.APPLE","67adc957afa1fc3cae9177ef42846ea1c31fd44f5a00e0694f63acafd248aed5","3189798e4f598903441f35941277fa9d412ea0cba298e662923f8e2e50003f29","9c0848cf9a97b336ef41f44bae92a71e80dd3c9ea59f70af909522d53724fcd3","048c089e53438cc7066a73065409827ee44a382c798ce3718897716279cfc3dc","/Users/chris/Repos/pdisasm/Tools/pascal-results/images/029a6152cf41f78c853f6bc6faa63823ed1304c61c33b9c9c59165aefc0b9868"
"unzip/misc/Apple II Disk Images/APPLE-II-DISK-IMAGES/educational/algebra mentor.zip!Algebra Mentor Student Disk 7-A.dsk","2c7556853014cae96c132d5f520094b226776372c97a30e8aa4f74600751ef0e","A1017","SYSTEM.APPLE","67adc957afa1fc3cae9177ef42846ea1c31fd44f5a00e0694f63acafd248aed5","3189798e4f598903441f35941277fa9d412ea0cba298e662923f8e2e50003f29","0ac8e37ac30e7d04935233444b0c193d983b3dae5797ac0511a6dfc8d1db5291","33bc19fa31aeae899c0d24964341b7ded1e67949434ef25152c3eadd17ccad05","/Users/chris/Repos/pdisasm/Tools/pascal-results/images/2c7556853014cae96c132d5f520094b226776372c97a30e8aa4f74600751ef0e"
"unzip/misc/Apple II Disk Images/APPLE-II-DISK-IMAGES/educational/algebra mentor.zip!Algebra Mentor Student Disk 5-B.dsk","b0c101209f44732df1130c2ec80b5fd95e9bac59e5afb4b03b63284fdd22e3ba","A1015","SYSTEM.APPLE","67adc957afa1fc3cae9177ef42846ea1c31fd44f5a00e0694f63acafd248aed5","3189798e4f598903441f35941277fa9d412ea0cba298e662923f8e2e50003f29","0ac8e37ac30e7d04935233444b0c193d983b3dae5797ac0511a6dfc8d1db5291","01fa50c418c5a827a030e03e28603e32427e95c877331cb6b15bb4a33087969a","/Users/chris/Repos/pdisasm/Tools/pascal-results/images/b0c101209f44732df1130c2ec80b5fd95e9bac59e5afb4b03b63284fdd22e3ba"
"unzip/misc/Apple II Disk Images/APPLE-II-DISK-IMAGES/educational/algebra mentor.zip!Algebra Mentor Student Disk 1-B.dsk","61a348f1e1da6e84354098908e4ef3acf70b7ba14a43c53d2b5027646b926b7e","A1011","SYSTEM.APPLE","63c1c07794a1ab9e0965f68393001f5fc1fff55fe3b7cc6aa7fb12bf66f35097","2ec2736219293eb985f5da6faa66c76606ea981f4984aba3d1b2131fc6117f2c","0ac8e37ac30e7d04935233444b0c193d983b3dae5797ac0511a6dfc8d1db5291","ec2b0592ecb4866aa91051e43b23b9734480e9d3f5e93e82e765f5275f651049","/Users/chris/Repos/pdisasm/Tools/pascal-results/images/61a348f1e1da6e84354098908e4ef3acf70b7ba14a43c53d2b5027646b926b7e"
"unzip/misc/Apple II Disk Images/APPLE-II-DISK-IMAGES/educational/algebra mentor.zip!Algebra Mentor Student Disk 3-A.dsk","956ecfeac88ad72666bf80961170a676b59d3ba239c46e303c7933f27a30c3b4","A1013","SYSTEM.APPLE","67adc957afa1fc3cae9177ef42846ea1c31fd44f5a00e0694f63acafd248aed5","3189798e4f598903441f35941277fa9d412ea0cba298e662923f8e2e50003f29","37c650e378f29de68fffea5ec767b45dd61af19475729200ecef2308d7006628","87c04f66bd4ef7e6c5a1dd7afbcc66af82a7bdb5da40d46e9d266e8bbae64549","/Users/chris/Repos/pdisasm/Tools/pascal-results/images/956ecfeac88ad72666bf80961170a676b59d3ba239c46e303c7933f27a30c3b4"
"unzip/misc/Apple II Disk Images/APPLE-II-DISK-IMAGES/educational/algebra mentor.zip!Algebra Mentor Student Disk 1-A.dsk","0e459d1b30602f756850dd11d1e1e1130670ed2f459e92c4a4d71059b673c54d","A1011","SYSTEM.APPLE","67adc957afa1fc3cae9177ef42846ea1c31fd44f5a00e0694f63acafd248aed5","3189798e4f598903441f35941277fa9d412ea0cba298e662923f8e2e50003f29","0ac8e37ac30e7d04935233444b0c193d983b3dae5797ac0511a6dfc8d1db5291","ec2b0592ecb4866aa91051e43b23b9734480e9d3f5e93e82e765f5275f651049","/Users/chris/Repos/pdisasm/Tools/pascal-results/images/0e459d1b30602f756850dd11d1e1e1130670ed2f459e92c4a4d71059b673c54d"
"unzip/misc/Apple II Disk Images/APPLE-II-DISK-IMAGES/educational/algebra mentor.zip!Algebra Mentor Student Disk 3-B.dsk","c99de096d8d682ce22c49c4462625ae6aa9cc6e7659f25fc59eeed3abb739249","A1013","SYSTEM.APPLE","63c1c07794a1ab9e0965f68393001f5fc1fff55fe3b7cc6aa7fb12bf66f35097","2ec2736219293eb985f5da6faa66c76606ea981f4984aba3d1b2131fc6117f2c","0ac8e37ac30e7d04935233444b0c193d983b3dae5797ac0511a6dfc8d1db5291","87c04f66bd4ef7e6c5a1dd7afbcc66af82a7bdb5da40d46e9d266e8bbae64549","/Users/chris/Repos/pdisasm/Tools/pascal-results/images/c99de096d8d682ce22c49c4462625ae6aa9cc6e7659f25fc59eeed3abb739249"
"unzip/misc/Apple II Disk Images/APPLE-II-DISK-IMAGES/educational/algebra mentor.zip!Algebra Mentor Student Disk 6-A.dsk","c5759ff0e30a2bffaf08f8aed027e5de1fad16112ed1d4742d6f3a42ab24fe03","A1016","SYSTEM.APPLE","67adc957afa1fc3cae9177ef42846ea1c31fd44f5a00e0694f63acafd248aed5","3189798e4f598903441f35941277fa9d412ea0cba298e662923f8e2e50003f29","0ac8e37ac30e7d04935233444b0c193d983b3dae5797ac0511a6dfc8d1db5291","ec2b0592ecb4866aa91051e43b23b9734480e9d3f5e93e82e765f5275f651049","/Users/chris/Repos/pdisasm/Tools/pascal-results/images/c5759ff0e30a2bffaf08f8aed027e5de1fad16112ed1d4742d6f3a42ab24fe03"
"unzip/misc/Apple II Disk Images/APPLE-II-DISK-IMAGES/educational/algebra mentor.zip!Algebra Mentor Student Disk 4-B.dsk","5a1079081651c19ea81aebeb202e00d16477bb3097b89320881f96f7c56f7a07","A1014","SYSTEM.APPLE","63c1c07794a1ab9e0965f68393001f5fc1fff55fe3b7cc6aa7fb12bf66f35097","2ec2736219293eb985f5da6faa66c76606ea981f4984aba3d1b2131fc6117f2c","0ac8e37ac30e7d04935233444b0c193d983b3dae5797ac0511a6dfc8d1db5291","87c04f66bd4ef7e6c5a1dd7afbcc66af82a7bdb5da40d46e9d266e8bbae64549","/Users/chris/Repos/pdisasm/Tools/pascal-results/images/5a1079081651c19ea81aebeb202e00d16477bb3097b89320881f96f7c56f7a07"
"unzip/misc/Apple II Disk Images/APPLE-II-DISK-IMAGES/educational/algebra mentor.zip!Algebra Mentor Student Disk 6-B.dsk","5b7801aca541c382a5ab509c0814daf852d39e1aa832b535d29452a6272a7055","A1016","SYSTEM.APPLE","63c1c07794a1ab9e0965f68393001f5fc1fff55fe3b7cc6aa7fb12bf66f35097","2ec2736219293eb985f5da6faa66c76606ea981f4984aba3d1b2131fc6117f2c","0ac8e37ac30e7d04935233444b0c193d983b3dae5797ac0511a6dfc8d1db5291","4110002f28fe97ba6534e50090ce14b8c436d5a62a9af88d873c22551fa03608","/Users/chris/Repos/pdisasm/Tools/pascal-results/images/5b7801aca541c382a5ab509c0814daf852d39e1aa832b535d29452a6272a7055"
"unzip/misc/Apple II Disk Images/APPLE-II-DISK-IMAGES/educational/algebra mentor.zip!Algebra Mentor Student Disk 4-A.dsk","34ba2b96b10f3d51ec6d87ea2a096f6f54945693bb4d003ff0b0e33c8215e5df","A1014","SYSTEM.APPLE","67adc957afa1fc3cae9177ef42846ea1c31fd44f5a00e0694f63acafd248aed5","3189798e4f598903441f35941277fa9d412ea0cba298e662923f8e2e50003f29","0ac8e37ac30e7d04935233444b0c193d983b3dae5797ac0511a6dfc8d1db5291","ec2b0592ecb4866aa91051e43b23b9734480e9d3f5e93e82e765f5275f651049","/Users/chris/Repos/pdisasm/Tools/pascal-results/images/34ba2b96b10f3d51ec6d87ea2a096f6f54945693bb4d003ff0b0e33c8215e5df"
"unzip/misc/Apple II Disk Images/APPLE-II-DISK-IMAGES/educational/algebra mentor.zip!Algebra Mentor Student Disk 2-B.dsk","125553ff74c4a954a2edb79a53083a806ac8f9b1188898d5812fc6f4aee9a68c","A1012","SYSTEM.APPLE","63c1c07794a1ab9e0965f68393001f5fc1fff55fe3b7cc6aa7fb12bf66f35097","2ec2736219293eb985f5da6faa66c76606ea981f4984aba3d1b2131fc6117f2c","0ac8e37ac30e7d04935233444b0c193d983b3dae5797ac0511a6dfc8d1db5291","ec2b0592ecb4866aa91051e43b23b9734480e9d3f5e93e82e765f5275f651049","/Users/chris/Repos/pdisasm/Tools/pascal-results/images/125553ff74c4a954a2edb79a53083a806ac8f9b1188898d5812fc6f4aee9a68c"
"unzip/misc/Apple II Disk Images/APPLE-II-DISK-IMAGES/educational/algebra mentor.zip!Algebra Mentor Student Disk 2-A.dsk","655bb6b5c8f81ded6c7bb1d1cb8783908a69322775826ad03dafb1b6515bad6c","A1012","SYSTEM.APPLE","67adc957afa1fc3cae9177ef42846ea1c31fd44f5a00e0694f63acafd248aed5","3189798e4f598903441f35941277fa9d412ea0cba298e662923f8e2e50003f29","37c650e378f29de68fffea5ec767b45dd61af19475729200ecef2308d7006628","87c04f66bd4ef7e6c5a1dd7afbcc66af82a7bdb5da40d46e9d266e8bbae64549","/Users/chris/Repos/pdisasm/Tools/pascal-results/images/655bb6b5c8f81ded6c7bb1d1cb8783908a69322775826ad03dafb1b6515bad6c"
"unzip/misc/Apple II Disk Images/APPLE-II-DISK-IMAGES/educational/algebra mentor.zip!Algebra Mentor Instructor Disk.dsk","7b9d7f56b6ea6b3e023953aaf1ac1c4bdb077963969f3aaf32a502e93edb3c2a","A1010","SYSTEM.APPLE","67adc957afa1fc3cae9177ef42846ea1c31fd44f5a00e0694f63acafd248aed5","3189798e4f598903441f35941277fa9d412ea0cba298e662923f8e2e50003f29","02edd18490ede497ef8752ea5d4a7db919e01bae8b490c8d96ddf7614f22f6b5","5cb527b8ebb84cf8388cfd0dee6c618bc230eb43ad294d8e690d2dbc43d602a6","/Users/chris/Repos/pdisasm/Tools/pascal-results/images/7b9d7f56b6ea6b3e023953aaf1ac1c4bdb077963969f3aaf32a502e93edb3c2a"
"unzip/misc/Apple II Disk Images/APPLE-II-DISK-IMAGES/educational/typewriter.dsk.gz","55def773792406d74c627cd1a9918629377eeeb180b51dd4c52ca464e86f38da","TW","SYSTEM.APPLE","f7b541b27673739db27deb8f9b9fe4003cb25c4b5fbec905674284f58a6c1286","97a1688dfa2c4838461f8e522b5def79124c6fb53ed022560c9bfffaed12f656","","27ef4428e3bd5abc1ae2530d2d54fe029889eb190a297423cf2960d3ea6958a3","/Users/chris/Repos/pdisasm/Tools/pascal-results/images/55def773792406d74c627cd1a9918629377eeeb180b51dd4c52ca464e86f38da"
"unzip/misc/Apple II Disk Images/APPLE-II-DISK-IMAGES/programming/basic/ApplesoftSampler.zip!IIC.WORK2.dsk","d421af787d122eb894bfc241ce22c1fa3709fc28d124b7640a9ca976f45201cb","WORK.40","SYSTEM.APPLE","6ab94396865ed6942ced3b61fe998b3d043d921a7566963dee64f74c48fd876e","efe7629a1794860c2db6919e3f0b3f6e9437c94438626e22dd78d9ac523a55eb","","190f9410ae628d485d58a0b0ae1cc761c88233d916afdc9abb54443a80891003","/Users/chris/Repos/pdisasm/Tools/pascal-results/images/d421af787d122eb894bfc241ce22c1fa3709fc28d124b7640a9ca976f45201cb"
"unzip/misc/Apple II Disk Images/APPLE-II-DISK-IMAGES/programming/basic/ApplesoftSampler.zip!IIC.INTRO.dsk","87d8abeb8063c336a9802c4daeddd0a9bd705d2db11dd5d074ad2106a2a969e3","KBDRUN","SYSTEM.APPLE","8fb30ba2a7b54d49b55536d13db8252d192f230df14a2f0eba5a8830c9fe1c2e","e44ba3e9ef9840bec2b28407a825d29f9fb3e0cc1c84f137fa0c887489e21af6","862907fd5077ab1de60cb947821ccb15ddfe90c4fb591345301c9764a173a7a1","190f9410ae628d485d58a0b0ae1cc761c88233d916afdc9abb54443a80891003","/Users/chris/Repos/pdisasm/Tools/pascal-results/images/87d8abeb8063c336a9802c4daeddd0a9bd705d2db11dd5d074ad2106a2a969e3"
"unzip/misc/Apple II Disk Images/APPLE-II-DISK-IMAGES/programming/basic/ApplesoftSampler.zip!IIC.WORK1.dsk","5ae7e1839f62b682576610bc711c53c341feb6fa4523ef12ed84d8b8c2128f83","WORK.80","SYSTEM.APPLE","6ab94396865ed6942ced3b61fe998b3d043d921a7566963dee64f74c48fd876e","efe7629a1794860c2db6919e3f0b3f6e9437c94438626e22dd78d9ac523a55eb","","190f9410ae628d485d58a0b0ae1cc761c88233d916afdc9abb54443a80891003","/Users/chris/Repos/pdisasm/Tools/pascal-results/images/5ae7e1839f62b682576610bc711c53c341feb6fa4523ef12ed84d8b8c2128f83"
"unzip/misc/Apple II Disk Images/APPLE-II-DISK-IMAGES/programming/basic/ApplesoftSampler.zip!IIC.LOGO.dsk","be992edd7647a17fcae39d4ae88e60c62aa258cc4537617854b60fbb2bdc9554","LOGORUN","SYSTEM.APPLE","8fb30ba2a7b54d49b55536d13db8252d192f230df14a2f0eba5a8830c9fe1c2e","e44ba3e9ef9840bec2b28407a825d29f9fb3e0cc1c84f137fa0c887489e21af6","53534a6f9b4374c5b562658758b4795329b39335207c74c60ecd659656d53c38","190f9410ae628d485d58a0b0ae1cc761c88233d916afdc9abb54443a80891003","/Users/chris/Repos/pdisasm/Tools/pascal-results/images/be992edd7647a17fcae39d4ae88e60c62aa258cc4537617854b60fbb2bdc9554"
"unzip/misc/Apple II Disk Images/APPLE-II-DISK-IMAGES/programming/logo/logo2.sdk","9291124fdd35d7943e3079492cfcb19c24130cc6d823c6c7fd94e45e44be97e5","LGRUN2","SYSTEM.APPLE","8fb30ba2a7b54d49b55536d13db8252d192f230df14a2f0eba5a8830c9fe1c2e","e44ba3e9ef9840bec2b28407a825d29f9fb3e0cc1c84f137fa0c887489e21af6","8fb6a2b89d260d47da34410568265db3a3c80925a1de8ca2a7ef82855c1ac2e8","190f9410ae628d485d58a0b0ae1cc761c88233d916afdc9abb54443a80891003","/Users/chris/Repos/pdisasm/Tools/pascal-results/images/9291124fdd35d7943e3079492cfcb19c24130cc6d823c6c7fd94e45e44be97e5"
"unzip/misc/Apple II Disk Images/APPLE-II-DISK-IMAGES/games/misc/racter.dsk.gz","ff67430e97787028b3c17e47460258805b4b30ab7372e01ccec950683223ec8d","RACTER","SYSTEM.APPLE","303e6e8d16efd87b05f86214744fc4a768fe3357092eb8c41d0f5c28e1c86453","fb5421152940287c0c0c49d4c5b9b50074d7f33722b5c8c5d1a44acc2d537657","85a4cd902d1cb48ee224d4741cb67eaa1280971bde9150a1edb7797142db7e47","df654f133f1e6fb48268ce32d9b20a10efda92ff3f1c9f0bd66371a42830085e","/Users/chris/Repos/pdisasm/Tools/pascal-results/images/ff67430e97787028b3c17e47460258805b4b30ab7372e01ccec950683223ec8d"
"unzip/misc/Apple II Disk Images/APPLE-II-DISK-IMAGES/games/misc/high_stakes.dsk.gz","4079369a95fd320959b3baf8b6a668d429a0e3291820cb6ddf42d9be8027c461","G1","SYSTEM.APPLE","be03ed4a17e4a28c1a11e0268ec73ff69516b432e513feedd2b24710b8dc7419","1e1f49d81a10939c89b0ceb20f4f619853c83c0c77c85774e991fd1119db6f69","c2182744860e3cb1a2057518596223ed0b4f8abea36fa174f1608d823d609ac9","d153d92d70312cfe7fd35df4bf405d6c1a5c1fbd203a1163b35ca6ef369d649d","/Users/chris/Repos/pdisasm/Tools/pascal-results/images/4079369a95fd320959b3baf8b6a668d429a0e3291820cb6ddf42d9be8027c461"
"unzip/misc/Apple II Disk Images/APPLE-II-DISK-IMAGES/games/rpg/wiz_plus/wiz_plus.gz","90233f089f52c22e2da4a86ac4518015112e22cf7d6498548b3c9cf0a9db527c","WIZPLS","RTSTND.APPLE","c8fce08c8a30307d4b2bb7c3cd2534006840025b4813e0231994800a0061a606","aaa96b0c5648f67d1217e6cbbba76e5447531a0cfed515a49adcc6148e7b6220","02c81bbb9b867a984775c71bea5eb8d149b51864cbfdfae66bde5f9d3b42bd50","2ffb04276585facf6703ba691cfbc0cbf017eddedcdff54575320595bd960ed1","/Users/chris/Repos/pdisasm/Tools/pascal-results/images/90233f089f52c22e2da4a86ac4518015112e22cf7d6498548b3c9cf0a9db527c"
"unzip/misc/Apple II Disk Images/APPLE-II-DISK-IMAGES/games/rpg/wiz_plus/wizplus.dsk.gz","23a7528e43e00e926de42dff5a4f2b6420e31b107c4724366f9abfae1ad11417","WIZPLS","RTSTND.APPLE","c8fce08c8a30307d4b2bb7c3cd2534006840025b4813e0231994800a0061a606","aaa96b0c5648f67d1217e6cbbba76e5447531a0cfed515a49adcc6148e7b6220","02c81bbb9b867a984775c71bea5eb8d149b51864cbfdfae66bde5f9d3b42bd50","2ffb04276585facf6703ba691cfbc0cbf017eddedcdff54575320595bd960ed1","/Users/chris/Repos/pdisasm/Tools/pascal-results/images/23a7528e43e00e926de42dff5a4f2b6420e31b107c4724366f9abfae1ad11417"
"unzip/misc/Apple II Disk Images/APPLE-II-DISK-IMAGES/games/rpg/wizardry_I/wizardry_i_boot.dsk.gz","9a66b7e1f3d41c972c91d3dfa5ff5fdec84a69eb04c7aecca8322d00ed5f4d5a","WBV2.1","RTSTRP.APPLE","93629b22a4916e1f8affaa738a0637665191940152928b5c7d876ff9d800a113","aaa96b0c5648f67d1217e6cbbba76e5447531a0cfed515a49adcc6148e7b6220","00aac73bdb87d47fcd83483ef29c6b36d75397d56cd721edbad885473e29d20c","6f95245e71173839bf5f064e06c4f78de1728c77bc9a4f04be58a1a1b44dc943","/Users/chris/Repos/pdisasm/Tools/pascal-results/images/9a66b7e1f3d41c972c91d3dfa5ff5fdec84a69eb04c7aecca8322d00ed5f4d5a"
"unzip/misc/Apple II Disk Images/APPLE-II-DISK-IMAGES/games/rpg/wizardry_II/wizardry_ii_1.dsk.gz","8316a638383928b7c233f2240e646f351cf96f915d637df6757dbd3c4d62e541","KODBV2","RTSTRP.APPLE","fb909d174d2c1951a3796b4692446d9aa812ad555146874c57a6bef6719d08bd","aaa96b0c5648f67d1217e6cbbba76e5447531a0cfed515a49adcc6148e7b6220","00aac73bdb87d47fcd83483ef29c6b36d75397d56cd721edbad885473e29d20c","6f95245e71173839bf5f064e06c4f78de1728c77bc9a4f04be58a1a1b44dc943","/Users/chris/Repos/pdisasm/Tools/pascal-results/images/8316a638383928b7c233f2240e646f351cf96f915d637df6757dbd3c4d62e541"
"unzip/misc/Apple II Disk Images/APPLE-II-DISK-IMAGES/games/rpg/wizardyscenarioeditorthebigm.dsk.gz","35d942f9e852460d116c3680d795a8b92132f546a01bedea05f2e170441bab0c","DELF","SYSTEM.APPLE","2443c23e7538ebfc0227525e4a80878dfae0b96a8a445cb1c4b4332f433a8ae6","ef890517c1eb403c6029ac1063aac4c197ca4617995f7eaa964f8bcc9e688844","41757dac46111834840cf2f066ca9adb716f09b29e9ef5a49d3e0b1c671a2d6d","190f9410ae628d485d58a0b0ae1cc761c88233d916afdc9abb54443a80891003","/Users/chris/Repos/pdisasm/Tools/pascal-results/images/35d942f9e852460d116c3680d795a8b92132f546a01bedea05f2e170441bab0c"
"unzip/misc/Apple II Disk Images/APPLE-II-DISK-IMAGES/games/rpg/wizardry_scenario_editor.dsk.gz","550615545492ea46b3d024baa2780fd5aae8579fd9732da46bfbc0cbd3b94a58","DELF","SYSTEM.APPLE","2443c23e7538ebfc0227525e4a80878dfae0b96a8a445cb1c4b4332f433a8ae6","ef890517c1eb403c6029ac1063aac4c197ca4617995f7eaa964f8bcc9e688844","41757dac46111834840cf2f066ca9adb716f09b29e9ef5a49d3e0b1c671a2d6d","190f9410ae628d485d58a0b0ae1cc761c88233d916afdc9abb54443a80891003","/Users/chris/Repos/pdisasm/Tools/pascal-results/images/550615545492ea46b3d024baa2780fd5aae8579fd9732da46bfbc0cbd3b94a58"
"unzip/misc/Apple II Disk Images/APPLE-II-DISK-IMAGES/games/rpg/wizardry_III/wizardry_iii_1.dsk.gz","1c64ef10cb40b340e34cd15c11a8384244cce3524fd6ef8cf544e9ae8ff4d91f","KODBV2","RTSTRP.APPLE","fb909d174d2c1951a3796b4692446d9aa812ad555146874c57a6bef6719d08bd","aaa96b0c5648f67d1217e6cbbba76e5447531a0cfed515a49adcc6148e7b6220","c4e561fddb5d40c716ddcfff4f6c49c476d106cd0860b27e153960155baaec14","6f95245e71173839bf5f064e06c4f78de1728c77bc9a4f04be58a1a1b44dc943","/Users/chris/Repos/pdisasm/Tools/pascal-results/images/1c64ef10cb40b340e34cd15c11a8384244cce3524fd6ef8cf544e9ae8ff4d91f"
"unzip/misc/Apple II Disk Images/APPLE-II-DISK-IMAGES/games/file_based/White_Disks/white_27a.dsk.gz","e5395376d540982a9a795854bb81e59421dff0cee18d5ee1eee29de408f2dccc","PFS2B","RTSTRP.APPLE","d663e6360553609952efd622b173b3387c738b2c82a19d6b14c95b6582e49ec2","aaa96b0c5648f67d1217e6cbbba76e5447531a0cfed515a49adcc6148e7b6220","00aac73bdb87d47fcd83483ef29c6b36d75397d56cd721edbad885473e29d20c","6f95245e71173839bf5f064e06c4f78de1728c77bc9a4f04be58a1a1b44dc943","/Users/chris/Repos/pdisasm/Tools/pascal-results/images/e5395376d540982a9a795854bb81e59421dff0cee18d5ee1eee29de408f2dccc"
"unzip/misc/Apple II Disk Images/APPLE-II-DISK-IMAGES/games/simulation/gato.gz","725815144fe73bccd0d2d210df317d4ceca958c26287b389dd4860ef33d446c1","GATO","SYSTEM.APPLE","6701bcee4840864e6306d744c12fa3c6d47413321eebbe15cbe1bab3d23118e9","fb5421152940287c0c0c49d4c5b9b50074d7f33722b5c8c5d1a44acc2d537657","03fdee7eadd9973e3173f1f6e5d0e9b6445dcd1951e575cefa9537c0e419ea8d","3198f793cb1e506653f842d2b2b975f5990bbb57f4402401338587c921548491","/Users/chris/Repos/pdisasm/Tools/pascal-results/images/725815144fe73bccd0d2d210df317d4ceca958c26287b389dd4860ef33d446c1"
"unzip/misc/Apple II Disk Images/APPLE-II-DISK-IMAGES/games/adventure/IndianaJonesRevenge (Two Knives Version).zip!Indy.dsk","f4a3d9a7b60d7026eacc039c155609a047aecdb96d8c6315de97a2159b01362b","G1","SYSTEM.APPLE","8810bed0b64279450545c2c35e0e4352d2f13cdc148624e2bf4145181a843af6","1e1f49d81a10939c89b0ceb20f4f619853c83c0c77c85774e991fd1119db6f69","c2182744860e3cb1a2057518596223ed0b4f8abea36fa174f1608d823d609ac9","02845bcb4c1cda5743ac8dba81e67c8187c59eebbb9a1dee05de77f043501af2","/Users/chris/Repos/pdisasm/Tools/pascal-results/images/f4a3d9a7b60d7026eacc039c155609a047aecdb96d8c6315de97a2159b01362b"
"unzip/misc/Apple II Disk Images/APPLE-II-DISK-IMAGES/games/adventure/earthly_delights/earthlydelights1.dsk.gz","7b613d36a69b150935c8d3f9f8756eaa999d5a757faa70ff70c844c43cdb63a2","BOOT","RTSTND.APPLE","1d5cd21aef92011d473d8403366f05bedc878ca77ec5ce855281f1109ee2f770","2dc60c5c04c061bcff0771a5742820e6815e52aa0c60246301286d61e5258009","e6311ada386b286b2318284da7fe7b25b005a166d53ad71ee951f821caf4f77b","2ffb04276585facf6703ba691cfbc0cbf017eddedcdff54575320595bd960ed1","/Users/chris/Repos/pdisasm/Tools/pascal-results/images/7b613d36a69b150935c8d3f9f8756eaa999d5a757faa70ff70c844c43cdb63a2"
"unzip/misc/Apple II Disk Images/APPLE-II-DISK-IMAGES/games/adventure/the_mist.dsk.gz","c29e62c37d73415078fbdc97c0ccdd5239237d826a5364e068c7f4ebb8210d1a","G1","SYSTEM.APPLE","b0d6ae9829da793cf605ae4cfc09b229f8130cd46a53db451eed226d8a986873","1e1f49d81a10939c89b0ceb20f4f619853c83c0c77c85774e991fd1119db6f69","c2182744860e3cb1a2057518596223ed0b4f8abea36fa174f1608d823d609ac9","7bdabe42f2218afafa30cc40f2667ef35386bc6030c2213148be7a42258fd020","/Users/chris/Repos/pdisasm/Tools/pascal-results/images/c29e62c37d73415078fbdc97c0ccdd5239237d826a5364e068c7f4ebb8210d1a"
"unzip/misc/Apple II Disk Images/APPLE-II-DISK-IMAGES/games/adventure/007_view_to_kill.dsk.gz","b36ff75a852739a37c216660285e231afe5c7e822304bc8b4ccac0c85a611afd","G1","SYSTEM.APPLE","aba7065ec4f3d930cd0151ca112de11430fae3c2af07b059fb95ab66bdbc7451","1e1f49d81a10939c89b0ceb20f4f619853c83c0c77c85774e991fd1119db6f69","ccaa62f0a524515a2342192c2b3173ae65d2ffd17714f3fd59db084b4b9ccffa","a5bdda40f2a7b5f6937e500e77315d4be588dc10c178c85f13f89cf336fefc9f","/Users/chris/Repos/pdisasm/Tools/pascal-results/images/b36ff75a852739a37c216660285e231afe5c7e822304bc8b4ccac0c85a611afd"
"unzip/misc/Apple II Disk Images/APPLE-II-DISK-IMAGES/games/adventure/indiana_jones_revenge_of_the_ancients.dsk.gz","a0a1544463cc4d96ce75a5ba34969c0cf424d355a33caf3c4292fa7253bda568","G1","SYSTEM.APPLE","b0d6ae9829da793cf605ae4cfc09b229f8130cd46a53db451eed226d8a986873","1e1f49d81a10939c89b0ceb20f4f619853c83c0c77c85774e991fd1119db6f69","c2182744860e3cb1a2057518596223ed0b4f8abea36fa174f1608d823d609ac9","0e9bc50b35680a4da922ded0af38b27b7ef2d6d40aaa3e26025c8d9487f57b88","/Users/chris/Repos/pdisasm/Tools/pascal-results/images/a0a1544463cc4d96ce75a5ba34969c0cf424d355a33caf3c4292fa7253bda568"
"unzip/misc/Apple II Disk Images/APPLE-II-DISK-IMAGES/games/adventure/007_gold_finger.dsk.gz","e08060b3abf9bce0961ffdbb3997840ab2b9d7bee9970221adfa7b725fb8d97a","G1","SYSTEM.APPLE","1d2b69d5878ce68e76bb5cc83bef3e0d8bd1e8065e11e704387eaf21e3ec1977","1e1f49d81a10939c89b0ceb20f4f619853c83c0c77c85774e991fd1119db6f69","c2182744860e3cb1a2057518596223ed0b4f8abea36fa174f1608d823d609ac9","e41925ca27d29ed6897228ab0fae0cd7c57897ae2acad12724776e4e14ce7b00","/Users/chris/Repos/pdisasm/Tools/pascal-results/images/e08060b3abf9bce0961ffdbb3997840ab2b9d7bee9970221adfa7b725fb8d97a"
"unzip/misc/Apple II Disk Images/APPLE-II-DISK-IMAGES/games/strategy/galactic_attack.zip!GALACTI1.DSK","124ce0d7ac4912768ec0886487b51a1f3ec4c87e21de3a89b4156b2d8dfd8b4f","GALBOOT","RTSTRP.APPLE","93629b22a4916e1f8affaa738a0637665191940152928b5c7d876ff9d800a113","aaa96b0c5648f67d1217e6cbbba76e5447531a0cfed515a49adcc6148e7b6220","00aac73bdb87d47fcd83483ef29c6b36d75397d56cd721edbad885473e29d20c","6f95245e71173839bf5f064e06c4f78de1728c77bc9a4f04be58a1a1b44dc943","/Users/chris/Repos/pdisasm/Tools/pascal-results/images/124ce0d7ac4912768ec0886487b51a1f3ec4c87e21de3a89b4156b2d8dfd8b4f"
"unzip/misc/Apple II Disk Images/APPLE-II-DISK-IMAGES/games/strategy/galactic_attack.zip!GALACTI2.DSK","8928d6ccf4bf48f3a1312f5fc00625dbbc25c39f9a39f6279b6033b32177b24c","GALBOOT","RTSTRP.APPLE","93629b22a4916e1f8affaa738a0637665191940152928b5c7d876ff9d800a113","aaa96b0c5648f67d1217e6cbbba76e5447531a0cfed515a49adcc6148e7b6220","00aac73bdb87d47fcd83483ef29c6b36d75397d56cd721edbad885473e29d20c","6f95245e71173839bf5f064e06c4f78de1728c77bc9a4f04be58a1a1b44dc943","/Users/chris/Repos/pdisasm/Tools/pascal-results/images/8928d6ccf4bf48f3a1312f5fc00625dbbc25c39f9a39f6279b6033b32177b24c"
"unzip/misc/Apple II Disk Images/APPLE-II-DISK-IMAGES/productivity/finance/mousebudget1.dsk.gz","700156f9add5f98416b221998c525ec0600dbda7eb81009488b90ed00743900d","PROG","SYSTEM.APPLE","6701bcee4840864e6306d744c12fa3c6d47413321eebbe15cbe1bab3d23118e9","71d49d8db5513fdd74968487449cd6ee19485d1ad69b0e7559a258c0fec7c2ef","","84d2ab0a44e75f0cedcd902a088091c31b4a2f1dcf93af4113070060865ac821","/Users/chris/Repos/pdisasm/Tools/pascal-results/images/700156f9add5f98416b221998c525ec0600dbda7eb81009488b90ed00743900d"
"unzip/hardware/storage/disk/misc/xcomp_PHD_HDA/xcomp_PHD_HDA/PHD-Disk3.DSK","d60f438ebb6005c22bfd77b6cda553d9a88551aae483510faef94e9551e12784","FORMAT","RTSTND.APPLE","c8fce08c8a30307d4b2bb7c3cd2534006840025b4813e0231994800a0061a606","aaa96b0c5648f67d1217e6cbbba76e5447531a0cfed515a49adcc6148e7b6220","00aac73bdb87d47fcd83483ef29c6b36d75397d56cd721edbad885473e29d20c","2ffb04276585facf6703ba691cfbc0cbf017eddedcdff54575320595bd960ed1","/Users/chris/Repos/pdisasm/Tools/pascal-results/images/d60f438ebb6005c22bfd77b6cda553d9a88551aae483510faef94e9551e12784"
"unzip/hardware/storage/disk/misc/xcomp_PHD_HDA/xcomp_PHD_HDA/PHD-Disk2.DSK","8743f55e3374549785ebce99a17b10faaf2ca7975c11cb3a71268b0ad1cbf072","XBPINIT","SYSTEM.APPLE","2443c23e7538ebfc0227525e4a80878dfae0b96a8a445cb1c4b4332f433a8ae6","ef890517c1eb403c6029ac1063aac4c197ca4617995f7eaa964f8bcc9e688844","e3996bf923db8a596935df7856da745b24f8afedd8a773d4034a9e796a2446cc","190f9410ae628d485d58a0b0ae1cc761c88233d916afdc9abb54443a80891003","/Users/chris/Repos/pdisasm/Tools/pascal-results/images/8743f55e3374549785ebce99a17b10faaf2ca7975c11cb3a71268b0ad1cbf072"
"unzip/hardware/storage/disk/misc/xcomp_PHD_HDA/xcomp_PHD_HDA/PHD-Disk7.DSK","47d2d07a7fcaaf063ae62faec8c236a61fd35e66696690e46b307ba38c7bdfad","FORMAT","RTSTND.APPLE","c8fce08c8a30307d4b2bb7c3cd2534006840025b4813e0231994800a0061a606","aaa96b0c5648f67d1217e6cbbba76e5447531a0cfed515a49adcc6148e7b6220","00aac73bdb87d47fcd83483ef29c6b36d75397d56cd721edbad885473e29d20c","2ffb04276585facf6703ba691cfbc0cbf017eddedcdff54575320595bd960ed1","/Users/chris/Repos/pdisasm/Tools/pascal-results/images/47d2d07a7fcaaf063ae62faec8c236a61fd35e66696690e46b307ba38c7bdfad"
"unzip/hardware/storage/disk/corvus/Corvus.1/CORVUSDIAGNOSTICS.PAS","52b59bbeb7418e4304d6d5b0a9374d629862e6f38014c00b86b627ebcb7aa296","DIAG","RTSTND.APPLE","c8fce08c8a30307d4b2bb7c3cd2534006840025b4813e0231994800a0061a606","aaa96b0c5648f67d1217e6cbbba76e5447531a0cfed515a49adcc6148e7b6220","00aac73bdb87d47fcd83483ef29c6b36d75397d56cd721edbad885473e29d20c","2ffb04276585facf6703ba691cfbc0cbf017eddedcdff54575320595bd960ed1","/Users/chris/Repos/pdisasm/Tools/pascal-results/images/52b59bbeb7418e4304d6d5b0a9374d629862e6f38014c00b86b627ebcb7aa296"
"unzip/hardware/storage/disk/corvus/Corvus - Apple II/Corvus - Apple II/AP Diagnostic Pascal 1.1.dsk","16c8a0fd1fca4864e73a8878805f25c28d58105970c4262e3e48750b788a14c8","DIAG","RTSTND.APPLE","c8fce08c8a30307d4b2bb7c3cd2534006840025b4813e0231994800a0061a606","aaa96b0c5648f67d1217e6cbbba76e5447531a0cfed515a49adcc6148e7b6220","00aac73bdb87d47fcd83483ef29c6b36d75397d56cd721edbad885473e29d20c","2ffb04276585facf6703ba691cfbc0cbf017eddedcdff54575320595bd960ed1","/Users/chris/Repos/pdisasm/Tools/pascal-results/images/16c8a0fd1fca4864e73a8878805f25c28d58105970c4262e3e48750b788a14c8"
"unzip/hardware/storage/disk/corvus/Corvus - Apple II/Corvus - Apple II/Corvus Bringup II.dsk","8637d5bfbd3ca7c918515c271da847ae9238c9395e3f441bb46363a12d72b9de","SYS","SYSTEM.APPLE","dd11b85f56173287c133ddeb165ba84bf8c56441e1ee7208656a6e8d0fdceef4","ef890517c1eb403c6029ac1063aac4c197ca4617995f7eaa964f8bcc9e688844","e3996bf923db8a596935df7856da745b24f8afedd8a773d4034a9e796a2446cc","ff49b955fc9fd023091f99081ef374190247de9d0dae35d2b862a47ae01b58a5","/Users/chris/Repos/pdisasm/Tools/pascal-results/images/8637d5bfbd3ca7c918515c271da847ae9238c9395e3f441bb46363a12d72b9de"
"unzip/hardware/storage/disk/corvus/Corvus - Apple II/Corvus - Apple II/Corvus Boot Side A.dsk","815bf8dd0ce215541b73295ad4d77cf92d3f4f936adc96f12818cab24f1b8029","SYS","SYSTEM.APPLE","2443c23e7538ebfc0227525e4a80878dfae0b96a8a445cb1c4b4332f433a8ae6","ef890517c1eb403c6029ac1063aac4c197ca4617995f7eaa964f8bcc9e688844","e3996bf923db8a596935df7856da745b24f8afedd8a773d4034a9e796a2446cc","190f9410ae628d485d58a0b0ae1cc761c88233d916afdc9abb54443a80891003","/Users/chris/Repos/pdisasm/Tools/pascal-results/images/815bf8dd0ce215541b73295ad4d77cf92d3f4f936adc96f12818cab24f1b8029"
"unzip/hardware/storage/disk/corvus/Disk Sets of Software for the Corvus Constellation/CORVUS01.zip!CORVUS1.DSK","9a8f51c32ed7705b6909fbad1bfaeb65e72be17a28fc7f29dd07d97a5993e322","DIAG1","RTSTND.APPLE","c8fce08c8a30307d4b2bb7c3cd2534006840025b4813e0231994800a0061a606","aaa96b0c5648f67d1217e6cbbba76e5447531a0cfed515a49adcc6148e7b6220","00aac73bdb87d47fcd83483ef29c6b36d75397d56cd721edbad885473e29d20c","2ffb04276585facf6703ba691cfbc0cbf017eddedcdff54575320595bd960ed1","/Users/chris/Repos/pdisasm/Tools/pascal-results/images/9a8f51c32ed7705b6909fbad1bfaeb65e72be17a28fc7f29dd07d97a5993e322"
"unzip/hardware/storage/disk/corvus/Disk Sets of Software for the Corvus Constellation/CORVUS11.zip!CORVUS11A.DSK","5d09d6e70a8fe4c215d699b99d0e9fb3c170d26b5d99ff7b3c04b7e78c5b45e0","A2C2.1","SYSTEM.APPLE","6ebeb90720fa23f20f23009bc011194f5e1612ee52783b75ce87647b390b0bad","c5b5133699d622de967e40d8ee8f01c14e4a657b524064593e738f4c6d21e6b0","2b240af2c619b5e61b3f992a6dfadec3b05436c1aadfc1be264df95d48281375","190f9410ae628d485d58a0b0ae1cc761c88233d916afdc9abb54443a80891003","/Users/chris/Repos/pdisasm/Tools/pascal-results/images/5d09d6e70a8fe4c215d699b99d0e9fb3c170d26b5d99ff7b3c04b7e78c5b45e0"
"unzip/hardware/storage/disk/corvus/Disk Sets of Software for the Corvus Constellation/CORVUS13.zip!CORVUS13A.DSK","a60633bafe5d5a961288418474fa05ee8011fbc490b41819b5682da341f73a17","A2C2.1","SYSTEM.APPLE","6ebeb90720fa23f20f23009bc011194f5e1612ee52783b75ce87647b390b0bad","c5b5133699d622de967e40d8ee8f01c14e4a657b524064593e738f4c6d21e6b0","2b240af2c619b5e61b3f992a6dfadec3b05436c1aadfc1be264df95d48281375","190f9410ae628d485d58a0b0ae1cc761c88233d916afdc9abb54443a80891003","/Users/chris/Repos/pdisasm/Tools/pascal-results/images/a60633bafe5d5a961288418474fa05ee8011fbc490b41819b5682da341f73a17"
"unzip/hardware/storage/disk/corvus/Disk Sets of Software for the Corvus Constellation/CORVUS06.zip!CORVUS6.DSK","561f8220eb9dd9420c2a3a7b880a6ee977cda2f1d29a45262ef014ac04805da0","DIAG","RTSTND.APPLE","c8fce08c8a30307d4b2bb7c3cd2534006840025b4813e0231994800a0061a606","aaa96b0c5648f67d1217e6cbbba76e5447531a0cfed515a49adcc6148e7b6220","00aac73bdb87d47fcd83483ef29c6b36d75397d56cd721edbad885473e29d20c","2ffb04276585facf6703ba691cfbc0cbf017eddedcdff54575320595bd960ed1","/Users/chris/Repos/pdisasm/Tools/pascal-results/images/561f8220eb9dd9420c2a3a7b880a6ee977cda2f1d29a45262ef014ac04805da0"
"unzip/hardware/storage/disk/corvus/Disk Sets of Software for the Corvus Constellation/CORVUS12.zip!CORVUS12A.DSK","4264f75830b8103d88fcaecf65ff099027ea94e3edb5392f37078f1287f6c0a5","A2C2.1","SYSTEM.APPLE","6ebeb90720fa23f20f23009bc011194f5e1612ee52783b75ce87647b390b0bad","c5b5133699d622de967e40d8ee8f01c14e4a657b524064593e738f4c6d21e6b0","2b240af2c619b5e61b3f992a6dfadec3b05436c1aadfc1be264df95d48281375","190f9410ae628d485d58a0b0ae1cc761c88233d916afdc9abb54443a80891003","/Users/chris/Repos/pdisasm/Tools/pascal-results/images/4264f75830b8103d88fcaecf65ff099027ea94e3edb5392f37078f1287f6c0a5"
"unzip/hardware/storage/disk/corvus/Disk Sets of Software for the Corvus Constellation/CORVUS08.zip!CORVUS8A.DSK","19c0170ecef4711ab73ce3acd598cd36e385197e3a896c2c1023f617f5a794a0","A2C2.1","SYSTEM.APPLE","6ebeb90720fa23f20f23009bc011194f5e1612ee52783b75ce87647b390b0bad","c5b5133699d622de967e40d8ee8f01c14e4a657b524064593e738f4c6d21e6b0","2b240af2c619b5e61b3f992a6dfadec3b05436c1aadfc1be264df95d48281375","190f9410ae628d485d58a0b0ae1cc761c88233d916afdc9abb54443a80891003","/Users/chris/Repos/pdisasm/Tools/pascal-results/images/19c0170ecef4711ab73ce3acd598cd36e385197e3a896c2c1023f617f5a794a0"
"unzip/hardware/storage/disk/corvus/Disk Sets of Software for the Corvus Constellation/CORVUS09.zip!CORVUS9A.DSK","21eae3142fe236a68714f48218f80965151c7fdb9baa4abdc9fcf68f2138922c","A2C2.1","SYSTEM.APPLE","6ebeb90720fa23f20f23009bc011194f5e1612ee52783b75ce87647b390b0bad","c5b5133699d622de967e40d8ee8f01c14e4a657b524064593e738f4c6d21e6b0","2b240af2c619b5e61b3f992a6dfadec3b05436c1aadfc1be264df95d48281375","190f9410ae628d485d58a0b0ae1cc761c88233d916afdc9abb54443a80891003","/Users/chris/Repos/pdisasm/Tools/pascal-results/images/21eae3142fe236a68714f48218f80965151c7fdb9baa4abdc9fcf68f2138922c"
"unzip/hardware/storage/disk/corvus/Corvus.4.Constellation.III-Pro-software+Docs/C3DSK05.IMG","cb27550ccf83fd635b0fc26e0848cedd92fef7eb9ead2719156ac1068d4f60b1","A2C3.1","SYSTEM.APPLE","2d9d547e62a2b566b2cb2a26f311b321ab1d95a06cf6aaa68d1e9930fdd6b40d","98eb236ebae21950de87485bd83256642a73bb0727aae60d2cbbaf97165c6e15","1f4ab0662f085269e76c315b2cd1ddea6fba56b84da34249f0eed97af3ffc7f6","048c089e53438cc7066a73065409827ee44a382c798ce3718897716279cfc3dc","/Users/chris/Repos/pdisasm/Tools/pascal-results/images/cb27550ccf83fd635b0fc26e0848cedd92fef7eb9ead2719156ac1068d4f60b1"
"unzip/non-english/german/AppleWorks 1.2 (German)/AppleWorks 1.2 (German)/Apple Präsentiert... AppleWorks Seite 1.po","be58b8f92213832560df8c6c68c86751873f36b833767f96af44d7e80a27033a","AW.D1B","SYSTEM.APPLE","49b1bbbd162e00df30a59b10aa591032e16b0fa5fec88512053827339b96383e","1e1f49d81a10939c89b0ceb20f4f619853c83c0c77c85774e991fd1119db6f69","1791d21597ecbe20d24ce19329d4f33bfe79f9eae5cedb1a09af03b61d2bf223","190f9410ae628d485d58a0b0ae1cc761c88233d916afdc9abb54443a80891003","/Users/chris/Repos/pdisasm/Tools/pascal-results/images/be58b8f92213832560df8c6c68c86751873f36b833767f96af44d7e80a27033a"
"unzip/non-english/german/AppleWorks 1.2 (German)/AppleWorks 1.2 (German)/Apple Präsentiert... AppleWorks Seite 2.po","2364edbc26e466616ab4f471deacf88375fe637ca21518309da0fb4b48a99179","AW.D2B","SYSTEM.APPLE","49b1bbbd162e00df30a59b10aa591032e16b0fa5fec88512053827339b96383e","1e1f49d81a10939c89b0ceb20f4f619853c83c0c77c85774e991fd1119db6f69","2622c44e361223af8c570ba26c2989ac7637612e41aa504361ede7baf2c13840","190f9410ae628d485d58a0b0ae1cc761c88233d916afdc9abb54443a80891003","/Users/chris/Repos/pdisasm/Tools/pascal-results/images/2364edbc26e466616ab4f471deacf88375fe637ca21518309da0fb4b48a99179"
"unzip/non-english/italian/Il Papero Inglese/Il Papero Inglese/Papero inglese D1A.dsk","2dad4695c95881b6c8076765114966181215c8630344e115ccb90211a58aa4f6","INGLESE","SYSTEM.APPLE","6ebeb90720fa23f20f23009bc011194f5e1612ee52783b75ce87647b390b0bad","c5b5133699d622de967e40d8ee8f01c14e4a657b524064593e738f4c6d21e6b0","48148ab4b154cc4c7a9fb9f8c4ef9e9559213d4b805d41d3c71fbbabd3bbbf7a","190f9410ae628d485d58a0b0ae1cc761c88233d916afdc9abb54443a80891003","/Users/chris/Repos/pdisasm/Tools/pascal-results/images/2dad4695c95881b6c8076765114966181215c8630344e115ccb90211a58aa4f6"
"unzip/non-english/italian/Il Papero Inglese/Il Papero Inglese/Papero inglese D1B.dsk","b0b2a5d451a9653865ddd19c5eda7f1893ea4080082f469f312b549dbe7f8109","INGLESE","SYSTEM.APPLE","6ebeb90720fa23f20f23009bc011194f5e1612ee52783b75ce87647b390b0bad","c5b5133699d622de967e40d8ee8f01c14e4a657b524064593e738f4c6d21e6b0","2a69aa5e342533bd64e6b578eb1d76c0ee8fa81e67c24414c5940b8ddcb4d53f","190f9410ae628d485d58a0b0ae1cc761c88233d916afdc9abb54443a80891003","/Users/chris/Repos/pdisasm/Tools/pascal-results/images/b0b2a5d451a9653865ddd19c5eda7f1893ea4080082f469f312b549dbe7f8109"
"unzip/non-english/italian/Il Papero Inglese/Il Papero Inglese/Papero inglese D2B.dsk","6648291b96a9c7a5a985cebbd76b4f1e6de9edf1124d686c5c8c3ff510e9e5ef","INGLESE","SYSTEM.APPLE","6ebeb90720fa23f20f23009bc011194f5e1612ee52783b75ce87647b390b0bad","c5b5133699d622de967e40d8ee8f01c14e4a657b524064593e738f4c6d21e6b0","76209fbec2b0068a36403aee97d9d213ec6219750a160d82474a91eafed5ca19","190f9410ae628d485d58a0b0ae1cc761c88233d916afdc9abb54443a80891003","/Users/chris/Repos/pdisasm/Tools/pascal-results/images/6648291b96a9c7a5a985cebbd76b4f1e6de9edf1124d686c5c8c3ff510e9e5ef"
"unzip/non-english/italian/Il Papero Inglese/Il Papero Inglese/Papero inglese D2A.dsk","4f5aa508933eab03aeffb83283980c19f6bb9122fe77df78f79b72a4efd20832","INGLESE","SYSTEM.APPLE","6ebeb90720fa23f20f23009bc011194f5e1612ee52783b75ce87647b390b0bad","c5b5133699d622de967e40d8ee8f01c14e4a657b524064593e738f4c6d21e6b0","4826dd688f34eb92be7721c612ad206ef1488025e777e1eb0fc7cff94cd11ae1","190f9410ae628d485d58a0b0ae1cc761c88233d916afdc9abb54443a80891003","/Users/chris/Repos/pdisasm/Tools/pascal-results/images/4f5aa508933eab03aeffb83283980c19f6bb9122fe77df78f79b72a4efd20832"
"unzip/non-english/italian/Il Papero Inglese/Il Papero Inglese/Papero inglese D3A.dsk","5ce25100142678112ea2a5ad875ab765ef74526eadeb29962a867cfe9a9faf6f","INGLESE","SYSTEM.APPLE","6ebeb90720fa23f20f23009bc011194f5e1612ee52783b75ce87647b390b0bad","c5b5133699d622de967e40d8ee8f01c14e4a657b524064593e738f4c6d21e6b0","59aacc29add5400022d82e00ae545c1c1d7df810acd90082e4fa802318603d47","190f9410ae628d485d58a0b0ae1cc761c88233d916afdc9abb54443a80891003","/Users/chris/Repos/pdisasm/Tools/pascal-results/images/5ce25100142678112ea2a5ad875ab765ef74526eadeb29962a867cfe9a9faf6f"
"unzip/non-english/italian/Il Papero Inglese/Il Papero Inglese/Papero inglese D3B.dsk","3032dcd3a74ce1bcd886470cb7b73a4aea6b13697ada205cd1c3f8ccf3be1361","INGLESE","SYSTEM.APPLE","44e00e4ffdac91123dec2a396d4f3992e7851b39ce042a42d5151b40b11b3fcc","c5b5133699d622de967e40d8ee8f01c14e4a657b524064593e738f4c6d21e6b0","54a9261699b5b24128c673512a2ab1719ef73f9239804b225985775627153c45","190f9410ae628d485d58a0b0ae1cc761c88233d916afdc9abb54443a80891003","/Users/chris/Repos/pdisasm/Tools/pascal-results/images/3032dcd3a74ce1bcd886470cb7b73a4aea6b13697ada205cd1c3f8ccf3be1361"
"unzip/non-english/french/apple/apple_applewriterii_d2_disks/APPLE_DISKWARE_APPLEPRESENTSAPPLEWRITER_V2_VF.dsk","b5f8d1d477323f1a5808da907b31b0a6e48713be4196f0b3dd803f0b359dff9b","AWPTD80","SYSTEM.APPLE","49b1bbbd162e00df30a59b10aa591032e16b0fa5fec88512053827339b96383e","1e1f49d81a10939c89b0ceb20f4f619853c83c0c77c85774e991fd1119db6f69","c0780b105e54f7efc0f3c5f2e9ede2fcd72f16d92c79d5b426aa66669a9b0dc8","190f9410ae628d485d58a0b0ae1cc761c88233d916afdc9abb54443a80891003","/Users/chris/Repos/pdisasm/Tools/pascal-results/images/b5f8d1d477323f1a5808da907b31b0a6e48713be4196f0b3dd803f0b359dff9b"
"unzip/non-english/french/apple/apple_lappleautravail_disks/LAPPLEAUTRAVAIL.dsk","3bb1cd034ada469977cb817a6fdc10528efe64f3c9a3f88068fd3a9a0a5cc8e8","P.SIM6","SYSTEM.APPLE","6ab94396865ed6942ced3b61fe998b3d043d921a7566963dee64f74c48fd876e","efe7629a1794860c2db6919e3f0b3f6e9437c94438626e22dd78d9ac523a55eb","","190f9410ae628d485d58a0b0ae1cc761c88233d916afdc9abb54443a80891003","/Users/chris/Repos/pdisasm/Tools/pascal-results/images/3bb1cd034ada469977cb817a6fdc10528efe64f3c9a3f88068fd3a9a0a5cc8e8"
"unzip/non-english/french/misc/ApplePresenteIIc/Introduction.dsk","2173f4ca65724806c05c6538006e50ed6ea66fb9e19db12c5f635bcbd6770c97","FKBDRUN","SYSTEM.APPLE","8fb30ba2a7b54d49b55536d13db8252d192f230df14a2f0eba5a8830c9fe1c2e","e44ba3e9ef9840bec2b28407a825d29f9fb3e0cc1c84f137fa0c887489e21af6","b6c68e61cd332c064b9374566373d034e1bb953bf59b40b99d258fefb964de71","190f9410ae628d485d58a0b0ae1cc761c88233d916afdc9abb54443a80891003","/Users/chris/Repos/pdisasm/Tools/pascal-results/images/2173f4ca65724806c05c6538006e50ed6ea66fb9e19db12c5f635bcbd6770c97"
"unzip/non-english/french/misc/ApplePresenteIIc/Applelogo.dsk","85a277979c617b185bba63788b9c80184ead269a8eada9ac91163211cc66e642","LOGORUN","SYSTEM.APPLE","8fb30ba2a7b54d49b55536d13db8252d192f230df14a2f0eba5a8830c9fe1c2e","e44ba3e9ef9840bec2b28407a825d29f9fb3e0cc1c84f137fa0c887489e21af6","1a5f2ff7734b511d344cc39509867f6ef72e1f636cb69a8c53fce28ec0b528ec","190f9410ae628d485d58a0b0ae1cc761c88233d916afdc9abb54443a80891003","/Users/chris/Repos/pdisasm/Tools/pascal-results/images/85a277979c617b185bba63788b9c80184ead269a8eada9ac91163211cc66e642"
"unzip/non-english/french/misc/spii_laccordduparticipepasse_disks/LACCORDDUPARTICIPEPASSE.dsk","3872cf28a663d63d9f12b6aba66c4dce14542abe190b5af6f2762f73c92130b3","ELEVE","SYSTEM.APPLE","2443c23e7538ebfc0227525e4a80878dfae0b96a8a445cb1c4b4332f433a8ae6","ef890517c1eb403c6029ac1063aac4c197ca4617995f7eaa964f8bcc9e688844","43f1967ffe49cb8a41e359e918e012774aeee892c8f4eacdf63de3335668a018","190f9410ae628d485d58a0b0ae1cc761c88233d916afdc9abb54443a80891003","/Users/chris/Repos/pdisasm/Tools/pascal-results/images/3872cf28a663d63d9f12b6aba66c4dce14542abe190b5af6f2762f73c92130b3"
"unzip/non-english/french/misc/spii_etymologie_disks/ETYMOLOGIE.dsk","83bcb0e1c7b93cb31c14588f67d6910097f09d8c5d744660c792e763fd1821ad","ELEVE","SYSTEM.APPLE","d23c6464dc6dfdc7bc03ebbbfa889908b3fc337590668ed3acdff37b50714240","ef890517c1eb403c6029ac1063aac4c197ca4617995f7eaa964f8bcc9e688844","f5084acf9f458fec45449701e6dc81b0089e2df389355bb6c05c553f3d53aacf","190f9410ae628d485d58a0b0ae1cc761c88233d916afdc9abb54443a80891003","/Users/chris/Repos/pdisasm/Tools/pascal-results/images/83bcb0e1c7b93cb31c14588f67d6910097f09d8c5d744660c792e763fd1821ad"
"unzip/non-english/french/misc/ka_omnis3_disks/omnis3disque1.dsk","97dacda6d5904997850fcd0908cc759438e8703d0ba52edb00e17bfe1cf8366f","O3SYS","SYSTEM.APPLE","2443c23e7538ebfc0227525e4a80878dfae0b96a8a445cb1c4b4332f433a8ae6","ef890517c1eb403c6029ac1063aac4c197ca4617995f7eaa964f8bcc9e688844","6a3b424b5123b5119c92d5c99fa4122bfa2eca6441ba6e9463dfd762f1758c24","190f9410ae628d485d58a0b0ae1cc761c88233d916afdc9abb54443a80891003","/Users/chris/Repos/pdisasm/Tools/pascal-results/images/97dacda6d5904997850fcd0908cc759438e8703d0ba52edb00e17bfe1cf8366f"
"unzip/non-english/french/misc/spii_leplurieldesnoms_disks/PLURIELDESNOMS.dsk","e2c1e5848af4d3bdae29229aa1e038eedfae6926d087ea3b7d5c0d1bd74e9a34","ELEVE","SYSTEM.APPLE","d23c6464dc6dfdc7bc03ebbbfa889908b3fc337590668ed3acdff37b50714240","ef890517c1eb403c6029ac1063aac4c197ca4617995f7eaa964f8bcc9e688844","c2134ee3d76514d8f22cbe27cfd750d22289d873349f178434aba5c559afa74b","190f9410ae628d485d58a0b0ae1cc761c88233d916afdc9abb54443a80891003","/Users/chris/Repos/pdisasm/Tools/pascal-results/images/e2c1e5848af4d3bdae29229aa1e038eedfae6926d087ea3b7d5c0d1bd74e9a34"
"unzip/non-english/french/misc/DSKs/DSK/Avril-Mai (2) 2013/Boite Jeux 1/Gato.dsk","824f5aeb35030cebe6fd1a1b9753ecacf8df79246c3a85e778ed2983d2a53080","GATO","SYSTEM.APPLE","6701bcee4840864e6306d744c12fa3c6d47413321eebbe15cbe1bab3d23118e9","fb5421152940287c0c0c49d4c5b9b50074d7f33722b5c8c5d1a44acc2d537657","43bb8b22881e882dfd18aad81065dbfeca89a8d0a407149166bc6443ef6af475","190f9410ae628d485d58a0b0ae1cc761c88233d916afdc9abb54443a80891003","/Users/chris/Repos/pdisasm/Tools/pascal-results/images/824f5aeb35030cebe6fd1a1b9753ecacf8df79246c3a85e778ed2983d2a53080"
"unzip/non-english/french/misc/DSKs/DSK/Avril-Mai (2) 2013/Boite Jeux 1/FastDsk/Fort1.DSK","7a1aec717d48582f110fc7e76eaf1af2ca86f826c126312f3e0baa73c0897ea0","FORT1","SYSTEM.APPLE","2443c23e7538ebfc0227525e4a80878dfae0b96a8a445cb1c4b4332f433a8ae6","ef890517c1eb403c6029ac1063aac4c197ca4617995f7eaa964f8bcc9e688844","578335ab5b02187bc7bca012bd24eb32bc06085028d4ed64d772d1d6e1d82c53","190f9410ae628d485d58a0b0ae1cc761c88233d916afdc9abb54443a80891003","/Users/chris/Repos/pdisasm/Tools/pascal-results/images/7a1aec717d48582f110fc7e76eaf1af2ca86f826c126312f3e0baa73c0897ea0"
"unzip/non-english/french/misc/DSKs/DSK/Avril-Mai (2) 2013/Boite Jeux 1/FastDsk/Prolog.DSK","3566bf9a19277d58af39f0b4155360af513b39be51a3b9c2b500d80085045bd8","PROLOG","SYSTEM.APPLE","6ebeb90720fa23f20f23009bc011194f5e1612ee52783b75ce87647b390b0bad","c5b5133699d622de967e40d8ee8f01c14e4a657b524064593e738f4c6d21e6b0","","190f9410ae628d485d58a0b0ae1cc761c88233d916afdc9abb54443a80891003","/Users/chris/Repos/pdisasm/Tools/pascal-results/images/3566bf9a19277d58af39f0b4155360af513b39be51a3b9c2b500d80085045bd8"
"unzip/non-english/french/misc/controlex_cxbase200_disks/controlex_cxbase200_demo.dsk","c2c5074d16dcb90a4d5747065ed9b042471043cc378b8bf2abb9c8e93d7290e9","CX","SYSTEM.APPLE","2443c23e7538ebfc0227525e4a80878dfae0b96a8a445cb1c4b4332f433a8ae6","ef890517c1eb403c6029ac1063aac4c197ca4617995f7eaa964f8bcc9e688844","8da7936609cea56f33df2a006d4a2803e1658b887003c18abd8482495e5fde19","190f9410ae628d485d58a0b0ae1cc761c88233d916afdc9abb54443a80891003","/Users/chris/Repos/pdisasm/Tools/pascal-results/images/c2c5074d16dcb90a4d5747065ed9b042471043cc378b8bf2abb9c8e93d7290e9"
"unzip/non-english/french/misc/nautil_dga1_disks/NAUTIL_DGA1_PASCAL13.DSK","462cc006f57661bbb09202b7f66c55dbfdb13392d4aeee6e8c41bcbaec373416","DGA1","SYSTEM.APPLE","daa490d5e0bb98e1955081c0d268bed4a862a2b633bdc078b13d0d050a71c630","a8535382d7df95766093a6c734fe4feeade6fb4ce60fc065dc65c785308f8859","1f4ab0662f085269e76c315b2cd1ddea6fba56b84da34249f0eed97af3ffc7f6","048c089e53438cc7066a73065409827ee44a382c798ce3718897716279cfc3dc","/Users/chris/Repos/pdisasm/Tools/pascal-results/images/462cc006f57661bbb09202b7f66c55dbfdb13392d4aeee6e8c41bcbaec373416"
"unzip/non-english/french/misc/lechatmauve_arlequin_disks/LECHATMAUVE_EDITEUR.dsk","6cfc44c9313384b0a686264d19c7e40f95335e26b408fa9dce55b45f150b896d","EDITEUR","SYSTEM.APPLE","6701bcee4840864e6306d744c12fa3c6d47413321eebbe15cbe1bab3d23118e9","fb5421152940287c0c0c49d4c5b9b50074d7f33722b5c8c5d1a44acc2d537657","ac695307b50971883366d0a4aed2d53722381543899fe1ae1cc6f6da662f2e79","190f9410ae628d485d58a0b0ae1cc761c88233d916afdc9abb54443a80891003","/Users/chris/Repos/pdisasm/Tools/pascal-results/images/6cfc44c9313384b0a686264d19c7e40f95335e26b408fa9dce55b45f150b896d"
"unzip/non-english/french/vifi/vifimondadori_etnoteam_dossier_v1.1/vifimondadori_etnoteam_dossier_v1.1_d3_programmadiutilita_original.dsk","3daea4a1905b0822234fc511f8c423a80b6e3594c0c09832ba156230ff62d311","PTIT","SYSTEM.APPLE","ad0dc9d30027ceab81d1b85066e04f2e92f70b5008da62ba942ef28003f5c575","ef890517c1eb403c6029ac1063aac4c197ca4617995f7eaa964f8bcc9e688844","e3996bf923db8a596935df7856da745b24f8afedd8a773d4034a9e796a2446cc","b39c9a83033f04b31d95ff1fe7c86c76a34a74856b41678cbef72b5a140d1c43","/Users/chris/Repos/pdisasm/Tools/pascal-results/images/3daea4a1905b0822234fc511f8c423a80b6e3594c0c09832ba156230ff62d311"
"unzip/non-english/french/vifi/vifimondadori_etnoteam_dossier_v1.1/vifimondadori_etnoteam_dossier_v1.1_d1_master1_original.dsk","f8b178c266a580092d2a01189df2f9fd58553fdceb9ed853c3b04e2950e3f644","MASTER","SYSTEM.APPLE","ad0dc9d30027ceab81d1b85066e04f2e92f70b5008da62ba942ef28003f5c575","ef890517c1eb403c6029ac1063aac4c197ca4617995f7eaa964f8bcc9e688844","6f084b96bb7fa0f0605ae96e85671fc8c8235f9bd73f4427374a4c0e540b50cf","b39c9a83033f04b31d95ff1fe7c86c76a34a74856b41678cbef72b5a140d1c43","/Users/chris/Repos/pdisasm/Tools/pascal-results/images/f8b178c266a580092d2a01189df2f9fd58553fdceb9ed853c3b04e2950e3f644"
"unzip/non-english/french/vifi/vifimondadori_etnoteam_dossier_v1.1/vifimondadori_etnoteam_dossier_v1.1_d1_master1_cracked.dsk","668485d6bde93b104040b37804e7a2b32cc9a0525e6689d1ff71dd83dbc5d907","MASTER","SYSTEM.APPLE","d50496ebac7fe46835ba70a5af0f5a5252c794f68b4170db2cf1c4890259657c","ef890517c1eb403c6029ac1063aac4c197ca4617995f7eaa964f8bcc9e688844","6f084b96bb7fa0f0605ae96e85671fc8c8235f9bd73f4427374a4c0e540b50cf","190f9410ae628d485d58a0b0ae1cc761c88233d916afdc9abb54443a80891003","/Users/chris/Repos/pdisasm/Tools/pascal-results/images/668485d6bde93b104040b37804e7a2b32cc9a0525e6689d1ff71dd83dbc5d907"
"unzip/non-english/french/vifi/vifimondadori_etnoteam_dossier_v1.1/vifimondadori_etnoteam_dossier_v1.1_d3_programmadiutilita_cracked.dsk","f802e7b8e42442ffc8e296b1dc21649cc59d5fdf74767d261e3791ed300abde8","PTIT","SYSTEM.APPLE","d50496ebac7fe46835ba70a5af0f5a5252c794f68b4170db2cf1c4890259657c","ef890517c1eb403c6029ac1063aac4c197ca4617995f7eaa964f8bcc9e688844","e3996bf923db8a596935df7856da745b24f8afedd8a773d4034a9e796a2446cc","190f9410ae628d485d58a0b0ae1cc761c88233d916afdc9abb54443a80891003","/Users/chris/Repos/pdisasm/Tools/pascal-results/images/f802e7b8e42442ffc8e296b1dc21649cc59d5fdf74767d261e3791ed300abde8"
"unzip/non-english/french/apple_forumdesdeveloppeurs/apple_forumdesdeveloppeurs_disks/APPLE_FORUMDESDEVELOPPEURS_PASCAL12_ASSEMBLERDEBUGGINGTOOLS_S2.dsk","eba1a27269015467c7066c11e747acd5e10d6551710e96eab8a30d6525634e46","UIR.REL","SYSTEM.APPLE","6ebeb90720fa23f20f23009bc011194f5e1612ee52783b75ce87647b390b0bad","c5b5133699d622de967e40d8ee8f01c14e4a657b524064593e738f4c6d21e6b0","2b240af2c619b5e61b3f992a6dfadec3b05436c1aadfc1be264df95d48281375","190f9410ae628d485d58a0b0ae1cc761c88233d916afdc9abb54443a80891003","/Users/chris/Repos/pdisasm/Tools/pascal-results/images/eba1a27269015467c7066c11e747acd5e10d6551710e96eab8a30d6525634e46"
"unzip/non-english/french/apple_forumdesdeveloppeurs/apple_forumdesdeveloppeurs_disks/APPLE_FORUMDESDEVELOPPEURS_PASCAL12_CONSOLEDRIVEANDUSERINPUT_S1.dsk","98d4e085baf6b0f3fa61d4d4044a0d645fe5815c40835078d3e5c894a8ce6956","CONUIR","SYSTEM.APPLE","6ebeb90720fa23f20f23009bc011194f5e1612ee52783b75ce87647b390b0bad","c5b5133699d622de967e40d8ee8f01c14e4a657b524064593e738f4c6d21e6b0","2b240af2c619b5e61b3f992a6dfadec3b05436c1aadfc1be264df95d48281375","190f9410ae628d485d58a0b0ae1cc761c88233d916afdc9abb54443a80891003","/Users/chris/Repos/pdisasm/Tools/pascal-results/images/98d4e085baf6b0f3fa61d4d4044a0d645fe5815c40835078d3e5c894a8ce6956"
"unzip/non-english/french/apple_forumdesdeveloppeurs/apple_forumdesdeveloppeurs_disks/APPLE_FORUMDESDEVELOPPEURS_MOUSETEXTTOOLKIT_V21B1_S2.dsk","3ddcf28276b7e0cbda6fc0e6c7a267e392d6d25d798946e5e692f8f937c832f4","MTXKIT","SYSTEM.APPLE","7ce54508b9f1564c47d1db921b530c9702c6e91cee177ccbf89bc40f88a1bd5f","02f0576644c3c2d30ef8671fc8fba306a8123a3661e896eaac5393bc5a7c8a14","21fdd8fc965153287755ea9cb2fe6709086bdf5b9f87b7e538d33b439b6fc030","190f9410ae628d485d58a0b0ae1cc761c88233d916afdc9abb54443a80891003","/Users/chris/Repos/pdisasm/Tools/pascal-results/images/3ddcf28276b7e0cbda6fc0e6c7a267e392d6d25d798946e5e692f8f937c832f4"
"unzip/non-english/french/ediciel/ediciel_sorcellerie2_disks/DISK409A_Sorcellerie2_f1.dsk","1c400c8933dd52deda8f7a6e05c189a8bbde18e9fd202ad72eb6ec307dc1d11f","LCDBOOT","RTSTRP.APPLE","a1f71d61af1ff2f846985be85d070220c1c89e9f1a94b00d2ef041715ed2cbf5","aaa96b0c5648f67d1217e6cbbba76e5447531a0cfed515a49adcc6148e7b6220","c4e561fddb5d40c716ddcfff4f6c49c476d106cd0860b27e153960155baaec14","6f95245e71173839bf5f064e06c4f78de1728c77bc9a4f04be58a1a1b44dc943","/Users/chris/Repos/pdisasm/Tools/pascal-results/images/1c400c8933dd52deda8f7a6e05c189a8bbde18e9fd202ad72eb6ec307dc1d11f"
"unzip/non-english/french/ediciel/ediciel_sorcellerie3_disks/DISK410A_Sorcellerie3_f1.dsk","795f4efd995fb9f3ffdca80f0eb5b3607afb45ec90cc1a270da142e677bc9ded","HDLBOOT","RTSTRP.APPLE","20825a7ef1aaa49f5a0a830791bb6aac7f10cfd6d7f7637a2de9e10e4d6ff238","5ff8411ab81cdd3127ddc981a0e7a0f49657076d383e400ba0cfd666e9331b9b","142a5d66ddb22698804f2629e1b6e71e4e7720e4b7cf8ac82dd773702e36a3af","6f95245e71173839bf5f064e06c4f78de1728c77bc9a4f04be58a1a1b44dc943","/Users/chris/Repos/pdisasm/Tools/pascal-results/images/795f4efd995fb9f3ffdca80f0eb5b3607afb45ec90cc1a270da142e677bc9ded"
"unzip/non-english/french/ediciel/ediciel_sorcellerie1_disks/DISK408A_Sorcellerie1_f1.dsk","732fd267e9a4e170d0d1b9d1fdcab948269fde16cf635a5db396d6f5f7b2fc8b","WBV2.1","RTSTRP.APPLE","93629b22a4916e1f8affaa738a0637665191940152928b5c7d876ff9d800a113","aaa96b0c5648f67d1217e6cbbba76e5447531a0cfed515a49adcc6148e7b6220","c4e561fddb5d40c716ddcfff4f6c49c476d106cd0860b27e153960155baaec14","6f95245e71173839bf5f064e06c4f78de1728c77bc9a4f04be58a1a1b44dc943","/Users/chris/Repos/pdisasm/Tools/pascal-results/images/732fd267e9a4e170d0d1b9d1fdcab948269fde16cf635a5db396d6f5f7b2fc8b"
"unzip/non-english/french/masters/apple_applepresenteappleiie_disks/apple_applepresenteappleiie.dsk","9cd6868d6f3d2d6b90e94614443d3b030cb07c1328392faf32d06492c3a36527","NO.DEMO","SYSTEM.APPLE","8fb30ba2a7b54d49b55536d13db8252d192f230df14a2f0eba5a8830c9fe1c2e","e44ba3e9ef9840bec2b28407a825d29f9fb3e0cc1c84f137fa0c887489e21af6","286230fbfc27d4eed4656f39d9babac33a4af2710e374d1a44dd056d47efc0f9","190f9410ae628d485d58a0b0ae1cc761c88233d916afdc9abb54443a80891003","/Users/chris/Repos/pdisasm/Tools/pascal-results/images/9cd6868d6f3d2d6b90e94614443d3b030cb07c1328392faf32d06492c3a36527"
"unzip/non-english/french/psi/psi_microbook_disk/PSI_MICROBOOK.dsk","1ec20382e69f1d2bc8667207ab2b4417156f317930895aca5ead58bebe60d933","MICRO","SYSTEM.APPLE","2443c23e7538ebfc0227525e4a80878dfae0b96a8a445cb1c4b4332f433a8ae6","ef890517c1eb403c6029ac1063aac4c197ca4617995f7eaa964f8bcc9e688844","6747f0dfa105cb2095cf63397f43f71e39182fa5c44a7cfb83821825eaa9d5db","190f9410ae628d485d58a0b0ae1cc761c88233d916afdc9abb54443a80891003","/Users/chris/Repos/pdisasm/Tools/pascal-results/images/1ec20382e69f1d2bc8667207ab2b4417156f317930895aca5ead58bebe60d933"
"unzip/educational/Pollution Control (4am crack)/Pollution Control (4am crack)/Pollution Control (4am crack) disk 1 - Pollution Master.dsk","99a6065f6011530d04fac48994bc78963c097de0e3df1c3229fd4e5d04d9ecbb","POL0","SYSTEM.APPLE","cf7ded0f0ae86d8eb3cd36fc18036f182b2368ba864e1d21305381b7f89b8222","02f0576644c3c2d30ef8671fc8fba306a8123a3661e896eaac5393bc5a7c8a14","6e7de1a22ae249a90e132c84b82db753966f80ca9f0df864ebb70e1fe6ff14fc","187b52d6d145a848d9dcb28d20513e6ba34a3f6a039b1ea2fe3203159f1cf141","/Users/chris/Repos/pdisasm/Tools/pascal-results/images/99a6065f6011530d04fac48994bc78963c097de0e3df1c3229fd4e5d04d9ecbb"
"unzip/educational/Division One-Digit Divisor One Renaming (4am crack)/Division One-Digit Divisor One Renaming (4am crack)/Division One-Digit Divisor One Renaming (4am crack).dsk","a442e15b76a6a4a079f6a1dbc9e455ab3435b11b01913ed4940ac8160774aa98","SYSMAS","SYSTEM.APPLE","2d9d547e62a2b566b2cb2a26f311b321ab1d95a06cf6aaa68d1e9930fdd6b40d","98eb236ebae21950de87485bd83256642a73bb0727aae60d2cbbaf97165c6e15","1f4ab0662f085269e76c315b2cd1ddea6fba56b84da34249f0eed97af3ffc7f6","048c089e53438cc7066a73065409827ee44a382c798ce3718897716279cfc3dc","/Users/chris/Repos/pdisasm/Tools/pascal-results/images/a442e15b76a6a4a079f6a1dbc9e455ab3435b11b01913ed4940ac8160774aa98"
"unzip/educational/Bible Discovery (4am crack)/Bible Discovery (4am crack)/Bible Discovery (4am crack) side A.dsk","5f3e4373949242365f7e5adf1cdaa04d01463830e0cf427c42fb3e80b2ddf737","FOKPROG","SYSTEM.APPLE","ca567b9ed9affd43ac7f27037de992ff34836c9cc4f6a64f2f4c5f9068ad4e3f","3189798e4f598903441f35941277fa9d412ea0cba298e662923f8e2e50003f29","2ca65942987408baaa2dbce8b32140a174d3cda3c6668f5c412fb25e080dbc8b","048c089e53438cc7066a73065409827ee44a382c798ce3718897716279cfc3dc","/Users/chris/Repos/pdisasm/Tools/pascal-results/images/5f3e4373949242365f7e5adf1cdaa04d01463830e0cf427c42fb3e80b2ddf737"
"unzip/educational/The Magic Cash Register (4am crack)/The Magic Cash Register (4am crack)/The Magic Cash Register (4am crack).dsk","5db0a7baffdfd5c89a60a247cb7f89888fc7d9449ef5299e3b808b80700d6d8d","MCR","SYSTEM.APPLE","49b1bbbd162e00df30a59b10aa591032e16b0fa5fec88512053827339b96383e","1e1f49d81a10939c89b0ceb20f4f619853c83c0c77c85774e991fd1119db6f69","b4a886c830e4352c98537c784726b0c07cffe3e6f48249bb214df331e5ed31e3","190f9410ae628d485d58a0b0ae1cc761c88233d916afdc9abb54443a80891003","/Users/chris/Repos/pdisasm/Tools/pascal-results/images/5db0a7baffdfd5c89a60a247cb7f89888fc7d9449ef5299e3b808b80700d6d8d"
"unzip/educational/Contraction Concentration (4am crack)/Contraction Concentration (4am crack)/Contraction Concentration (4am crack).dsk","0cbd006773cf2c76cc0322701229eeefd9ef0b3546c5525ccd4244e9b1af2dc9","NEWB1","SYSTEM.APPLE","49b1bbbd162e00df30a59b10aa591032e16b0fa5fec88512053827339b96383e","1e1f49d81a10939c89b0ceb20f4f619853c83c0c77c85774e991fd1119db6f69","ee26ba83eddf81c5c69c8f18d72f42dfa1b6e9f6450195836aac127ca6a98a2b","190f9410ae628d485d58a0b0ae1cc761c88233d916afdc9abb54443a80891003","/Users/chris/Repos/pdisasm/Tools/pascal-results/images/0cbd006773cf2c76cc0322701229eeefd9ef0b3546c5525ccd4244e9b1af2dc9"
"unzip/educational/Multiplication Two-Digit Numbers with Renaming (4am crack)/Multiplication Two-Digit Numbers with Renaming (4am crack)/Multiplication Two-Digit Numbers with Renaming (4am crack).dsk","7327e78a33c638d57fd177c7c4050f6ff1f167eda02a636cf212494386a3fc59","SYSMAS","SYSTEM.APPLE","2d9d547e62a2b566b2cb2a26f311b321ab1d95a06cf6aaa68d1e9930fdd6b40d","98eb236ebae21950de87485bd83256642a73bb0727aae60d2cbbaf97165c6e15","1f4ab0662f085269e76c315b2cd1ddea6fba56b84da34249f0eed97af3ffc7f6","048c089e53438cc7066a73065409827ee44a382c798ce3718897716279cfc3dc","/Users/chris/Repos/pdisasm/Tools/pascal-results/images/7327e78a33c638d57fd177c7c4050f6ff1f167eda02a636cf212494386a3fc59"
"unzip/educational/Multiplication One-Digit x Three-Digit No Renaming (4am crack)/Multiplication One-Digit x Three-Digit No Renaming (4am crack)/Multiplication One-Digit x Three-Digit No Renaming (4am crack).dsk","241759e25137d0663757521d059a2ff28df6f36386fa70bb9c6d1dfead345927","IM3-11","SYSTEM.APPLE","2d9d547e62a2b566b2cb2a26f311b321ab1d95a06cf6aaa68d1e9930fdd6b40d","98eb236ebae21950de87485bd83256642a73bb0727aae60d2cbbaf97165c6e15","1f4ab0662f085269e76c315b2cd1ddea6fba56b84da34249f0eed97af3ffc7f6","048c089e53438cc7066a73065409827ee44a382c798ce3718897716279cfc3dc","/Users/chris/Repos/pdisasm/Tools/pascal-results/images/241759e25137d0663757521d059a2ff28df6f36386fa70bb9c6d1dfead345927"
"unzip/educational/Addition Two Renamings (4am crack)/Addition Two Renamings (4am crack)/Addition Two Renamings (4am crack).dsk","f4778a8fd1247770b13b51086aaa1acec8738a1ac28f359175c7a00043963bb1","SYSMAS","SYSTEM.APPLE","2d9d547e62a2b566b2cb2a26f311b321ab1d95a06cf6aaa68d1e9930fdd6b40d","98eb236ebae21950de87485bd83256642a73bb0727aae60d2cbbaf97165c6e15","1f4ab0662f085269e76c315b2cd1ddea6fba56b84da34249f0eed97af3ffc7f6","048c089e53438cc7066a73065409827ee44a382c798ce3718897716279cfc3dc","/Users/chris/Repos/pdisasm/Tools/pascal-results/images/f4778a8fd1247770b13b51086aaa1acec8738a1ac28f359175c7a00043963bb1"
"unzip/educational/Reading Workshop - Distant Views (4am crack)/Reading Workshop - Distant Views (4am crack)/Reading Workshop - Distant Views (4am crack) side A.dsk","a53734bc1615233e12c1118655ffbd97d32933ac6ca33059fa7f2193f7cd482f","TEXT","SYSTEM.APPLE","b0d6ae9829da793cf605ae4cfc09b229f8130cd46a53db451eed226d8a986873","1e1f49d81a10939c89b0ceb20f4f619853c83c0c77c85774e991fd1119db6f69","85a4cd902d1cb48ee224d4741cb67eaa1280971bde9150a1edb7797142db7e47","802a8c6c14f2461b8132dfbcda29cbdc91d8acde288b022797765a232e32555a","/Users/chris/Repos/pdisasm/Tools/pascal-results/images/a53734bc1615233e12c1118655ffbd97d32933ac6ca33059fa7f2193f7cd482f"
"unzip/educational/Addition of Fractions - Common Denominators (4am crack)/Addition of Fractions - Common Denominators (4am crack)/Addition of Fractions - Common Denominators (4am crack).dsk","f31935dd94bfd12485b5dcc33979f336dd0de3cc2b447fb3b5cc333b69cec0b1","SYSMAS","SYSTEM.APPLE","2d9d547e62a2b566b2cb2a26f311b321ab1d95a06cf6aaa68d1e9930fdd6b40d","98eb236ebae21950de87485bd83256642a73bb0727aae60d2cbbaf97165c6e15","1f4ab0662f085269e76c315b2cd1ddea6fba56b84da34249f0eed97af3ffc7f6","048c089e53438cc7066a73065409827ee44a382c798ce3718897716279cfc3dc","/Users/chris/Repos/pdisasm/Tools/pascal-results/images/f31935dd94bfd12485b5dcc33979f336dd0de3cc2b447fb3b5cc333b69cec0b1"
"unzip/educational/Solar Reading Flight 1 - Jupiter (4am crack)/Solar Reading Flight 1 - Jupiter (4am crack)/Solar Reading Flight 1 - Jupiter (4am crack).dsk","e0619bbee661f91636fdd51248b96f33d4557f38273d2875857792a2ce875529","JUPITER","SYSTEM.APPLE","49b1bbbd162e00df30a59b10aa591032e16b0fa5fec88512053827339b96383e","1e1f49d81a10939c89b0ceb20f4f619853c83c0c77c85774e991fd1119db6f69","5b9a1623b5d20f9b5707d5b0cd884b0b26546e1889ebb0ec9d17d4dc59de2e83","190f9410ae628d485d58a0b0ae1cc761c88233d916afdc9abb54443a80891003","/Users/chris/Repos/pdisasm/Tools/pascal-results/images/e0619bbee661f91636fdd51248b96f33d4557f38273d2875857792a2ce875529"
"unzip/educational/Solar Reading Flight 1 - Saturn (4am crack)/Solar Reading Flight 1 - Saturn (4am crack)/Solar Reading Flight 1 - Saturn (4am crack).dsk","3ce7b75596794b6e460dd095d77274b60fb44ee4598da8aeee2467bd12307f22","SATURN","SYSTEM.APPLE","49b1bbbd162e00df30a59b10aa591032e16b0fa5fec88512053827339b96383e","1e1f49d81a10939c89b0ceb20f4f619853c83c0c77c85774e991fd1119db6f69","5b9a1623b5d20f9b5707d5b0cd884b0b26546e1889ebb0ec9d17d4dc59de2e83","190f9410ae628d485d58a0b0ae1cc761c88233d916afdc9abb54443a80891003","/Users/chris/Repos/pdisasm/Tools/pascal-results/images/3ce7b75596794b6e460dd095d77274b60fb44ee4598da8aeee2467bd12307f22"
"unzip/educational/Geometric Figures - Circles, Radius, Diameter (4am crack)/Geometric Figures - Circles, Radius, Diameter (4am crack)/Geometric Figures - Circles, Radius, Diameter (4am crack).dsk","37a9070316a818c6b3408e5b14c098f01655a28ff75e16aa245bdc6468017086","4GC-02","SYSTEM.APPLE","2d9d547e62a2b566b2cb2a26f311b321ab1d95a06cf6aaa68d1e9930fdd6b40d","98eb236ebae21950de87485bd83256642a73bb0727aae60d2cbbaf97165c6e15","1f4ab0662f085269e76c315b2cd1ddea6fba56b84da34249f0eed97af3ffc7f6","048c089e53438cc7066a73065409827ee44a382c798ce3718897716279cfc3dc","/Users/chris/Repos/pdisasm/Tools/pascal-results/images/37a9070316a818c6b3408e5b14c098f01655a28ff75e16aa245bdc6468017086"
"unzip/educational/convict/convict1.DSK","7970d4dbd8c83280553528ee8cece312a2de002c07554070f10d4287286ea4be","CONVICT","SYSTEM.APPLE","67adc957afa1fc3cae9177ef42846ea1c31fd44f5a00e0694f63acafd248aed5","3189798e4f598903441f35941277fa9d412ea0cba298e662923f8e2e50003f29","b67d16d4b064b56113da9229b5404e54e623a928e1aab6b398de0b60ef39e9a3","048c089e53438cc7066a73065409827ee44a382c798ce3718897716279cfc3dc","/Users/chris/Repos/pdisasm/Tools/pascal-results/images/7970d4dbd8c83280553528ee8cece312a2de002c07554070f10d4287286ea4be"
"unzip/educational/Multiplication Two-Digit Numbers No Renaming (4am crack)/Multiplication Two-Digit Numbers No Renaming (4am crack)/Multiplication Two-Digit Numbers No Renaming (4am crack).dsk","11d2bbd3cf6f616c6c2c2f1b46871ce0b61ca687c946fc652f88b03370bb60d5","SYSMAS","SYSTEM.APPLE","2d9d547e62a2b566b2cb2a26f311b321ab1d95a06cf6aaa68d1e9930fdd6b40d","98eb236ebae21950de87485bd83256642a73bb0727aae60d2cbbaf97165c6e15","1f4ab0662f085269e76c315b2cd1ddea6fba56b84da34249f0eed97af3ffc7f6","048c089e53438cc7066a73065409827ee44a382c798ce3718897716279cfc3dc","/Users/chris/Repos/pdisasm/Tools/pascal-results/images/11d2bbd3cf6f616c6c2c2f1b46871ce0b61ca687c946fc652f88b03370bb60d5"
"unzip/educational/Changing Mixed Numbers to Improper Fractions (4am crack)/Changing Mixed Numbers to Improper Fractions (4am crack)/Changing Mixed Numbers to Improper Fractions (4am crack).dsk","fe8a8166a0437fe070269fe20f0ac8dd512bf0ed2eb8cb5f1ae41b2312bc5ac2","4FR-05","SYSTEM.APPLE","2d9d547e62a2b566b2cb2a26f311b321ab1d95a06cf6aaa68d1e9930fdd6b40d","98eb236ebae21950de87485bd83256642a73bb0727aae60d2cbbaf97165c6e15","1f4ab0662f085269e76c315b2cd1ddea6fba56b84da34249f0eed97af3ffc7f6","048c089e53438cc7066a73065409827ee44a382c798ce3718897716279cfc3dc","/Users/chris/Repos/pdisasm/Tools/pascal-results/images/fe8a8166a0437fe070269fe20f0ac8dd512bf0ed2eb8cb5f1ae41b2312bc5ac2"
"unzip/educational/Pictographs Bar Graphs (4am crack)/Pictographs Bar Graphs (4am crack)/Pictographs Bar Graphs (4am crack).dsk","fac27c7124988d969410ebf7181e213ee60134c3513b80701e4cce5115e9656a","IM3-15","SYSTEM.APPLE","2d9d547e62a2b566b2cb2a26f311b321ab1d95a06cf6aaa68d1e9930fdd6b40d","98eb236ebae21950de87485bd83256642a73bb0727aae60d2cbbaf97165c6e15","1f4ab0662f085269e76c315b2cd1ddea6fba56b84da34249f0eed97af3ffc7f6","048c089e53438cc7066a73065409827ee44a382c798ce3718897716279cfc3dc","/Users/chris/Repos/pdisasm/Tools/pascal-results/images/fac27c7124988d969410ebf7181e213ee60134c3513b80701e4cce5115e9656a"
"unzip/educational/GraphMaster (4am crack)/GraphMaster (4am crack)/GraphMaster (4am crack).dsk","c6ab6be7c6e12271122e9b9c369165b4cf40db78b78bd51b28ddfd1ac1c3300b","GRAFM","SYSTEM.APPLE","49b1bbbd162e00df30a59b10aa591032e16b0fa5fec88512053827339b96383e","1e1f49d81a10939c89b0ceb20f4f619853c83c0c77c85774e991fd1119db6f69","73b1dc2c8b31f43fa61b657f169f662cefb17143adc5d85f862872c9859b8e00","834592f3d3a78074cb559b9357240bb548614a5712223af227a4037c57f425d5","/Users/chris/Repos/pdisasm/Tools/pascal-results/images/c6ab6be7c6e12271122e9b9c369165b4cf40db78b78bd51b28ddfd1ac1c3300b"
"unzip/educational/Whole Numbers- Multiplication (4am crack)/Whole Numbers- Multiplication (4am crack)/Whole Numbers- Multiplication (4am crack).dsk","28e8a932707a15dd067a05fd27072e77d050d6b3498395b219e7706f858403ea","WM","SYSTEM.APPLE","67adc957afa1fc3cae9177ef42846ea1c31fd44f5a00e0694f63acafd248aed5","3189798e4f598903441f35941277fa9d412ea0cba298e662923f8e2e50003f29","2ce512f5b8bb7e204adbb2d0f51d5339117aa0ab404ec0d16377b312720caffe","048c089e53438cc7066a73065409827ee44a382c798ce3718897716279cfc3dc","/Users/chris/Repos/pdisasm/Tools/pascal-results/images/28e8a932707a15dd067a05fd27072e77d050d6b3498395b219e7706f858403ea"
"unzip/educational/Easy Graph II (4am crack)/Easy Graph II (4am crack)/Easy Graph II (4am crack) disk 2 - Tool.dsk","bd9dd9b12c99f645b9354aad119dc36af7f9bb88798329b517b854caf880480e","EGPROG","SYSTEM.APPLE","49f00c76ef90887cb8c49cfeee8f9f804cab505ea3d5282b910d5a08e8750a2e","1e1f49d81a10939c89b0ceb20f4f619853c83c0c77c85774e991fd1119db6f69","05dc27c0bacfca3dd281f203f5e8415771d91790657c5a6576e1152fd92086aa","187b52d6d145a848d9dcb28d20513e6ba34a3f6a039b1ea2fe3203159f1cf141","/Users/chris/Repos/pdisasm/Tools/pascal-results/images/bd9dd9b12c99f645b9354aad119dc36af7f9bb88798329b517b854caf880480e"
"unzip/educational/Easy Graph II (4am crack)/Easy Graph II (4am crack)/Easy Graph II (4am crack) disk 1 - Tutorial.dsk","a31c72e4426c650288816fd10e9e547e7621dd63104a54e069d4993f2714aaed","GRAFM","SYSTEM.APPLE","49f00c76ef90887cb8c49cfeee8f9f804cab505ea3d5282b910d5a08e8750a2e","1e1f49d81a10939c89b0ceb20f4f619853c83c0c77c85774e991fd1119db6f69","73b1dc2c8b31f43fa61b657f169f662cefb17143adc5d85f862872c9859b8e00","b97ab98130f6bea6adcc9cacee96fc4ec31fbd8fa41479dad2eba0ebb7f88803","/Users/chris/Repos/pdisasm/Tools/pascal-results/images/a31c72e4426c650288816fd10e9e547e7621dd63104a54e069d4993f2714aaed"
"unzip/educational/Multiplication One-Digit x Two-Digit No Renaming (4am crack)/Multiplication One-Digit x Two-Digit No Renaming (4am crack)/Multiplication One-Digit x Two-Digit No Renaming (4am crack).dsk","e6b8407dd9e55484d3950b0aca11ff8250cbb3a0c0c41ba9b4b49fd232069c4b","IM3-10","SYSTEM.APPLE","2d9d547e62a2b566b2cb2a26f311b321ab1d95a06cf6aaa68d1e9930fdd6b40d","98eb236ebae21950de87485bd83256642a73bb0727aae60d2cbbaf97165c6e15","1f4ab0662f085269e76c315b2cd1ddea6fba56b84da34249f0eed97af3ffc7f6","048c089e53438cc7066a73065409827ee44a382c798ce3718897716279cfc3dc","/Users/chris/Repos/pdisasm/Tools/pascal-results/images/e6b8407dd9e55484d3950b0aca11ff8250cbb3a0c0c41ba9b4b49fd232069c4b"
"unzip/educational/Factors (4am crack)/Factors (4am crack)/Factors (4am crack).dsk","a1dcbf89addca9be5ca2fedee6203846e1dccfa5496bc96c308652b7a5238833","IM3-07","SYSTEM.APPLE","2d9d547e62a2b566b2cb2a26f311b321ab1d95a06cf6aaa68d1e9930fdd6b40d","98eb236ebae21950de87485bd83256642a73bb0727aae60d2cbbaf97165c6e15","1f4ab0662f085269e76c315b2cd1ddea6fba56b84da34249f0eed97af3ffc7f6","048c089e53438cc7066a73065409827ee44a382c798ce3718897716279cfc3dc","/Users/chris/Repos/pdisasm/Tools/pascal-results/images/a1dcbf89addca9be5ca2fedee6203846e1dccfa5496bc96c308652b7a5238833"
"unzip/educational/Basic Division Facts - Dividends to 25 - Factors to 5 (4am crack)/Basic Division Facts - Dividends to 25 - Factors to 5 (4am crack)/Basic Division Facts - Dividends to 25 - Factors to 5 (4am crack).dsk","ea0d3eef47e9b6d82ebc7d7fb25c70b1343e0dbb3b6393fbabd4f392cefc94ab","IM3-08","SYSTEM.APPLE","2d9d547e62a2b566b2cb2a26f311b321ab1d95a06cf6aaa68d1e9930fdd6b40d","98eb236ebae21950de87485bd83256642a73bb0727aae60d2cbbaf97165c6e15","1f4ab0662f085269e76c315b2cd1ddea6fba56b84da34249f0eed97af3ffc7f6","048c089e53438cc7066a73065409827ee44a382c798ce3718897716279cfc3dc","/Users/chris/Repos/pdisasm/Tools/pascal-results/images/ea0d3eef47e9b6d82ebc7d7fb25c70b1343e0dbb3b6393fbabd4f392cefc94ab"
"unzip/educational/Word Problems Multiplication or Division Basic Facts (4am crack)/Word Problems Multiplication or Division Basic Facts (4am crack)/Word Problems Multiplication or Division Basic Facts (4am crack).dsk","5c72d7b327ba79262c02118610fd83c487634009f7ff68dcd3476258a6d2eb5a","IM3-13","SYSTEM.APPLE","2d9d547e62a2b566b2cb2a26f311b321ab1d95a06cf6aaa68d1e9930fdd6b40d","98eb236ebae21950de87485bd83256642a73bb0727aae60d2cbbaf97165c6e15","1f4ab0662f085269e76c315b2cd1ddea6fba56b84da34249f0eed97af3ffc7f6","048c089e53438cc7066a73065409827ee44a382c798ce3718897716279cfc3dc","/Users/chris/Repos/pdisasm/Tools/pascal-results/images/5c72d7b327ba79262c02118610fd83c487634009f7ff68dcd3476258a6d2eb5a"
"unzip/educational/Fractions- Subtraction (4am crack)/Fractions- Subtraction (4am crack)/Fractions- Subtraction (4am crack).dsk","9ddfca47dc12891977686f739836d28cb4b8a72a366a3797c47a8318cac699af","FS","SYSTEM.APPLE","67adc957afa1fc3cae9177ef42846ea1c31fd44f5a00e0694f63acafd248aed5","3189798e4f598903441f35941277fa9d412ea0cba298e662923f8e2e50003f29","2ce512f5b8bb7e204adbb2d0f51d5339117aa0ab404ec0d16377b312720caffe","048c089e53438cc7066a73065409827ee44a382c798ce3718897716279cfc3dc","/Users/chris/Repos/pdisasm/Tools/pascal-results/images/9ddfca47dc12891977686f739836d28cb4b8a72a366a3797c47a8318cac699af"
"unzip/educational/Changing Improper Fractions to Mixed Numbers (4am crack)/Changing Improper Fractions to Mixed Numbers (4am crack)/Changing Improper Fractions to Mixed Numbers (4am crack).dsk","2c02f7b425b99bde1931fc9714cac28ae00ffea7a8334f3bfccc97a06828cc7f","4FR-04","SYSTEM.APPLE","2d9d547e62a2b566b2cb2a26f311b321ab1d95a06cf6aaa68d1e9930fdd6b40d","98eb236ebae21950de87485bd83256642a73bb0727aae60d2cbbaf97165c6e15","1f4ab0662f085269e76c315b2cd1ddea6fba56b84da34249f0eed97af3ffc7f6","048c089e53438cc7066a73065409827ee44a382c798ce3718897716279cfc3dc","/Users/chris/Repos/pdisasm/Tools/pascal-results/images/2c02f7b425b99bde1931fc9714cac28ae00ffea7a8334f3bfccc97a06828cc7f"
"unzip/educational/Geometry - Simple Closed Curves (4am crack)/Geometry - Simple Closed Curves (4am crack)/Geometry - Simple Closed Curves (4am crack) side B.dsk","8187b2a7d448d829fbb5eecfbf8d4e60b73b5f77df8683936cb58cd81ee5758c","GEOM","SYSTEM.APPLE","2443c23e7538ebfc0227525e4a80878dfae0b96a8a445cb1c4b4332f433a8ae6","ef890517c1eb403c6029ac1063aac4c197ca4617995f7eaa964f8bcc9e688844","6f6b5487aa117d3fe3acd3f8bbeeb96740020e36cdde96dc95aa8b036b0b97d1","190f9410ae628d485d58a0b0ae1cc761c88233d916afdc9abb54443a80891003","/Users/chris/Repos/pdisasm/Tools/pascal-results/images/8187b2a7d448d829fbb5eecfbf8d4e60b73b5f77df8683936cb58cd81ee5758c"
"unzip/educational/Geometry - Simple Closed Curves (4am crack)/Geometry - Simple Closed Curves (4am crack)/Geometry - Simple Closed Curves (4am crack) side A.dsk","a9a57a0347585829077d836bcd85f789e01d66a1f2a698ccbd483302dce3fc7f","GEOM","SYSTEM.APPLE","2443c23e7538ebfc0227525e4a80878dfae0b96a8a445cb1c4b4332f433a8ae6","ef890517c1eb403c6029ac1063aac4c197ca4617995f7eaa964f8bcc9e688844","a086f8ec93ba0ace22eec8f255da81d2c365788e3e7c24498f64d65b61b99fd4","190f9410ae628d485d58a0b0ae1cc761c88233d916afdc9abb54443a80891003","/Users/chris/Repos/pdisasm/Tools/pascal-results/images/a9a57a0347585829077d836bcd85f789e01d66a1f2a698ccbd483302dce3fc7f"
"unzip/educational/Triangles Through Octagons (4am crack)/Triangles Through Octagons (4am crack)/Triangles Through Octagons (4am crack).dsk","5c7278ce348ad7126bdbafe0e8c6701dcf3aef5529ec8c2677f8b63e5095b72a","SYSMAS","SYSTEM.APPLE","2d9d547e62a2b566b2cb2a26f311b321ab1d95a06cf6aaa68d1e9930fdd6b40d","98eb236ebae21950de87485bd83256642a73bb0727aae60d2cbbaf97165c6e15","1f4ab0662f085269e76c315b2cd1ddea6fba56b84da34249f0eed97af3ffc7f6","048c089e53438cc7066a73065409827ee44a382c798ce3718897716279cfc3dc","/Users/chris/Repos/pdisasm/Tools/pascal-results/images/5c7278ce348ad7126bdbafe0e8c6701dcf3aef5529ec8c2677f8b63e5095b72a"
"unzip/educational/Geometric Figures - Angles and Right Angles (4am crack)/Geometric Figures - Angles and Right Angles (4am crack)/Geometric Figures - Angles and Right Angles (4am crack).dsk","d1da608b574c7c5de4b3f9f3ae80530f804f79aeec3ecca503623146fda347b9","SYSMAS","SYSTEM.APPLE","2d9d547e62a2b566b2cb2a26f311b321ab1d95a06cf6aaa68d1e9930fdd6b40d","98eb236ebae21950de87485bd83256642a73bb0727aae60d2cbbaf97165c6e15","1f4ab0662f085269e76c315b2cd1ddea6fba56b84da34249f0eed97af3ffc7f6","048c089e53438cc7066a73065409827ee44a382c798ce3718897716279cfc3dc","/Users/chris/Repos/pdisasm/Tools/pascal-results/images/d1da608b574c7c5de4b3f9f3ae80530f804f79aeec3ecca503623146fda347b9"
"unzip/educational/typing/Smartype (4am crack)/Smartype (4am crack)/Smartype (4am crack).dsk","8e997d3f50cef2d3e38ea292268cc83f8242f463072abf03344b49ad592d301a","SMARTYP","SYSTEM.APPLE","7ce54508b9f1564c47d1db921b530c9702c6e91cee177ccbf89bc40f88a1bd5f","02f0576644c3c2d30ef8671fc8fba306a8123a3661e896eaac5393bc5a7c8a14","03b45b4d533246162f4880c5c48333ba580fbc2790828e3dcd0f6b7b6a2b2710","aa5ab02e544b1d0299568ddfaa8c7280aa2e62cfc9ca55b54ce7ec4c898221e4","/Users/chris/Repos/pdisasm/Tools/pascal-results/images/8e997d3f50cef2d3e38ea292268cc83f8242f463072abf03344b49ad592d301a"
"unzip/educational/typing/The Typewriter (4am crack)/The Typewriter (4am crack)/The Typewriter (4am crack).dsk","f01ce518d569d3b7fb3e94e240a26634f93606a1c12229e91fd5419d49964c1b","TW","SYSTEM.APPLE","f7b541b27673739db27deb8f9b9fe4003cb25c4b5fbec905674284f58a6c1286","97a1688dfa2c4838461f8e522b5def79124c6fb53ed022560c9bfffaed12f656","","190f9410ae628d485d58a0b0ae1cc761c88233d916afdc9abb54443a80891003","/Users/chris/Repos/pdisasm/Tools/pascal-results/images/f01ce518d569d3b7fb3e94e240a26634f93606a1c12229e91fd5419d49964c1b"
"unzip/educational/Basic Fraction Concepts (4am crack)/Basic Fraction Concepts (4am crack)/Basic Fraction Concepts (4am crack) side B.dsk","d85527f6a6840937100bef852566d5a93d34d521e75c466271fb9d6b26e9bb4e","FRAC1","SYSTEM.APPLE","2443c23e7538ebfc0227525e4a80878dfae0b96a8a445cb1c4b4332f433a8ae6","ef890517c1eb403c6029ac1063aac4c197ca4617995f7eaa964f8bcc9e688844","e5d5b7efb9517fabd9ceda1a80e244f0cbe59dc1b3421364367dc270f0d7f926","190f9410ae628d485d58a0b0ae1cc761c88233d916afdc9abb54443a80891003","/Users/chris/Repos/pdisasm/Tools/pascal-results/images/d85527f6a6840937100bef852566d5a93d34d521e75c466271fb9d6b26e9bb4e"
"unzip/educational/Word Problems Combinations of Addition and Subtraction (4am crack)/Word Problems Combinations of Addition and Subtraction (4am crack)/Word Problems Combinations of Addition and Subtraction (4am crack).dsk","70ec5820c84f09c6c0934ded3b0fc7f5c55bb57ea10f353cec819d96986eccbc","4SU-05","SYSTEM.APPLE","2d9d547e62a2b566b2cb2a26f311b321ab1d95a06cf6aaa68d1e9930fdd6b40d","98eb236ebae21950de87485bd83256642a73bb0727aae60d2cbbaf97165c6e15","1f4ab0662f085269e76c315b2cd1ddea6fba56b84da34249f0eed97af3ffc7f6","048c089e53438cc7066a73065409827ee44a382c798ce3718897716279cfc3dc","/Users/chris/Repos/pdisasm/Tools/pascal-results/images/70ec5820c84f09c6c0934ded3b0fc7f5c55bb57ea10f353cec819d96986eccbc"
"unzip/educational/Countries of the World (4am crack)/Countries of the World (4am crack)/Countries of the World (4am crack) side A.dsk","1a1179e7f91a2c58147ed856ef30da67545f446710f3db70f1585be1cf17fa02","CDPURS","SYSTEM.APPLE","49b1bbbd162e00df30a59b10aa591032e16b0fa5fec88512053827339b96383e","1e1f49d81a10939c89b0ceb20f4f619853c83c0c77c85774e991fd1119db6f69","c1b0cc8b089c6c2cba142d481bab2aa6e279acbc192bdd20fa807c7895e04eb1","f9baf6f8578625dd0b53281eeaf6f28c32b05237de7584673cb99e790ba384ac","/Users/chris/Repos/pdisasm/Tools/pascal-results/images/1a1179e7f91a2c58147ed856ef30da67545f446710f3db70f1585be1cf17fa02"
"unzip/educational/Grammar Gremlins 1987 (4am crack)/Grammar Gremlins 1987 (4am crack)/Grammar Gremlins 1987 (4am crack) side A.dsk","04db6d8dd6bbb36af30d344a09a047b8f0f00b34594d38ec86f22cbc5f59fe50","GREMLIN","SYSTEM.APPLE","67adc957afa1fc3cae9177ef42846ea1c31fd44f5a00e0694f63acafd248aed5","3189798e4f598903441f35941277fa9d412ea0cba298e662923f8e2e50003f29","4488373786f09b0806953e785275d932015b98a659ca5a3197284b8891b3b554","048c089e53438cc7066a73065409827ee44a382c798ce3718897716279cfc3dc","/Users/chris/Repos/pdisasm/Tools/pascal-results/images/04db6d8dd6bbb36af30d344a09a047b8f0f00b34594d38ec86f22cbc5f59fe50"
"unzip/educational/Roman Numerals Numbers from 1 to 100 (4am crack)/Roman Numerals Numbers from 1 to 100 (4am crack)/Roman Numerals Numbers from 1 to 100 (4am crack).dsk","7d2a64b94b13ad03060a5c5d7b418d322c7484a38c7e59c025e3e72018a8a577","4PV-01","SYSTEM.APPLE","2d9d547e62a2b566b2cb2a26f311b321ab1d95a06cf6aaa68d1e9930fdd6b40d","98eb236ebae21950de87485bd83256642a73bb0727aae60d2cbbaf97165c6e15","1f4ab0662f085269e76c315b2cd1ddea6fba56b84da34249f0eed97af3ffc7f6","048c089e53438cc7066a73065409827ee44a382c798ce3718897716279cfc3dc","/Users/chris/Repos/pdisasm/Tools/pascal-results/images/7d2a64b94b13ad03060a5c5d7b418d322c7484a38c7e59c025e3e72018a8a577"
"unzip/educational/Mindscape's Reading Workshop- Grade 5 (4am crack)/Mindscape's Reading Workshop- Grade 5 (4am crack)/Mindscape's Reading Workshop- Grade 5 (4am crack) disk 3A.dsk","c49823f470a13a7691b36d4b3709015ca5ccee9f7754164c8d5f0a6325397d71","TEXT","SYSTEM.APPLE","b0d6ae9829da793cf605ae4cfc09b229f8130cd46a53db451eed226d8a986873","1e1f49d81a10939c89b0ceb20f4f619853c83c0c77c85774e991fd1119db6f69","85a4cd902d1cb48ee224d4741cb67eaa1280971bde9150a1edb7797142db7e47","802a8c6c14f2461b8132dfbcda29cbdc91d8acde288b022797765a232e32555a","/Users/chris/Repos/pdisasm/Tools/pascal-results/images/c49823f470a13a7691b36d4b3709015ca5ccee9f7754164c8d5f0a6325397d71"
"unzip/educational/Mindscape's Reading Workshop- Grade 5 (4am crack)/Mindscape's Reading Workshop- Grade 5 (4am crack)/Mindscape's Reading Workshop- Grade 5 (4am crack) disk 2A.dsk","d1ae72bb77c71e5814e26d7a659bf09b26b55ba3929ff5b6a4cccc257907a3bf","TEXT","SYSTEM.APPLE","b0d6ae9829da793cf605ae4cfc09b229f8130cd46a53db451eed226d8a986873","1e1f49d81a10939c89b0ceb20f4f619853c83c0c77c85774e991fd1119db6f69","85a4cd902d1cb48ee224d4741cb67eaa1280971bde9150a1edb7797142db7e47","802a8c6c14f2461b8132dfbcda29cbdc91d8acde288b022797765a232e32555a","/Users/chris/Repos/pdisasm/Tools/pascal-results/images/d1ae72bb77c71e5814e26d7a659bf09b26b55ba3929ff5b6a4cccc257907a3bf"
"unzip/educational/Mindscape's Reading Workshop- Grade 5 (4am crack)/Mindscape's Reading Workshop- Grade 5 (4am crack)/Mindscape's Reading Workshop- Grade 5 (4am crack) disk 1A.dsk","de054e94bca899eb5332f820248f4698aec29d533f1cd76ef24c547b90561aca","TEXT","SYSTEM.APPLE","b0d6ae9829da793cf605ae4cfc09b229f8130cd46a53db451eed226d8a986873","1e1f49d81a10939c89b0ceb20f4f619853c83c0c77c85774e991fd1119db6f69","85a4cd902d1cb48ee224d4741cb67eaa1280971bde9150a1edb7797142db7e47","802a8c6c14f2461b8132dfbcda29cbdc91d8acde288b022797765a232e32555a","/Users/chris/Repos/pdisasm/Tools/pascal-results/images/de054e94bca899eb5332f820248f4698aec29d533f1cd76ef24c547b90561aca"
"unzip/educational/Mindscape's Reading Workshop- Grade 5 (4am crack)/Mindscape's Reading Workshop- Grade 5 (4am crack)/Mindscape's Reading Workshop- Grade 5 (4am crack) disk 4 - toolkit.dsk","3bf5e593920c918984c531b40f206ee880868c8e834abed4b2de47901c4f0c29","TOOLKIT","SYSTEM.APPLE","7f4b73233346ce1c7030c6ca14f2a2366a49256baa4301c280d59df8d9791efe","ef890517c1eb403c6029ac1063aac4c197ca4617995f7eaa964f8bcc9e688844","d46a993e4deb6f12c8ddece9b864f988eb0b5c2518e867dc13546cf578f36793","802a8c6c14f2461b8132dfbcda29cbdc91d8acde288b022797765a232e32555a","/Users/chris/Repos/pdisasm/Tools/pascal-results/images/3bf5e593920c918984c531b40f206ee880868c8e834abed4b2de47901c4f0c29"
"unzip/educational/The Isle of Mem (4am crack)/The Isle of Mem (4am crack)/The Isle of Mem (4am crack) side A.dsk","b5ed4f1957944c3b056be9d44d0dca1875af170d19a7dd337f9e6d77d9e7e7e5","DEMO","SYSTEM.APPLE","49b1bbbd162e00df30a59b10aa591032e16b0fa5fec88512053827339b96383e","1e1f49d81a10939c89b0ceb20f4f619853c83c0c77c85774e991fd1119db6f69","b09e2098fe41b79e8a353426be916816154cbd3eb5cd3d64b4454dd799de3b69","851b3847a2396576a5fb0413a3c7bd8b5b2651ae71542975a3d01fc7e7f687eb","/Users/chris/Repos/pdisasm/Tools/pascal-results/images/b5ed4f1957944c3b056be9d44d0dca1875af170d19a7dd337f9e6d77d9e7e7e5"
"unzip/educational/The Isle of Mem (4am crack)/The Isle of Mem (4am crack)/The Isle of Mem (4am crack) side B.dsk","a64ca03a5deb3153616c4bdd67ba4cb228ebe2debf507426368bf2a831010975","SIDE2","SYSTEM.APPLE","49b1bbbd162e00df30a59b10aa591032e16b0fa5fec88512053827339b96383e","1e1f49d81a10939c89b0ceb20f4f619853c83c0c77c85774e991fd1119db6f69","a7a5d6d09cb95b9802a1895eea8186addd1d7509acd49e5228ead28d748dff8c","71a96ef2629210002ac95235d6bdd8eedce6e4f5c6fb006dad68555a1d4bca96","/Users/chris/Repos/pdisasm/Tools/pascal-results/images/a64ca03a5deb3153616c4bdd67ba4cb228ebe2debf507426368bf2a831010975"
"unzip/educational/Multiplication One-Digit x Three-Digit One Renaming (4am crack)/Multiplication One-Digit x Three-Digit One Renaming (4am crack)/Multiplication One-Digit x Three-Digit One Renaming (4am crack).dsk","d82b27f881154dc9e7d976eed6fdf6a93f1930864fc19335cebbfd884b78981e","SYSMAS","SYSTEM.APPLE","2d9d547e62a2b566b2cb2a26f311b321ab1d95a06cf6aaa68d1e9930fdd6b40d","98eb236ebae21950de87485bd83256642a73bb0727aae60d2cbbaf97165c6e15","1f4ab0662f085269e76c315b2cd1ddea6fba56b84da34249f0eed97af3ffc7f6","048c089e53438cc7066a73065409827ee44a382c798ce3718897716279cfc3dc","/Users/chris/Repos/pdisasm/Tools/pascal-results/images/d82b27f881154dc9e7d976eed6fdf6a93f1930864fc19335cebbfd884b78981e"
"unzip/educational/Fractions- Addition (4am crack)/Fractions- Addition (4am crack)/Fractions- Addition (4am crack).dsk","b10670ba890c9ca243b1b699d0e12498cdccd451a1593ce5a225f819b7935d48","NEW","SYSTEM.APPLE","67adc957afa1fc3cae9177ef42846ea1c31fd44f5a00e0694f63acafd248aed5","3189798e4f598903441f35941277fa9d412ea0cba298e662923f8e2e50003f29","2ce512f5b8bb7e204adbb2d0f51d5339117aa0ab404ec0d16377b312720caffe","190f9410ae628d485d58a0b0ae1cc761c88233d916afdc9abb54443a80891003","/Users/chris/Repos/pdisasm/Tools/pascal-results/images/b10670ba890c9ca243b1b699d0e12498cdccd451a1593ce5a225f819b7935d48"
"unzip/educational/Koala Grams Spelling I (4am crack)/Koala Grams Spelling I (4am crack)/Koala Grams Spelling I (4am crack).dsk","2ec0fa48ba119fe0ca91f713bf19e7f5c93014ce14f43f01c90766ff58a745a0","KOALA","RTSTRP.APPLE","93629b22a4916e1f8affaa738a0637665191940152928b5c7d876ff9d800a113","aaa96b0c5648f67d1217e6cbbba76e5447531a0cfed515a49adcc6148e7b6220","befe126440ded7bebb4165ee3aeb8ba862373b62a6065d595562e71b4bc6a512","f9414a1892664e4affd035a3b3415365b74f6a69c997dd71bb29e084fb8cf0d1","/Users/chris/Repos/pdisasm/Tools/pascal-results/images/2ec0fa48ba119fe0ca91f713bf19e7f5c93014ce14f43f01c90766ff58a745a0"
"unzip/educational/Solar Reading Flight 1 - Uranus (4am crack)/Solar Reading Flight 1 - Uranus (4am crack)/Solar Reading Flight 1 - Uranus (4am crack).dsk","173ab19f20b8910d96b8016920aa33df9d5e1b437d51d01b033d145f7439f039","URANUS","SYSTEM.APPLE","49b1bbbd162e00df30a59b10aa591032e16b0fa5fec88512053827339b96383e","1e1f49d81a10939c89b0ceb20f4f619853c83c0c77c85774e991fd1119db6f69","ae0860e842cb476d91b6fb501ab271c6e733644264253c7a471399ddd037ba89","190f9410ae628d485d58a0b0ae1cc761c88233d916afdc9abb54443a80891003","/Users/chris/Repos/pdisasm/Tools/pascal-results/images/173ab19f20b8910d96b8016920aa33df9d5e1b437d51d01b033d145f7439f039"
"unzip/educational/Simplest Form of a Fraction (4am crack)/Simplest Form of a Fraction (4am crack)/Simplest Form of a Fraction (4am crack).dsk","7719d49b1bb9db7be8559a3e179362076c99c60970848a0a067b7faed7df3d74","SYSMAS","SYSTEM.APPLE","2d9d547e62a2b566b2cb2a26f311b321ab1d95a06cf6aaa68d1e9930fdd6b40d","98eb236ebae21950de87485bd83256642a73bb0727aae60d2cbbaf97165c6e15","1f4ab0662f085269e76c315b2cd1ddea6fba56b84da34249f0eed97af3ffc7f6","048c089e53438cc7066a73065409827ee44a382c798ce3718897716279cfc3dc","/Users/chris/Repos/pdisasm/Tools/pascal-results/images/7719d49b1bb9db7be8559a3e179362076c99c60970848a0a067b7faed7df3d74"
"unzip/educational/Solar Reading Flight 1 - Blast Off (4am crack)/Solar Reading Flight 1 - Blast Off (4am crack)/Solar Reading Flight 1 - Blast Off (4am crack).dsk","cf2d82437c04104ead3980979a1a055a74bbce5113bb89a108db7d97a7ce0852","GAME","SYSTEM.APPLE","49b1bbbd162e00df30a59b10aa591032e16b0fa5fec88512053827339b96383e","1e1f49d81a10939c89b0ceb20f4f619853c83c0c77c85774e991fd1119db6f69","ae0860e842cb476d91b6fb501ab271c6e733644264253c7a471399ddd037ba89","190f9410ae628d485d58a0b0ae1cc761c88233d916afdc9abb54443a80891003","/Users/chris/Repos/pdisasm/Tools/pascal-results/images/cf2d82437c04104ead3980979a1a055a74bbce5113bb89a108db7d97a7ce0852"
"unzip/educational/Multiplication One-Digit x Two-Digit with Renaming (4am crack)/Multiplication One-Digit x Two-Digit with Renaming (4am crack)/Multiplication One-Digit x Two-Digit with Renaming (4am crack).dsk","40eec9ee3c30b98851a71e6d35d4ceedef5a703fb4b428a34cbf653908881791","SYSMAS","SYSTEM.APPLE","2d9d547e62a2b566b2cb2a26f311b321ab1d95a06cf6aaa68d1e9930fdd6b40d","98eb236ebae21950de87485bd83256642a73bb0727aae60d2cbbaf97165c6e15","1f4ab0662f085269e76c315b2cd1ddea6fba56b84da34249f0eed97af3ffc7f6","048c089e53438cc7066a73065409827ee44a382c798ce3718897716279cfc3dc","/Users/chris/Repos/pdisasm/Tools/pascal-results/images/40eec9ee3c30b98851a71e6d35d4ceedef5a703fb4b428a34cbf653908881791"
"unzip/educational/Fractional Parts of a Region (4am crack)/Fractional Parts of a Region (4am crack)/Fractional Parts of a Region (4am crack).dsk","820be8518673f4ce19c56917a151ab3c8df033e89916dab6e5212452bfdb4061","IM3-14","SYSTEM.APPLE","2d9d547e62a2b566b2cb2a26f311b321ab1d95a06cf6aaa68d1e9930fdd6b40d","98eb236ebae21950de87485bd83256642a73bb0727aae60d2cbbaf97165c6e15","1f4ab0662f085269e76c315b2cd1ddea6fba56b84da34249f0eed97af3ffc7f6","048c089e53438cc7066a73065409827ee44a382c798ce3718897716279cfc3dc","/Users/chris/Repos/pdisasm/Tools/pascal-results/images/820be8518673f4ce19c56917a151ab3c8df033e89916dab6e5212452bfdb4061"
"unzip/educational/Subtraction of Fractions - Common Denominators (4am crack)/Subtraction of Fractions - Common Denominators (4am crack)/Subtraction of Fractions - Common Denominators (4am crack).dsk","86ad533d53216a3514d50f9559806a3f81db0591cadc49ba36d61b69fef2b0ed","SYSMAS","SYSTEM.APPLE","2d9d547e62a2b566b2cb2a26f311b321ab1d95a06cf6aaa68d1e9930fdd6b40d","98eb236ebae21950de87485bd83256642a73bb0727aae60d2cbbaf97165c6e15","1f4ab0662f085269e76c315b2cd1ddea6fba56b84da34249f0eed97af3ffc7f6","048c089e53438cc7066a73065409827ee44a382c798ce3718897716279cfc3dc","/Users/chris/Repos/pdisasm/Tools/pascal-results/images/86ad533d53216a3514d50f9559806a3f81db0591cadc49ba36d61b69fef2b0ed"
"unzip/educational/Mixed Number Concepts (4am crack)/Mixed Number Concepts (4am crack)/Mixed Number Concepts (4am crack) side B - tests.dsk","02f9ab16b2c12a73f60ccf4026e8cdeb7f01522643770c2aa9138701b9c39191","BFRAC","SYSTEM.APPLE","2443c23e7538ebfc0227525e4a80878dfae0b96a8a445cb1c4b4332f433a8ae6","ef890517c1eb403c6029ac1063aac4c197ca4617995f7eaa964f8bcc9e688844","e5d5b7efb9517fabd9ceda1a80e244f0cbe59dc1b3421364367dc270f0d7f926","190f9410ae628d485d58a0b0ae1cc761c88233d916afdc9abb54443a80891003","/Users/chris/Repos/pdisasm/Tools/pascal-results/images/02f9ab16b2c12a73f60ccf4026e8cdeb7f01522643770c2aa9138701b9c39191"
"unzip/educational/Mixed Number Concepts (4am crack)/Mixed Number Concepts (4am crack)/Mixed Number Concepts (4am crack) side A - lessons.dsk","1e08098932ee5f4c5b07b908e5ffed0960476ffd1e1a52e8b24ee3ac2d9ab75f","BFRAC","SYSTEM.APPLE","2443c23e7538ebfc0227525e4a80878dfae0b96a8a445cb1c4b4332f433a8ae6","ef890517c1eb403c6029ac1063aac4c197ca4617995f7eaa964f8bcc9e688844","a086f8ec93ba0ace22eec8f255da81d2c365788e3e7c24498f64d65b61b99fd4","190f9410ae628d485d58a0b0ae1cc761c88233d916afdc9abb54443a80891003","/Users/chris/Repos/pdisasm/Tools/pascal-results/images/1e08098932ee5f4c5b07b908e5ffed0960476ffd1e1a52e8b24ee3ac2d9ab75f"
"unzip/educational/Parallel and Perpendicular Lines (4am crack)/Parallel and Perpendicular Lines (4am crack)/Parallel and Perpendicular Lines (4am crack).dsk","121ce47f985ba865d0eb5c3e99cff1749587f0f00a8496f9d398dc3c87017369","4GC-01","SYSTEM.APPLE","2d9d547e62a2b566b2cb2a26f311b321ab1d95a06cf6aaa68d1e9930fdd6b40d","98eb236ebae21950de87485bd83256642a73bb0727aae60d2cbbaf97165c6e15","1f4ab0662f085269e76c315b2cd1ddea6fba56b84da34249f0eed97af3ffc7f6","048c089e53438cc7066a73065409827ee44a382c798ce3718897716279cfc3dc","/Users/chris/Repos/pdisasm/Tools/pascal-results/images/121ce47f985ba865d0eb5c3e99cff1749587f0f00a8496f9d398dc3c87017369"
"unzip/educational/Multiplication Advanced Level (4am crack)/Multiplication Advanced Level (4am crack)/Multiplication Advanced Level (4am crack) side A.dsk","c80e52980bf7d1143ad4035efac64014351c72013270ea36636729fe0e9014aa","MULAL","SYSTEM.APPLE","2443c23e7538ebfc0227525e4a80878dfae0b96a8a445cb1c4b4332f433a8ae6","ef890517c1eb403c6029ac1063aac4c197ca4617995f7eaa964f8bcc9e688844","738791a276ddd03cd891115ce886debdf426278aed293f0edf2ec14641192707","190f9410ae628d485d58a0b0ae1cc761c88233d916afdc9abb54443a80891003","/Users/chris/Repos/pdisasm/Tools/pascal-results/images/c80e52980bf7d1143ad4035efac64014351c72013270ea36636729fe0e9014aa"
"unzip/educational/Multiplication Advanced Level (4am crack)/Multiplication Advanced Level (4am crack)/Multiplication Advanced Level (4am crack) side B.dsk","d1b38497550fe37ff83d98a86d9e9b70217dabfcd4d34ce093acf0cb0637f3ef","MULAL","SYSTEM.APPLE","2443c23e7538ebfc0227525e4a80878dfae0b96a8a445cb1c4b4332f433a8ae6","ef890517c1eb403c6029ac1063aac4c197ca4617995f7eaa964f8bcc9e688844","a0cdaa766a3b1e79cc31e43e034d45b0b41cf9a9cafc065e68b760305b6c49d7","190f9410ae628d485d58a0b0ae1cc761c88233d916afdc9abb54443a80891003","/Users/chris/Repos/pdisasm/Tools/pascal-results/images/d1b38497550fe37ff83d98a86d9e9b70217dabfcd4d34ce093acf0cb0637f3ef"
"unzip/educational/Division One Digit Divisor No Renaming (4am crack)/Division One Digit Divisor No Renaming (4am crack)/Division One Digit Divisor No Renaming (4am crack).dsk","c6b81cd2568e62ef4a1e74db9e42f7bf4517bc2991f351c4f5e4b51418e2f2b4","IM3-12","SYSTEM.APPLE","2d9d547e62a2b566b2cb2a26f311b321ab1d95a06cf6aaa68d1e9930fdd6b40d","98eb236ebae21950de87485bd83256642a73bb0727aae60d2cbbaf97165c6e15","1f4ab0662f085269e76c315b2cd1ddea6fba56b84da34249f0eed97af3ffc7f6","048c089e53438cc7066a73065409827ee44a382c798ce3718897716279cfc3dc","/Users/chris/Repos/pdisasm/Tools/pascal-results/images/c6b81cd2568e62ef4a1e74db9e42f7bf4517bc2991f351c4f5e4b51418e2f2b4"
"unzip/educational/Don't Quote Me and Adjective Scramble (4am crack)/Don't Quote Me and Adjective Scramble (4am crack)/Don't Quote Me and Adjective Scramble (4am crack).dsk","b3c935718b4f6205301ba0edb27335eb66bb0ef10c02a87fbbd32a450bdb135f","DISKC1","SYSTEM.APPLE","49b1bbbd162e00df30a59b10aa591032e16b0fa5fec88512053827339b96383e","1e1f49d81a10939c89b0ceb20f4f619853c83c0c77c85774e991fd1119db6f69","ee26ba83eddf81c5c69c8f18d72f42dfa1b6e9f6450195836aac127ca6a98a2b","190f9410ae628d485d58a0b0ae1cc761c88233d916afdc9abb54443a80891003","/Users/chris/Repos/pdisasm/Tools/pascal-results/images/b3c935718b4f6205301ba0edb27335eb66bb0ef10c02a87fbbd32a450bdb135f"
"unzip/educational/KeyMath_Assist/Key Math Assist/KeyMath Assist v1_1.po","44abce4ba6547648e764e1838a99da0d0da3dfe4424973d9101e0657812f8d34","KM","SYSTEM.APPLE","2d9d547e62a2b566b2cb2a26f311b321ab1d95a06cf6aaa68d1e9930fdd6b40d","98eb236ebae21950de87485bd83256642a73bb0727aae60d2cbbaf97165c6e15","fe202648655743f2a1d41fc1e837ef4d5f458f157bb2387d69ede588090b9962","c7970cfa1e71fac107bc52d78765188371e30c0b3d66339000f73c5b72538763","/Users/chris/Repos/pdisasm/Tools/pascal-results/images/44abce4ba6547648e764e1838a99da0d0da3dfe4424973d9101e0657812f8d34"
"unzip/educational/Encyclopedia Trivia (4am crack)/Encyclopedia Trivia (4am crack)/Encyclopedia Trivia (4am crack).dsk","f785f4a15f7632b2e7058723a1db7e5a92b8e4dc945a8f452ed0ddbd505ee11f","DISKB2","SYSTEM.APPLE","49b1bbbd162e00df30a59b10aa591032e16b0fa5fec88512053827339b96383e","1e1f49d81a10939c89b0ceb20f4f619853c83c0c77c85774e991fd1119db6f69","ee26ba83eddf81c5c69c8f18d72f42dfa1b6e9f6450195836aac127ca6a98a2b","190f9410ae628d485d58a0b0ae1cc761c88233d916afdc9abb54443a80891003","/Users/chris/Repos/pdisasm/Tools/pascal-results/images/f785f4a15f7632b2e7058723a1db7e5a92b8e4dc945a8f452ed0ddbd505ee11f"
"unzip/educational/Fractions- Basic Skills (4am crack)/Fractions- Basic Skills (4am crack)/Fractions- Basic Skills (4am crack).dsk","5af16a115eba1f4ed6dc00a67b2fb1d7592dba48416f4c440a4261bddfeb27d1","FB","SYSTEM.APPLE","67adc957afa1fc3cae9177ef42846ea1c31fd44f5a00e0694f63acafd248aed5","3189798e4f598903441f35941277fa9d412ea0cba298e662923f8e2e50003f29","055c258dc906ad9e3034bc86ff4c2d35ffc6b76c12b7ede91ef155bc35e91a7c","048c089e53438cc7066a73065409827ee44a382c798ce3718897716279cfc3dc","/Users/chris/Repos/pdisasm/Tools/pascal-results/images/5af16a115eba1f4ed6dc00a67b2fb1d7592dba48416f4c440a4261bddfeb27d1"
"unzip/educational/Time Measurement AM PM (4am crack)/Time Measurement AM PM (4am crack)/Time Measurement AM PM (4am crack).dsk","01762e6a9966b6f61b1a9d5598f5c36992952fa3162de19d3d689494b5547869","IM3-02","SYSTEM.APPLE","2d9d547e62a2b566b2cb2a26f311b321ab1d95a06cf6aaa68d1e9930fdd6b40d","98eb236ebae21950de87485bd83256642a73bb0727aae60d2cbbaf97165c6e15","1f4ab0662f085269e76c315b2cd1ddea6fba56b84da34249f0eed97af3ffc7f6","048c089e53438cc7066a73065409827ee44a382c798ce3718897716279cfc3dc","/Users/chris/Repos/pdisasm/Tools/pascal-results/images/01762e6a9966b6f61b1a9d5598f5c36992952fa3162de19d3d689494b5547869"
"unzip/educational/Fraction Equivalence Partially Shaded Regions (4am crack)/Fraction Equivalence Partially Shaded Regions (4am crack)/Fraction Equivalence Partially Shaded Regions (4am crack).dsk","1d187f59060033317234cc8ced3942e20fd05bfc479b91c398355c8e74ead873","SYSMAS","SYSTEM.APPLE","2d9d547e62a2b566b2cb2a26f311b321ab1d95a06cf6aaa68d1e9930fdd6b40d","98eb236ebae21950de87485bd83256642a73bb0727aae60d2cbbaf97165c6e15","1f4ab0662f085269e76c315b2cd1ddea6fba56b84da34249f0eed97af3ffc7f6","048c089e53438cc7066a73065409827ee44a382c798ce3718897716279cfc3dc","/Users/chris/Repos/pdisasm/Tools/pascal-results/images/1d187f59060033317234cc8ced3942e20fd05bfc479b91c398355c8e74ead873"
"unzip/educational/Solar Reading Flight 1 - Neptune (4am crack)/Solar Reading Flight 1 - Neptune (4am crack)/Solar Reading Flight 1 - Neptune (4am crack).dsk","9fa6633e982278c697e8efab87233d7bb9f4c629f6bb8fff57958031a2208cfd","NEPTUNE","SYSTEM.APPLE","49b1bbbd162e00df30a59b10aa591032e16b0fa5fec88512053827339b96383e","1e1f49d81a10939c89b0ceb20f4f619853c83c0c77c85774e991fd1119db6f69","ae0860e842cb476d91b6fb501ab271c6e733644264253c7a471399ddd037ba89","190f9410ae628d485d58a0b0ae1cc761c88233d916afdc9abb54443a80891003","/Users/chris/Repos/pdisasm/Tools/pascal-results/images/9fa6633e982278c697e8efab87233d7bb9f4c629f6bb8fff57958031a2208cfd"
"unzip/educational/Improper Fractions (4am crack)/Improper Fractions (4am crack)/Improper Fractions (4am crack).dsk","eb5303e328d6b0a3c5b05762f3eb999e6c4c4526bc739294015b25e23463437a","4FR-01","SYSTEM.APPLE","2d9d547e62a2b566b2cb2a26f311b321ab1d95a06cf6aaa68d1e9930fdd6b40d","98eb236ebae21950de87485bd83256642a73bb0727aae60d2cbbaf97165c6e15","1f4ab0662f085269e76c315b2cd1ddea6fba56b84da34249f0eed97af3ffc7f6","048c089e53438cc7066a73065409827ee44a382c798ce3718897716279cfc3dc","/Users/chris/Repos/pdisasm/Tools/pascal-results/images/eb5303e328d6b0a3c5b05762f3eb999e6c4c4526bc739294015b25e23463437a"
"unzip/educational/Round Two-Digit and Three-Digit Numbers (4am crack)/Round Two-Digit and Three-Digit Numbers (4am crack)/Round Two-Digit and Three-Digit Numbers (4am crack).dsk","c7c2bb801d7d1725406f97c34b594eeb755fd02fbe12df7213f2daf99ff41f82","IM3-01","SYSTEM.APPLE","2d9d547e62a2b566b2cb2a26f311b321ab1d95a06cf6aaa68d1e9930fdd6b40d","98eb236ebae21950de87485bd83256642a73bb0727aae60d2cbbaf97165c6e15","1f4ab0662f085269e76c315b2cd1ddea6fba56b84da34249f0eed97af3ffc7f6","048c089e53438cc7066a73065409827ee44a382c798ce3718897716279cfc3dc","/Users/chris/Repos/pdisasm/Tools/pascal-results/images/c7c2bb801d7d1725406f97c34b594eeb755fd02fbe12df7213f2daf99ff41f82"
"unzip/educational/Multiplication One-Digit x Multi-Digit Two Renamings (4am crack)/Multiplication One-Digit x Multi-Digit Two Renamings (4am crack)/Multiplication One-Digit x Multi-Digit Two Renamings (4am crack).dsk","a78d71b4d8216d328634548cafd6d049a57c7e9523dcfe7ac293e83d36690e26","SYSMAS","SYSTEM.APPLE","2d9d547e62a2b566b2cb2a26f311b321ab1d95a06cf6aaa68d1e9930fdd6b40d","98eb236ebae21950de87485bd83256642a73bb0727aae60d2cbbaf97165c6e15","1f4ab0662f085269e76c315b2cd1ddea6fba56b84da34249f0eed97af3ffc7f6","048c089e53438cc7066a73065409827ee44a382c798ce3718897716279cfc3dc","/Users/chris/Repos/pdisasm/Tools/pascal-results/images/a78d71b4d8216d328634548cafd6d049a57c7e9523dcfe7ac293e83d36690e26"
"unzip/educational/Reading Workshop - Running Free (4am crack)/Reading Workshop - Running Free (4am crack)/Reading Workshop - Running Free (4am crack) disk D-1.dsk","1afe28ba1ec564e2a8132686ef47e5f8d6f09c2d0a37d5ec0e817636a8e6b110","TEXT","SYSTEM.APPLE","b0d6ae9829da793cf605ae4cfc09b229f8130cd46a53db451eed226d8a986873","1e1f49d81a10939c89b0ceb20f4f619853c83c0c77c85774e991fd1119db6f69","85a4cd902d1cb48ee224d4741cb67eaa1280971bde9150a1edb7797142db7e47","802a8c6c14f2461b8132dfbcda29cbdc91d8acde288b022797765a232e32555a","/Users/chris/Repos/pdisasm/Tools/pascal-results/images/1afe28ba1ec564e2a8132686ef47e5f8d6f09c2d0a37d5ec0e817636a8e6b110"
"unzip/educational/Reading Workshop - Running Free (4am crack)/Reading Workshop - Running Free (4am crack)/Reading Workshop - Running Free (4am crack) disk B-1.dsk","a649e43affb8d774d43240a4b7e0d50174893bdf26de11ac95b099037a29a173","TEXT","SYSTEM.APPLE","b0d6ae9829da793cf605ae4cfc09b229f8130cd46a53db451eed226d8a986873","1e1f49d81a10939c89b0ceb20f4f619853c83c0c77c85774e991fd1119db6f69","85a4cd902d1cb48ee224d4741cb67eaa1280971bde9150a1edb7797142db7e47","802a8c6c14f2461b8132dfbcda29cbdc91d8acde288b022797765a232e32555a","/Users/chris/Repos/pdisasm/Tools/pascal-results/images/a649e43affb8d774d43240a4b7e0d50174893bdf26de11ac95b099037a29a173"
"unzip/educational/Reading Workshop - Running Free (4am crack)/Reading Workshop - Running Free (4am crack)/Reading Workshop - Running Free (4am crack) disk C-1.dsk","32a681bb26f1bf38e5a324c92d3bd9c4965e90fa27f353ff991276bdb62e7c14","TEXT","SYSTEM.APPLE","b0d6ae9829da793cf605ae4cfc09b229f8130cd46a53db451eed226d8a986873","1e1f49d81a10939c89b0ceb20f4f619853c83c0c77c85774e991fd1119db6f69","85a4cd902d1cb48ee224d4741cb67eaa1280971bde9150a1edb7797142db7e47","802a8c6c14f2461b8132dfbcda29cbdc91d8acde288b022797765a232e32555a","/Users/chris/Repos/pdisasm/Tools/pascal-results/images/32a681bb26f1bf38e5a324c92d3bd9c4965e90fa27f353ff991276bdb62e7c14"
"unzip/educational/Reading Workshop - Running Free (4am crack)/Reading Workshop - Running Free (4am crack)/Reading Workshop - Running Free (4am crack) disk A-1.dsk","41926cc18b90a2f1838bbc53e8ae6d728c8cfa76121d2740c29e4e2b95d6deb0","TEXT","SYSTEM.APPLE","b0d6ae9829da793cf605ae4cfc09b229f8130cd46a53db451eed226d8a986873","1e1f49d81a10939c89b0ceb20f4f619853c83c0c77c85774e991fd1119db6f69","85a4cd902d1cb48ee224d4741cb67eaa1280971bde9150a1edb7797142db7e47","802a8c6c14f2461b8132dfbcda29cbdc91d8acde288b022797765a232e32555a","/Users/chris/Repos/pdisasm/Tools/pascal-results/images/41926cc18b90a2f1838bbc53e8ae6d728c8cfa76121d2740c29e4e2b95d6deb0"
"unzip/educational/Basic Division Facts - Dividends to 81 - Factors to 9 (4am crack)/Basic Division Facts - Dividends to 81 - Factors to 9 (4am crack)/Basic Division Facts - Dividends to 81 - Factors to 9 (4am crack).dsk","cb8a1b7ffa9fd92b00dd0ebde58620737781d1c10cd41d03ad1c19b06ea2e877","IM3-09","SYSTEM.APPLE","2d9d547e62a2b566b2cb2a26f311b321ab1d95a06cf6aaa68d1e9930fdd6b40d","98eb236ebae21950de87485bd83256642a73bb0727aae60d2cbbaf97165c6e15","1f4ab0662f085269e76c315b2cd1ddea6fba56b84da34249f0eed97af3ffc7f6","048c089e53438cc7066a73065409827ee44a382c798ce3718897716279cfc3dc","/Users/chris/Repos/pdisasm/Tools/pascal-results/images/cb8a1b7ffa9fd92b00dd0ebde58620737781d1c10cd41d03ad1c19b06ea2e877"
"unzip/educational/Addition Multiple Renamings (4am crack)/Addition Multiple Renamings (4am crack)/Addition Multiple Renamings (4am crack).dsk","a5f2b8b1a048203bfd7e4cd39305b02a5fddf3f4f7b7fd23710302001f3ff5dd","SYSMAS","SYSTEM.APPLE","2d9d547e62a2b566b2cb2a26f311b321ab1d95a06cf6aaa68d1e9930fdd6b40d","98eb236ebae21950de87485bd83256642a73bb0727aae60d2cbbaf97165c6e15","1f4ab0662f085269e76c315b2cd1ddea6fba56b84da34249f0eed97af3ffc7f6","048c089e53438cc7066a73065409827ee44a382c798ce3718897716279cfc3dc","/Users/chris/Repos/pdisasm/Tools/pascal-results/images/a5f2b8b1a048203bfd7e4cd39305b02a5fddf3f4f7b7fd23710302001f3ff5dd"
"unzip/programming/pascal/ucsd/UCSD 1.2 utilities/UCSD/startup.dsk","e041fbf1682e615d2fb48dd50c102220e21b254750d24e093c424b31473e3b8e","STARTUP","SYSTEM.APPLE","6ebeb90720fa23f20f23009bc011194f5e1612ee52783b75ce87647b390b0bad","c5b5133699d622de967e40d8ee8f01c14e4a657b524064593e738f4c6d21e6b0","46a25a169705dc0a50214dc535420d1c83ae6f578109342a005e8f775d1eb5fe","190f9410ae628d485d58a0b0ae1cc761c88233d916afdc9abb54443a80891003","/Users/chris/Repos/pdisasm/Tools/pascal-results/images/e041fbf1682e615d2fb48dd50c102220e21b254750d24e093c424b31473e3b8e"
"unzip/programming/pascal/ucsd/UCSD 1.2 utilities/UCSD/phade.filer.dsk","e5626f8d2244a9b1e3bcba3e2700438659246f77dd7d50e30898c13167e29bf1","FILER","SYSTEM.APPLE","6ebeb90720fa23f20f23009bc011194f5e1612ee52783b75ce87647b390b0bad","c5b5133699d622de967e40d8ee8f01c14e4a657b524064593e738f4c6d21e6b0","46a25a169705dc0a50214dc535420d1c83ae6f578109342a005e8f775d1eb5fe","190f9410ae628d485d58a0b0ae1cc761c88233d916afdc9abb54443a80891003","/Users/chris/Repos/pdisasm/Tools/pascal-results/images/e5626f8d2244a9b1e3bcba3e2700438659246f77dd7d50e30898c13167e29bf1"
"unzip/programming/pascal/ucsd/UCSD 1.2 utilities/UCSD/phade.paint.dsk","31ebc32d0753a015c69295e67fb3a4137968f1ddae531510fa5f2ac173cf3ffd","PAINT","SYSTEM.APPLE","6ebeb90720fa23f20f23009bc011194f5e1612ee52783b75ce87647b390b0bad","c5b5133699d622de967e40d8ee8f01c14e4a657b524064593e738f4c6d21e6b0","46a25a169705dc0a50214dc535420d1c83ae6f578109342a005e8f775d1eb5fe","190f9410ae628d485d58a0b0ae1cc761c88233d916afdc9abb54443a80891003","/Users/chris/Repos/pdisasm/Tools/pascal-results/images/31ebc32d0753a015c69295e67fb3a4137968f1ddae531510fa5f2ac173cf3ffd"
"unzip/pd_collections/misc/2014.glitch.apple.collection/indexed/WIZBOOT.DSK","7f434882a11618432ecc1faed2236ee1cf4b8b4848646072b997c458042df007","WIZB0","RTSTRP.APPLE","93629b22a4916e1f8affaa738a0637665191940152928b5c7d876ff9d800a113","aaa96b0c5648f67d1217e6cbbba76e5447531a0cfed515a49adcc6148e7b6220","00aac73bdb87d47fcd83483ef29c6b36d75397d56cd721edbad885473e29d20c","6f95245e71173839bf5f064e06c4f78de1728c77bc9a4f04be58a1a1b44dc943","/Users/chris/Repos/pdisasm/Tools/pascal-results/images/7f434882a11618432ecc1faed2236ee1cf4b8b4848646072b997c458042df007"
"unzip/pd_collections/misc/2014.glitch.apple.collection/indexed/KODBOOT.DSK","b3f7589e8ad66dadf1ddeb5e8fa076e58e1a6a0db43fcd3bf1bb1fc959ed20b9","KODBV2","RTSTRP.APPLE","fb909d174d2c1951a3796b4692446d9aa812ad555146874c57a6bef6719d08bd","aaa96b0c5648f67d1217e6cbbba76e5447531a0cfed515a49adcc6148e7b6220","00aac73bdb87d47fcd83483ef29c6b36d75397d56cd721edbad885473e29d20c","6f95245e71173839bf5f064e06c4f78de1728c77bc9a4f04be58a1a1b44dc943","/Users/chris/Repos/pdisasm/Tools/pascal-results/images/b3f7589e8ad66dadf1ddeb5e8fa076e58e1a6a0db43fcd3bf1bb1fc959ed20b9"
"unzip/pd_collections/misc/2014.glitch.apple.collection/indexed/LEGBOOT.DSK","0a542052b5d24650b29b00db3f89057496482aeeb98cb57f1bcb2eed237e0e1b","KODBV2","RTSTRP.APPLE","fb909d174d2c1951a3796b4692446d9aa812ad555146874c57a6bef6719d08bd","aaa96b0c5648f67d1217e6cbbba76e5447531a0cfed515a49adcc6148e7b6220","c4e561fddb5d40c716ddcfff4f6c49c476d106cd0860b27e153960155baaec14","6f95245e71173839bf5f064e06c4f78de1728c77bc9a4f04be58a1a1b44dc943","/Users/chris/Repos/pdisasm/Tools/pascal-results/images/0a542052b5d24650b29b00db3f89057496482aeeb98cb57f1bcb2eed237e0e1b"
"unzip/pd_collections/misc/2014.glitch.apple.collection/indexed/FORTRAN2.DSK","b9c94f087ae3cbe4a68dbc5143c40eb97d402b0ccbcf7f1b5be7f78da728e7c0","FORT2","SYSTEM.APPLE","2443c23e7538ebfc0227525e4a80878dfae0b96a8a445cb1c4b4332f433a8ae6","ef890517c1eb403c6029ac1063aac4c197ca4617995f7eaa964f8bcc9e688844","3bf037a07e48f235f0de79b54342052e0f393545dfc8518ab748a3dc065d99f3","190f9410ae628d485d58a0b0ae1cc761c88233d916afdc9abb54443a80891003","/Users/chris/Repos/pdisasm/Tools/pascal-results/images/b9c94f087ae3cbe4a68dbc5143c40eb97d402b0ccbcf7f1b5be7f78da728e7c0"
"unzip/pd_collections/tosec/Apple_2_TOSEC_2012_04_23/Apple 2 [TOSEC v2012-04-23]/Apple II - Magazines - [DSK] (TOSEC-v2010-01-16_CM)/Peeker Nr. 20 (1986)(Dr. Alfred Huethig Verlag)(DE)[PASCAL].zip!Peeker Nr. 20 (1986)(Dr. Alfred Huethig Verlag)(DE)[PASCAL].dsk","eb774b1b85622d87bc61ba593c4ea5bc8a4d9b0c1418ecd4c82a60b5e566db01","PICEDIT","SYSTEM.APPLE","4fe7b59af6de3b665b67788cc2f99892ab827efae3a467342b3bb4e3bc8e5bfe","46e2096b907947368d310929303a04005b39c4a278e3a7de2225c355b4522694","e33a428a9925dbc4c1931c7eb0a1ec975537f9a211f38fca066a916fd9fea52a","190f9410ae628d485d58a0b0ae1cc761c88233d916afdc9abb54443a80891003","/Users/chris/Repos/pdisasm/Tools/pascal-results/images/eb774b1b85622d87bc61ba593c4ea5bc8a4d9b0c1418ecd4c82a60b5e566db01"
"unzip/pd_collections/tosec/Apple_2_TOSEC_2012_04_23/Apple 2 [TOSEC v2012-04-23]/Apple II - Applications - [DSK] (TOSEC-v2010-01-16_CM)/Apple II Pascal v1.3 (198x)(Apple)(Disk 1 of 2)[PASCAL].zip!Apple II Pascal v1.3 (198x)(Apple)(Disk 1 of 2)[PASCAL].dsk","fefab34116a47942a4941b8925fffc5866326b6a8c325acc1859c709d32b476d","APPLE1","SYSTEM.APPLE","2d9d547e62a2b566b2cb2a26f311b321ab1d95a06cf6aaa68d1e9930fdd6b40d","98eb236ebae21950de87485bd83256642a73bb0727aae60d2cbbaf97165c6e15","1f4ab0662f085269e76c315b2cd1ddea6fba56b84da34249f0eed97af3ffc7f6","048c089e53438cc7066a73065409827ee44a382c798ce3718897716279cfc3dc","/Users/chris/Repos/pdisasm/Tools/pascal-results/images/fefab34116a47942a4941b8925fffc5866326b6a8c325acc1859c709d32b476d"
"unzip/games/rpg/wizardry/wizardry_I/Wizardry-Proving-Grounds-v3.0-03-Aug-2023/Wizardry-Proving-Grounds-v3.0-Boot-03-Aug-2023.dsk","a46e5d064d46e460f132b3ed06d28424180f8d6700c26dcbafbe365eb73a4d25","WBV3.0","RTSTRP.APPLE","933a22cdeaa6a9859b559129a43f8675c44ccd377a1826f511f6c4b58e4a4d8c","aaa96b0c5648f67d1217e6cbbba76e5447531a0cfed515a49adcc6148e7b6220","00aac73bdb87d47fcd83483ef29c6b36d75397d56cd721edbad885473e29d20c","6f95245e71173839bf5f064e06c4f78de1728c77bc9a4f04be58a1a1b44dc943","/Users/chris/Repos/pdisasm/Tools/pascal-results/images/a46e5d064d46e460f132b3ed06d28424180f8d6700c26dcbafbe365eb73a4d25"
"unzip/games/rpg/wizardry/wizardry_I/Wizardry (patched)/Wizardry-Proving-Grounds-Boot-40column.dsk","12fc46f6e589145c2703ece95988103188b258d9a48636529fd6b7c592a2d6c5","WBV2.1","RTSTRP.APPLE","ad5e4b86742d70501a2c0556cb5afe1710d9230fb2da3c5dc3a9a8c5fee2d817","aaa96b0c5648f67d1217e6cbbba76e5447531a0cfed515a49adcc6148e7b6220","00aac73bdb87d47fcd83483ef29c6b36d75397d56cd721edbad885473e29d20c","6f95245e71173839bf5f064e06c4f78de1728c77bc9a4f04be58a1a1b44dc943","/Users/chris/Repos/pdisasm/Tools/pascal-results/images/12fc46f6e589145c2703ece95988103188b258d9a48636529fd6b7c592a2d6c5"
"unzip/games/rpg/wizardry/Wiziprint (4am crack)/Wiziprint (4am crack)/Wiziprint (4am crack).dsk","cac510ec2a0511b9e2995f625c5e2d7c30391eb3a4150b8c84ca3e0af48f5e16","WIZPBT","RTSTRP.APPLE","efa62c72a30f3742415db545a803b9c7f60904353d9acf66b62aee5d79d1a590","aaa96b0c5648f67d1217e6cbbba76e5447531a0cfed515a49adcc6148e7b6220","00aac73bdb87d47fcd83483ef29c6b36d75397d56cd721edbad885473e29d20c","2ffb04276585facf6703ba691cfbc0cbf017eddedcdff54575320595bd960ed1","/Users/chris/Repos/pdisasm/Tools/pascal-results/images/cac510ec2a0511b9e2995f625c5e2d7c30391eb3a4150b8c84ca3e0af48f5e16"
"unzip/games/rpg/wizardry/Wiziprint (4am crack)/Wiziprint (4am crack)/Wiziprint (4am crack).dsk","cac510ec2a0511b9e2995f625c5e2d7c30391eb3a4150b8c84ca3e0af48f5e16","WIZPBT","RTSTND.APPLE","c8fce08c8a30307d4b2bb7c3cd2534006840025b4813e0231994800a0061a606","aaa96b0c5648f67d1217e6cbbba76e5447531a0cfed515a49adcc6148e7b6220","00aac73bdb87d47fcd83483ef29c6b36d75397d56cd721edbad885473e29d20c","2ffb04276585facf6703ba691cfbc0cbf017eddedcdff54575320595bd960ed1","/Users/chris/Repos/pdisasm/Tools/pascal-results/images/cac510ec2a0511b9e2995f625c5e2d7c30391eb3a4150b8c84ca3e0af48f5e16"
"unzip/games/rpg/wizardry/wizardry_III/Wizardry_iii_19830820/wizardry_iii_19830820_1.dsk","bf0ca34920cba2935210e1d55ed474c2ad9e6411c6f9f6f5b49516bf5382ef16","LOLBOOT","RTSTRP.APPLE","fb909d174d2c1951a3796b4692446d9aa812ad555146874c57a6bef6719d08bd","aaa96b0c5648f67d1217e6cbbba76e5447531a0cfed515a49adcc6148e7b6220","c4e561fddb5d40c716ddcfff4f6c49c476d106cd0860b27e153960155baaec14","6f95245e71173839bf5f064e06c4f78de1728c77bc9a4f04be58a1a1b44dc943","/Users/chris/Repos/pdisasm/Tools/pascal-results/images/bf0ca34920cba2935210e1d55ed474c2ad9e6411c6f9f6f5b49516bf5382ef16"
"unzip/games/rpg/wizardry/wizardry_III/Wizardry_iii_19830820/wizardry_iii_19830820_hacked_1.dsk","f6ec0b58c92f281e4e193907d3bee3de3894f4387cddd6e8e373bd6d77cc9bd2","LOLBOOT","RTSTRP.APPLE","fb909d174d2c1951a3796b4692446d9aa812ad555146874c57a6bef6719d08bd","aaa96b0c5648f67d1217e6cbbba76e5447531a0cfed515a49adcc6148e7b6220","c4e561fddb5d40c716ddcfff4f6c49c476d106cd0860b27e153960155baaec14","6f95245e71173839bf5f064e06c4f78de1728c77bc9a4f04be58a1a1b44dc943","/Users/chris/Repos/pdisasm/Tools/pascal-results/images/f6ec0b58c92f281e4e193907d3bee3de3894f4387cddd6e8e373bd6d77cc9bd2"
"unzip/games/simulation/Universe II v1.0 (4am crack)/Universe II v1.0 (4am crack)/Universe II v1.0 (4am crack) disk A.dsk","f0eb3b566b1708b48db14c7c5ae10badd6cbdcd39a40fb1fb4672a054123f9f8","A","SYSTEM.APPLE","96b3a45ae3486a211744af24da5ea18fddacb1800d9a65f5749333d66e574cbd","2ec2736219293eb985f5da6faa66c76606ea981f4984aba3d1b2131fc6117f2c","633ab1da52a880d745515c2622dc5d33d43caadf94fd7d767e8ef6c9bcca8c59","190f9410ae628d485d58a0b0ae1cc761c88233d916afdc9abb54443a80891003","/Users/chris/Repos/pdisasm/Tools/pascal-results/images/f0eb3b566b1708b48db14c7c5ae10badd6cbdcd39a40fb1fb4672a054123f9f8"
"unzip/games/simulation/GATO v1.2 (4am crack)/GATO v1.2 (4am crack)/GATO v1.2 (4am crack).dsk","6ab3553c9c76a0f6404e937511c9319f3a81798ef1d6454eb562a8cc48add583","GATO","SYSTEM.APPLE","6701bcee4840864e6306d744c12fa3c6d47413321eebbe15cbe1bab3d23118e9","fb5421152940287c0c0c49d4c5b9b50074d7f33722b5c8c5d1a44acc2d537657","03fdee7eadd9973e3173f1f6e5d0e9b6445dcd1951e575cefa9537c0e419ea8d","190f9410ae628d485d58a0b0ae1cc761c88233d916afdc9abb54443a80891003","/Users/chris/Repos/pdisasm/Tools/pascal-results/images/6ab3553c9c76a0f6404e937511c9319f3a81798ef1d6454eb562a8cc48add583"
"unzip/games/adventure/Forbidden Quest (4am crack)/Forbidden Quest (4am crack)/Forbidden Quest (4am crack).dsk","f62ac0fee73131c93828a337ea68c2b695635fe5bd2c9b963ba8b4c8e1325d8f","FBQUEST","RTSTRP.APPLE","beba89aaf3558e0cec391faaee28c2ddc13b24f37a2d0a54f0190e243c540f47","2dc60c5c04c061bcff0771a5742820e6815e52aa0c60246301286d61e5258009","0b8a91c8ee254a8dca38bcce29c5543b22ea5267a6beb380802ada0fb647d6de","1036ec5b27cbee434590c91eab6789669000c717cbda9be8c742d298f9154155","/Users/chris/Repos/pdisasm/Tools/pascal-results/images/f62ac0fee73131c93828a337ea68c2b695635fe5bd2c9b963ba8b4c8e1325d8f"
"unzip/games/adventure/scott_adams/Voodoo Island (4am crack)/Voodoo Island (4am crack)/Voodoo Island (4am crack).dsk","ab6bd402c040fb95257a1fa6dfad155617e95a151cb7e92dc38c688390ee691c","G1","SYSTEM.APPLE","b0d6ae9829da793cf605ae4cfc09b229f8130cd46a53db451eed226d8a986873","1e1f49d81a10939c89b0ceb20f4f619853c83c0c77c85774e991fd1119db6f69","c2182744860e3cb1a2057518596223ed0b4f8abea36fa174f1608d823d609ac9","802a8c6c14f2461b8132dfbcda29cbdc91d8acde288b022797765a232e32555a","/Users/chris/Repos/pdisasm/Tools/pascal-results/images/ab6bd402c040fb95257a1fa6dfad155617e95a151cb7e92dc38c688390ee691c"
"unzip/games/adventure/Goldfinger (4am crack)/Goldfinger (4am crack)/Goldfinger (4am crack).dsk","406be01c1a668aa902d6bd8c724573f188e5c48bc6270bf0e103e76476302231","G1","SYSTEM.APPLE","b0d6ae9829da793cf605ae4cfc09b229f8130cd46a53db451eed226d8a986873","1e1f49d81a10939c89b0ceb20f4f619853c83c0c77c85774e991fd1119db6f69","c2182744860e3cb1a2057518596223ed0b4f8abea36fa174f1608d823d609ac9","802a8c6c14f2461b8132dfbcda29cbdc91d8acde288b022797765a232e32555a","/Users/chris/Repos/pdisasm/Tools/pascal-results/images/406be01c1a668aa902d6bd8c724573f188e5c48bc6270bf0e103e76476302231"
"unzip/games/adventure/Indiana Jones in Revenge of the Ancients (4am crack)/Indiana Jones in Revenge of the Ancients (4am crack)/Indiana Jones in Revenge of the Ancients (4am crack).dsk","146d10b019299db796598a32cc1731b49924a03a28fb6b15f628ff1f8f712e44","G1","SYSTEM.APPLE","b0d6ae9829da793cf605ae4cfc09b229f8130cd46a53db451eed226d8a986873","1e1f49d81a10939c89b0ceb20f4f619853c83c0c77c85774e991fd1119db6f69","c2182744860e3cb1a2057518596223ed0b4f8abea36fa174f1608d823d609ac9","802a8c6c14f2461b8132dfbcda29cbdc91d8acde288b022797765a232e32555a","/Users/chris/Repos/pdisasm/Tools/pascal-results/images/146d10b019299db796598a32cc1731b49924a03a28fb6b15f628ff1f8f712e44"
"unzip/games/adventure/Forbidden Castle (4am crack)/Forbidden Castle (4am crack)/Forbidden Castle (4am crack).dsk","386860ebd51c7baf9dae724d3e3c0d1877d2c61005f980a8456af94f7408539d","G1","SYSTEM.APPLE","b0d6ae9829da793cf605ae4cfc09b229f8130cd46a53db451eed226d8a986873","1e1f49d81a10939c89b0ceb20f4f619853c83c0c77c85774e991fd1119db6f69","c2182744860e3cb1a2057518596223ed0b4f8abea36fa174f1608d823d609ac9","802a8c6c14f2461b8132dfbcda29cbdc91d8acde288b022797765a232e32555a","/Users/chris/Repos/pdisasm/Tools/pascal-results/images/386860ebd51c7baf9dae724d3e3c0d1877d2c61005f980a8456af94f7408539d"
"unzip/games/collections/woz-a-day/The Mist (woz-a-day collection)/The Mist (woz-a-day collection)/The Mist.woz","424c36ba21806d91685b48b5a3374473b9474756010af2422044a03a7b88c488","G1","SYSTEM.APPLE","b0d6ae9829da793cf605ae4cfc09b229f8130cd46a53db451eed226d8a986873","1e1f49d81a10939c89b0ceb20f4f619853c83c0c77c85774e991fd1119db6f69","c2182744860e3cb1a2057518596223ed0b4f8abea36fa174f1608d823d609ac9","a5046ff58df4641d177e82ea64ed985e372620ab02a063ccc7fe94b3350fa131","/Users/chris/Repos/pdisasm/Tools/pascal-results/images/424c36ba21806d91685b48b5a3374473b9474756010af2422044a03a7b88c488"
"unzip/games/collections/woz-a-day/The 49ers 800K (woz-a-day collection)/The 49ers 800K (woz-a-day collection)/The 49ers 800K.woz","7003a4d87b4acd110bbe9c6cc43525af6636342e88163b1293e8463448409691","FN1VOL","SYSTEM.APPLE","2d9d547e62a2b566b2cb2a26f311b321ab1d95a06cf6aaa68d1e9930fdd6b40d","98eb236ebae21950de87485bd83256642a73bb0727aae60d2cbbaf97165c6e15","72836e891343f7475169c2ccde8f3a4892c6b50f0641a7fd0fd38fc825660a98","c7970cfa1e71fac107bc52d78765188371e30c0b3d66339000f73c5b72538763","/Users/chris/Repos/pdisasm/Tools/pascal-results/images/7003a4d87b4acd110bbe9c6cc43525af6636342e88163b1293e8463448409691"
"unzip/games/collections/woz-a-day/Wizardry II - Knight of Diamonds (woz-a-day collection)/Wizardry II - Knight of Diamonds (woz-a-day collection)/Wizardry II - Knight of Diamonds - boot disk.woz","850cde0f0881324ee5ed869c0d927046b8fb810771836504d744a9f666a2d16a","KODBV2","RTSTRP.APPLE","fb909d174d2c1951a3796b4692446d9aa812ad555146874c57a6bef6719d08bd","aaa96b0c5648f67d1217e6cbbba76e5447531a0cfed515a49adcc6148e7b6220","00aac73bdb87d47fcd83483ef29c6b36d75397d56cd721edbad885473e29d20c","6f95245e71173839bf5f064e06c4f78de1728c77bc9a4f04be58a1a1b44dc943","/Users/chris/Repos/pdisasm/Tools/pascal-results/images/850cde0f0881324ee5ed869c0d927046b8fb810771836504d744a9f666a2d16a"
"unzip/games/collections/woz-a-day/Voodoo Island (woz-a-day collection)/Voodoo Island (woz-a-day collection)/Voodoo Island.woz","54b2600429108f5db4f852bf242ba4d103f56cf49f774939a6b423ec9835e634","G1","SYSTEM.APPLE","b0d6ae9829da793cf605ae4cfc09b229f8130cd46a53db451eed226d8a986873","1e1f49d81a10939c89b0ceb20f4f619853c83c0c77c85774e991fd1119db6f69","c2182744860e3cb1a2057518596223ed0b4f8abea36fa174f1608d823d609ac9","802a8c6c14f2461b8132dfbcda29cbdc91d8acde288b022797765a232e32555a","/Users/chris/Repos/pdisasm/Tools/pascal-results/images/54b2600429108f5db4f852bf242ba4d103f56cf49f774939a6b423ec9835e634"
"unzip/games/collections/woz-a-day/Apple Pascal v1.3 (woz-a-day collection)/Apple Pascal v1.3 (woz-a-day collection)/Apple Pascal v1.3 - APPLE1 (boot).woz","dd52f6ab7c95610aefc8bea211053e2fdab7d5d6751697b000d138f4762bae93","APPLE1","SYSTEM.APPLE","daa490d5e0bb98e1955081c0d268bed4a862a2b633bdc078b13d0d050a71c630","a8535382d7df95766093a6c734fe4feeade6fb4ce60fc065dc65c785308f8859","1f4ab0662f085269e76c315b2cd1ddea6fba56b84da34249f0eed97af3ffc7f6","048c089e53438cc7066a73065409827ee44a382c798ce3718897716279cfc3dc","/Users/chris/Repos/pdisasm/Tools/pascal-results/images/dd52f6ab7c95610aefc8bea211053e2fdab7d5d6751697b000d138f4762bae93"
"unzip/games/collections/woz-a-day/Grammar Gremlins 800K (woz-a-day collection)/Grammar Gremlins 800K (woz-a-day collection)/Grammar Gremlins 800K.woz","5e1643ff34f0193f586b3c06a01101e4ea370e029ad4f939c632d9800b66452c","GRAMLIN","SYSTEM.APPLE","67adc957afa1fc3cae9177ef42846ea1c31fd44f5a00e0694f63acafd248aed5","3189798e4f598903441f35941277fa9d412ea0cba298e662923f8e2e50003f29","4488373786f09b0806953e785275d932015b98a659ca5a3197284b8891b3b554","c7970cfa1e71fac107bc52d78765188371e30c0b3d66339000f73c5b72538763","/Users/chris/Repos/pdisasm/Tools/pascal-results/images/5e1643ff34f0193f586b3c06a01101e4ea370e029ad4f939c632d9800b66452c"
"unzip/games/collections/woz-a-day/Apple Pascal v1.3 800K (woz-a-day collection)/Apple Pascal v1.3 800K (woz-a-day collection)/Apple Pascal v1.3 800K.woz","6caaf0d32944b328763a1411e6185a9de27a8e819b61193e3ced9c46dfd97219","1PASCAL","SYSTEM.APPLE","daa490d5e0bb98e1955081c0d268bed4a862a2b633bdc078b13d0d050a71c630","a8535382d7df95766093a6c734fe4feeade6fb4ce60fc065dc65c785308f8859","1f4ab0662f085269e76c315b2cd1ddea6fba56b84da34249f0eed97af3ffc7f6","c7970cfa1e71fac107bc52d78765188371e30c0b3d66339000f73c5b72538763","/Users/chris/Repos/pdisasm/Tools/pascal-results/images/6caaf0d32944b328763a1411e6185a9de27a8e819b61193e3ced9c46dfd97219"
"unzip/games/collections/woz-a-day/Apple Pascal v1.3 800K (woz-a-day collection)/Apple Pascal v1.3 800K (woz-a-day collection)/Apple Pascal v1.3 800K.woz","6caaf0d32944b328763a1411e6185a9de27a8e819b61193e3ced9c46dfd97219","1PASCAL","128K.APPLE","2d9d547e62a2b566b2cb2a26f311b321ab1d95a06cf6aaa68d1e9930fdd6b40d","a8535382d7df95766093a6c734fe4feeade6fb4ce60fc065dc65c785308f8859","1f4ab0662f085269e76c315b2cd1ddea6fba56b84da34249f0eed97af3ffc7f6","c7970cfa1e71fac107bc52d78765188371e30c0b3d66339000f73c5b72538763","/Users/chris/Repos/pdisasm/Tools/pascal-results/images/6caaf0d32944b328763a1411e6185a9de27a8e819b61193e3ced9c46dfd97219"
"unzip/games/collections/woz-a-day/Forbidden Castle (woz-a-day collection)/Forbidden Castle (woz-a-day collection)/Forbidden Castle.woz","4bc11ba1cb4d108f3b5d022a209b8c855354aa0a5f6f586777cbc513b1c6ad5b","G1","SYSTEM.APPLE","b0d6ae9829da793cf605ae4cfc09b229f8130cd46a53db451eed226d8a986873","1e1f49d81a10939c89b0ceb20f4f619853c83c0c77c85774e991fd1119db6f69","c2182744860e3cb1a2057518596223ed0b4f8abea36fa174f1608d823d609ac9","802a8c6c14f2461b8132dfbcda29cbdc91d8acde288b022797765a232e32555a","/Users/chris/Repos/pdisasm/Tools/pascal-results/images/4bc11ba1cb4d108f3b5d022a209b8c855354aa0a5f6f586777cbc513b1c6ad5b"
"unzip/games/collections/woz-a-day/Wizardry - Proving Grounds of the Mad Overlord v01-DEC-81 (woz-a-day collection)/Wizardry- Proving Grounds of the Mad Overlord v01-DEC-81 (woz-a-day collection)/Wizardry- Proving Grounds of the Mad Overlord v01-DEC-81 side B - boot.woz","8dd6e2909f4f86b424f4824e0bc471b5e9d91ddd9fd7c79be25f3e4271dc57c8","WIZB0","RTSTRP.APPLE","93629b22a4916e1f8affaa738a0637665191940152928b5c7d876ff9d800a113","aaa96b0c5648f67d1217e6cbbba76e5447531a0cfed515a49adcc6148e7b6220","00aac73bdb87d47fcd83483ef29c6b36d75397d56cd721edbad885473e29d20c","6f95245e71173839bf5f064e06c4f78de1728c77bc9a4f04be58a1a1b44dc943","/Users/chris/Repos/pdisasm/Tools/pascal-results/images/8dd6e2909f4f86b424f4824e0bc471b5e9d91ddd9fd7c79be25f3e4271dc57c8"
"unzip/games/collections/woz-a-day/Apple Pascal v1.0 (woz-a-day collection)/Apple Pascal v1.0 (woz-a-day collection)/Apple Pascal v1.0 - APPLE1 (boot).woz","7fd5e7a706b5946cfa1c256d9f23f2e34b13fce4ac153cfd7f1444b53405a97f","APPLE1","SYSTEM.APPLE","974c1e5716e7e1c71215d54531a881e07268104f1e63c94648da54cd1e506672","6d94a0a72343c9147899422717669766597a35ebaf1638dc48901bf1f9b97373","00e5ccd2e0f58558e65181be8f38bf298b7bfefbf7a49918c35b73ec1775f992","190f9410ae628d485d58a0b0ae1cc761c88233d916afdc9abb54443a80891003","/Users/chris/Repos/pdisasm/Tools/pascal-results/images/7fd5e7a706b5946cfa1c256d9f23f2e34b13fce4ac153cfd7f1444b53405a97f"
"unzip/games/collections/woz-a-day/Indiana Jones in Revenge of the Ancients (woz-a-day collection)/Indiana Jones in Revenge of the Ancients (woz-a-day collection)/Indiana Jones in Revenge of the Ancients.woz","07c6dde9cca02dc14ad9a2e7a43f8ae60ae4f7df0edea2eb18ca2d403396573e","G1","SYSTEM.APPLE","b0d6ae9829da793cf605ae4cfc09b229f8130cd46a53db451eed226d8a986873","1e1f49d81a10939c89b0ceb20f4f619853c83c0c77c85774e991fd1119db6f69","c2182744860e3cb1a2057518596223ed0b4f8abea36fa174f1608d823d609ac9","802a8c6c14f2461b8132dfbcda29cbdc91d8acde288b022797765a232e32555a","/Users/chris/Repos/pdisasm/Tools/pascal-results/images/07c6dde9cca02dc14ad9a2e7a43f8ae60ae4f7df0edea2eb18ca2d403396573e"
"unzip/games/collections/woz-a-day/Wiziprint v2.01 (woz-a-day collection)/Wiziprint v2.01 (woz-a-day collection)/Wiziprint v2.01.woz","bde04dfc5b3ef04e6094a3c4ccc4684fb1b58ac28b7822a62cee908834635ec6","WIZPBT","RTSTRP.APPLE","efa62c72a30f3742415db545a803b9c7f60904353d9acf66b62aee5d79d1a590","aaa96b0c5648f67d1217e6cbbba76e5447531a0cfed515a49adcc6148e7b6220","00aac73bdb87d47fcd83483ef29c6b36d75397d56cd721edbad885473e29d20c","2ffb04276585facf6703ba691cfbc0cbf017eddedcdff54575320595bd960ed1","/Users/chris/Repos/pdisasm/Tools/pascal-results/images/bde04dfc5b3ef04e6094a3c4ccc4684fb1b58ac28b7822a62cee908834635ec6"
"unzip/games/collections/woz-a-day/Wiziprint v2.01 (woz-a-day collection)/Wiziprint v2.01 (woz-a-day collection)/Wiziprint v2.01.woz","bde04dfc5b3ef04e6094a3c4ccc4684fb1b58ac28b7822a62cee908834635ec6","WIZPBT","RTSTND.APPLE","c8fce08c8a30307d4b2bb7c3cd2534006840025b4813e0231994800a0061a606","aaa96b0c5648f67d1217e6cbbba76e5447531a0cfed515a49adcc6148e7b6220","00aac73bdb87d47fcd83483ef29c6b36d75397d56cd721edbad885473e29d20c","2ffb04276585facf6703ba691cfbc0cbf017eddedcdff54575320595bd960ed1","/Users/chris/Repos/pdisasm/Tools/pascal-results/images/bde04dfc5b3ef04e6094a3c4ccc4684fb1b58ac28b7822a62cee908834635ec6"
"unzip/games/collections/woz-a-day/Frog Jump- Ordering Numbers (woz-a-day collection)/Frog Jump- Ordering Numbers (woz-a-day collection)/Frog Jump- Ordering Numbers.woz","b210d8fb9969d786f4628e080d8497b7d1aa173de0a340274f097a0fbd4bfff0","FROG","RTSTRP.APPLE","a2ed730a4536db130f0f789c4ca1ef00f391692d7df6af8890b1ca5c51200cec","2dc60c5c04c061bcff0771a5742820e6815e52aa0c60246301286d61e5258009","85a4cd902d1cb48ee224d4741cb67eaa1280971bde9150a1edb7797142db7e47","782ac20eb3fd6daef71ec8ea89f2d1b08a55c01da5606e194fa4c4ece07bfc24","/Users/chris/Repos/pdisasm/Tools/pascal-results/images/b210d8fb9969d786f4628e080d8497b7d1aa173de0a340274f097a0fbd4bfff0"
"unzip/games/collections/woz-a-day/Rebellion in the West 800K (woz-a-day collection)/Rebellion in the West 800K (woz-a-day collection)/Rebellion in the West 800K.woz","6bdfcc4afc5fd0277c63dedf5ebc1633a4132bf4962a8130a27e11d1dea5cd23","W1VOL","SYSTEM.APPLE","2d9d547e62a2b566b2cb2a26f311b321ab1d95a06cf6aaa68d1e9930fdd6b40d","98eb236ebae21950de87485bd83256642a73bb0727aae60d2cbbaf97165c6e15","1d3e313639b12a66a999ca7bd217b0abc571da8b01ce00a998ad5a3be1739271","c7970cfa1e71fac107bc52d78765188371e30c0b3d66339000f73c5b72538763","/Users/chris/Repos/pdisasm/Tools/pascal-results/images/6bdfcc4afc5fd0277c63dedf5ebc1633a4132bf4962a8130a27e11d1dea5cd23"
"unzip/games/collections/woz-a-day/Apple Pascal v1.1 (woz-a-day collection)/Apple Pascal v1.1 (woz-a-day collection)/Apple Pascal v1.1 - APPLE1 (boot).woz","ecdd42be0e496edc747ffeadaee005e052f5daa2ad58946a1521212cebe62912","APPLE1","SYSTEM.APPLE","2443c23e7538ebfc0227525e4a80878dfae0b96a8a445cb1c4b4332f433a8ae6","ef890517c1eb403c6029ac1063aac4c197ca4617995f7eaa964f8bcc9e688844","e3996bf923db8a596935df7856da745b24f8afedd8a773d4034a9e796a2446cc","190f9410ae628d485d58a0b0ae1cc761c88233d916afdc9abb54443a80891003","/Users/chris/Repos/pdisasm/Tools/pascal-results/images/ecdd42be0e496edc747ffeadaee005e052f5daa2ad58946a1521212cebe62912"
"unzip/games/collections/woz-a-day/Rambo - First Blood Part II (woz-a-day collection)/Rambo - First Blood Part II (woz-a-day collection)/Rambo - First Blood Part II.woz","304e3838f4f4336ce0d0dc64b237207b8d164d485642cbb2a70267630376ad54","G1","SYSTEM.APPLE","b0d6ae9829da793cf605ae4cfc09b229f8130cd46a53db451eed226d8a986873","1e1f49d81a10939c89b0ceb20f4f619853c83c0c77c85774e991fd1119db6f69","c2182744860e3cb1a2057518596223ed0b4f8abea36fa174f1608d823d609ac9","a5046ff58df4641d177e82ea64ed985e372620ab02a063ccc7fe94b3350fa131","/Users/chris/Repos/pdisasm/Tools/pascal-results/images/304e3838f4f4336ce0d0dc64b237207b8d164d485642cbb2a70267630376ad54"
"unzip/games/collections/woz-a-day/Wizardry I - Proving Grounds of the Mad Overlord v6 06-JAN-84 (woz-a-day collection)/Wizardry I - Proving Grounds of the Mad Overlord v6 06-JAN-84 (woz-a-day collection)/Wizardry I - Proving Grounds of the Mad Overlord v6 06-JAN-84 side B - boot.woz","5b73f388c2e132fb2952346a35e0d022e7d9e85972c444081fab8cd5a11ca8a8","WBV2.1","RTSTRP.APPLE","a1f71d61af1ff2f846985be85d070220c1c89e9f1a94b00d2ef041715ed2cbf5","aaa96b0c5648f67d1217e6cbbba76e5447531a0cfed515a49adcc6148e7b6220","c4e561fddb5d40c716ddcfff4f6c49c476d106cd0860b27e153960155baaec14","6f95245e71173839bf5f064e06c4f78de1728c77bc9a4f04be58a1a1b44dc943","/Users/chris/Repos/pdisasm/Tools/pascal-results/images/5b73f388c2e132fb2952346a35e0d022e7d9e85972c444081fab8cd5a11ca8a8"
"unzip/games/collections/woz-a-day/Wizardry III (woz-a-day collection)/Wizardry III (woz-a-day collection)/Wizardry III side B - boot.woz","bb4004de6984655a96cdf5054ce58a0932444dd039cef923250e53240dcfe6ca","LOLBOOT","RTSTRP.APPLE","fb909d174d2c1951a3796b4692446d9aa812ad555146874c57a6bef6719d08bd","aaa96b0c5648f67d1217e6cbbba76e5447531a0cfed515a49adcc6148e7b6220","c4e561fddb5d40c716ddcfff4f6c49c476d106cd0860b27e153960155baaec14","6f95245e71173839bf5f064e06c4f78de1728c77bc9a4f04be58a1a1b44dc943","/Users/chris/Repos/pdisasm/Tools/pascal-results/images/bb4004de6984655a96cdf5054ce58a0932444dd039cef923250e53240dcfe6ca"
"unzip/games/collections/woz-a-day/Apple Pascal v1.2 (woz-a-day collection)/Apple Pascal v1.2 (woz-a-day collection)/Apple Pascal v1.2 - APPLE1 (boot).woz","ccf648d56210980c496e61261f73c71faa71e37b84fa9bbcac05096897ed4fb9","APPLE1","SYSTEM.APPLE","7ce54508b9f1564c47d1db921b530c9702c6e91cee177ccbf89bc40f88a1bd5f","02f0576644c3c2d30ef8671fc8fba306a8123a3661e896eaac5393bc5a7c8a14","2b240af2c619b5e61b3f992a6dfadec3b05436c1aadfc1be264df95d48281375","190f9410ae628d485d58a0b0ae1cc761c88233d916afdc9abb54443a80891003","/Users/chris/Repos/pdisasm/Tools/pascal-results/images/ccf648d56210980c496e61261f73c71faa71e37b84fa9bbcac05096897ed4fb9"
"unzip/games/collections/woz-a-day/Wizplus (woz-a-day collection)/Wizplus (woz-a-day collection)/Wizplus.woz","82e33b9adbaee1b28616216960f60a43150c8b816403e8a3630765d5133d3298","WIZPLS","RTSTND.APPLE","c8fce08c8a30307d4b2bb7c3cd2534006840025b4813e0231994800a0061a606","aaa96b0c5648f67d1217e6cbbba76e5447531a0cfed515a49adcc6148e7b6220","02c81bbb9b867a984775c71bea5eb8d149b51864cbfdfae66bde5f9d3b42bd50","2ffb04276585facf6703ba691cfbc0cbf017eddedcdff54575320595bd960ed1","/Users/chris/Repos/pdisasm/Tools/pascal-results/images/82e33b9adbaee1b28616216960f60a43150c8b816403e8a3630765d5133d3298"
"unzip/games/collections/woz-a-day/A View to a Kill (woz-a-day collection)/A View to a Kill (woz-a-day collection)/A View to a Kill.woz","ada2049b3b93bd2e302638205632dbcfc3b5bb937bd744f34ddb328526ce9570","G1","SYSTEM.APPLE","b0d6ae9829da793cf605ae4cfc09b229f8130cd46a53db451eed226d8a986873","1e1f49d81a10939c89b0ceb20f4f619853c83c0c77c85774e991fd1119db6f69","c2182744860e3cb1a2057518596223ed0b4f8abea36fa174f1608d823d609ac9","a5046ff58df4641d177e82ea64ed985e372620ab02a063ccc7fe94b3350fa131","/Users/chris/Repos/pdisasm/Tools/pascal-results/images/ada2049b3b93bd2e302638205632dbcfc3b5bb937bd744f34ddb328526ce9570"
"unzip/games/collections/woz-a-day/Wizardry- Proving Grounds of the Mad Overlord v2.0 01-JAN-82 (woz-a-day collection)/Wizardry- Proving Grounds of the Mad Overlord v2.0 01-JAN-82 (woz-a-day collection)/Wizardry- Proving Grounds of the Mad Overlord v2.0 01-JAN-82 side B - boot disk.woz","e5a1d0982cae2293f1288c6ac6fb34a6af8c4f5d423bacaf48d6c72b16295839","WIZB0","RTSTRP.APPLE","93629b22a4916e1f8affaa738a0637665191940152928b5c7d876ff9d800a113","aaa96b0c5648f67d1217e6cbbba76e5447531a0cfed515a49adcc6148e7b6220","00aac73bdb87d47fcd83483ef29c6b36d75397d56cd721edbad885473e29d20c","6f95245e71173839bf5f064e06c4f78de1728c77bc9a4f04be58a1a1b44dc943","/Users/chris/Repos/pdisasm/Tools/pascal-results/images/e5a1d0982cae2293f1288c6ac6fb34a6af8c4f5d423bacaf48d6c72b16295839"
"unzip/games/collections/woz-a-day/Earthly Delights (woz-a-day collection)/Earthly Delights (woz-a-day collection)/Earthly Delights side B [boot].woz","a8beba9b6cf5d66f492c7b4c1375f289dbb4b95948b039e6606c251b7945b283","BOOT","RTSTND.APPLE","1d5cd21aef92011d473d8403366f05bedc878ca77ec5ce855281f1109ee2f770","2dc60c5c04c061bcff0771a5742820e6815e52aa0c60246301286d61e5258009","e6311ada386b286b2318284da7fe7b25b005a166d53ad71ee951f821caf4f77b","2ffb04276585facf6703ba691cfbc0cbf017eddedcdff54575320595bd960ed1","/Users/chris/Repos/pdisasm/Tools/pascal-results/images/a8beba9b6cf5d66f492c7b4c1375f289dbb4b95948b039e6606c251b7945b283"
"unzip/games/collections/woz-a-day/Goldfinger (woz-a-day collection)/Goldfinger (woz-a-day collection)/Goldfinger side A.woz","fbcfd79ef774571a73f25efd17dcb79b51117550a1f6fab89d45ec434ca1b4a7","G1","SYSTEM.APPLE","b0d6ae9829da793cf605ae4cfc09b229f8130cd46a53db451eed226d8a986873","1e1f49d81a10939c89b0ceb20f4f619853c83c0c77c85774e991fd1119db6f69","c2182744860e3cb1a2057518596223ed0b4f8abea36fa174f1608d823d609ac9","802a8c6c14f2461b8132dfbcda29cbdc91d8acde288b022797765a232e32555a","/Users/chris/Repos/pdisasm/Tools/pascal-results/images/fbcfd79ef774571a73f25efd17dcb79b51117550a1f6fab89d45ec434ca1b4a7"
"unzip/games/collections/woz-a-day/Goldfinger (woz-a-day collection)/Goldfinger (woz-a-day collection)/Goldfinger side B.woz","616b713be28082bc45e31fd4be08328ab4b75c560ccd23ef5b468fc03d76c9d1","G1","SYSTEM.APPLE","b0d6ae9829da793cf605ae4cfc09b229f8130cd46a53db451eed226d8a986873","1e1f49d81a10939c89b0ceb20f4f619853c83c0c77c85774e991fd1119db6f69","c2182744860e3cb1a2057518596223ed0b4f8abea36fa174f1608d823d609ac9","4009f9ddaf4d3f79e6bb60bffed2b7452fdebede2cc218226617cccf9c35926b","/Users/chris/Repos/pdisasm/Tools/pascal-results/images/616b713be28082bc45e31fd4be08328ab4b75c560ccd23ef5b468fc03d76c9d1"
"unzip/games/collections/woz-a-day/Wizardry - Proving Grounds of the Mad Overlord v2.1 (woz-a-day collection)/Wizardry - Proving Grounds of the Mad Overlord v2.1 (woz-a-day collection)/Wizardry - Proving Grounds of the Mad Overlord v2.1 - boot disk.woz","ef412f6871bf0f90918d7d06a91123df004bfc60ac7e3e6ae65c19ae78946c04","WBV2.1","RTSTRP.APPLE","93629b22a4916e1f8affaa738a0637665191940152928b5c7d876ff9d800a113","aaa96b0c5648f67d1217e6cbbba76e5447531a0cfed515a49adcc6148e7b6220","00aac73bdb87d47fcd83483ef29c6b36d75397d56cd721edbad885473e29d20c","6f95245e71173839bf5f064e06c4f78de1728c77bc9a4f04be58a1a1b44dc943","/Users/chris/Repos/pdisasm/Tools/pascal-results/images/ef412f6871bf0f90918d7d06a91123df004bfc60ac7e3e6ae65c19ae78946c04"
"unzip/games/collections/woz-a-day/GATO (woz-a-day collection)/GATO (woz-a-day collection)/GATO.woz","6041ef4abd6e5c7693650956ced530eae293b32239d0f69dee595005207c5287","GATO","SYSTEM.APPLE","04f1ec08c713359afed6dba63d2e54cd1445aa03a160047a7a3d8535bb5baf2d","fb5421152940287c0c0c49d4c5b9b50074d7f33722b5c8c5d1a44acc2d537657","5fbfd9105449fc0f3f4f98d11ca1ee67ba39117a8d49f6b1cfebe333533cece3","fd4c672d4f06bb10179324f0513c386508a40ccad83bf424c7fc7510e38ecfad","/Users/chris/Repos/pdisasm/Tools/pascal-results/images/6041ef4abd6e5c7693650956ced530eae293b32239d0f69dee595005207c5287"
"unzip/games/collections/woz-a-day/Universe II v1.10a 800K (woz-a-day collection)/Universe II v1.10a 800K (woz-a-day collection)/Universe II v1.10a 800K.woz","a39a94bba67a149c15322d86c6acda369215896c2bb15bf9cb2125f50194375b","A","SYSTEM.APPLE","96b3a45ae3486a211744af24da5ea18fddacb1800d9a65f5749333d66e574cbd","2ec2736219293eb985f5da6faa66c76606ea981f4984aba3d1b2131fc6117f2c","c20104c2bdc07e825989223ce4d4346cf5c8041122fb2b0361abd4538ec2bf46","c7970cfa1e71fac107bc52d78765188371e30c0b3d66339000f73c5b72538763","/Users/chris/Repos/pdisasm/Tools/pascal-results/images/a39a94bba67a149c15322d86c6acda369215896c2bb15bf9cb2125f50194375b"
"unzip/games/collections/woz-a-day/Who Stole Cinderella's Slipper (woz-a-day collection)/Who Stole Cinderella's Slipper (woz-a-day collection)/Who Stole Cinderella's Slipper.woz","f3ab563ae4e39306295ba4d7c54522e7ac238c2322fbad6eabe2a42b683d1b14","A","SYSTEM.APPLE","058dd304e0fb848e530fe15dc6e8289058f4b442271e974d4371b64b18015496","e44ba3e9ef9840bec2b28407a825d29f9fb3e0cc1c84f137fa0c887489e21af6","cafd4a4bbe659fe23a4c20d638427017de8d848b9e76d842b5fdc8e602cfd485","190f9410ae628d485d58a0b0ae1cc761c88233d916afdc9abb54443a80891003","/Users/chris/Repos/pdisasm/Tools/pascal-results/images/f3ab563ae4e39306295ba4d7c54522e7ac238c2322fbad6eabe2a42b683d1b14"
"unzip/games/collections/woz-a-day/Racter (woz-a-day collection)/Racter (woz-a-day collection)/Racter - Disk 1, Side A.woz","8e6b7c0b01beb1bf52b425a715a6cebabe792d229be103360bebd7f58e532efe","RACTER","SYSTEM.APPLE","303e6e8d16efd87b05f86214744fc4a768fe3357092eb8c41d0f5c28e1c86453","fb5421152940287c0c0c49d4c5b9b50074d7f33722b5c8c5d1a44acc2d537657","85a4cd902d1cb48ee224d4741cb67eaa1280971bde9150a1edb7797142db7e47","802a8c6c14f2461b8132dfbcda29cbdc91d8acde288b022797765a232e32555a","/Users/chris/Repos/pdisasm/Tools/pascal-results/images/8e6b7c0b01beb1bf52b425a715a6cebabe792d229be103360bebd7f58e532efe"
"unzip/games/collections/woz-a-day/Wizardry - Proving Grounds of the Mad Overlord v05-SEP-81 (woz-a-day collection)/Wizardry- Proving Grounds of the Mad Overlord v05-SEP-81 (woz-a-day collection)/Wizardry- Proving Grounds of the Mad Overlord v05-SEP-81 side B - boot.woz","32931201e7da9cf0b959bf539345a6f4e53a2eb1e5688957c6355e504c355154","WIZB0","RTSTRP.APPLE","93629b22a4916e1f8affaa738a0637665191940152928b5c7d876ff9d800a113","aaa96b0c5648f67d1217e6cbbba76e5447531a0cfed515a49adcc6148e7b6220","00aac73bdb87d47fcd83483ef29c6b36d75397d56cd721edbad885473e29d20c","6f95245e71173839bf5f064e06c4f78de1728c77bc9a4f04be58a1a1b44dc943","/Users/chris/Repos/pdisasm/Tools/pascal-results/images/32931201e7da9cf0b959bf539345a6f4e53a2eb1e5688957c6355e504c355154"
"unzip/games/collections/woz-a-day/A Way To Learn With Waggs 800K (woz-a-day collection)/A Way To Learn With Waggs 800K (woz-a-day collection)/A Way To Learn With Waggs 800K.woz","2214268d6edcb51ce0d9e32bc898821c302bed07ca231b4f9c3915d80fe45ea5","WAGGS","SYSTEM.APPLE","2d9d547e62a2b566b2cb2a26f311b321ab1d95a06cf6aaa68d1e9930fdd6b40d","98eb236ebae21950de87485bd83256642a73bb0727aae60d2cbbaf97165c6e15","9b55ce0b85e4664e43da50c86a18e7dc5fc443c2d83d9d7ed0709dbb883a2d2a","c7970cfa1e71fac107bc52d78765188371e30c0b3d66339000f73c5b72538763","/Users/chris/Repos/pdisasm/Tools/pascal-results/images/2214268d6edcb51ce0d9e32bc898821c302bed07ca231b4f9c3915d80fe45ea5"
"unzip/games/collections/woz-a-day/Riddle Magic (woz-a-day collection)/Riddle Magic (woz-a-day collection)/Riddle Magic side A - program.woz","ca66dc0f3bf1ea4d9d835118b248c5337a1ddd418c6207a1422af69fe36e5e2e","RIDSHOP","SYSTEM.APPLE","bab952813c718c879d3720572cbc5ad6be7dcb713d5bf20d4f3f77d40ac93008","3189798e4f598903441f35941277fa9d412ea0cba298e662923f8e2e50003f29","4566e64b028b2fc3907073c1547b8d4cca4d9a28e063d4b7b3d52c13488c8d2a","93197875c871f60b1d90ed2dfdc3edb33643ea518cfc80afec27a013e5a3d458","/Users/chris/Repos/pdisasm/Tools/pascal-results/images/ca66dc0f3bf1ea4d9d835118b248c5337a1ddd418c6207a1422af69fe36e5e2e"
"unzip/games/collections/woz-a-day/Pacific Theater 800K (woz-a-day collection)/Pacific Theater 800K (woz-a-day collection)/Pacific Theater 800K.woz","7f93442890be90203665faff199a5cee1cbcd0d4fc617fa78e83250bec547056","W1VOL","SYSTEM.APPLE","2d9d547e62a2b566b2cb2a26f311b321ab1d95a06cf6aaa68d1e9930fdd6b40d","98eb236ebae21950de87485bd83256642a73bb0727aae60d2cbbaf97165c6e15","1d3e313639b12a66a999ca7bd217b0abc571da8b01ce00a998ad5a3be1739271","c7970cfa1e71fac107bc52d78765188371e30c0b3d66339000f73c5b72538763","/Users/chris/Repos/pdisasm/Tools/pascal-results/images/7f93442890be90203665faff199a5cee1cbcd0d4fc617fa78e83250bec547056"
"unzip/games/collections/woz-a-day/Galactic Attack (woz-a-day collection)/Galactic Attack (woz-a-day collection)/Galactic Attack.woz","aed8380d38ad237ffd40d9d18c9af1b53c5ae8af32ebd99c31acbb115cdd99d4","NGABOOT","RTSTRP.APPLE","93629b22a4916e1f8affaa738a0637665191940152928b5c7d876ff9d800a113","aaa96b0c5648f67d1217e6cbbba76e5447531a0cfed515a49adcc6148e7b6220","00aac73bdb87d47fcd83483ef29c6b36d75397d56cd721edbad885473e29d20c","6f95245e71173839bf5f064e06c4f78de1728c77bc9a4f04be58a1a1b44dc943","/Users/chris/Repos/pdisasm/Tools/pascal-results/images/aed8380d38ad237ffd40d9d18c9af1b53c5ae8af32ebd99c31acbb115cdd99d4"
"unzip/games/collections/Merv's Archived Collection/Claris AppleWorks Training 800k disk.PO","ce05cdb2643c2217102736406595e9379aa74ec4ed74eb48e59f580d5b1e0749","AWTRAIN","SYSTEM.APPLE","67adc957afa1fc3cae9177ef42846ea1c31fd44f5a00e0694f63acafd248aed5","3189798e4f598903441f35941277fa9d412ea0cba298e662923f8e2e50003f29","23f9b09a8ffabdce3cd9b7d021bc1bceb06ec5840f964008b38d8aaec7d3d63e","c7970cfa1e71fac107bc52d78765188371e30c0b3d66339000f73c5b72538763","/Users/chris/Repos/pdisasm/Tools/pascal-results/images/ce05cdb2643c2217102736406595e9379aa74ec4ed74eb48e59f580d5b1e0749"
"unzip/games/collections/Misc Games/RACTER.DSK","a712b6768e33cb550bfbc8105670bbc23cb098017b674cc882d54bf0adcab3ca","RACTER","SYSTEM.APPLE","303e6e8d16efd87b05f86214744fc4a768fe3357092eb8c41d0f5c28e1c86453","fb5421152940287c0c0c49d4c5b9b50074d7f33722b5c8c5d1a44acc2d537657","2e2476deb71dd42c9969ce1dbfb7afd91fb6bb9a7b5343bccbae8b00c6bebd6d","df654f133f1e6fb48268ce32d9b20a10efda92ff3f1c9f0bd66371a42830085e","/Users/chris/Repos/pdisasm/Tools/pascal-results/images/a712b6768e33cb550bfbc8105670bbc23cb098017b674cc882d54bf0adcab3ca"
"unzip/games/strategy/High Stakes (4am crack)/High Stakes (4am crack)/High Stakes (4am crack).dsk","63ab499c719c17e6da24d6726e2bc09b81302b77a73428ef49c88e165486e514","G1","SYSTEM.APPLE","b0d6ae9829da793cf605ae4cfc09b229f8130cd46a53db451eed226d8a986873","1e1f49d81a10939c89b0ceb20f4f619853c83c0c77c85774e991fd1119db6f69","c2182744860e3cb1a2057518596223ed0b4f8abea36fa174f1608d823d609ac9","802a8c6c14f2461b8132dfbcda29cbdc91d8acde288b022797765a232e32555a","/Users/chris/Repos/pdisasm/Tools/pascal-results/images/63ab499c719c17e6da24d6726e2bc09b81302b77a73428ef49c88e165486e514"
"unzip/games/strategy/What's My Logic? (4am crack)/What's My Logic? (4am crack)/What's My Logic? (4am crack).dsk","d6f95737412c6183f48f9e5b2e51b342ba9b3f613befc944e5b479b512f3bfce","MIDWEST","RTSTRP.APPLE","93629b22a4916e1f8affaa738a0637665191940152928b5c7d876ff9d800a113","aaa96b0c5648f67d1217e6cbbba76e5447531a0cfed515a49adcc6148e7b6220","246f1cf18556de0a981cbddb3926abe73349d0558df58422cf1cc173eceb600d","2aab718c9e2386ca1a718e09b02b4f0cf257abe0d4ca6d3ebb3f43e41a4a8e64","/Users/chris/Repos/pdisasm/Tools/pascal-results/images/d6f95737412c6183f48f9e5b2e51b342ba9b3f613befc944e5b479b512f3bfce"
"unzip/productivity/misc/NoteCard Maker (4am crack)/NoteCard Maker (4am crack) disk 2 - tutorial.dsk","7a9548ec3cdc565afb4767019250be2493d6f59b5e5ffa89dbeb93df21533f72","RTTUT","SYSTEM.APPLE","49b1bbbd162e00df30a59b10aa591032e16b0fa5fec88512053827339b96383e","1e1f49d81a10939c89b0ceb20f4f619853c83c0c77c85774e991fd1119db6f69","3582655c06e3eb6ccc41e01ad8153aca3a4682b9f76b54c7e91fb2fd34eba363","190f9410ae628d485d58a0b0ae1cc761c88233d916afdc9abb54443a80891003","/Users/chris/Repos/pdisasm/Tools/pascal-results/images/7a9548ec3cdc565afb4767019250be2493d6f59b5e5ffa89dbeb93df21533f72"
"unzip/productivity/misc/NoteCard Maker (4am crack)/NoteCard Maker (4am crack) disk 1 - program.dsk","24e328599046733bad8446270e2e7fe53a4e238299830d350df8e8070eb640a9","NCMTOOL","SYSTEM.APPLE","49b1bbbd162e00df30a59b10aa591032e16b0fa5fec88512053827339b96383e","1e1f49d81a10939c89b0ceb20f4f619853c83c0c77c85774e991fd1119db6f69","4072201a23fc029258a85e6ba6003b29b271e04e5810f560dc75410a3ed24fbd","190f9410ae628d485d58a0b0ae1cc761c88233d916afdc9abb54443a80891003","/Users/chris/Repos/pdisasm/Tools/pascal-results/images/24e328599046733bad8446270e2e7fe53a4e238299830d350df8e8070eb640a9"
"unzip/productivity/database/Friendly Filer (4am crack)/Friendly Filer (4am crack)/Friendly Filer (4am crack) side A.dsk","fd0b0a2bc54c89cc784e20fbaf1394ba3117405e7c972855410dd70795aeb6c8","BADBEJ","SYSTEM.APPLE","49b1bbbd162e00df30a59b10aa591032e16b0fa5fec88512053827339b96383e","1e1f49d81a10939c89b0ceb20f4f619853c83c0c77c85774e991fd1119db6f69","af42d639420f62f2e270807ae58a7def43aa629843b38c0242d20263d94bae67","f47c1d4df0e94a3ea6a9aa7c3c1f6fcca4ee91fd0990a72d35e60644962874e2","/Users/chris/Repos/pdisasm/Tools/pascal-results/images/fd0b0a2bc54c89cc784e20fbaf1394ba3117405e7c972855410dd70795aeb6c8"
"unzip/productivity/database/InforMaster (4am crack)/InforMaster (4am crack)/InforMaster (4am crack).dsk","9d8d9af44c301bcc332e03acae02dee6424ab564c46c6912cb0e027ce819a5eb","BADBEJ","SYSTEM.APPLE","49b1bbbd162e00df30a59b10aa591032e16b0fa5fec88512053827339b96383e","1e1f49d81a10939c89b0ceb20f4f619853c83c0c77c85774e991fd1119db6f69","16533b25edee87516003f017a1a15aba0a7e070a1ce9a6facac57e3b5beeacba","e9df46631dc1ebd6a8db12f3d7bbf21a43fa9c0dc8e56e54c10844d176001b9f","/Users/chris/Repos/pdisasm/Tools/pascal-results/images/9d8d9af44c301bcc332e03acae02dee6424ab564c46c6912cb0e027ce819a5eb"
"unzip/productivity/database/Omnis_3_Database_Manager/Omnis 3 Database Manager/Omnis 3 Database Manager.2mg","b98757cd725ae6a824c80f7a6e05a4aa9a00f8363b08bfb7c3a029b2a74287bd","O3SYS","SYSTEM.APPLE","2d9d547e62a2b566b2cb2a26f311b321ab1d95a06cf6aaa68d1e9930fdd6b40d","98eb236ebae21950de87485bd83256642a73bb0727aae60d2cbbaf97165c6e15","a13e2f2bfdc08cbcf7be85409f1c19dcb16b3890a0b9a97957cf5d7ad31fa5ea","c7970cfa1e71fac107bc52d78765188371e30c0b3d66339000f73c5b72538763","/Users/chris/Repos/pdisasm/Tools/pascal-results/images/b98757cd725ae6a824c80f7a6e05a4aa9a00f8363b08bfb7c3a029b2a74287bd"
"unzip/productivity/word_processing/The Incredible JACK (Of all Trades) - Business Solutions/The Incredible JACK (Of all Trades) - Business Solutions.NIB","af16dde0d95ab968087d829ac1250eac11d5e1511e3eae1c1a8a5b2c82ac5870","J","SYSTEM.APPLE","2443c23e7538ebfc0227525e4a80878dfae0b96a8a445cb1c4b4332f433a8ae6","ef890517c1eb403c6029ac1063aac4c197ca4617995f7eaa964f8bcc9e688844","aaedda6d6edf10510d1a9f00014d571e445bf526868afda293518e90a5ea1449","190f9410ae628d485d58a0b0ae1cc761c88233d916afdc9abb54443a80891003","/Users/chris/Repos/pdisasm/Tools/pascal-results/images/af16dde0d95ab968087d829ac1250eac11d5e1511e3eae1c1a8a5b2c82ac5870"
"unzip/productivity/integrated/pfs/PFS Report vB.02 (4am crack)/PFS Report vB.02 (4am crack)/PFS Report vB.02 (4am crack).dsk","a5cecf0085010f4dce06210cf43287a730713dabfa2fcabe0f27416499d6bae1","REPORT","RTSTRP.APPLE","93629b22a4916e1f8affaa738a0637665191940152928b5c7d876ff9d800a113","aaa96b0c5648f67d1217e6cbbba76e5447531a0cfed515a49adcc6148e7b6220","00aac73bdb87d47fcd83483ef29c6b36d75397d56cd721edbad885473e29d20c","6f95245e71173839bf5f064e06c4f78de1728c77bc9a4f04be58a1a1b44dc943","/Users/chris/Repos/pdisasm/Tools/pascal-results/images/a5cecf0085010f4dce06210cf43287a730713dabfa2fcabe0f27416499d6bae1"
"unzip/productivity/integrated/pfs/PFS vA.02 (4am crack)/PFS vA.02 (4am crack)/PFS vA.02 (4am crack).dsk","4747f739372ea6adb6054ef83085c8977c847758f519a99ccab2a5d7f8c10eaa","BLANK","RT0003.APPLE","ca5f32c90175a75ddb3ef362b89ea8675015cb88786d2c8c7fb10d19de7d43c0","757bef80851a9959555426849547980ec5bb4782157621830df172b76d322ba9","b57350921a8eea1f989206e16a84c603586f035b3edaea2dcb9cac0f35a0b265","ed6710635884012aca322556714ebd7051d855a45849aa56eda6787cf012e577","/Users/chris/Repos/pdisasm/Tools/pascal-results/images/4747f739372ea6adb6054ef83085c8977c847758f519a99ccab2a5d7f8c10eaa"
"unzip/productivity/integrated/pfs/PFS vA.02 (4am crack)/PFS vA.02 (4am crack)/PFS vA.02 (4am crack).dsk","4747f739372ea6adb6054ef83085c8977c847758f519a99ccab2a5d7f8c10eaa","BLANK","RT0004.APPLE","7a97ef8045b012b07803769b541a754c030921b5480f02dc1913b7672587da3b","757bef80851a9959555426849547980ec5bb4782157621830df172b76d322ba9","b57350921a8eea1f989206e16a84c603586f035b3edaea2dcb9cac0f35a0b265","ed6710635884012aca322556714ebd7051d855a45849aa56eda6787cf012e577","/Users/chris/Repos/pdisasm/Tools/pascal-results/images/4747f739372ea6adb6054ef83085c8977c847758f519a99ccab2a5d7f8c10eaa"
"unzip/productivity/integrated/pfs/PFS File vA.00 (4am crack)/PFS File vA.00 (4am crack)/PFS File vA.00 (4am crack).dsk","a22960d9f4461c2ceabdef73709913aa441f3da5d14e5834ed8b0328a74a8ea4","FILEA00","SYSTEM.APPLE","2443c23e7538ebfc0227525e4a80878dfae0b96a8a445cb1c4b4332f433a8ae6","ef890517c1eb403c6029ac1063aac4c197ca4617995f7eaa964f8bcc9e688844","e3996bf923db8a596935df7856da745b24f8afedd8a773d4034a9e796a2446cc","190f9410ae628d485d58a0b0ae1cc761c88233d916afdc9abb54443a80891003","/Users/chris/Repos/pdisasm/Tools/pascal-results/images/a22960d9f4461c2ceabdef73709913aa441f3da5d14e5834ed8b0328a74a8ea4"
"unzip/productivity/integrated/pfs/PFS vB.00 (4am crack)/PFS vB.00 (4am crack)/PFS vB.00 (4am crack).dsk","780ba050283323c634eb6d04ac5a752541aba199520cc225870031dccd9c003b","PFS2B","RTSTRP.APPLE","93629b22a4916e1f8affaa738a0637665191940152928b5c7d876ff9d800a113","aaa96b0c5648f67d1217e6cbbba76e5447531a0cfed515a49adcc6148e7b6220","00aac73bdb87d47fcd83483ef29c6b36d75397d56cd721edbad885473e29d20c","6f95245e71173839bf5f064e06c4f78de1728c77bc9a4f04be58a1a1b44dc943","/Users/chris/Repos/pdisasm/Tools/pascal-results/images/780ba050283323c634eb6d04ac5a752541aba199520cc225870031dccd9c003b"
"unzip/productivity/graphics/misc/Grid Designer (4am crack)/Grid Designer (4am crack)/Grid Designer (4am crack) side A.dsk","cdff6180d46f99bd279dccd959baf139ff59e4378c40abae4aee842a6f8fdd55","BLANK27","SYSTEM.APPLE","f7b541b27673739db27deb8f9b9fe4003cb25c4b5fbec905674284f58a6c1286","97a1688dfa2c4838461f8e522b5def79124c6fb53ed022560c9bfffaed12f656","4049411a742a509a8614f346dcc6dbcf9f0ec32d050cb657c9d6b578a7dad959","190f9410ae628d485d58a0b0ae1cc761c88233d916afdc9abb54443a80891003","/Users/chris/Repos/pdisasm/Tools/pascal-results/images/cdff6180d46f99bd279dccd959baf139ff59e4378c40abae4aee842a6f8fdd55"
"unzip/productivity/graphics/misc/Grid Designer (4am crack)/Grid Designer (4am crack)/Grid Designer (4am crack) side B.dsk","a723c031223ba18b50461b4d4e1e9b019217ebc9d8342cf5e216dd502b42c2bf","BLANK13","SYSTEM.APPLE","f7b541b27673739db27deb8f9b9fe4003cb25c4b5fbec905674284f58a6c1286","97a1688dfa2c4838461f8e522b5def79124c6fb53ed022560c9bfffaed12f656","4049411a742a509a8614f346dcc6dbcf9f0ec32d050cb657c9d6b578a7dad959","190f9410ae628d485d58a0b0ae1cc761c88233d916afdc9abb54443a80891003","/Users/chris/Repos/pdisasm/Tools/pascal-results/images/a723c031223ba18b50461b4d4e1e9b019217ebc9d8342cf5e216dd502b42c2bf"
"unzip/productivity/graphics/misc/DiscoverCAD_II/DiscoverCAD II/DiscoverCAD II v3_3.2mg","e989b43ffe7869e9aff99d4a0a3daeb74949d572d3c01e68aaef9f8908b46736","DISCAD1","SYSTEM.APPLE","63c1c07794a1ab9e0965f68393001f5fc1fff55fe3b7cc6aa7fb12bf66f35097","2ec2736219293eb985f5da6faa66c76606ea981f4984aba3d1b2131fc6117f2c","407fa1fc20411e0a56c6cb75f519e1923d78d36511d4af9ac765ff46fe9f7902","c7970cfa1e71fac107bc52d78765188371e30c0b3d66339000f73c5b72538763","/Users/chris/Repos/pdisasm/Tools/pascal-results/images/e989b43ffe7869e9aff99d4a0a3daeb74949d572d3c01e68aaef9f8908b46736"
"unzip/productivity/graphics/cad/Vision2000Cad/Vision2000Help.dsk","6858cdbc41b96aa1e461f855a17e87052110877893073a8f6c85e8ca160d1a1c","HELP","SYSTEM.APPLE","49b1bbbd162e00df30a59b10aa591032e16b0fa5fec88512053827339b96383e","1e1f49d81a10939c89b0ceb20f4f619853c83c0c77c85774e991fd1119db6f69","c2182744860e3cb1a2057518596223ed0b4f8abea36fa174f1608d823d609ac9","190f9410ae628d485d58a0b0ae1cc761c88233d916afdc9abb54443a80891003","/Users/chris/Repos/pdisasm/Tools/pascal-results/images/6858cdbc41b96aa1e461f855a17e87052110877893073a8f6c85e8ca160d1a1c"
"unzip/productivity/graphics/cad/Vision2000Cad/Vision2000System.dsk","5ca24c254ff13d39ae601f3e965c7428286f6edd64ff506c7d31afb7f2e7bb73","CAD","SYSTEM.APPLE","6701bcee4840864e6306d744c12fa3c6d47413321eebbe15cbe1bab3d23118e9","fb5421152940287c0c0c49d4c5b9b50074d7f33722b5c8c5d1a44acc2d537657","69d1c3329b4df048c2a395c5a6d7a239ff4a39ff39aae454c89335b3cf6929c0","190f9410ae628d485d58a0b0ae1cc761c88233d916afdc9abb54443a80891003","/Users/chris/Repos/pdisasm/Tools/pascal-results/images/5ca24c254ff13d39ae601f3e965c7428286f6edd64ff506c7d31afb7f2e7bb73"
"files/images/games/collections/Wizard Replay v1.0.hdv/X/WIZ123/WIZARDRY3.B","da6b7dbed6b0abc29fb819e93d98f0719ccbce623d3f662f9b5c7d2d1c4f2241","LOLBOOT","RTSTRP.APPLE","fb909d174d2c1951a3796b4692446d9aa812ad555146874c57a6bef6719d08bd","aaa96b0c5648f67d1217e6cbbba76e5447531a0cfed515a49adcc6148e7b6220","c4e561fddb5d40c716ddcfff4f6c49c476d106cd0860b27e153960155baaec14","6f95245e71173839bf5f064e06c4f78de1728c77bc9a4f04be58a1a1b44dc943","/Users/chris/Repos/pdisasm/Tools/pascal-results/images/da6b7dbed6b0abc29fb819e93d98f0719ccbce623d3f662f9b5c7d2d1c4f2241"
"files/images/games/collections/Wizard Replay v1.0.hdv/X/WIZ123/WIZARDRY2.B","09d2e704933260fa9293c75a829fce853ef6f5ec7344a201090f98d4f0faa4a5","KODBV2","RTSTRP.APPLE","fb909d174d2c1951a3796b4692446d9aa812ad555146874c57a6bef6719d08bd","aaa96b0c5648f67d1217e6cbbba76e5447531a0cfed515a49adcc6148e7b6220","00aac73bdb87d47fcd83483ef29c6b36d75397d56cd721edbad885473e29d20c","6f95245e71173839bf5f064e06c4f78de1728c77bc9a4f04be58a1a1b44dc943","/Users/chris/Repos/pdisasm/Tools/pascal-results/images/09d2e704933260fa9293c75a829fce853ef6f5ec7344a201090f98d4f0faa4a5"
"files/images/games/collections/san_inc_prodos/Wizardry - Proving Grounds of the Mad Overlord v2.1 PRODOS (san inc crack).po/WIZARDRY1.B","b0b5b8d4be0e71f1a460249b5661d858383001a9dfa964e5a10d48ba636a6da3","WBV2.1","RTSTRP.APPLE","93629b22a4916e1f8affaa738a0637665191940152928b5c7d876ff9d800a113","aaa96b0c5648f67d1217e6cbbba76e5447531a0cfed515a49adcc6148e7b6220","00aac73bdb87d47fcd83483ef29c6b36d75397d56cd721edbad885473e29d20c","6f95245e71173839bf5f064e06c4f78de1728c77bc9a4f04be58a1a1b44dc943","/Users/chris/Repos/pdisasm/Tools/pascal-results/images/b0b5b8d4be0e71f1a460249b5661d858383001a9dfa964e5a10d48ba636a6da3"
"files/images/games/collections/san_inc_prodos/galactic attack PRODOS (san inc pack).po/GALAC.ATTACK.1","a2e93f320994ee06c31c3235b8542e8377acd736f269101064049a047161360b","NGABOOT","RTSTRP.APPLE","93629b22a4916e1f8affaa738a0637665191940152928b5c7d876ff9d800a113","aaa96b0c5648f67d1217e6cbbba76e5447531a0cfed515a49adcc6148e7b6220","00aac73bdb87d47fcd83483ef29c6b36d75397d56cd721edbad885473e29d20c","6f95245e71173839bf5f064e06c4f78de1728c77bc9a4f04be58a1a1b44dc943","/Users/chris/Repos/pdisasm/Tools/pascal-results/images/a2e93f320994ee06c31c3235b8542e8377acd736f269101064049a047161360b"
"files/images/games/collections/4am_prodos/Language Activities Courseware Level 3- The House of Nouns (4am and san inc pack).po/SIDE.A","e393709f44fa33aff6ab7f2a1b1ae1206aa93cbee8fc0b3b7171d17212c6ec17","GAME","SYSTEM.APPLE","67adc957afa1fc3cae9177ef42846ea1c31fd44f5a00e0694f63acafd248aed5","3189798e4f598903441f35941277fa9d412ea0cba298e662923f8e2e50003f29","20abe37374f46318b9de7c2a411a851b00434e3a3e7867c4b48044056a921d00","190f9410ae628d485d58a0b0ae1cc761c88233d916afdc9abb54443a80891003","/Users/chris/Repos/pdisasm/Tools/pascal-results/images/e393709f44fa33aff6ab7f2a1b1ae1206aa93cbee8fc0b3b7171d17212c6ec17"
"files/images/games/collections/4am_prodos/Language Activities Courseware Level 3- Letter Writer (4am and san inc pack).po/SIDE.A","b518bb2d87a6531fb0179437ea53c0a29b84fc1695211b7c94ef43b128638688","LETTER","SYSTEM.APPLE","67adc957afa1fc3cae9177ef42846ea1c31fd44f5a00e0694f63acafd248aed5","3189798e4f598903441f35941277fa9d412ea0cba298e662923f8e2e50003f29","20abe37374f46318b9de7c2a411a851b00434e3a3e7867c4b48044056a921d00","190f9410ae628d485d58a0b0ae1cc761c88233d916afdc9abb54443a80891003","/Users/chris/Repos/pdisasm/Tools/pascal-results/images/b518bb2d87a6531fb0179437ea53c0a29b84fc1695211b7c94ef43b128638688"
"files/images/games/collections/4am_prodos/Language Activities Courseware Level 3- Definitions Trio (4am and san inc pack).po/SIDE.A","475ef315c70e79549c9b28a35a9e622525a239ed9cfde9c601264968feff5456","GAME","SYSTEM.APPLE","67adc957afa1fc3cae9177ef42846ea1c31fd44f5a00e0694f63acafd248aed5","3189798e4f598903441f35941277fa9d412ea0cba298e662923f8e2e50003f29","20abe37374f46318b9de7c2a411a851b00434e3a3e7867c4b48044056a921d00","190f9410ae628d485d58a0b0ae1cc761c88233d916afdc9abb54443a80891003","/Users/chris/Repos/pdisasm/Tools/pascal-results/images/475ef315c70e79549c9b28a35a9e622525a239ed9cfde9c601264968feff5456"
"files/images/games/collections/4am_prodos/The Mist (4am and san inc pack).po/SIDE.A","0acf74298e1ef91de2e49698cc5067854ea11492aaf1a184dee463e15084e589","G1","SYSTEM.APPLE","aa38b1b4c88ed52de6d637d7b1fab79aad4a4ee3696f0be9dc1a4af4428aa070","1e1f49d81a10939c89b0ceb20f4f619853c83c0c77c85774e991fd1119db6f69","c2182744860e3cb1a2057518596223ed0b4f8abea36fa174f1608d823d609ac9","9ce27c33efc5577156dc89b80135fda17a450796618487fa894e876887aea67e","/Users/chris/Repos/pdisasm/Tools/pascal-results/images/0acf74298e1ef91de2e49698cc5067854ea11492aaf1a184dee463e15084e589"
"files/images/games/collections/4am_prodos/Bible Discovery (4am and san inc pack).po/SIDE.A","3cf7e2f41304584ac490a483d2c7d2fb4d92e1f58f209e80d4114298ee16b7e7","FOKPROG","SYSTEM.APPLE","2191988b886512fabf094b107faf3a08d27678ea38723097f80737ab1ef74d84","3189798e4f598903441f35941277fa9d412ea0cba298e662923f8e2e50003f29","2ca65942987408baaa2dbce8b32140a174d3cda3c6668f5c412fb25e080dbc8b","048c089e53438cc7066a73065409827ee44a382c798ce3718897716279cfc3dc","/Users/chris/Repos/pdisasm/Tools/pascal-results/images/3cf7e2f41304584ac490a483d2c7d2fb4d92e1f58f209e80d4114298ee16b7e7"
"files/images/games/collections/4am_prodos/High Stakes (4am and san inc pack).po/SIDE.A","de17214935fefb6ca9603256fe7bee3f2dc672b669cb2a556a76ce2d6a891b76","G1","SYSTEM.APPLE","aa38b1b4c88ed52de6d637d7b1fab79aad4a4ee3696f0be9dc1a4af4428aa070","1e1f49d81a10939c89b0ceb20f4f619853c83c0c77c85774e991fd1119db6f69","c2182744860e3cb1a2057518596223ed0b4f8abea36fa174f1608d823d609ac9","802a8c6c14f2461b8132dfbcda29cbdc91d8acde288b022797765a232e32555a","/Users/chris/Repos/pdisasm/Tools/pascal-results/images/de17214935fefb6ca9603256fe7bee3f2dc672b669cb2a556a76ce2d6a891b76"
"files/images/games/collections/4am_prodos/Rambo- First Blood Part II (4am and san inc pack).po/SIDE.A","29a06d8eb6d6a20a82469d057c3592c830bd7762162cdace2c761f98b653c52c","G1","SYSTEM.APPLE","aa38b1b4c88ed52de6d637d7b1fab79aad4a4ee3696f0be9dc1a4af4428aa070","1e1f49d81a10939c89b0ceb20f4f619853c83c0c77c85774e991fd1119db6f69","c2182744860e3cb1a2057518596223ed0b4f8abea36fa174f1608d823d609ac9","42d839d4a927933a9ef041c4e6faffdf534260cc0eeeaf4c842debbcafec8e5a","/Users/chris/Repos/pdisasm/Tools/pascal-results/images/29a06d8eb6d6a20a82469d057c3592c830bd7762162cdace2c761f98b653c52c"
"files/images/games/collections/4am_prodos/Language Activities Courseware Level 3- The Verb Arcade (4am and san inc pack).po/SIDE.A","e12bd59d876a14444c1b79dfa734af1a7215aee83b60513838dfa90d2edc9314","ARCADE","SYSTEM.APPLE","67adc957afa1fc3cae9177ef42846ea1c31fd44f5a00e0694f63acafd248aed5","3189798e4f598903441f35941277fa9d412ea0cba298e662923f8e2e50003f29","20abe37374f46318b9de7c2a411a851b00434e3a3e7867c4b48044056a921d00","190f9410ae628d485d58a0b0ae1cc761c88233d916afdc9abb54443a80891003","/Users/chris/Repos/pdisasm/Tools/pascal-results/images/e12bd59d876a14444c1b79dfa734af1a7215aee83b60513838dfa90d2edc9314"
"files/images/games/collections/4am_prodos/A View to a Kill (4am and san inc pack).po/SIDE.A","cffb18e9a9ff847443b0f3b4d1f0733c1a9960ff14aced1c4d0747ea5f938010","G1","SYSTEM.APPLE","aa38b1b4c88ed52de6d637d7b1fab79aad4a4ee3696f0be9dc1a4af4428aa070","1e1f49d81a10939c89b0ceb20f4f619853c83c0c77c85774e991fd1119db6f69","c2182744860e3cb1a2057518596223ed0b4f8abea36fa174f1608d823d609ac9","9ce27c33efc5577156dc89b80135fda17a450796618487fa894e876887aea67e","/Users/chris/Repos/pdisasm/Tools/pascal-results/images/cffb18e9a9ff847443b0f3b4d1f0733c1a9960ff14aced1c4d0747ea5f938010"
"files/images/games/collections/4am_prodos/Voodoo Island (4am and san inc pack).po/SIDE.A","9868b2bbe6e9e2718656ac3b0c970810c061e1eea2fe2b50a47241b45b0eead6","G1","SYSTEM.APPLE","aa38b1b4c88ed52de6d637d7b1fab79aad4a4ee3696f0be9dc1a4af4428aa070","1e1f49d81a10939c89b0ceb20f4f619853c83c0c77c85774e991fd1119db6f69","c2182744860e3cb1a2057518596223ed0b4f8abea36fa174f1608d823d609ac9","802a8c6c14f2461b8132dfbcda29cbdc91d8acde288b022797765a232e32555a","/Users/chris/Repos/pdisasm/Tools/pascal-results/images/9868b2bbe6e9e2718656ac3b0c970810c061e1eea2fe2b50a47241b45b0eead6"
"files/images/games/collections/4am_prodos/Language Activities Courseware Level 3- Humpty Dumpty Sentences (4am and san inc pack).po/SIDE.A","d1d3882ef83ef083e4c348c8647eef425305caa8fb748dbb8a7e993385e1b22d","HUMPTY","SYSTEM.APPLE","67adc957afa1fc3cae9177ef42846ea1c31fd44f5a00e0694f63acafd248aed5","3189798e4f598903441f35941277fa9d412ea0cba298e662923f8e2e50003f29","20abe37374f46318b9de7c2a411a851b00434e3a3e7867c4b48044056a921d00","190f9410ae628d485d58a0b0ae1cc761c88233d916afdc9abb54443a80891003","/Users/chris/Repos/pdisasm/Tools/pascal-results/images/d1d3882ef83ef083e4c348c8647eef425305caa8fb748dbb8a7e993385e1b22d"
"files/images/games/collections/4am_prodos/Language Activities Courseware Level 3- Descriptions (4am and san inc pack).po/SIDE.A","69f44e0a513e807de49f019615071e495bce6e19fa5ed5f768bc30181d62cd56","NEW1","SYSTEM.APPLE","67adc957afa1fc3cae9177ef42846ea1c31fd44f5a00e0694f63acafd248aed5","3189798e4f598903441f35941277fa9d412ea0cba298e662923f8e2e50003f29","20abe37374f46318b9de7c2a411a851b00434e3a3e7867c4b48044056a921d00","190f9410ae628d485d58a0b0ae1cc761c88233d916afdc9abb54443a80891003","/Users/chris/Repos/pdisasm/Tools/pascal-results/images/69f44e0a513e807de49f019615071e495bce6e19fa5ed5f768bc30181d62cd56"
"files/images/games/collections/4am_prodos/Forbidden Castle (4am and san inc pack).po/SIDE.A","b59d3c17913bc90a2ace1c8c28feedf0c98083db7f85715e95c5d146495dc6f4","G1","SYSTEM.APPLE","aa38b1b4c88ed52de6d637d7b1fab79aad4a4ee3696f0be9dc1a4af4428aa070","1e1f49d81a10939c89b0ceb20f4f619853c83c0c77c85774e991fd1119db6f69","c2182744860e3cb1a2057518596223ed0b4f8abea36fa174f1608d823d609ac9","802a8c6c14f2461b8132dfbcda29cbdc91d8acde288b022797765a232e32555a","/Users/chris/Repos/pdisasm/Tools/pascal-results/images/b59d3c17913bc90a2ace1c8c28feedf0c98083db7f85715e95c5d146495dc6f4"
"files/images/games/collections/4am_prodos/Indiana Jones in Revenge of the Ancients (4am and san inc pack).po/SIDE.A","c3f664bc115b996316b8d1a9812cd5ae29328b5de6565a258407cc092fa6754a","G1","SYSTEM.APPLE","aa38b1b4c88ed52de6d637d7b1fab79aad4a4ee3696f0be9dc1a4af4428aa070","1e1f49d81a10939c89b0ceb20f4f619853c83c0c77c85774e991fd1119db6f69","c2182744860e3cb1a2057518596223ed0b4f8abea36fa174f1608d823d609ac9","802a8c6c14f2461b8132dfbcda29cbdc91d8acde288b022797765a232e32555a","/Users/chris/Repos/pdisasm/Tools/pascal-results/images/c3f664bc115b996316b8d1a9812cd5ae29328b5de6565a258407cc092fa6754a"
"files/images/games/collections/4am_prodos/Language Activities Courseware Level 3- Contraction Silhouette (4am and san inc pack).po/SIDE.A","312adbeb642fcb3e6ecfb90fb2ef370aee2d0b0c00f45c051e6b83869dc3ffb4","NEW1","SYSTEM.APPLE","67adc957afa1fc3cae9177ef42846ea1c31fd44f5a00e0694f63acafd248aed5","3189798e4f598903441f35941277fa9d412ea0cba298e662923f8e2e50003f29","20abe37374f46318b9de7c2a411a851b00434e3a3e7867c4b48044056a921d00","190f9410ae628d485d58a0b0ae1cc761c88233d916afdc9abb54443a80891003","/Users/chris/Repos/pdisasm/Tools/pascal-results/images/312adbeb642fcb3e6ecfb90fb2ef370aee2d0b0c00f45c051e6b83869dc3ffb4"
"files/images/games/collections/4am_prodos/Goldfinger (4am and san inc pack).po/SIDE.A","db35423cbd633ae2706f22afd116fd8737acc1df51743771ffc32339b1b7f4b4","G1","SYSTEM.APPLE","aa38b1b4c88ed52de6d637d7b1fab79aad4a4ee3696f0be9dc1a4af4428aa070","1e1f49d81a10939c89b0ceb20f4f619853c83c0c77c85774e991fd1119db6f69","c2182744860e3cb1a2057518596223ed0b4f8abea36fa174f1608d823d609ac9","802a8c6c14f2461b8132dfbcda29cbdc91d8acde288b022797765a232e32555a","/Users/chris/Repos/pdisasm/Tools/pascal-results/images/db35423cbd633ae2706f22afd116fd8737acc1df51743771ffc32339b1b7f4b4"
"files/images/games/collections/4am_prodos/Language Activities Courseware Level 3- Rhyming Words (4am and san inc pack).po/SIDE.A","b01cc2c4c926b961bb39e1c2de880391b850eef8834db585cdd3c8661893411d","NEW","SYSTEM.APPLE","67adc957afa1fc3cae9177ef42846ea1c31fd44f5a00e0694f63acafd248aed5","3189798e4f598903441f35941277fa9d412ea0cba298e662923f8e2e50003f29","20abe37374f46318b9de7c2a411a851b00434e3a3e7867c4b48044056a921d00","190f9410ae628d485d58a0b0ae1cc761c88233d916afdc9abb54443a80891003","/Users/chris/Repos/pdisasm/Tools/pascal-results/images/b01cc2c4c926b961bb39e1c2de880391b850eef8834db585cdd3c8661893411d"
"Collection_4am.tar.gz!Collection_4am.tar!unsorted/PFS Etat 1984-11-26 (4am crack).zip!PFS Etat 1984-11-26 (4am crack)/PFS Etat 1984-11-26 (4am crack).dsk","0ba12b06f08669b1dd84f61a22b8fd65f97e619ba8c9b5f46e4a20275ca644d4","ETAT","SYSTEM.APPLE","49b1bbbd162e00df30a59b10aa591032e16b0fa5fec88512053827339b96383e","1e1f49d81a10939c89b0ceb20f4f619853c83c0c77c85774e991fd1119db6f69","","190f9410ae628d485d58a0b0ae1cc761c88233d916afdc9abb54443a80891003","/Users/chris/Repos/pdisasm/Tools/pascal-results/images/0ba12b06f08669b1dd84f61a22b8fd65f97e619ba8c9b5f46e4a20275ca644d4"
"Collection_4am.tar.gz!Collection_4am.tar!unsorted/PFS Write 1984-09-27 (4am crack).zip!PFS Write 1984-09-27 (4am crack)/PFS Write 1984-09-27 (4am crack).dsk","0eed15937493e041b4739b037761b7427449eca2ee23d1189bd9c649624ee58a","PFSWORD","SYSTEM.APPLE","f7b541b27673739db27deb8f9b9fe4003cb25c4b5fbec905674284f58a6c1286","97a1688dfa2c4838461f8e522b5def79124c6fb53ed022560c9bfffaed12f656","","190f9410ae628d485d58a0b0ae1cc761c88233d916afdc9abb54443a80891003","/Users/chris/Repos/pdisasm/Tools/pascal-results/images/0eed15937493e041b4739b037761b7427449eca2ee23d1189bd9c649624ee58a"
"Interface Cards/CPU/Stellation Two The Mill - 6809/Disk Images/6809 The Mill Pascal Speed-Up Disk - Disk 1, Side A.dsk","121e5ebcbcc68fcd222ca674b862d5d98dac88a14ea86f31961fc754df614ff8","APPLE1","SYSTEM.APPLE","14b675db86a3954c71473dfdecb8cbeb56df19501d7ee6c41d039996bd5b29ff","ef890517c1eb403c6029ac1063aac4c197ca4617995f7eaa964f8bcc9e688844","","190f9410ae628d485d58a0b0ae1cc761c88233d916afdc9abb54443a80891003","/Users/chris/Repos/pdisasm/Tools/pascal-results/images/121e5ebcbcc68fcd222ca674b862d5d98dac88a14ea86f31961fc754df614ff8"
"Collection_4am.tar.gz!Collection_4am.tar!unsorted/PFS Fichier 1984-11-26 (4am crack).zip!PFS Fichier 1984-11-26 (4am crack)/PFS Fichier 1984-11-26 (4am crack).dsk","19aad19f790f1262bdd1c77b6251885e25d9e99b6c4f38f8cf0066b45ec26a55","FICHIER","SYSTEM.APPLE","49b1bbbd162e00df30a59b10aa591032e16b0fa5fec88512053827339b96383e","1e1f49d81a10939c89b0ceb20f4f619853c83c0c77c85774e991fd1119db6f69","","190f9410ae628d485d58a0b0ae1cc761c88233d916afdc9abb54443a80891003","/Users/chris/Repos/pdisasm/Tools/pascal-results/images/19aad19f790f1262bdd1c77b6251885e25d9e99b6c4f38f8cf0066b45ec26a55"

