"Path","VolumeName","Comment","Filename","InterpreterMD5","PascalMD5","LibraryMD5","PascalSegments","PascalSegmentNumbers","LibrarySegments","LibrarySegmentNumbers","InterpreterVersion","InterpreterFlavor","PascalSegmentVersion","LibrarySegmentVersion","OpcodeTableOffset","CSPTableOffset","ABI 128","ABR 129","ADI 130","ADR 131","LAND 132","DIF 133","DVI 134","DVR 135","CHK 136","FLO 137","FLT 138","INN 139","INT 140","LOR 141","MODI 142","MPI 143","MPR 144","NGI 145","NGR 146","LNOT 147","SRS 148","SBI 149","SBR 150","SGS 151","SQI 152","SQR 153","STO 154","IXS 155","UNI 156","LDE 157","CSP 158","LDCN 159","ADJ 160","FJP 161","INC 162","IND 163","IXA 164","LAO 165","LSA 166","LAE 167","MOV 168","LDO 169","SAS 170","SRO 171","XJP 172","RNP 173","CIP 174","CEQL 175","CGEQ 176","CGTR 177","LDA 178","LDC 179","CLEQ 180","CLES 181","LOD 182","CNEQ 183","STR 184","UJP 185","LDP 186","STP 187","LDM 188","STM 189","LDB 190","STB 191","IXP 192","RBP 193","CBP 194","EQUI 195","GEQI 196","GRTI 197","LLA 198","LDCI 199","LEQI 200","LESI 201","LDL 202","NEQI 203","STL 204","CXP 205","CLP 206","CGP 207","LPA 208","STE 209","NOP 210","OP211 211","OP212 212","BPT 213","XIT 214","NOP215 215","SLDL 1","SLDL 2","SLDL 3","SLDL 4","SLDL 5","SLDL 6","SLDL 7","SLDL 8","SLDL 9","SLDL 10","SLDL 11","SLDL 12","SLDL 13","SLDL 14","SLDL 15","SLDL 16","SLDO 1","SLDO 2","SLDO 3","SLDO 4","SLDO 5","SLDO 6","SLDO 7","SLDO 8","SLDO 9","SLDO 10","SLDO 11","SLDO 12","SLDO 13","SLDO 14","SLDO 15","SLDO 16","SIND 0","SIND 1","SIND 2","SIND 3","SIND 4","SIND 5","SIND 6","SIND 7","IOC","NEW","MOVL","MOVR","EXIT","UREAD","UWRT","IDS","TRS","TIME","FLCH","SCAN","USTAT","RSRVD13","RSRVD14","RSRVD15","RSRVD16","RSRVD17","RSRVD18","RSRVD19","RSRVD20","LDS","ULS","TNC","RND","SIN","COS","LOG","ATAN","LN","EXP","SQRT","MRK","RLS","IOR","UBUSY","POT","UWAIT","UCLR","HLT","MEMAV"
"pascal-results/images/8d12886d54e845b36bfb355b696b676773d2e5d23e854972e2f926f668c56ccb/files","CD","Also found at: pascal-results/images/f3ab563ae4e39306295ba4d7c54522e7ac238c2322fbad6eabe2a42b683d1b14/files (volume: A)","SYSTEM.APPLE","fc70d0eb8b6c8878feba615e6bf823f6","5a160e53833eab6ae1008555f4fc7d8f","7541bf817b240bff39cc488a6adb786f","PASCALSY;USERPROG;SYSIO;PRINTERR;INITIALI;GETCMD;FIOPRIMS;","0;1;2;3;4;5;6;15","PASCALIO;CHAINSTU;TRANSCEN;APPLESTU;PILOTSTU;PILOTSTU;TURTLEGR;TURTLEGR;VCONTROL;PCONTROL","31;28;29;22;25;26;20;21;24;27","0x02","0x0a","2","2","0x3000","0x3100","0xd6fb","0xec7a","0xd719","0xea8a","0xd5ab","0xdb97","0xd879","0xeb22","0xd8be","0xed07","0xed2a","0xdc95","0xdb60","0xd5be","0xd8a6","0xd782","0xec1d","0xd731","0xec88","0xd5d1","0xdd0c","0xd743","0xead1","0xdcfa","0xd7c9","0xec45","0xd4bb","0xd988","0xdbb9","0xd441","0xe670","0xd2d6","0xdc25","0xd29f","0xd9c7","0xd9ab","0xd9da","0xd383","0xd925","0xd48b","0xd597","0xd365","0xd947","0xd3a9","0xd5de","0xe37f","0xe293","0xde28","0xde20","0xde18","0xd3ed","0xd4d5","0xde24","0xde1c","0xd3c7","0xde14","0xd41b","0xd2a7","0xda5c","0xdab2","0xd508","0xd536","0xd563","0xd57d","0xda19","0xe36a","0xe339","0xdfa5","0xdf77","0xdf6f","0xd314","0xd2dd","0xdf73","0xdf6b","0xd2f6","0xdf7b","0xd33a","0xe314","0xe2e1","0xe2fd","0xd90d","0xd466","0xd28d","UNIMPL","UNIMPL","0xe7f3","0xd6e0","0xd28d","0xd2e9","0xd2e9","0xd2e9","0xd2e9","0xd2e9","0xd2e9","0xd2e9","0xd2e9","0xd2e9","0xd2e9","0xd2e9","0xd2e9","0xd2e9","0xd2e9","0xd2e9","0xd2e9","0xd358","0xd358","0xd358","0xd358","0xd358","0xd358","0xd358","0xd358","0xd358","0xd358","0xd358","0xd358","0xd358","0xd358","0xd358","0xd358","0xd4aa","0xd4a7","0xd4a7","0xd4a7","0xd4a7","0xd4a7","0xd4a7","0xd4a7","0xeecc","0xd66f","0xe868","0xe868","0xe74c","0xf031","0xf036","UNIMPL","UNIMPL","0xe809","0xe67a","0xe6bf","0xeeef","RSRVD","RSRVD","RSRVD","RSRVD","RSRVD","RSRVD","RSRVD","RSRVD","0xe65c","0xe666","0xed98","0xed83","UNIMPL","UNIMPL","UNIMPL","UNIMPL","UNIMPL","UNIMPL","UNIMPL","0xd6ab","0xd6c2","0xeec1","0xeed7","0xedad","0xeee5","0xef6d","0xe7fb","0xe8cc"
"pascal-results/images/1839825640061130ccde94d87a21f8027ca0e70e16a2ab723c79fef896ab77c8/files","HALFONE","Also found at: pascal-results/images/49b72ddefacebcb61bce884b12ba7d14db4b59f999d7b64eafd664739764b33e/files (volume: HALFONE); pascal-results/images/a2b274582078ecf200ce3b9392df7980d75d786005bbc4ec3c2991b5ba3c34b9/files (volume: HALFONE); pascal-results/images/3152c97b517cdb4c1a6b9cd68cdcf47ea384237b1ffefa2694a7ced55550a8ba/files (volume: HALFONE)","SYSTEM.APPLE","c93c194fe62efe4ab2d30e539ccb82d3","681977fa5a87ea54fa170ffa23b45848","9e1df81baf650465ef9e8883e5f97dbb","PASCALSY;USERPROG;FIOPRIMS;PRINTERR;INITIALI;GETCMD;SYSIO;","0;1;2;3;4;5;6;15","MGRKIT;MGRKIT;ASTUFF;INTROLIB;INTROLIB;INIT1;IPLIB","20;21;22;23;24;26;25","0x04","0x41","6","6","0x3000","0x3100","0xd791","0xf302","0xd7af","0xf112","0xd632","0xdd07","0xd913","0xf1aa","0xd958","0xf38f","0xf3b2","0xde0b","0xdcd0","0xd64b","0xd940","0xd81c","0xf2a5","0xd7c9","0xf310","0xd664","0xde82","0xd7db","0xf159","0xde70","0xd863","0xf2cd","0xd52a","0xdaec","0xdd29","0xd49e","0xecc1","0xd338","0xdd95","0xd2f6","0xdb2b","0xdb0f","0xdb3e","0xd3d9","0xd9fd","0xd4f4","0xd61e","0xd3bd","0xdaa5","0xd3f6","0xd671","0xe583","0xe461","0xdf9e","0xdf96","0xdf8e","0xd43e","0xd544","0xdf9a","0xdf92","0xd412","0xdf8a","0xd472","0xd300","0xdbcc","0xdc22","0xd581","0xd5b6","0xd5ea","0xd604","0xdb7d","0xe56e","0xe537","0xe121","0xe0f3","0xe0eb","0xd377","0xd33f","0xe0ef","0xe0e7","0xd35b","0xe0f7","0xd394","0xe500","0xe4c1","0xe4e3","0xd9d7","0xd4c9","0xd2dd","UNIMPL","UNIMPL","0xee75","0xd776","0xd2dd","0xd34e","0xd34e","0xd34e","0xd34e","0xd34e","0xd34e","0xd34e","0xd34e","0xd34e","0xd34e","0xd34e","0xd34e","0xd34e","0xd34e","0xd34e","0xd34e","0xd3b0","0xd3b0","0xd3b0","0xd3b0","0xd3b0","0xd3b0","0xd3b0","0xd3b0","0xd3b0","0xd3b0","0xd3b0","0xd3b0","0xd3b0","0xd3b0","0xd3b0","0xd3b0","0xd519","0xd516","0xd516","0xd516","0xd516","0xd516","0xd516","0xd516","0xf554","0xd705","0xeeea","0xeeea","0xeda4","0xf6bc","0xf6c1","UNIMPL","UNIMPL","0xee8b","0xecd2","0xed17","0xf577","RSRVD","RSRVD","RSRVD","RSRVD","RSRVD","RSRVD","RSRVD","RSRVD","0xecad","0xecb7","0xf420","0xf40b","UNIMPL","UNIMPL","UNIMPL","UNIMPL","UNIMPL","UNIMPL","UNIMPL","0xd741","0xd758","0xf549","0xf55f","0xf435","0xf56d","0xf5f2","0xee7d","0xef54"
"pascal-results/images/f8b178c266a580092d2a01189df2f9fd58553fdceb9ed853c3b04e2950e3f644/files","MASTER","","SYSTEM.APPLE","b77ab0cbb5771f26aa66049ca6edcf20","24ca8f71aca82a11063a21463ad22184","72ca4a71f79743d8a64afe6dfd8f4769","PASCALSY;USERPROG;DEBUGGER;PRINTERR;INITIALI;GETCMD;FILEPROC;","0;1;2;3;4;5;6;15","APPLESTU;CHAINSTU;TURTLEGR;TURTLEGR;DOSSTUFF;DOSSTUFF;DOSSDISK;USERSTUF;USERSTUF;PROGSTUF;DOSSTEMP;DOSSTEMP;DOSSMATH;DOSSCOPY;DOSSRUN","22;28;20;21;30;31;25;26;27;23;18;19;24;29;17","0x02","0x01","2","3","0x3000","0x3100","0xd6bb","0xecb2","0xd6d9","0xeac2","0xd56b","0xdb57","0xd839","0xeb5a","0xd87e","0xed3f","0xed62","0xdc55","0xdb20","0xd57e","0xd866","0xd742","0xec55","0xd6f1","0xecc0","0xd591","0xdccc","0xd703","0xeb09","0xdcba","0xd789","0xec7d","0xd47b","0xd948","0xdb79","0xd401","0xe630","0xd296","0xdbe5","0xd25f","0xd987","0xd96b","0xd99a","0xd343","0xd8e5","0xd44b","0xd557","0xd325","0xd907","0xd369","0xd59e","0xe33f","0xe253","0xdde8","0xdde0","0xddd8","0xd3ad","0xd495","0xdde4","0xdddc","0xd387","0xddd4","0xd3db","0xd267","0xda1c","0xda72","0xd4c8","0xd4f6","0xd523","0xd53d","0xd9d9","0xe32a","0xe2f9","0xdf65","0xdf37","0xdf2f","0xd2d4","0xd29d","0xdf33","0xdf2b","0xd2b6","0xdf3b","0xd2fa","0xe2d4","0xe2a1","0xe2bd","0xd8cd","0xd426","0xd24d","UNIMPL","UNIMPL","0xe82b","0xd6a0","0xd24d","0xd2a9","0xd2a9","0xd2a9","0xd2a9","0xd2a9","0xd2a9","0xd2a9","0xd2a9","0xd2a9","0xd2a9","0xd2a9","0xd2a9","0xd2a9","0xd2a9","0xd2a9","0xd2a9","0xd318","0xd318","0xd318","0xd318","0xd318","0xd318","0xd318","0xd318","0xd318","0xd318","0xd318","0xd318","0xd318","0xd318","0xd318","0xd318","0xd46a","0xd467","0xd467","0xd467","0xd467","0xd467","0xd467","0xd467","0xef04","0xd62f","0xe8a0","0xe8a0","0xe784","0xf069","0xf06e","0xe63a","0xe640","0xe841","0xe6b2","0xe6f7","0xef27","RSRVD","RSRVD","RSRVD","RSRVD","RSRVD","RSRVD","RSRVD","RSRVD","0xe61c","0xe626","0xedd0","0xedbb","UNIMPL","UNIMPL","UNIMPL","UNIMPL","UNIMPL","UNIMPL","UNIMPL","0xd66b","0xd682","0xeef9","0xef0f","0xede5","0xef1d","0xefa5","0xe833","0xe904"
"pascal-results/images/9a826f55dabacd18547849eff4655551c9acee4b15c8e5da2805b90856aade6c/files","R","Also found at: pascal-results/images/e01264e400ec2ec7365f9a5fe011583b444607d7daf291310326b01695832168/files (volume: R); pascal-results/images/13665abf817e7a4b19884fc26cd216b107da934ab247446d5d2aa04ffa0d6504/files (volume: R); pascal-results/images/d5653d5e7ed3c367d28ef20c43131251069cf9e885a36901f62cf17b2c6e33ab/files (volume: R)","SYSTEM.APPLE","91c02f06172bc131b363d8f516b9baf4","b65565a1b7decb939de9002163debef3","35f3859e1c7a62dc11717a51d61018c0","PASCALSY;USERPROG;FIOPRIMS;PRINTERR;INITIALI;GETCMD;FILEPROC;","0;1;2;3;4;5;6;15","LONGINTI;CHAINSTU;TURTLEGR;TURTLEGR;APPLESTU;JLIB;JLIB","30;28;20;21;22;25;26","0x03","0x00","5","5","0x3000","0x3100","0xd6d0","0xecd3","0xd6ee","0xeae3","0xd580","0xdb6c","0xd84e","0xeb7b","0xd893","0xed60","0xed83","0xdc6a","0xdb35","0xd593","0xd87b","0xd757","0xec76","0xd706","0xece1","0xd5a6","0xdce1","0xd718","0xeb2a","0xdccf","0xd79e","0xec9e","0xd48d","0xd95d","0xdb8e","0xd413","0xe650","0xd2a8","0xdbfa","0xd271","0xd99c","0xd980","0xd9af","0xd355","0xd8fa","0xd45d","0xd56c","0xd337","0xd91c","0xd37b","0xd5b3","0xe342","0xe256","0xddfd","0xddf5","0xdded","0xd3bf","0xd4a7","0xddf9","0xddf1","0xd399","0xdde9","0xd3ed","0xd279","0xda31","0xda87","0xd4db","0xd50a","0xd538","0xd552","0xd9ee","0xe32d","0xe2fc","0xdf7a","0xdf4c","0xdf44","0xd2e6","0xd2af","0xdf48","0xdf40","0xd2c8","0xdf50","0xd30c","0xe2d7","0xe2a4","0xe2c0","0xd8e2","0xd438","0xd25e","UNIMPL","UNIMPL","0xe84c","0xd6b5","0xd25e","0xd2bb","0xd2bb","0xd2bb","0xd2bb","0xd2bb","0xd2bb","0xd2bb","0xd2bb","0xd2bb","0xd2bb","0xd2bb","0xd2bb","0xd2bb","0xd2bb","0xd2bb","0xd2bb","0xd32a","0xd32a","0xd32a","0xd32a","0xd32a","0xd32a","0xd32a","0xd32a","0xd32a","0xd32a","0xd32a","0xd32a","0xd32a","0xd32a","0xd32a","0xd32a","0xd47c","0xd479","0xd479","0xd479","0xd479","0xd479","0xd479","0xd479","0xef25","0xd644","0xe8c1","0xe8c1","0xe7a5","0xf08a","0xf08f","0xe65b","0xe661","0xe862","0xe6d3","0xe718","0xef48","RSRVD","RSRVD","RSRVD","RSRVD","RSRVD","RSRVD","RSRVD","RSRVD","0xe63c","0xe646","0xedf1","0xeddc","UNIMPL","UNIMPL","UNIMPL","UNIMPL","UNIMPL","UNIMPL","UNIMPL","0xd680","0xd697","0xef1a","0xef30","0xee06","0xef3e","0xefc6","0xe854","0xe925"
"pascal-results/images/6852eb58060fd48492da13ac878b394a7cabceb79042664f2f36f96d38623e2b/files","DRFTMTR","","SYSTEM.APPLE","c93c194fe62efe4ab2d30e539ccb82d3","681977fa5a87ea54fa170ffa23b45848","d28a60047581dbca5071700bec277d03","PASCALSY;USERPROG;FIOPRIMS;PRINTERR;INITIALI;GETCMD;SYSIO;","0;1;2;3;4;5;6;15","PASCALIO;APPLESTU;IOLIB;IOLIB","31;22;50;51","0x04","0x41","6","6","0x3000","0x3100","0xd791","0xf302","0xd7af","0xf112","0xd632","0xdd07","0xd913","0xf1aa","0xd958","0xf38f","0xf3b2","0xde0b","0xdcd0","0xd64b","0xd940","0xd81c","0xf2a5","0xd7c9","0xf310","0xd664","0xde82","0xd7db","0xf159","0xde70","0xd863","0xf2cd","0xd52a","0xdaec","0xdd29","0xd49e","0xecc1","0xd338","0xdd95","0xd2f6","0xdb2b","0xdb0f","0xdb3e","0xd3d9","0xd9fd","0xd4f4","0xd61e","0xd3bd","0xdaa5","0xd3f6","0xd671","0xe583","0xe461","0xdf9e","0xdf96","0xdf8e","0xd43e","0xd544","0xdf9a","0xdf92","0xd412","0xdf8a","0xd472","0xd300","0xdbcc","0xdc22","0xd581","0xd5b6","0xd5ea","0xd604","0xdb7d","0xe56e","0xe537","0xe121","0xe0f3","0xe0eb","0xd377","0xd33f","0xe0ef","0xe0e7","0xd35b","0xe0f7","0xd394","0xe500","0xe4c1","0xe4e3","0xd9d7","0xd4c9","0xd2dd","UNIMPL","UNIMPL","0xee75","0xd776","0xd2dd","0xd34e","0xd34e","0xd34e","0xd34e","0xd34e","0xd34e","0xd34e","0xd34e","0xd34e","0xd34e","0xd34e","0xd34e","0xd34e","0xd34e","0xd34e","0xd34e","0xd3b0","0xd3b0","0xd3b0","0xd3b0","0xd3b0","0xd3b0","0xd3b0","0xd3b0","0xd3b0","0xd3b0","0xd3b0","0xd3b0","0xd3b0","0xd3b0","0xd3b0","0xd3b0","0xd519","0xd516","0xd516","0xd516","0xd516","0xd516","0xd516","0xd516","0xf554","0xd705","0xeeea","0xeeea","0xeda4","0xf6bc","0xf6c1","UNIMPL","UNIMPL","0xee8b","0xecd2","0xed17","0xf577","RSRVD","RSRVD","RSRVD","RSRVD","RSRVD","RSRVD","RSRVD","RSRVD","0xecad","0xecb7","0xf420","0xf40b","UNIMPL","UNIMPL","UNIMPL","UNIMPL","UNIMPL","UNIMPL","UNIMPL","0xd741","0xd758","0xf549","0xf55f","0xf435","0xf56d","0xf5f2","0xee7d","0xef54"
"pascal-results/images/616b713be28082bc45e31fd4be08328ab4b75c560ccd23ef5b468fc03d76c9d1/files","G1","Also found at: pascal-results/images/4bc11ba1cb4d108f3b5d022a209b8c855354aa0a5f6f586777cbc513b1c6ad5b/files (volume: G1); pascal-results/images/ada2049b3b93bd2e302638205632dbcfc3b5bb937bd744f34ddb328526ce9570/files (volume: G1); pascal-results/images/304e3838f4f4336ce0d0dc64b237207b8d164d485642cbb2a70267630376ad54/files (volume: G1); pascal-results/images/9dcdb6f1f663695663dd5779fb577dc0dc74b188e6abf71e48713c602d0061db/files (volume: G1); pascal-results/images/406be01c1a668aa902d6bd8c724573f188e5c48bc6270bf0e103e76476302231/files (volume: G1); pascal-results/images/63ab499c719c17e6da24d6726e2bc09b81302b77a73428ef49c88e165486e514/files (volume: G1); pascal-results/images/c29e62c37d73415078fbdc97c0ccdd5239237d826a5364e068c7f4ebb8210d1a/files (volume: G1); pascal-results/images/642478967d0d343e9c09547f8cea2125796973689ac3c7675b8927eb7164864d/files (volume: G1); pascal-results/images/c09611378f0b01158fe1a582ab38250f1d61767da8ff411d56bab141af1682f2/files (volume: G1); pascal-results/images/386860ebd51c7baf9dae724d3e3c0d1877d2c61005f980a8456af94f7408539d/files (volume: G1); pascal-results/images/a0a1544463cc4d96ce75a5ba34969c0cf424d355a33caf3c4292fa7253bda568/files (volume: G1); pascal-results/images/5547b6ba3e2f5a92d0141ff88f7a1cc77fb8a803602e0f755620636e8c08bd8c/files (volume: G1); pascal-results/images/fbcfd79ef774571a73f25efd17dcb79b51117550a1f6fab89d45ec434ca1b4a7/files (volume: G1); pascal-results/images/07c6dde9cca02dc14ad9a2e7a43f8ae60ae4f7df0edea2eb18ca2d403396573e/files (volume: G1); pascal-results/images/424c36ba21806d91685b48b5a3374473b9474756010af2422044a03a7b88c488/files (volume: G1); pascal-results/images/996cd4a54e2a3099ac1b898901f575062c2a7de36ee9b4f579fbbfcf041872cb/files (volume: G1); pascal-results/images/0d669aa2de68e651de7207011284ccc3dc652f10c1a7d33377febe74f4998406/files (volume: G1); pascal-results/images/ab6bd402c040fb95257a1fa6dfad155617e95a151cb7e92dc38c688390ee691c/files (volume: G1); pascal-results/images/334e99550e4a9bcaa3e057e9790bc377cf0948905d2903ac82f42fe5a1081740/files (volume: G1); pascal-results/images/9735b5f0239da7d6c36c4c5a8a278d26da1981cbae66136701cdaa06662d3143/files (volume: G1); pascal-results/images/146d10b019299db796598a32cc1731b49924a03a28fb6b15f628ff1f8f712e44/files (volume: G1); pascal-results/images/46541c22734c269950dcd941936ce0043614a1985a459d8e4ee3fee991477ce1/files (volume: G1); pascal-results/images/bedfd92519383c28f5a71f153573450c68a9f20d9861a6239c7518abffff08e1/files (volume: G1); pascal-results/images/06d00c80ceb5cda6edb3a39724b256fb8124cf894ebe2c1559ce8f2047f9b2a7/files (volume: G1); pascal-results/images/00d08e7dcea4c263b1a0e0b47a3f7134219525614463a28ea96de9e490c42ab5/files (volume: G1); pascal-results/images/54b2600429108f5db4f852bf242ba4d103f56cf49f774939a6b423ec9835e634/files (volume: G1)","SYSTEM.APPLE","a100712201894ca5b276a3ffdeefb080","e35d6659b6a1c4675cd7c47c411fc726","d59da47be477b46d061f0c5865e75c61","PASCALSY;USERPROG;FIOPRIMS;PRINTERR;INITIALI;GETCMD;SYSIO;","0;1;2;3;4;5;6;15","PASCALIO;CHAINSTU","31;28","0x03","0x01","5","5","0x3000","0x3100","0xd6ff","0xec8a","0xd71d","0xea9a","0xd5af","0xdb9b","0xd87d","0xeb32","0xd8c2","0xed17","0xed3a","0xdc99","0xdb64","0xd5c2","0xd8aa","0xd786","0xec2d","0xd735","0xec98","0xd5d5","0xdd10","0xd747","0xeae1","0xdcfe","0xd7cd","0xec55","0xd4bc","0xd98c","0xdbbd","0xd442","0xe67f","0xd2d7","0xdc29","0xd2a0","0xd9cb","0xd9af","0xd9de","0xd384","0xd929","0xd48c","0xd59b","0xd366","0xd94b","0xd3aa","0xd5e2","0xe371","0xe285","0xde2c","0xde24","0xde1c","0xd3ee","0xd4d6","0xde28","0xde20","0xd3c8","0xde18","0xd41c","0xd2a8","0xda60","0xdab6","0xd50a","0xd539","0xd567","0xd581","0xda1d","0xe35c","0xe32b","0xdfa9","0xdf7b","0xdf73","0xd315","0xd2de","0xdf77","0xdf6f","0xd2f7","0xdf7f","0xd33b","0xe306","0xe2d3","0xe2ef","0xd911","0xd467","0xd28d","UNIMPL","UNIMPL","0xe803","0xd6e4","0xd28d","0xd2ea","0xd2ea","0xd2ea","0xd2ea","0xd2ea","0xd2ea","0xd2ea","0xd2ea","0xd2ea","0xd2ea","0xd2ea","0xd2ea","0xd2ea","0xd2ea","0xd2ea","0xd2ea","0xd359","0xd359","0xd359","0xd359","0xd359","0xd359","0xd359","0xd359","0xd359","0xd359","0xd359","0xd359","0xd359","0xd359","0xd359","0xd359","0xd4ab","0xd4a8","0xd4a8","0xd4a8","0xd4a8","0xd4a8","0xd4a8","0xd4a8","0xeedc","0xd673","0xe878","0xe878","0xe75c","0xf041","0xf046","UNIMPL","UNIMPL","0xe819","0xe68a","0xe6cf","0xeeff","RSRVD","RSRVD","RSRVD","RSRVD","RSRVD","RSRVD","RSRVD","RSRVD","0xe66b","0xe675","0xeda8","0xed93","UNIMPL","UNIMPL","UNIMPL","UNIMPL","UNIMPL","UNIMPL","UNIMPL","0xd6af","0xd6c6","0xeed1","0xeee7","0xedbd","0xeef5","0xef7d","0xe80b","0xe8dc"
"pascal-results/images/9a3a006b24133d1c50bcb8addb0f62ae39dc371f5e468eeb643c04b1ccee04d3/files","DESIGN","Also found at: pascal-results/images/7abcd4877dabe7ebbb1be8266732450a7531bbb15d7b7d051e0f5133bfe395e3/files (volume: FILING); pascal-results/images/8967ed6c2348a17ceb17c1ff9c8733a5c9fff99a428c63194b42e3756cf09066/files (volume: CPRINT); pascal-results/images/02e48ee29d9268f67c5081bde45fe0a14f2a2f8c58a177830125cc42fd372812/files (volume: TUTORS); pascal-results/images/9080deaf5ae342c9e7730b1c3c0cdbad427caaa7d51f27cab5240b16ce7776ba/files (volume: REPORT)","SYSTEM.APPLE","1cd11df9e32677f4d3673933d5c996fc","24ca8f71aca82a11063a21463ad22184","9f405d2c74b2bb2bd3670327bca34655","PASCALSY;USERPROG;DEBUGGER;PRINTERR;INITIALI;GETCMD;FILEPROC;","0;1;2;3;4;5;6;15","CHAINSTU;INPFNAME;INPFNAME","28;20;21","0x02","0x01","2","2","0x3000","0x3100","0xd6bb","0xecb2","0xd6d9","0xeac2","0xd56b","0xdb57","0xd839","0xeb5a","0xd87e","0xed3f","0xed62","0xdc55","0xdb20","0xd57e","0xd866","0xd742","0xec55","0xd6f1","0xecc0","0xd591","0xdccc","0xd703","0xeb09","0xdcba","0xd789","0xec7d","0xd47b","0xd948","0xdb79","0xd401","0xe630","0xd296","0xdbe5","0xd25f","0xd987","0xd96b","0xd99a","0xd343","0xd8e5","0xd44b","0xd557","0xd325","0xd907","0xd369","0xd59e","0xe33f","0xe253","0xdde8","0xdde0","0xddd8","0xd3ad","0xd495","0xdde4","0xdddc","0xd387","0xddd4","0xd3db","0xd267","0xda1c","0xda72","0xd4c8","0xd4f6","0xd523","0xd53d","0xd9d9","0xe32a","0xe2f9","0xdf65","0xdf37","0xdf2f","0xd2d4","0xd29d","0xdf33","0xdf2b","0xd2b6","0xdf3b","0xd2fa","0xe2d4","0xe2a1","0xe2bd","0xd8cd","0xd426","0xd24d","UNIMPL","UNIMPL","0xe82b","0xd6a0","0xd24d","0xd2a9","0xd2a9","0xd2a9","0xd2a9","0xd2a9","0xd2a9","0xd2a9","0xd2a9","0xd2a9","0xd2a9","0xd2a9","0xd2a9","0xd2a9","0xd2a9","0xd2a9","0xd2a9","0xd318","0xd318","0xd318","0xd318","0xd318","0xd318","0xd318","0xd318","0xd318","0xd318","0xd318","0xd318","0xd318","0xd318","0xd318","0xd318","0xd46a","0xd467","0xd467","0xd467","0xd467","0xd467","0xd467","0xd467","0xef04","0xd62f","0xe8a0","0xe8a0","0xe784","0xf069","0xf06e","0xe63a","0xe640","0xe841","0xe6b2","0xe6f7","0xef27","RSRVD","RSRVD","RSRVD","RSRVD","RSRVD","RSRVD","RSRVD","RSRVD","0xe61c","0xe626","0xedd0","0xedbb","UNIMPL","UNIMPL","UNIMPL","UNIMPL","UNIMPL","UNIMPL","UNIMPL","0xd66b","0xd682","0xeef9","0xef0f","0xede5","0xef1d","0xefa5","0xe833","0xe904"
"pascal-results/images/3232e6806be1bb51fe2b057ab8aef06a639172c2ef1c7c088fb5c589d262c752/files","SAMPLER","Also found at: pascal-results/images/a98bc04b6989adf7b02b4cc348a7eba66fdd3f8b9694562a55014623ae10d56e/files (volume: SAMPLER); pascal-results/images/2c1fdf0cef9c9d7229c7b9235dbd4ac4ab5844eb7d4d53b635220997e8ed36a3/files (volume: SAMPLER)","SYSTEM.APPLE","c93c194fe62efe4ab2d30e539ccb82d3","681977fa5a87ea54fa170ffa23b45848","7cfbbbbb3947e84a015503b8e3a6b9ab","PASCALSY;USERPROG;FIOPRIMS;PRINTERR;INITIALI;GETCMD;SYSIO;","0;1;2;3;4;5;6;15","LONGINTI;PASCALIO;CHAINSTU;TRANSCEN;TURTLEGR;TURTLEGR;APPLESTU;PLUS;APLUS","30;31;28;29;20;21;22;7;7","0x04","0x41","6","6","0x3000","0x3100","0xd791","0xf302","0xd7af","0xf112","0xd632","0xdd07","0xd913","0xf1aa","0xd958","0xf38f","0xf3b2","0xde0b","0xdcd0","0xd64b","0xd940","0xd81c","0xf2a5","0xd7c9","0xf310","0xd664","0xde82","0xd7db","0xf159","0xde70","0xd863","0xf2cd","0xd52a","0xdaec","0xdd29","0xd49e","0xecc1","0xd338","0xdd95","0xd2f6","0xdb2b","0xdb0f","0xdb3e","0xd3d9","0xd9fd","0xd4f4","0xd61e","0xd3bd","0xdaa5","0xd3f6","0xd671","0xe583","0xe461","0xdf9e","0xdf96","0xdf8e","0xd43e","0xd544","0xdf9a","0xdf92","0xd412","0xdf8a","0xd472","0xd300","0xdbcc","0xdc22","0xd581","0xd5b6","0xd5ea","0xd604","0xdb7d","0xe56e","0xe537","0xe121","0xe0f3","0xe0eb","0xd377","0xd33f","0xe0ef","0xe0e7","0xd35b","0xe0f7","0xd394","0xe500","0xe4c1","0xe4e3","0xd9d7","0xd4c9","0xd2dd","UNIMPL","UNIMPL","0xee75","0xd776","0xd2dd","0xd34e","0xd34e","0xd34e","0xd34e","0xd34e","0xd34e","0xd34e","0xd34e","0xd34e","0xd34e","0xd34e","0xd34e","0xd34e","0xd34e","0xd34e","0xd34e","0xd3b0","0xd3b0","0xd3b0","0xd3b0","0xd3b0","0xd3b0","0xd3b0","0xd3b0","0xd3b0","0xd3b0","0xd3b0","0xd3b0","0xd3b0","0xd3b0","0xd3b0","0xd3b0","0xd519","0xd516","0xd516","0xd516","0xd516","0xd516","0xd516","0xd516","0xf554","0xd705","0xeeea","0xeeea","0xeda4","0xf6bc","0xf6c1","UNIMPL","UNIMPL","0xee8b","0xecd2","0xed17","0xf577","RSRVD","RSRVD","RSRVD","RSRVD","RSRVD","RSRVD","RSRVD","RSRVD","0xecad","0xecb7","0xf420","0xf40b","UNIMPL","UNIMPL","UNIMPL","UNIMPL","UNIMPL","UNIMPL","UNIMPL","0xd741","0xd758","0xf549","0xf55f","0xf435","0xf56d","0xf5f2","0xee7d","0xef54"
"pascal-results/images/e948af3d375b5fc2e36930d484381ad55e7c204708027e05170875ceb52e8191/files","WORK.80","Also found at: pascal-results/images/9d5793226915db3045b22033be7d1d728d60359ca0e75405cae67bfc8ca79acd/files (volume: WORK.80); pascal-results/images/21a7a45844f9c8569369b47ee98506769314c4f793f5608d7f66f00ebf3bdd1b/files (volume: WORK.40); pascal-results/images/45c63240b47bbedad5cde56f479ad59983614c0f9aca779313333a5c197fb5d4/files (volume: AW.V80C); pascal-results/images/3bb1cd034ada469977cb817a6fdc10528efe64f3c9a3f88068fd3a9a0a5cc8e8/files (volume: P.SIM6); pascal-results/images/d421af787d122eb894bfc241ce22c1fa3709fc28d124b7640a9ca976f45201cb/files (volume: WORK.40); pascal-results/images/cb9fb890a0f5d65377b893df05a9ebaad9647ec5dd5154987332296421e74f14/files (volume: AW.V40E); pascal-results/images/5ae7e1839f62b682576610bc711c53c341feb6fa4523ef12ed84d8b8c2128f83/files (volume: WORK.80)","SYSTEM.APPLE","c1af7bad5c5f3b837f315f936c82301f","05616b9e36beb38e67820e18b0f84476","none","PASCALSY;USERPROG;FIOPRIMS;PRINTERR;INITIALI;GETCMD;SYSIO;","0;1;2;3;4;5;6;15","","","0x03","0x01","5","0","0x3000","0x3100","0xd6ff","0xec77","0xd71d","0xea87","0xd5af","0xdb9b","0xd87d","0xeb1f","0xd8c2","0xed04","0xed27","0xdc99","0xdb64","0xd5c2","0xd8aa","0xd786","0xec1a","0xd735","0xec85","0xd5d5","0xdd10","0xd747","0xeace","0xdcfe","0xd7cd","0xec42","0xd4bc","0xd98c","0xdbbd","0xd442","0xe66c","0xd2d7","0xdc29","0xd2a0","0xd9cb","0xd9af","0xd9de","0xd384","0xd929","0xd48c","0xd59b","0xd366","0xd94b","0xd3aa","0xd5e2","0xe371","0xe285","0xde2c","0xde24","0xde1c","0xd3ee","0xd4d6","0xde28","0xde20","0xd3c8","0xde18","0xd41c","0xd2a8","0xda60","0xdab6","0xd50a","0xd539","0xd567","0xd581","0xda1d","0xe35c","0xe32b","0xdfa9","0xdf7b","0xdf73","0xd315","0xd2de","0xdf77","0xdf6f","0xd2f7","0xdf7f","0xd33b","0xe306","0xe2d3","0xe2ef","0xd911","0xd467","0xd28d","UNIMPL","UNIMPL","0xe7f0","0xd6e4","0xd28d","0xd2ea","0xd2ea","0xd2ea","0xd2ea","0xd2ea","0xd2ea","0xd2ea","0xd2ea","0xd2ea","0xd2ea","0xd2ea","0xd2ea","0xd2ea","0xd2ea","0xd2ea","0xd2ea","0xd359","0xd359","0xd359","0xd359","0xd359","0xd359","0xd359","0xd359","0xd359","0xd359","0xd359","0xd359","0xd359","0xd359","0xd359","0xd359","0xd4ab","0xd4a8","0xd4a8","0xd4a8","0xd4a8","0xd4a8","0xd4a8","0xd4a8","0xeec9","0xd673","0xe865","0xe865","0xe749","0xf02e","0xf033","UNIMPL","UNIMPL","0xe806","0xe677","0xe6bc","0xeeec","RSRVD","RSRVD","RSRVD","RSRVD","RSRVD","RSRVD","RSRVD","RSRVD","0xe658","0xe662","0xed95","0xed80","UNIMPL","UNIMPL","UNIMPL","UNIMPL","UNIMPL","UNIMPL","UNIMPL","0xd6af","0xd6c6","0xeebe","0xeed4","0xedaa","0xeee2","0xef6a","0xe7f8","0xe8c9"
"pascal-results/images/a39a94bba67a149c15322d86c6acda369215896c2bb15bf9cb2125f50194375b/files","A","Also found at: pascal-results/images/fa5eecba7dad2417aae8c337dc38e276dfba78aaaca1377fe4437a3ceaba4c8f/files (volume: A)","SYSTEM.APPLE","c78f77265aae0f6d9764cb4c91258c16","681977fa5a87ea54fa170ffa23b45848","c6c80ae8808f1fd1a0530f72aa5d5e51","PASCALSY;USERPROG;FIOPRIMS;PRINTERR;INITIALI;GETCMD;SYSIO;","0;1;2;3;4;5;6;15","LONGINTI;PASCALIO;CHAINSTU;TRANSCEN;MGRKIT;MGRKIT;NERMAL;NERMAL;ATTACKIT","30;31;28;29;20;21;25;26;46","0x04","0x41","6","6","0x3000","0x3100","0xd791","0xf302","0xd7af","0xf112","0xd632","0xdd07","0xd913","0xf1aa","0xd958","0xf38f","0xf3b2","0xde0b","0xdcd0","0xd64b","0xd940","0xd81c","0xf2a5","0xd7c9","0xf310","0xd664","0xde82","0xd7db","0xf159","0xde70","0xd863","0xf2cd","0xd52a","0xdaec","0xdd29","0xd49e","0xecc1","0xd338","0xdd95","0xd2f6","0xdb2b","0xdb0f","0xdb3e","0xd3d9","0xd9fd","0xd4f4","0xd61e","0xd3bd","0xdaa5","0xd3f6","0xd671","0xe583","0xe461","0xdf9e","0xdf96","0xdf8e","0xd43e","0xd544","0xdf9a","0xdf92","0xd412","0xdf8a","0xd472","0xd300","0xdbcc","0xdc22","0xd581","0xd5b6","0xd5ea","0xd604","0xdb7d","0xe56e","0xe537","0xe121","0xe0f3","0xe0eb","0xd377","0xd33f","0xe0ef","0xe0e7","0xd35b","0xe0f7","0xd394","0xe500","0xe4c1","0xe4e3","0xd9d7","0xd4c9","0xd2dd","UNIMPL","UNIMPL","0xee75","0xd776","0xd2dd","0xd34e","0xd34e","0xd34e","0xd34e","0xd34e","0xd34e","0xd34e","0xd34e","0xd34e","0xd34e","0xd34e","0xd34e","0xd34e","0xd34e","0xd34e","0xd34e","0xd3b0","0xd3b0","0xd3b0","0xd3b0","0xd3b0","0xd3b0","0xd3b0","0xd3b0","0xd3b0","0xd3b0","0xd3b0","0xd3b0","0xd3b0","0xd3b0","0xd3b0","0xd3b0","0xd519","0xd516","0xd516","0xd516","0xd516","0xd516","0xd516","0xd516","0xf554","0xd705","0xeeea","0xeeea","0xeda4","0xf6bc","0xf6c1","UNIMPL","UNIMPL","0xee8b","0xecd2","0xed17","0xf577","RSRVD","RSRVD","RSRVD","RSRVD","RSRVD","RSRVD","RSRVD","RSRVD","0xecad","0xecb7","0xf420","0xf40b","UNIMPL","UNIMPL","UNIMPL","UNIMPL","UNIMPL","UNIMPL","UNIMPL","0xd741","0xd758","0xf549","0xf55f","0xf435","0xf56d","0xf5f2","0xee7d","0xef54"
"pascal-results/images/69b3416bdcc32616b5f856dea23f48e8003000815a83c16405189c6b985fa436/files","FORT1","Also found at: pascal-results/images/b9c94f087ae3cbe4a68dbc5143c40eb97d402b0ccbcf7f1b5be7f78da728e7c0/files (volume: FORT2); pascal-results/images/80dac74613318f08b4c45b6dbb860a129d1bed2592754004a2aba453a4f17299/files (volume: FORT1); pascal-results/images/d05da5357cdcfa5c5f20d31196578e3b088793b4eb4d5ba20bcc06255c9d0413/files (volume: FORT2)","SYSTEM.APPLE","1cd11df9e32677f4d3673933d5c996fc","24ca8f71aca82a11063a21463ad22184","e589e49ae5834f941fd5491bf2b1af2e","PASCALSY;USERPROG;DEBUGGER;PRINTERR;INITIALI;GETCMD;FILEPROC;","0;1;2;3;4;5;6;15","LONGINTI;PASCALIO;TRANSCEN;APPLESTU;TURTLEGR;TURTLEGR;RTUNIT","30;31;29;22;20;21;7","0x02","0x01","2","1","0x3000","0x3100","0xd6bb","0xecb2","0xd6d9","0xeac2","0xd56b","0xdb57","0xd839","0xeb5a","0xd87e","0xed3f","0xed62","0xdc55","0xdb20","0xd57e","0xd866","0xd742","0xec55","0xd6f1","0xecc0","0xd591","0xdccc","0xd703","0xeb09","0xdcba","0xd789","0xec7d","0xd47b","0xd948","0xdb79","0xd401","0xe630","0xd296","0xdbe5","0xd25f","0xd987","0xd96b","0xd99a","0xd343","0xd8e5","0xd44b","0xd557","0xd325","0xd907","0xd369","0xd59e","0xe33f","0xe253","0xdde8","0xdde0","0xddd8","0xd3ad","0xd495","0xdde4","0xdddc","0xd387","0xddd4","0xd3db","0xd267","0xda1c","0xda72","0xd4c8","0xd4f6","0xd523","0xd53d","0xd9d9","0xe32a","0xe2f9","0xdf65","0xdf37","0xdf2f","0xd2d4","0xd29d","0xdf33","0xdf2b","0xd2b6","0xdf3b","0xd2fa","0xe2d4","0xe2a1","0xe2bd","0xd8cd","0xd426","0xd24d","UNIMPL","UNIMPL","0xe82b","0xd6a0","0xd24d","0xd2a9","0xd2a9","0xd2a9","0xd2a9","0xd2a9","0xd2a9","0xd2a9","0xd2a9","0xd2a9","0xd2a9","0xd2a9","0xd2a9","0xd2a9","0xd2a9","0xd2a9","0xd2a9","0xd318","0xd318","0xd318","0xd318","0xd318","0xd318","0xd318","0xd318","0xd318","0xd318","0xd318","0xd318","0xd318","0xd318","0xd318","0xd318","0xd46a","0xd467","0xd467","0xd467","0xd467","0xd467","0xd467","0xd467","0xef04","0xd62f","0xe8a0","0xe8a0","0xe784","0xf069","0xf06e","0xe63a","0xe640","0xe841","0xe6b2","0xe6f7","0xef27","RSRVD","RSRVD","RSRVD","RSRVD","RSRVD","RSRVD","RSRVD","RSRVD","0xe61c","0xe626","0xedd0","0xedbb","UNIMPL","UNIMPL","UNIMPL","UNIMPL","UNIMPL","UNIMPL","UNIMPL","0xd66b","0xd682","0xeef9","0xef0f","0xede5","0xef1d","0xefa5","0xe833","0xe904"
"pascal-results/images/bd3c1aac3e9119cf65dc8cc443edbd0da6111704b74cdfa1fcf29090222cb76b/files","LESSONS","Also found at: pascal-results/images/2aa380052b3a08eea6870c2deaf0224277f36f79418dbb5e63b93ff9da57d184/files (volume: LESSONS); pascal-results/images/4b5f0632c3c22fa55872a37f40152634db2eea3e6e9177846251ab7fe1618d32/files (volume: LESSONS); pascal-results/images/2fcf7fed077bffa066d65da6877615279c8b0c632b50d04c7ce2052200cdc8e3/files (volume: LESSONS); pascal-results/images/6d937cdad9d9a63538f9039ab7495254ca4c6ab2418c833bdf60a84de99d617c/files (volume: LESSONS); pascal-results/images/01a3c8bef76ea2cc052531bcd584dc40437e038a76bc842a1aa84e0727cb0ec7/files (volume: AUTHOR1); pascal-results/images/585a520bc09734bd01e77746152a27d96c7d9cb1a0cdffa76cc0cb7d69ab3c15/files (volume: LESSONS); pascal-results/images/35c7bcbd9df144abf3cc1960b4c6debcf45fa03c9cffa4bea1bf215e0ebff629/files (volume: LESSONS); pascal-results/images/a91c6831afa9a9a718eb0be119d884dcf114aced28dc50faf5bbba577c3ad3a9/files (volume: LESSONS); pascal-results/images/7f1b7ca7434e9b73a93c94c8337033613fb924941a0ae40986cefe53ab2e803d/files (volume: LESSONS); pascal-results/images/cb753d97ef715f963edbe052a9ac1f894fc944afe7a695540d41530bf5db6fcc/files (volume: LESSONS); pascal-results/images/e6687b0eafa3b04585efbb72c640e19637d6216456c219829c35a69761fdf63f/files (volume: KAM); pascal-results/images/fc40383d4655956b762db0567552ec8992e3430d94c8cd761d15ff0a1d7452f4/files (volume: ASKERS); pascal-results/images/3903e70bbfd51a7b3a89141f5d3341411690e18481bdaea362c5cb726100c06b/files (volume: LESSONS); pascal-results/images/39cc77375a1ac56b5d52cb57471ad56c6c896abe4537dd0bd0a01b285b8726e5/files (volume: LESSONS); pascal-results/images/eabd8c88d95355d284caf8d6e45331f57ba3e751e85b2c3eb55b9f4b782dba83/files (volume: LESSONS); pascal-results/images/711e3727f5b2ef7a2d02d0a31adece9408d3c2bf7395c881c1f8488e5008a68b/files (volume: LESSONS); pascal-results/images/9eb95f9ce0c86f2ff87be658a6a8ae260421f3d7cab7a3411bf3c755577f4421/files (volume: LESSON1); pascal-results/images/f31b0815a4da1f4bc61ae5ebef71ffe338f54e5466616bd232075016b6673acc/files (volume: LESSONS); pascal-results/images/8ba0360e98b47f34c222d1d4333fe4355e30614dbf8a307a242a6c514b503a27/files (volume: LESSONS); pascal-results/images/abb7f76d9fb347657a363aeba9390595e6b7ba31e8c49864794439b03ad0354a/files (volume: LESSONS); pascal-results/images/4aaaf487ab88fda35411663364e7d5a66f0f887eac7c610d430df0aedb7763ff/files (volume: LESSONS); pascal-results/images/6fc8f4577a081f4c95c7c5be699aa383f2d952ef5461ed15ecb5f67944bd1761/files (volume: LESSONS)","RT0006.APPLE","49668d91440a9db260e65537e595e4cc","defca92a3f1d9b8bd352d3593788e4b3","e81c7f4f74ce6996754f990c1ee2d27f","PASCALSY;USERPROG;DEBUGGER;PRINTERR;INITIALI;GETCMD","0;1;2;3;4;5","LONGINTI;PASCALIO;TRANSCEN;APPLESTU;TURTLEGR;TURTLEGR;SYSIO;CHAINSTU","30;31;25;22;20;21;29;26","0","0","1","1","0x0000","0x0100","0x96ba","0xabc8","0x96d8","0xa9d8","0x9582","0x9b4e","0x9841","0xaa70","0x987c","0xac45","0xac68","0x9c4c","0x9b17","0x9595","0x985a","0x9755","0xab6b","0x96f0","0xabd6","0x95a8","0x9cc3","0x9702","0xaa1f","0x9cb1","0x974c","0xab93","0x94a5","0x9946","0x9b70","0x942b","0xa5d3","0x92c0","0x9bdc","0x9289","0x9985","0x9969","0x9998","0x936d","0x98e3","0x9475","0x956e","0x934f","0x9905","0x9393","0x95b5","0xa31e","0xa232","0x9ddf","0x9dd7","0x9dcf","0x93d7","0x94bf","0x9ddb","0x9dd3","0x93b1","0x9dcb","0x9405","0x9291","0x9a1a","0x9a70","0x94f2","0x950d","0x953a","0x9554","0x99d7","0xa309","0xa2d8","0x9f5c","0x9f2e","0x9f26","0x92fe","0x92c7","0x9f2a","0x9f22","0x92e0","0x9f32","0x9324","0xa2b3","0xa280","0xa29c","0x98cb","0x9450","0x9277","UNIMPL","UNIMPL","0xa754","0x96b7","0x9277","0x92d3","0x92d3","0x92d3","0x92d3","0x92d3","0x92d3","0x92d3","0x92d3","0x92d3","0x92d3","0x92d3","0x92d3","0x92d3","0x92d3","0x92d3","0x92d3","0x9342","0x9342","0x9342","0x9342","0x9342","0x9342","0x9342","0x9342","0x9342","0x9342","0x9342","0x9342","0x9342","0x9342","0x9342","0x9342","0x9494","0x9491","0x9491","0x9491","0x9491","0x9491","0x9491","0x9491","0xadfc","0x9646","0xa7c9","0xa7c9","0xa6af","0xaeaf","0xaeb4","UNIMPL","UNIMPL","0xa76a","0xa5dd","0xa622","RSRVD","RSRVD","RSRVD","RSRVD","RSRVD","RSRVD","RSRVD","RSRVD","RSRVD","0xa5bf","0xa5c9","0xacd6","0xacc1","UNIMPL","UNIMPL","UNIMPL","UNIMPL","UNIMPL","UNIMPL","UNIMPL","0x9682","0x9699","0xadf1","0xae07","0xaceb","0xae15","0xae1f","0xa75c","0xa82d"
"pascal-results/images/5d09d6e70a8fe4c215d699b99d0e9fb3c170d26b5d99ff7b3c04b7e78c5b45e0/files","A2C2.1","Also found at: pascal-results/images/4264f75830b8103d88fcaecf65ff099027ea94e3edb5392f37078f1287f6c0a5/files (volume: A2C2.1); pascal-results/images/19c0170ecef4711ab73ce3acd598cd36e385197e3a896c2c1023f617f5a794a0/files (volume: A2C2.1); pascal-results/images/21eae3142fe236a68714f48218f80965151c7fdb9baa4abdc9fcf68f2138922c/files (volume: A2C2.1); pascal-results/images/98d4e085baf6b0f3fa61d4d4044a0d645fe5815c40835078d3e5c894a8ce6956/files (volume: CONUIR); pascal-results/images/eba1a27269015467c7066c11e747acd5e10d6551710e96eab8a30d6525634e46/files (volume: UIR.REL); pascal-results/images/a60633bafe5d5a961288418474fa05ee8011fbc490b41819b5682da341f73a17/files (volume: A2C2.1)","SYSTEM.APPLE","2ff0b3316b2947998c1cb41cce82334f","6c67161a696176ededdc0f018dc1c438","817324c5dca2afe839bdbb3f5b568634","PASCALSY;USERPROG;FIOPRIMS;PRINTERR;INITIALI;GETCMD;FILEPROC;","0;1;2;3;4;5;6;15","LONGINTI;PASCALIO;CHAINSTU;TRANSCEN;TURTLEGR;TURTLEGR;APPLESTU","30;31;28;29;20;21;22","0x03","0x40","5","5","0x3000","0x3100","0xd739","0xf13a","0xd757","0xef4a","0xd5e6","0xdcab","0xd8b7","0xefe2","0xd8fc","0xf1c7","0xf1ea","0xddaf","0xdc74","0xd5f9","0xd8e4","0xd7c0","0xf0dd","0xd76f","0xf148","0xd60c","0xde26","0xd781","0xef91","0xde14","0xd807","0xf105","0xd4de","0xda90","0xdccd","0xd452","0xea81","0xd2d2","0xdd39","0xd292","0xdacf","0xdab3","0xdae2","0xd382","0xd9a1","0xd4a8","0xd5d2","0xd364","0xda49","0xd3a8","0xd619","0xe4fd","0xe3db","0xdf42","0xdf3a","0xdf32","0xd3f2","0xd4f8","0xdf3e","0xdf36","0xd3c6","0xdf2e","0xd426","0xd29a","0xdb70","0xdbc6","0xd535","0xd56a","0xd59e","0xd5b8","0xdb21","0xe4e8","0xe4b1","0xe0c5","0xe097","0xe08f","0xd313","0xd2d9","0xe093","0xe08b","0xd2f5","0xe09b","0xd339","0xe47a","0xe43b","0xe45d","0xd97b","0xd47d","0xd279","UNIMPL","UNIMPL","0xecad","0xd71e","0xd279","0xd2e8","0xd2e8","0xd2e8","0xd2e8","0xd2e8","0xd2e8","0xd2e8","0xd2e8","0xd2e8","0xd2e8","0xd2e8","0xd2e8","0xd2e8","0xd2e8","0xd2e8","0xd2e8","0xd357","0xd357","0xd357","0xd357","0xd357","0xd357","0xd357","0xd357","0xd357","0xd357","0xd357","0xd357","0xd357","0xd357","0xd357","0xd357","0xd4cd","0xd4ca","0xd4ca","0xd4ca","0xd4ca","0xd4ca","0xd4ca","0xd4ca","0xf38c","0xd6ad","0xed22","0xed22","0xebdc","0xf4f1","0xf4f6","0xea92","0xea98","0xecc3","0xeb0a","0xeb4f","0xf3af","RSRVD","RSRVD","RSRVD","RSRVD","RSRVD","RSRVD","RSRVD","RSRVD","0xea6d","0xea77","0xf258","0xf243","UNIMPL","UNIMPL","UNIMPL","UNIMPL","UNIMPL","UNIMPL","UNIMPL","0xd6e9","0xd700","0xf381","0xf397","0xf26d","0xf3a5","0xf42d","0xecb5","0xed8c"
"pascal-results/images/1f23491591f9c7c4608587db56c2a081391e764d7de948145257a926522224f2/files","TEXT","Also found at: pascal-results/images/1afe28ba1ec564e2a8132686ef47e5f8d6f09c2d0a37d5ec0e817636a8e6b110/files (volume: TEXT); pascal-results/images/d1ae72bb77c71e5814e26d7a659bf09b26b55ba3929ff5b6a4cccc257907a3bf/files (volume: TEXT); pascal-results/images/1d6bdaca1e6d9293581b0490c3037dd7dc5749dce8ac8d15956915ea0bc2ddbd/files (volume: TEXT); pascal-results/images/58c3b1cc83d86ff2bb6489eec342b4d38e02ad67f00946f1d34ea3d5801a62d4/files (volume: TEXT); pascal-results/images/c49823f470a13a7691b36d4b3709015ca5ccee9f7754164c8d5f0a6325397d71/files (volume: TEXT); pascal-results/images/c2b70c2ddc846503a3becc8644959d2a13d3a26b95bb2f2c4cd9e44001f75608/files (volume: TEXT); pascal-results/images/a53734bc1615233e12c1118655ffbd97d32933ac6ca33059fa7f2193f7cd482f/files (volume: TEXT); pascal-results/images/a649e43affb8d774d43240a4b7e0d50174893bdf26de11ac95b099037a29a173/files (volume: TEXT); pascal-results/images/de054e94bca899eb5332f820248f4698aec29d533f1cd76ef24c547b90561aca/files (volume: TEXT); pascal-results/images/ce8e355b9de936e8494882b4f59a222c7c10513dc271b99918f3395fdbfd68d1/files (volume: TEXT); pascal-results/images/4bfa41ac8eb54ecd4a90aac81655d7e0117e657cdf66d2db945a178230008dda/files (volume: TEXT); pascal-results/images/8149d42b672f4436d368fa7f0dc94ddcf859051ed56e1c5ed46a642a728027f3/files (volume: TEXT); pascal-results/images/32a681bb26f1bf38e5a324c92d3bd9c4965e90fa27f353ff991276bdb62e7c14/files (volume: TEXT); pascal-results/images/41926cc18b90a2f1838bbc53e8ae6d728c8cfa76121d2740c29e4e2b95d6deb0/files (volume: TEXT)","SYSTEM.APPLE","a100712201894ca5b276a3ffdeefb080","e35d6659b6a1c4675cd7c47c411fc726","42be162d48f8aed33b8798872ecf23ac","PASCALSY;USERPROG;FIOPRIMS;PRINTERR;INITIALI;GETCMD;SYSIO;","0;1;2;3;4;5;6;15","LONGINTI;PASCALIO;CHAINSTU;TRANSCEN;TURTLEGR;TURTLEGR;APPLESTU","30;31;28;29;20;21;22","0x03","0x01","5","5","0x3000","0x3100","0xd6ff","0xec8a","0xd71d","0xea9a","0xd5af","0xdb9b","0xd87d","0xeb32","0xd8c2","0xed17","0xed3a","0xdc99","0xdb64","0xd5c2","0xd8aa","0xd786","0xec2d","0xd735","0xec98","0xd5d5","0xdd10","0xd747","0xeae1","0xdcfe","0xd7cd","0xec55","0xd4bc","0xd98c","0xdbbd","0xd442","0xe67f","0xd2d7","0xdc29","0xd2a0","0xd9cb","0xd9af","0xd9de","0xd384","0xd929","0xd48c","0xd59b","0xd366","0xd94b","0xd3aa","0xd5e2","0xe371","0xe285","0xde2c","0xde24","0xde1c","0xd3ee","0xd4d6","0xde28","0xde20","0xd3c8","0xde18","0xd41c","0xd2a8","0xda60","0xdab6","0xd50a","0xd539","0xd567","0xd581","0xda1d","0xe35c","0xe32b","0xdfa9","0xdf7b","0xdf73","0xd315","0xd2de","0xdf77","0xdf6f","0xd2f7","0xdf7f","0xd33b","0xe306","0xe2d3","0xe2ef","0xd911","0xd467","0xd28d","UNIMPL","UNIMPL","0xe803","0xd6e4","0xd28d","0xd2ea","0xd2ea","0xd2ea","0xd2ea","0xd2ea","0xd2ea","0xd2ea","0xd2ea","0xd2ea","0xd2ea","0xd2ea","0xd2ea","0xd2ea","0xd2ea","0xd2ea","0xd2ea","0xd359","0xd359","0xd359","0xd359","0xd359","0xd359","0xd359","0xd359","0xd359","0xd359","0xd359","0xd359","0xd359","0xd359","0xd359","0xd359","0xd4ab","0xd4a8","0xd4a8","0xd4a8","0xd4a8","0xd4a8","0xd4a8","0xd4a8","0xeedc","0xd673","0xe878","0xe878","0xe75c","0xf041","0xf046","UNIMPL","UNIMPL","0xe819","0xe68a","0xe6cf","0xeeff","RSRVD","RSRVD","RSRVD","RSRVD","RSRVD","RSRVD","RSRVD","RSRVD","0xe66b","0xe675","0xeda8","0xed93","UNIMPL","UNIMPL","UNIMPL","UNIMPL","UNIMPL","UNIMPL","UNIMPL","0xd6af","0xd6c6","0xeed1","0xeee7","0xedbd","0xeef5","0xef7d","0xe80b","0xe8dc"
"pascal-results/images/b9dd2e0bc904b081724edd0b37dcaa669c86352cc909f960f454e67b76fe57c8/files","GATO","Also found at: pascal-results/images/6ab3553c9c76a0f6404e937511c9319f3a81798ef1d6454eb562a8cc48add583/files (volume: GATO); pascal-results/images/725815144fe73bccd0d2d210df317d4ceca958c26287b389dd4860ef33d446c1/files (volume: GATO); pascal-results/images/12f508eb6bcf9a23c066d61162bae23cc7d5fa2880cf56ae7f26560703941b4e/files (volume: GATO)","SYSTEM.APPLE","5abc095a8ed5ac231db236f7f6bf22b3","9caba8da50b2d0ae1470fa31d92abb1d","f5dfb64e3f9a78183792fa6dc12db5ec","PASCALSY;USERPROG;FIOPRIMS;PRINTERR;INITIALI;GETCMD;SYSIO;","0;1;2;3;4;5;6;15","GATOGRAF;GATOGRAF;TRANSCEN;APPLESTU;RESDNT;RESDNT;MAINSCRN;DAMSCRN;WORLDSCR;QUADSCRN;RADSCRN;LOOKY","30;31;29;22;27;20;26;25;24;23;21;28","0x03","0x41","5","5","0x3000","0x3100","0xd768","0xf0f1","0xd786","0xef01","0xd615","0xdcda","0xd8e6","0xef99","0xd92b","0xf17e","0xf1a1","0xddde","0xdca3","0xd628","0xd913","0xd7ef","0xf094","0xd79e","0xf0ff","0xd63b","0xde55","0xd7b0","0xef48","0xde43","0xd836","0xf0bc","0xd50d","0xdabf","0xdcfc","0xd481","0xeab0","0xd301","0xdd68","0xd2c1","0xdafe","0xdae2","0xdb11","0xd3b1","0xd9d0","0xd4d7","0xd601","0xd393","0xda78","0xd3d7","0xd648","0xe52c","0xe40a","0xdf71","0xdf69","0xdf61","0xd421","0xd527","0xdf6d","0xdf65","0xd3f5","0xdf5d","0xd455","0xd2c9","0xdb9f","0xdbf5","0xd564","0xd599","0xd5cd","0xd5e7","0xdb50","0xe517","0xe4e0","0xe0f4","0xe0c6","0xe0be","0xd342","0xd308","0xe0c2","0xe0ba","0xd324","0xe0ca","0xd368","0xe4a9","0xe46a","0xe48c","0xd9aa","0xd4ac","0xd2a8","UNIMPL","UNIMPL","0xec64","0xd74d","0xd2a8","0xd317","0xd317","0xd317","0xd317","0xd317","0xd317","0xd317","0xd317","0xd317","0xd317","0xd317","0xd317","0xd317","0xd317","0xd317","0xd317","0xd386","0xd386","0xd386","0xd386","0xd386","0xd386","0xd386","0xd386","0xd386","0xd386","0xd386","0xd386","0xd386","0xd386","0xd386","0xd386","0xd4fc","0xd4f9","0xd4f9","0xd4f9","0xd4f9","0xd4f9","0xd4f9","0xd4f9","0xf343","0xd6dc","0xecd9","0xecd9","0xeb93","0xf4a8","0xf4ad","UNIMPL","UNIMPL","0xec7a","0xeac1","0xeb06","0xf366","RSRVD","RSRVD","RSRVD","RSRVD","RSRVD","RSRVD","RSRVD","RSRVD","0xea9c","0xeaa6","0xf20f","0xf1fa","UNIMPL","UNIMPL","UNIMPL","UNIMPL","UNIMPL","UNIMPL","UNIMPL","0xd718","0xd72f","0xf338","0xf34e","0xf224","0xf35c","0xf3e4","0xec6c","0xed43"
"pascal-results/images/520d0449c7e9aaba387375d48ffc39ac639b91e88b58ac0af761db2b4ac3f67c/files","DISKC1","Also found at: pascal-results/images/f785f4a15f7632b2e7058723a1db7e5a92b8e4dc945a8f452ed0ddbd505ee11f/files (volume: DISKB2); pascal-results/images/b3c935718b4f6205301ba0edb27335eb66bb0ef10c02a87fbbd32a450bdb135f/files (volume: DISKC1); pascal-results/images/8f394368390427b2dbf6bbd2313a64f06143590acba5c6e340a26d14474512c5/files (volume: NEWB1); pascal-results/images/0cbd006773cf2c76cc0322701229eeefd9ef0b3546c5525ccd4244e9b1af2dc9/files (volume: NEWB1); pascal-results/images/a0eb09050be7db9354e1e484effccd483d2a86f6b6b137c43600e8a03251e575/files (volume: DISKB2); pascal-results/images/94423d27f872ba0d0559179d6e58d4ee8b7d03fa3c0d765192e47c4ec7fdd911/files (volume: DISKB2); pascal-results/images/c151c01219c4fe37614b1e348e5ec1141e2858c3248718ed2a6ee44006e31fb1/files (volume: NEWB1); pascal-results/images/c1c6d4b88df24c2e713b44477c505a77532e7f41c094bc74b2f167ac4ac00599/files (volume: NEWC2); pascal-results/images/67150544fcdeec6f1bca2cc44fa4ea53db2bfd08384bdcde4a1ffb443f10f000/files (volume: DISKC1); pascal-results/images/ac687f38f3a74ce8dfba1e7ffc9b8770cb025ee7d17b2818fbdbf255a6dec369/files (volume: NEWC2)","SYSTEM.APPLE","fcda8d15f213e8e0d5c3987ab92ba114","e35d6659b6a1c4675cd7c47c411fc726","8983b35ca53a2afd6c34aeae4209a71a","PASCALSY;USERPROG;FIOPRIMS;PRINTERR;INITIALI;GETCMD;SYSIO;","0;1;2;3;4;5;6;15","LONGINTI;PASCALIO;CHAINSTU;TRANSCEN;APPLESTU","30;31;28;29;22","0x03","0x01","5","5","0x3000","0x3100","0xd6ff","0xec8a","0xd71d","0xea9a","0xd5af","0xdb9b","0xd87d","0xeb32","0xd8c2","0xed17","0xed3a","0xdc99","0xdb64","0xd5c2","0xd8aa","0xd786","0xec2d","0xd735","0xec98","0xd5d5","0xdd10","0xd747","0xeae1","0xdcfe","0xd7cd","0xec55","0xd4bc","0xd98c","0xdbbd","0xd442","0xe67f","0xd2d7","0xdc29","0xd2a0","0xd9cb","0xd9af","0xd9de","0xd384","0xd929","0xd48c","0xd59b","0xd366","0xd94b","0xd3aa","0xd5e2","0xe371","0xe285","0xde2c","0xde24","0xde1c","0xd3ee","0xd4d6","0xde28","0xde20","0xd3c8","0xde18","0xd41c","0xd2a8","0xda60","0xdab6","0xd50a","0xd539","0xd567","0xd581","0xda1d","0xe35c","0xe32b","0xdfa9","0xdf7b","0xdf73","0xd315","0xd2de","0xdf77","0xdf6f","0xd2f7","0xdf7f","0xd33b","0xe306","0xe2d3","0xe2ef","0xd911","0xd467","0xd28d","UNIMPL","UNIMPL","0xe803","0xd6e4","0xd28d","0xd2ea","0xd2ea","0xd2ea","0xd2ea","0xd2ea","0xd2ea","0xd2ea","0xd2ea","0xd2ea","0xd2ea","0xd2ea","0xd2ea","0xd2ea","0xd2ea","0xd2ea","0xd2ea","0xd359","0xd359","0xd359","0xd359","0xd359","0xd359","0xd359","0xd359","0xd359","0xd359","0xd359","0xd359","0xd359","0xd359","0xd359","0xd359","0xd4ab","0xd4a8","0xd4a8","0xd4a8","0xd4a8","0xd4a8","0xd4a8","0xd4a8","0xeedc","0xd673","0xe878","0xe878","0xe75c","0xf041","0xf046","UNIMPL","UNIMPL","0xe819","0xe68a","0xe6cf","0xeeff","RSRVD","RSRVD","RSRVD","RSRVD","RSRVD","RSRVD","RSRVD","RSRVD","0xe66b","0xe675","0xeda8","0xed93","UNIMPL","UNIMPL","UNIMPL","UNIMPL","UNIMPL","UNIMPL","UNIMPL","0xd6af","0xd6c6","0xeed1","0xeee7","0xedbd","0xeef5","0xef7d","0xe80b","0xe8dc"
"pascal-results/images/7e0e51827e18eb862c0135eb9b9e00a70b3b4d468c7a2cf5b307ae810da2ac5c/files","GRAFA00","","SYSTEM.APPLE","1cd11df9e32677f4d3673933d5c996fc","3999ba7301dbe916875940e0415d7ded","94493c31e02ce25dcf1a905587d28d56","PASCALSY;USERPROG;DEBUGGER;PRINTERR;INITIALI;GETCMD;FILEPROC;","0;1;2;3;4;5;6;15","LONGINTI;PASCALIO;CHAINSTU;TRANSCEN;APPLESTU;ASMGRAPH;ASMGRAPH;ASMPRINT;PLOTDRIV;PLOTDRIV","30;31;28;29;22;16;17;18;19;20","0x02","0x01","2","4","0x3000","0x3100","0xd6bb","0xecb2","0xd6d9","0xeac2","0xd56b","0xdb57","0xd839","0xeb5a","0xd87e","0xed3f","0xed62","0xdc55","0xdb20","0xd57e","0xd866","0xd742","0xec55","0xd6f1","0xecc0","0xd591","0xdccc","0xd703","0xeb09","0xdcba","0xd789","0xec7d","0xd47b","0xd948","0xdb79","0xd401","0xe630","0xd296","0xdbe5","0xd25f","0xd987","0xd96b","0xd99a","0xd343","0xd8e5","0xd44b","0xd557","0xd325","0xd907","0xd369","0xd59e","0xe33f","0xe253","0xdde8","0xdde0","0xddd8","0xd3ad","0xd495","0xdde4","0xdddc","0xd387","0xddd4","0xd3db","0xd267","0xda1c","0xda72","0xd4c8","0xd4f6","0xd523","0xd53d","0xd9d9","0xe32a","0xe2f9","0xdf65","0xdf37","0xdf2f","0xd2d4","0xd29d","0xdf33","0xdf2b","0xd2b6","0xdf3b","0xd2fa","0xe2d4","0xe2a1","0xe2bd","0xd8cd","0xd426","0xd24d","UNIMPL","UNIMPL","0xe82b","0xd6a0","0xd24d","0xd2a9","0xd2a9","0xd2a9","0xd2a9","0xd2a9","0xd2a9","0xd2a9","0xd2a9","0xd2a9","0xd2a9","0xd2a9","0xd2a9","0xd2a9","0xd2a9","0xd2a9","0xd2a9","0xd318","0xd318","0xd318","0xd318","0xd318","0xd318","0xd318","0xd318","0xd318","0xd318","0xd318","0xd318","0xd318","0xd318","0xd318","0xd318","0xd46a","0xd467","0xd467","0xd467","0xd467","0xd467","0xd467","0xd467","0xef04","0xd62f","0xe8a0","0xe8a0","0xe784","0xf069","0xf06e","0xe63a","0xe640","0xe841","0xe6b2","0xe6f7","0xef27","RSRVD","RSRVD","RSRVD","RSRVD","RSRVD","RSRVD","RSRVD","RSRVD","0xe61c","0xe626","0xedd0","0xedbb","UNIMPL","UNIMPL","UNIMPL","UNIMPL","UNIMPL","UNIMPL","UNIMPL","0xd66b","0xd682","0xeef9","0xef0f","0xede5","0xef1d","0xefa5","0xe833","0xe904"
"pascal-results/images/3cf7e2f41304584ac490a483d2c7d2fb4d92e1f58f209e80d4114298ee16b7e7/files","FOKPROG","","SYSTEM.APPLE","cc51d745ff08822e46824787453572f8","064a1a1c1d36528e660900a2e609d158","c998c86254ab767809d4f4db62660659","PASCALSY;USERPROG;FIOPRIMS;PRINTERR;INITIALI;GETCMD;SYSIO;","0;1;2;3;4;5;6;15","APPLESTU;SHORTGRA;SHORTGRA;PASCALIO","22;20;21;31","0x04","0x01","6","6","0x3000","0x3100","0xd71c","0xecc8","0xd73a","0xead8","0xd5c0","0xdbbc","0xd89e","0xeb70","0xd8e3","0xed55","0xed78","0xdcba","0xdb85","0xd5d9","0xd8cb","0xd7a7","0xec6b","0xd754","0xecd6","0xd5f2","0xdd31","0xd766","0xeb1f","0xdd1f","0xd7ee","0xec93","0xd4cd","0xd9ad","0xdbde","0xd453","0xe6bd","0xd302","0xdc4a","0xd2c9","0xd9ec","0xd9d0","0xd9ff","0xd3a0","0xd94a","0xd49d","0xd5ac","0xd384","0xd96c","0xd3bd","0xd5ff","0xe3bc","0xe2d0","0xde4d","0xde45","0xde3d","0xd3ff","0xd4e7","0xde49","0xde41","0xd3d9","0xde39","0xd42d","0xd2d3","0xda81","0xdad7","0xd51b","0xd54a","0xd578","0xd592","0xda3e","0xe3a7","0xe376","0xdfca","0xdf9c","0xdf94","0xd33e","0xd309","0xdf98","0xdf90","0xd322","0xdfa0","0xd35b","0xe351","0xe31e","0xe33a","0xd932","0xd478","0x0100","UNIMPL","UNIMPL","0xe841","0xd701","0xd2b6","0xd315","0xd315","0xd315","0xd315","0xd315","0xd315","0xd315","0xd315","0xd315","0xd315","0xd315","0xd315","0xd315","0xd315","0xd315","0xd315","0xd377","0xd377","0xd377","0xd377","0xd377","0xd377","0xd377","0xd377","0xd377","0xd377","0xd377","0xd377","0xd377","0xd377","0xd377","0xd377","0xd4bc","0xd4b9","0xd4b9","0xd4b9","0xd4b9","0xd4b9","0xd4b9","0xd4b9","0xef1a","0xd690","0xe8b6","0xe8b6","0xe79a","0xf082","0xf087","UNIMPL","UNIMPL","0xe857","0xe6c8","0xe70d","0xef3d","RSRVD","RSRVD","RSRVD","RSRVD","RSRVD","RSRVD","RSRVD","RSRVD","0xe6a9","0xe6b3","0xede6","0xedd1","UNIMPL","UNIMPL","UNIMPL","UNIMPL","UNIMPL","UNIMPL","UNIMPL","0xd6cc","0xd6e3","0xef0f","0xef25","0xedfb","0xef33","0xefb8","0xe849","0xe91a"
"pascal-results/images/dd52f6ab7c95610aefc8bea211053e2fdab7d5d6751697b000d138f4762bae93/files","APPLE1","Also found at: pascal-results/images/6caaf0d32944b328763a1411e6185a9de27a8e819b61193e3ced9c46dfd97219/files (volume: 1PASCAL); pascal-results/images/7b33c9beafd2d126e2ea34a5576a0ef87d549aa00fee9a4a7284cc330021fc09/files (volume: SYS); pascal-results/images/b6a2fb2fda5a9e643d4ff49b3c665e96f0154c045239a0a09d982ac9aca59282/files (volume: 1PASCAL); pascal-results/images/58bcab0aa9c7907980fc07fb4ff7cc501cafab1a84c1cd2ca65fda147304a644/files (volume: SYS); pascal-results/images/462cc006f57661bbb09202b7f66c55dbfdb13392d4aeee6e8c41bcbaec373416/files (volume: DGA1); pascal-results/images/ee7d1ce58b936bb031e2b3b8009c7212498792ed24250494b7369499d9ae572d/files (volume: PASCAL)","SYSTEM.APPLE","61c4b26406c1ec411767aa478d1bd504","93a7bf87d5584360449f339c1d3958ce","23b3797fc86eb294b348091e70903d86","PASCALSY;USERPROG;FIOPRIMS;PRINTERR;INITIALI;GETCMD;FILEPROC;","0;1;2;3;4;5;6;15","LONGINTI;PASCALIO;CHAINSTU;TRANSCEN;TURTLEGR;TURTLEGR;APPLESTU","30;31;28;29;20;21;22","0x04","0x00","6","6","0x3000","0x3100","0xd6ed","0xec99","0xd70b","0xeaa9","0xd591","0xdb8d","0xd86f","0xeb41","0xd8b4","0xed26","0xed49","0xdc8b","0xdb56","0xd5aa","0xd89c","0xd778","0xec3c","0xd725","0xeca7","0xd5c3","0xdd02","0xd737","0xeaf0","0xdcf0","0xd7bf","0xec64","0xd49e","0xd97e","0xdbaf","0xd424","0xe68e","0xd2d3","0xdc1b","0xd29a","0xd9bd","0xd9a1","0xd9d0","0xd371","0xd91b","0xd46e","0xd57d","0xd355","0xd93d","0xd38e","0xd5d0","0xe38d","0xe2a1","0xde1e","0xde16","0xde0e","0xd3d0","0xd4b8","0xde1a","0xde12","0xd3aa","0xde0a","0xd3fe","0xd2a4","0xda52","0xdaa8","0xd4ec","0xd51b","0xd549","0xd563","0xda0f","0xe378","0xe347","0xdf9b","0xdf6d","0xdf65","0xd30f","0xd2da","0xdf69","0xdf61","0xd2f3","0xdf71","0xd32c","0xe322","0xe2ef","0xe30b","0xd903","0xd449","0xd287","UNIMPL","UNIMPL","0xe812","0xd6d2","0xd287","0xd2e6","0xd2e6","0xd2e6","0xd2e6","0xd2e6","0xd2e6","0xd2e6","0xd2e6","0xd2e6","0xd2e6","0xd2e6","0xd2e6","0xd2e6","0xd2e6","0xd2e6","0xd2e6","0xd348","0xd348","0xd348","0xd348","0xd348","0xd348","0xd348","0xd348","0xd348","0xd348","0xd348","0xd348","0xd348","0xd348","0xd348","0xd348","0xd48d","0xd48a","0xd48a","0xd48a","0xd48a","0xd48a","0xd48a","0xd48a","0xeeeb","0xd661","0xe887","0xe887","0xe76b","0xf053","0xf058","UNIMPL","UNIMPL","0xe828","0xe699","0xe6de","0xef0e","RSRVD","RSRVD","RSRVD","RSRVD","RSRVD","RSRVD","RSRVD","RSRVD","0xe67a","0xe684","0xedb7","0xeda2","UNIMPL","UNIMPL","UNIMPL","UNIMPL","UNIMPL","UNIMPL","UNIMPL","0xd69d","0xd6b4","0xeee0","0xeef6","0xedcc","0xef04","0xef89","0xe81a","0xe8eb"
"pascal-results/images/ea0d3eef47e9b6d82ebc7d7fb25c70b1343e0dbb3b6393fbabd4f392cefc94ab/files","IM3-08","Also found at: pascal-results/images/f31935dd94bfd12485b5dcc33979f336dd0de3cc2b447fb3b5cc333b69cec0b1/files (volume: SYSMAS); pascal-results/images/cb8a1b7ffa9fd92b00dd0ebde58620737781d1c10cd41d03ad1c19b06ea2e877/files (volume: IM3-09); pascal-results/images/cb27550ccf83fd635b0fc26e0848cedd92fef7eb9ead2719156ac1068d4f60b1/files (volume: A2C3.1); pascal-results/images/fe8a8166a0437fe070269fe20f0ac8dd512bf0ed2eb8cb5f1ae41b2312bc5ac2/files (volume: 4FR-05); pascal-results/images/d82b27f881154dc9e7d976eed6fdf6a93f1930864fc19335cebbfd884b78981e/files (volume: SYSMAS); pascal-results/images/fac27c7124988d969410ebf7181e213ee60134c3513b80701e4cce5115e9656a/files (volume: IM3-15); pascal-results/images/7719d49b1bb9db7be8559a3e179362076c99c60970848a0a067b7faed7df3d74/files (volume: SYSMAS); pascal-results/images/5d414cf0d63cb3a6a037a2d903373d4d80a6526d99f1793f806c114854506a30/files (volume: APPLE1); pascal-results/images/241759e25137d0663757521d059a2ff28df6f36386fa70bb9c6d1dfead345927/files (volume: IM3-11); pascal-results/images/37a9070316a818c6b3408e5b14c098f01655a28ff75e16aa245bdc6468017086/files (volume: 4GC-02); pascal-results/images/a1dcbf89addca9be5ca2fedee6203846e1dccfa5496bc96c308652b7a5238833/files (volume: IM3-07); pascal-results/images/d1da608b574c7c5de4b3f9f3ae80530f804f79aeec3ecca503623146fda347b9/files (volume: SYSMAS); pascal-results/images/f4778a8fd1247770b13b51086aaa1acec8738a1ac28f359175c7a00043963bb1/files (volume: SYSMAS); pascal-results/images/c94df43136018c6d39bd21c3935d0cd643a4746681385884be3032be4e2bacd4/files (volume: GGWORK); pascal-results/images/11d2bbd3cf6f616c6c2c2f1b46871ce0b61ca687c946fc652f88b03370bb60d5/files (volume: SYSMAS); pascal-results/images/7d2a64b94b13ad03060a5c5d7b418d322c7484a38c7e59c025e3e72018a8a577/files (volume: 4PV-01); pascal-results/images/1d187f59060033317234cc8ced3942e20fd05bfc479b91c398355c8e74ead873/files (volume: SYSMAS); pascal-results/images/fefab34116a47942a4941b8925fffc5866326b6a8c325acc1859c709d32b476d/files (volume: APPLE1); pascal-results/images/2c02f7b425b99bde1931fc9714cac28ae00ffea7a8334f3bfccc97a06828cc7f/files (volume: 4FR-04); pascal-results/images/eb5303e328d6b0a3c5b05762f3eb999e6c4c4526bc739294015b25e23463437a/files (volume: 4FR-01); pascal-results/images/820be8518673f4ce19c56917a151ab3c8df033e89916dab6e5212452bfdb4061/files (volume: IM3-14); pascal-results/images/5c72d7b327ba79262c02118610fd83c487634009f7ff68dcd3476258a6d2eb5a/files (volume: IM3-13); pascal-results/images/a78d71b4d8216d328634548cafd6d049a57c7e9523dcfe7ac293e83d36690e26/files (volume: SYSMAS); pascal-results/images/70ec5820c84f09c6c0934ded3b0fc7f5c55bb57ea10f353cec819d96986eccbc/files (volume: 4SU-05); pascal-results/images/40eec9ee3c30b98851a71e6d35d4ceedef5a703fb4b428a34cbf653908881791/files (volume: SYSMAS); pascal-results/images/56c18dd3e860b4a3e6d7c2a84516929faf010368932b80a1aa76bed3d5d994e4/files (volume: GGWORK); pascal-results/images/e6b8407dd9e55484d3950b0aca11ff8250cbb3a0c0c41ba9b4b49fd232069c4b/files (volume: IM3-10); pascal-results/images/e74a68969bf1502f4e073af42469f9d7ed55dae9ef4f732d3c8bb1bad66fbcc9/files (volume: AS1WORK); pascal-results/images/c6b81cd2568e62ef4a1e74db9e42f7bf4517bc2991f351c4f5e4b51418e2f2b4/files (volume: IM3-12); pascal-results/images/121ce47f985ba865d0eb5c3e99cff1749587f0f00a8496f9d398dc3c87017369/files (volume: 4GC-01); pascal-results/images/5c7278ce348ad7126bdbafe0e8c6701dcf3aef5529ec8c2677f8b63e5095b72a/files (volume: SYSMAS); pascal-results/images/01762e6a9966b6f61b1a9d5598f5c36992952fa3162de19d3d689494b5547869/files (volume: IM3-02); pascal-results/images/86ad533d53216a3514d50f9559806a3f81db0591cadc49ba36d61b69fef2b0ed/files (volume: SYSMAS); pascal-results/images/12fabd0d4f192958bc2fcb1cae07358cdc47d10ecd6a04bf36f52567835230ba/files (volume: GGWORK); pascal-results/images/a5f2b8b1a048203bfd7e4cd39305b02a5fddf3f4f7b7fd23710302001f3ff5dd/files (volume: SYSMAS); pascal-results/images/c7c2bb801d7d1725406f97c34b594eeb755fd02fbe12df7213f2daf99ff41f82/files (volume: IM3-01); pascal-results/images/a442e15b76a6a4a079f6a1dbc9e455ab3435b11b01913ed4940ac8160774aa98/files (volume: SYSMAS); pascal-results/images/7327e78a33c638d57fd177c7c4050f6ff1f167eda02a636cf212494386a3fc59/files (volume: SYSMAS)","SYSTEM.APPLE","54b5df4d19bbd7ddeee5c5af19973908","16165b117cc8eb127479e100665c78f9","23b3797fc86eb294b348091e70903d86","PASCALSY;USERPROG;FIOPRIMS;PRINTERR;INITIALI;GETCMD;FILEPROC;","0;1;2;3;4;5;6;15","LONGINTI;PASCALIO;CHAINSTU;TRANSCEN;TURTLEGR;TURTLEGR;APPLESTU","30;31;28;29;20;21;22","0x04","0x40","6","6","0x3000","0x3100","0xd762","0xf2d3","0xd780","0xf0e3","0xd603","0xdcd8","0xd8e4","0xf17b","0xd929","0xf360","0xf383","0xdddc","0xdca1","0xd61c","0xd911","0xd7ed","0xf276","0xd79a","0xf2e1","0xd635","0xde53","0xd7ac","0xf12a","0xde41","0xd834","0xf29e","0xd4fb","0xdabd","0xdcfa","0xd46f","0xec92","0xd309","0xdd66","0xd2c7","0xdafc","0xdae0","0xdb0f","0xd3aa","0xd9ce","0xd4c5","0xd5ef","0xd38e","0xda76","0xd3c7","0xd642","0xe554","0xe432","0xdf6f","0xdf67","0xdf5f","0xd40f","0xd515","0xdf6b","0xdf63","0xd3e3","0xdf5b","0xd443","0xd2d1","0xdb9d","0xdbf3","0xd552","0xd587","0xd5bb","0xd5d5","0xdb4e","0xe53f","0xe508","0xe0f2","0xe0c4","0xe0bc","0xd348","0xd310","0xe0c0","0xe0b8","0xd32c","0xe0c8","0xd365","0xe4d1","0xe492","0xe4b4","0xd9a8","0xd49a","0xd2ae","UNIMPL","UNIMPL","0xee46","0xd747","0xd2ae","0xd31f","0xd31f","0xd31f","0xd31f","0xd31f","0xd31f","0xd31f","0xd31f","0xd31f","0xd31f","0xd31f","0xd31f","0xd31f","0xd31f","0xd31f","0xd31f","0xd381","0xd381","0xd381","0xd381","0xd381","0xd381","0xd381","0xd381","0xd381","0xd381","0xd381","0xd381","0xd381","0xd381","0xd381","0xd381","0xd4ea","0xd4e7","0xd4e7","0xd4e7","0xd4e7","0xd4e7","0xd4e7","0xd4e7","0xf525","0xd6d6","0xeebb","0xeebb","0xed75","0xf68d","0xf692","UNIMPL","UNIMPL","0xee5c","0xeca3","0xece8","0xf548","RSRVD","RSRVD","RSRVD","RSRVD","RSRVD","RSRVD","RSRVD","RSRVD","0xec7e","0xec88","0xf3f1","0xf3dc","UNIMPL","UNIMPL","UNIMPL","UNIMPL","UNIMPL","UNIMPL","UNIMPL","0xd712","0xd729","0xf51a","0xf530","0xf406","0xf53e","0xf5c3","0xee4e","0xef25"
"pascal-results/images/12fc46f6e589145c2703ece95988103188b258d9a48636529fd6b7c592a2d6c5/files","WBV2.1","","RTSTRP.APPLE","96ce37ccb2a7f8503579abad2836bdc9","5c506ea6b2f881bdf9adc4800346cafa","335c6a2b10734798424785fe161cf21a","PASCALSY;USERPROG;SYSIO;PRINTERR;INITIALI;GETCMD;FIOPRIMS","0;1;2;3;4;5;6","PASCALIO;LONGINTI;CHAINSTU;TRANSCEN;TURTLEGR;TURTLEGR;APPLESTU","31;30;28;29;20;21;22","0x02","0x05","2","2","0x0400","0x0500","0x9ce3","UNIMPL","0x9d01","UNIMPL","0x9bab","UNIMPL","0x9e61","UNIMPL","0x9ea6","UNIMPL","UNIMPL","UNIMPL","UNIMPL","0x9bbe","0x9e8e","0x9d6a","UNIMPL","0x9d19","UNIMPL","0x9bd1","UNIMPL","0x9d2b","UNIMPL","UNIMPL","0x9db1","UNIMPL","0x9abb","0x9f70","UNIMPL","0x9a41","0xa881","0x98d6","UNIMPL","0x989f","0x9faf","0x9f93","0x9fc2","0x9983","0x9f0d","0x9a8b","0x9b97","0x9965","0x9f2f","0x99a9","0x9bde","0xa590","0xa4a4","0xa179","0xa171","0xa169","0x99ed","0x9ad5","0xa175","0xa16d","0x99c7","0xa165","0x9a1b","0x98a7","0xa044","0xa09a","0x9b08","0x9b36","0x9b63","0x9b7d","0xa001","0xa57b","0xa54a","0xa2bc","0xa28e","0xa286","0x9914","0x98dd","0xa28a","0xa282","0x98f6","0xa292","0x993a","0xa525","0xa4f2","0xa50e","0x9ef5","0x9a66","0x988d","UNIMPL","UNIMPL","0xaa04","0x9ce0","0x988d","0x98e9","0x98e9","0x98e9","0x98e9","0x98e9","0x98e9","0x98e9","0x98e9","0x98e9","0x98e9","0x98e9","0x98e9","0x98e9","0x98e9","0x98e9","0x98e9","0x9958","0x9958","0x9958","0x9958","0x9958","0x9958","0x9958","0x9958","0x9958","0x9958","0x9958","0x9958","0x9958","0x9958","0x9958","0x9958","0x9aaa","0x9aa7","0x9aa7","0x9aa7","0x9aa7","0x9aa7","0x9aa7","0x9aa7","0xab5c","0x9c6f","0xaa79","0xaa79","0xa95d","0xacc1","0xacc6","UNIMPL","UNIMPL","0xaa1a","0xa88b","0xa8d0","0xab7f","RSRVD","RSRVD","RSRVD","RSRVD","RSRVD","RSRVD","RSRVD","RSRVD","0xa86d","0xa877","UNIMPL","UNIMPL","UNIMPL","UNIMPL","UNIMPL","UNIMPL","UNIMPL","UNIMPL","UNIMPL","0x9cab","0x9cc2","0xab51","0xab67","UNIMPL","0xab75","0xabfd","0xaa0c","0xaadd"
"pascal-results/images/b4e92cb72e3e116e7377d72e307376c9a719a0231e5daa96a34bcf07049fff8b/files","LOGORUN","Also found at: pascal-results/images/be992edd7647a17fcae39d4ae88e60c62aa258cc4537617854b60fbb2bdc9554/files (volume: LOGORUN); pascal-results/images/ea8dc90ab15cd1dd85108fe7c6304b0c506d9c09298d9bfb14f174659c480537/files (volume: BLANCO5)","SYSTEM.APPLE","b171707fed34e35c30375a6601fc8829","5a160e53833eab6ae1008555f4fc7d8f","3475b42f446307e63cf9269569fc6167","PASCALSY;USERPROG;SYSIO;PRINTERR;INITIALI;GETCMD;FIOPRIMS;","0;1;2;3;4;5;6;15","APPLESTU;SHORTGRA;SHORTGRA;TRANSCEN;INTROLIB;INTROLIB;INPUTSTU;LOGOSTUF;LOGOSTUF","22;20;21;29;26;27;25;23;28","0x02","0x0b","2","2","0x3000","0x3100","0xd6fb","0xec7a","0xd719","0xea8a","0xd5ab","0xdb97","0xd879","0xeb22","0xd8be","0xed07","0xed2a","0xdc95","0xdb60","0xd5be","0xd8a6","0xd782","0xec1d","0xd731","0xec88","0xd5d1","0xdd0c","0xd743","0xead1","0xdcfa","0xd7c9","0xec45","0xd4bb","0xd988","0xdbb9","0xd441","0xe670","0xd2d6","0xdc25","0xd29f","0xd9c7","0xd9ab","0xd9da","0xd383","0xd925","0xd48b","0xd597","0xd365","0xd947","0xd3a9","0xd5de","0xe37f","0xe293","0xde28","0xde20","0xde18","0xd3ed","0xd4d5","0xde24","0xde1c","0xd3c7","0xde14","0xd41b","0xd2a7","0xda5c","0xdab2","0xd508","0xd536","0xd563","0xd57d","0xda19","0xe36a","0xe339","0xdfa5","0xdf77","0xdf6f","0xd314","0xd2dd","0xdf73","0xdf6b","0xd2f6","0xdf7b","0xd33a","0xe314","0xe2e1","0xe2fd","0xd90d","0xd466","0xd28d","UNIMPL","UNIMPL","0xe7f3","0xd6e0","0xd28d","0xd2e9","0xd2e9","0xd2e9","0xd2e9","0xd2e9","0xd2e9","0xd2e9","0xd2e9","0xd2e9","0xd2e9","0xd2e9","0xd2e9","0xd2e9","0xd2e9","0xd2e9","0xd2e9","0xd358","0xd358","0xd358","0xd358","0xd358","0xd358","0xd358","0xd358","0xd358","0xd358","0xd358","0xd358","0xd358","0xd358","0xd358","0xd358","0xd4aa","0xd4a7","0xd4a7","0xd4a7","0xd4a7","0xd4a7","0xd4a7","0xd4a7","0xeecc","0xd66f","0xe868","0xe868","0xe74c","0xf031","0xf036","UNIMPL","UNIMPL","0xe809","0xe67a","0xe6bf","0xeeef","RSRVD","RSRVD","RSRVD","RSRVD","RSRVD","RSRVD","RSRVD","RSRVD","0xe65c","0xe666","0xed98","0xed83","UNIMPL","UNIMPL","UNIMPL","UNIMPL","UNIMPL","UNIMPL","UNIMPL","0xd6ab","0xd6c2","0xeec1","0xeed7","0xedad","0xeee5","0xef6d","0xe7fb","0xe8cc"
"pascal-results/images/e08060b3abf9bce0961ffdbb3997840ab2b9d7bee9970221adfa7b725fb8d97a/files","G1","Also found at: pascal-results/images/cd6b73510be2bada438648e56a4ca44b003211248e40a0a4dd634c01974b5f36/files (volume: G1)","SYSTEM.APPLE","0ebe22ce29eb0a9a7b4773bdd7e16053","e35d6659b6a1c4675cd7c47c411fc726","d59da47be477b46d061f0c5865e75c61","PASCALSY;USERPROG;FIOPRIMS;PRINTERR;INITIALI;GETCMD;SYSIO;","0;1;2;3;4;5;6;15","PASCALIO;CHAINSTU","31;28","0x03","0x01","5","5","0x3000","0x3100","0xd6ff","0xec8a","0xd71d","0xea9a","0xd5af","0xdb9b","0xd87d","0xeb32","0xd8c2","0xed17","0xed3a","0xdc99","0xdb64","0xd5c2","0xd8aa","0xd786","0xec2d","0xd735","0xec98","0xd5d5","0xdd10","0xd747","0xeae1","0xdcfe","0xd7cd","0xec55","0xd4bc","0xd98c","0xdbbd","0xd442","0xe67f","0xd2d7","0xdc29","0xd2a0","0xd9cb","0xd9af","0xd9de","0xd384","0xd929","0xd48c","0xd59b","0xd366","0xd94b","0xd3aa","0xd5e2","0xe371","0xe285","0xde2c","0xde24","0xde1c","0xd3ee","0xd4d6","0xde28","0xde20","0xd3c8","0xde18","0xd41c","0xd2a8","0xda60","0xdab6","0xd50a","0xd539","0xd567","0xd581","0xda1d","0xe35c","0xe32b","0xdfa9","0xdf7b","0xdf73","0xd315","0xd2de","0xdf77","0xdf6f","0xd2f7","0xdf7f","0xd33b","0xe306","0xe2d3","0xe2ef","0xd911","0xd467","0xd28d","UNIMPL","UNIMPL","0xe803","0xd6e4","0xd28d","0xd2ea","0xd2ea","0xd2ea","0xd2ea","0xd2ea","0xd2ea","0xd2ea","0xd2ea","0xd2ea","0xd2ea","0xd2ea","0xd2ea","0xd2ea","0xd2ea","0xd2ea","0xd2ea","0xd359","0xd359","0xd359","0xd359","0xd359","0xd359","0xd359","0xd359","0xd359","0xd359","0xd359","0xd359","0xd359","0xd359","0xd359","0xd359","0xd4ab","0xd4a8","0xd4a8","0xd4a8","0xd4a8","0xd4a8","0xd4a8","0xd4a8","0xeedc","0xd673","0xe878","0xe878","0xe75c","0xf041","0xf046","UNIMPL","UNIMPL","0xe819","0xe68a","0xe6cf","0xeeff","RSRVD","RSRVD","RSRVD","RSRVD","RSRVD","RSRVD","RSRVD","RSRVD","0xe66b","0xe675","0xeda8","0xed93","UNIMPL","UNIMPL","UNIMPL","UNIMPL","UNIMPL","UNIMPL","UNIMPL","0xd6af","0xd6c6","0xeed1","0xeee7","0xedbd","0xeef5","0xef7d","0xe80b","0xe8dc"
"pascal-results/images/96b5fadb8e7ac3aa41e0c1d9ed932144c5bee81f981d1ce0caf828d428423490/files","BLANK","Also found at: pascal-results/images/93f184b327f8ea9e3a9e3c4d8f45e1d68923a13511a08e97e581f07b430480eb/files (volume: V/C); pascal-results/images/f68cf666985d1d7397c7e3af2a7baeadd7f47793fe15db03290db44e12185fe5/files (volume: BLANK); pascal-results/images/3e757388898a5b951a35073ee2cf5f38bcd4d2960541df525f56e1fcbf1e61bc/files (volume: BLANK); pascal-results/images/379dbbc14f951ed4778b7090d000d49b742e0dfc21d8e87b95969ce312fc7e36/files (volume: BLANK); pascal-results/images/ae729e57771a7dca31ff1b95d8193e736f1dc64a7504db76f939995d15f79594/files (volume: BLANK); pascal-results/images/c9ee6bbc60b315c5d5a70dd4b366bfef6faf5b3241b82c8679a0a137431c7461/files (volume: BLANK); pascal-results/images/ad45e0b1ce38e6ded9f693f5923bb42632dd9cc5d7a2085cd76401e387b96823/files (volume: BLANK)","SYSTEM.APPLE","1cd11df9e32677f4d3673933d5c996fc","24ca8f71aca82a11063a21463ad22184","bb19b80124c268d980231a7efc20bfbc","PASCALSY;USERPROG;DEBUGGER;PRINTERR;INITIALI;GETCMD;FILEPROC;","0;1;2;3;4;5;6;15","TXTWRIT;TXTWRIT;QUICKSTU;QUICKSTU;PETSTUFF;TURTLEGR;TURTLEGR;LONGINTI;CHAINSTU;PASCALIO","27;29;23;24;22;20;21;30;28;31","0x02","0x01","2","5","0x3000","0x3100","0xd6bb","0xecb2","0xd6d9","0xeac2","0xd56b","0xdb57","0xd839","0xeb5a","0xd87e","0xed3f","0xed62","0xdc55","0xdb20","0xd57e","0xd866","0xd742","0xec55","0xd6f1","0xecc0","0xd591","0xdccc","0xd703","0xeb09","0xdcba","0xd789","0xec7d","0xd47b","0xd948","0xdb79","0xd401","0xe630","0xd296","0xdbe5","0xd25f","0xd987","0xd96b","0xd99a","0xd343","0xd8e5","0xd44b","0xd557","0xd325","0xd907","0xd369","0xd59e","0xe33f","0xe253","0xdde8","0xdde0","0xddd8","0xd3ad","0xd495","0xdde4","0xdddc","0xd387","0xddd4","0xd3db","0xd267","0xda1c","0xda72","0xd4c8","0xd4f6","0xd523","0xd53d","0xd9d9","0xe32a","0xe2f9","0xdf65","0xdf37","0xdf2f","0xd2d4","0xd29d","0xdf33","0xdf2b","0xd2b6","0xdf3b","0xd2fa","0xe2d4","0xe2a1","0xe2bd","0xd8cd","0xd426","0xd24d","UNIMPL","UNIMPL","0xe82b","0xd6a0","0xd24d","0xd2a9","0xd2a9","0xd2a9","0xd2a9","0xd2a9","0xd2a9","0xd2a9","0xd2a9","0xd2a9","0xd2a9","0xd2a9","0xd2a9","0xd2a9","0xd2a9","0xd2a9","0xd2a9","0xd318","0xd318","0xd318","0xd318","0xd318","0xd318","0xd318","0xd318","0xd318","0xd318","0xd318","0xd318","0xd318","0xd318","0xd318","0xd318","0xd46a","0xd467","0xd467","0xd467","0xd467","0xd467","0xd467","0xd467","0xef04","0xd62f","0xe8a0","0xe8a0","0xe784","0xf069","0xf06e","0xe63a","0xe640","0xe841","0xe6b2","0xe6f7","0xef27","RSRVD","RSRVD","RSRVD","RSRVD","RSRVD","RSRVD","RSRVD","RSRVD","0xe61c","0xe626","0xedd0","0xedbb","UNIMPL","UNIMPL","UNIMPL","UNIMPL","UNIMPL","UNIMPL","UNIMPL","0xd66b","0xd682","0xeef9","0xef0f","0xede5","0xef1d","0xefa5","0xe833","0xe904"
"pascal-results/images/7f434882a11618432ecc1faed2236ee1cf4b8b4848646072b997c458042df007/files","WIZB0","Also found at: pascal-results/images/e34dc693e4ce2b2cdefcc47a921f9516da33d919dbcdb719e88572bd02c12691/files (volume: PFS2B); pascal-results/images/8dd6e2909f4f86b424f4824e0bc471b5e9d91ddd9fd7c79be25f3e4271dc57c8/files (volume: WIZB0); pascal-results/images/914c56fbbd0f226914c8fa18a50878b28fc83fb91f608018cad597d8a0b51639/files (volume: WIZB0); pascal-results/images/8928d6ccf4bf48f3a1312f5fc00625dbbc25c39f9a39f6279b6033b32177b24c/files (volume: GALBOOT); pascal-results/images/780ba050283323c634eb6d04ac5a752541aba199520cc225870031dccd9c003b/files (volume: PFS2B); pascal-results/images/99a982c2a711adc545d6e17a71df7350ff9b2336c3013e131f3b4bdc741d0229/files (volume: WBV2.1); pascal-results/images/fb75ed31f53ee3ca2b57b2df5e8759434f3d773d43bd9433beda6c956d12091a/files (volume: WBV2.1); pascal-results/images/32931201e7da9cf0b959bf539345a6f4e53a2eb1e5688957c6355e504c355154/files (volume: WIZB0); pascal-results/images/a5cecf0085010f4dce06210cf43287a730713dabfa2fcabe0f27416499d6bae1/files (volume: REPORT); pascal-results/images/b0b5b8d4be0e71f1a460249b5661d858383001a9dfa964e5a10d48ba636a6da3/files (volume: WBV2.1); pascal-results/images/9a66b7e1f3d41c972c91d3dfa5ff5fdec84a69eb04c7aecca8322d00ed5f4d5a/files (volume: WBV2.1); pascal-results/images/ef412f6871bf0f90918d7d06a91123df004bfc60ac7e3e6ae65c19ae78946c04/files (volume: WBV2.1); pascal-results/images/aed8380d38ad237ffd40d9d18c9af1b53c5ae8af32ebd99c31acbb115cdd99d4/files (volume: NGABOOT); pascal-results/images/af77cb9661abf3f631f05c3670c5c8dfda3595076d2792218d8925d9a8dcaeb0/files (volume: REPORT); pascal-results/images/124ce0d7ac4912768ec0886487b51a1f3ec4c87e21de3a89b4156b2d8dfd8b4f/files (volume: GALBOOT); pascal-results/images/a2e93f320994ee06c31c3235b8542e8377acd736f269101064049a047161360b/files (volume: NGABOOT); pascal-results/images/e5a1d0982cae2293f1288c6ac6fb34a6af8c4f5d423bacaf48d6c72b16295839/files (volume: WIZB0)","RTSTRP.APPLE","cfbd42367f33c1ec8a2d69c5b00d1eea","5c506ea6b2f881bdf9adc4800346cafa","335c6a2b10734798424785fe161cf21a","PASCALSY;USERPROG;SYSIO;PRINTERR;INITIALI;GETCMD;FIOPRIMS","0;1;2;3;4;5;6","PASCALIO;LONGINTI;CHAINSTU;TRANSCEN;TURTLEGR;TURTLEGR;APPLESTU","31;30;28;29;20;21;22","0x02","0x05","2","2","0x0400","0x0500","0x9ce3","UNIMPL","0x9d01","UNIMPL","0x9bab","UNIMPL","0x9e61","UNIMPL","0x9ea6","UNIMPL","UNIMPL","UNIMPL","UNIMPL","0x9bbe","0x9e8e","0x9d6a","UNIMPL","0x9d19","UNIMPL","0x9bd1","UNIMPL","0x9d2b","UNIMPL","UNIMPL","0x9db1","UNIMPL","0x9abb","0x9f70","UNIMPL","0x9a41","0xa881","0x98d6","UNIMPL","0x989f","0x9faf","0x9f93","0x9fc2","0x9983","0x9f0d","0x9a8b","0x9b97","0x9965","0x9f2f","0x99a9","0x9bde","0xa590","0xa4a4","0xa179","0xa171","0xa169","0x99ed","0x9ad5","0xa175","0xa16d","0x99c7","0xa165","0x9a1b","0x98a7","0xa044","0xa09a","0x9b08","0x9b36","0x9b63","0x9b7d","0xa001","0xa57b","0xa54a","0xa2bc","0xa28e","0xa286","0x9914","0x98dd","0xa28a","0xa282","0x98f6","0xa292","0x993a","0xa525","0xa4f2","0xa50e","0x9ef5","0x9a66","0x988d","UNIMPL","UNIMPL","0xaa04","0x9ce0","0x988d","0x98e9","0x98e9","0x98e9","0x98e9","0x98e9","0x98e9","0x98e9","0x98e9","0x98e9","0x98e9","0x98e9","0x98e9","0x98e9","0x98e9","0x98e9","0x98e9","0x9958","0x9958","0x9958","0x9958","0x9958","0x9958","0x9958","0x9958","0x9958","0x9958","0x9958","0x9958","0x9958","0x9958","0x9958","0x9958","0x9aaa","0x9aa7","0x9aa7","0x9aa7","0x9aa7","0x9aa7","0x9aa7","0x9aa7","0xab5c","0x9c6f","0xaa79","0xaa79","0xa95d","0xacc1","0xacc6","UNIMPL","UNIMPL","0xaa1a","0xa88b","0xa8d0","0xab7f","RSRVD","RSRVD","RSRVD","RSRVD","RSRVD","RSRVD","RSRVD","RSRVD","0xa86d","0xa877","UNIMPL","UNIMPL","UNIMPL","UNIMPL","UNIMPL","UNIMPL","UNIMPL","UNIMPL","UNIMPL","0x9cab","0x9cc2","0xab51","0xab67","UNIMPL","0xab75","0xabfd","0xaa0c","0xaadd"
"pascal-results/images/866d949b1256654bcada73d132ebcbaf194ca809ea54a1d094344121522acc1f/files","DELF","Also found at: pascal-results/images/35d942f9e852460d116c3680d795a8b92132f546a01bedea05f2e170441bab0c/files (volume: DELF); pascal-results/images/550615545492ea46b3d024baa2780fd5aae8579fd9732da46bfbc0cbd3b94a58/files (volume: DELF)","SYSTEM.APPLE","1cd11df9e32677f4d3673933d5c996fc","24ca8f71aca82a11063a21463ad22184","1ed76d181cd61711fbf780e7b1f88fd7","PASCALSY;USERPROG;DEBUGGER;PRINTERR;INITIALI;GETCMD;FILEPROC;","0;1;2;3;4;5;6;15","LONGINTI;PASCALIO;CHAINSTU;TRANSCEN;TURTLEGR;TURTLEGR;APPLESTU","30;31;28;29;20;21;22","0x02","0x01","2","2","0x3000","0x3100","0xd6bb","0xecb2","0xd6d9","0xeac2","0xd56b","0xdb57","0xd839","0xeb5a","0xd87e","0xed3f","0xed62","0xdc55","0xdb20","0xd57e","0xd866","0xd742","0xec55","0xd6f1","0xecc0","0xd591","0xdccc","0xd703","0xeb09","0xdcba","0xd789","0xec7d","0xd47b","0xd948","0xdb79","0xd401","0xe630","0xd296","0xdbe5","0xd25f","0xd987","0xd96b","0xd99a","0xd343","0xd8e5","0xd44b","0xd557","0xd325","0xd907","0xd369","0xd59e","0xe33f","0xe253","0xdde8","0xdde0","0xddd8","0xd3ad","0xd495","0xdde4","0xdddc","0xd387","0xddd4","0xd3db","0xd267","0xda1c","0xda72","0xd4c8","0xd4f6","0xd523","0xd53d","0xd9d9","0xe32a","0xe2f9","0xdf65","0xdf37","0xdf2f","0xd2d4","0xd29d","0xdf33","0xdf2b","0xd2b6","0xdf3b","0xd2fa","0xe2d4","0xe2a1","0xe2bd","0xd8cd","0xd426","0xd24d","UNIMPL","UNIMPL","0xe82b","0xd6a0","0xd24d","0xd2a9","0xd2a9","0xd2a9","0xd2a9","0xd2a9","0xd2a9","0xd2a9","0xd2a9","0xd2a9","0xd2a9","0xd2a9","0xd2a9","0xd2a9","0xd2a9","0xd2a9","0xd2a9","0xd318","0xd318","0xd318","0xd318","0xd318","0xd318","0xd318","0xd318","0xd318","0xd318","0xd318","0xd318","0xd318","0xd318","0xd318","0xd318","0xd46a","0xd467","0xd467","0xd467","0xd467","0xd467","0xd467","0xd467","0xef04","0xd62f","0xe8a0","0xe8a0","0xe784","0xf069","0xf06e","0xe63a","0xe640","0xe841","0xe6b2","0xe6f7","0xef27","RSRVD","RSRVD","RSRVD","RSRVD","RSRVD","RSRVD","RSRVD","RSRVD","0xe61c","0xe626","0xedd0","0xedbb","UNIMPL","UNIMPL","UNIMPL","UNIMPL","UNIMPL","UNIMPL","UNIMPL","0xd66b","0xd682","0xeef9","0xef0f","0xede5","0xef1d","0xefa5","0xe833","0xe904"
"pascal-results/images/de17214935fefb6ca9603256fe7bee3f2dc672b669cb2a556a76ce2d6a891b76/files","G1","Also found at: pascal-results/images/0acf74298e1ef91de2e49698cc5067854ea11492aaf1a184dee463e15084e589/files (volume: G1); pascal-results/images/29a06d8eb6d6a20a82469d057c3592c830bd7762162cdace2c761f98b653c52c/files (volume: G1); pascal-results/images/b59d3c17913bc90a2ace1c8c28feedf0c98083db7f85715e95c5d146495dc6f4/files (volume: G1); pascal-results/images/cffb18e9a9ff847443b0f3b4d1f0733c1a9960ff14aced1c4d0747ea5f938010/files (volume: G1); pascal-results/images/c3f664bc115b996316b8d1a9812cd5ae29328b5de6565a258407cc092fa6754a/files (volume: G1); pascal-results/images/9868b2bbe6e9e2718656ac3b0c970810c061e1eea2fe2b50a47241b45b0eead6/files (volume: G1); pascal-results/images/db35423cbd633ae2706f22afd116fd8737acc1df51743771ffc32339b1b7f4b4/files (volume: G1)","SYSTEM.APPLE","1516546f5c080208db51e230b86a8209","e35d6659b6a1c4675cd7c47c411fc726","d59da47be477b46d061f0c5865e75c61","PASCALSY;USERPROG;FIOPRIMS;PRINTERR;INITIALI;GETCMD;SYSIO;","0;1;2;3;4;5;6;15","PASCALIO;CHAINSTU","31;28","0x03","0x01","5","5","0x3000","0x3100","0xd6ff","0xec8a","0xd71d","0xea9a","0xd5af","0xdb9b","0xd87d","0xeb32","0xd8c2","0xed17","0xed3a","0xdc99","0xdb64","0xd5c2","0xd8aa","0xd786","0xec2d","0xd735","0xec98","0xd5d5","0xdd10","0xd747","0xeae1","0xdcfe","0xd7cd","0xec55","0xd4bc","0xd98c","0xdbbd","0xd442","0xe67f","0xd2d7","0xdc29","0xd2a0","0xd9cb","0xd9af","0xd9de","0xd384","0xd929","0xd48c","0xd59b","0xd366","0xd94b","0xd3aa","0xd5e2","0xe371","0xe285","0xde2c","0xde24","0xde1c","0xd3ee","0xd4d6","0xde28","0xde20","0xd3c8","0xde18","0xd41c","0xd2a8","0xda60","0xdab6","0xd50a","0xd539","0xd567","0xd581","0xda1d","0xe35c","0xe32b","0xdfa9","0xdf7b","0xdf73","0xd315","0xd2de","0xdf77","0xdf6f","0xd2f7","0xdf7f","0xd33b","0xe306","0xe2d3","0xe2ef","0xd911","0xd467","0x0100","UNIMPL","UNIMPL","0xe803","0xd6e4","0xd28d","0xd2ea","0xd2ea","0xd2ea","0xd2ea","0xd2ea","0xd2ea","0xd2ea","0xd2ea","0xd2ea","0xd2ea","0xd2ea","0xd2ea","0xd2ea","0xd2ea","0xd2ea","0xd2ea","0xd359","0xd359","0xd359","0xd359","0xd359","0xd359","0xd359","0xd359","0xd359","0xd359","0xd359","0xd359","0xd359","0xd359","0xd359","0xd359","0xd4ab","0xd4a8","0xd4a8","0xd4a8","0xd4a8","0xd4a8","0xd4a8","0xd4a8","0xeedc","0xd673","0xe878","0xe878","0xe75c","0xf041","0xf046","UNIMPL","UNIMPL","0xe819","0xe68a","0xe6cf","0xeeff","RSRVD","RSRVD","RSRVD","RSRVD","RSRVD","RSRVD","RSRVD","RSRVD","0xe66b","0xe675","0xeda8","0xed93","UNIMPL","UNIMPL","UNIMPL","UNIMPL","UNIMPL","UNIMPL","UNIMPL","0xd6af","0xd6c6","0xeed1","0xeee7","0xedbd","0xeef5","0xef7d","0xe80b","0xe8dc"
"pascal-results/images/a35bb0778237cbbc2a0b0c327fe64e228a343a2a460596a161240f32bb0b7a9d/files","R200","Also found at: pascal-results/images/140e505ace5ed074bdb7a446936fcedd36e94c30c44b1e690ef4f4b94f3e174f/files (volume: R200)","SYSTEM.APPLE","93b3b570ad7d4f281c32863274b7bc4b","064a1a1c1d36528e660900a2e609d158","2efbe21af30530e8289989191ce5162b","PASCALSY;USERPROG;FIOPRIMS;PRINTERR;INITIALI;GETCMD;SYSIO;","0;1;2;3;4;5;6;15","GRAFCODE;PASCALIO;CHAINSTU;SHORTGRA;SHORTGRA;MATCHLIB;R21MDEC;R21MDEC;R21MKIT","18;31;28;21;20;29;22;23;26","0x04","0x01","6","6","0x3000","0x3100","0xd71c","0xecc8","0xd73a","0xead8","0xd5c0","0xdbbc","0xd89e","0xeb70","0xd8e3","0xed55","0xed78","0xdcba","0xdb85","0xd5d9","0xd8cb","0xd7a7","0xec6b","0xd754","0xecd6","0xd5f2","0xdd31","0xd766","0xeb1f","0xdd1f","0xd7ee","0xec93","0xd4cd","0xd9ad","0xdbde","0xd453","0xe6bd","0xd302","0xdc4a","0xd2c9","0xd9ec","0xd9d0","0xd9ff","0xd3a0","0xd94a","0xd49d","0xd5ac","0xd384","0xd96c","0xd3bd","0xd5ff","0xe3bc","0xe2d0","0xde4d","0xde45","0xde3d","0xd3ff","0xd4e7","0xde49","0xde41","0xd3d9","0xde39","0xd42d","0xd2d3","0xda81","0xdad7","0xd51b","0xd54a","0xd578","0xd592","0xda3e","0xe3a7","0xe376","0xdfca","0xdf9c","0xdf94","0xd33e","0xd309","0xdf98","0xdf90","0xd322","0xdfa0","0xd35b","0xe351","0xe31e","0xe33a","0xd932","0xd478","0xd2b6","UNIMPL","UNIMPL","0xe841","0xd701","0xd2b6","0xd315","0xd315","0xd315","0xd315","0xd315","0xd315","0xd315","0xd315","0xd315","0xd315","0xd315","0xd315","0xd315","0xd315","0xd315","0xd315","0xd377","0xd377","0xd377","0xd377","0xd377","0xd377","0xd377","0xd377","0xd377","0xd377","0xd377","0xd377","0xd377","0xd377","0xd377","0xd377","0xd4bc","0xd4b9","0xd4b9","0xd4b9","0xd4b9","0xd4b9","0xd4b9","0xd4b9","0xef1a","0xd690","0xe8b6","0xe8b6","0xe79a","0xf082","0xf087","UNIMPL","UNIMPL","0xe857","0xe6c8","0xe70d","0xef3d","RSRVD","RSRVD","RSRVD","RSRVD","RSRVD","RSRVD","RSRVD","RSRVD","0xe6a9","0xe6b3","0xede6","0xedd1","UNIMPL","UNIMPL","UNIMPL","UNIMPL","UNIMPL","UNIMPL","UNIMPL","0xd6cc","0xd6e3","0xef0f","0xef25","0xedfb","0xef33","0xefb8","0xe849","0xe91a"
"pascal-results/images/cb0104cbea8e9d3da7f100be343d8e7991b8132b5798fac1ec57e9b8e2588e11/files","APPLE1","Also found at: pascal-results/images/8743f55e3374549785ebce99a17b10faaf2ca7975c11cb3a71268b0ad1cbf072/files (volume: XBPINIT); pascal-results/images/a22960d9f4461c2ceabdef73709913aa441f3da5d14e5834ed8b0328a74a8ea4/files (volume: FILEA00); pascal-results/images/20454ade2bab224deef05b828326e77344785de9726662f440736adcde414685/files (volume: APPLE1); pascal-results/images/d6e7509a8ae0c0157f84634c40dd04c22f424b3540d344e5db10bc98fec74229/files (volume: APPLE1); pascal-results/images/ad566f385fc66e1be832d7871973997e981b6480ca54d831a3bd8c7d895213d3/files (volume: APPLE1); pascal-results/images/b540df506f12a975e20acd81c9000326f28b9e16cbab53df919731c9d2c12a8a/files (volume: ZVPAS); pascal-results/images/815bf8dd0ce215541b73295ad4d77cf92d3f4f936adc96f12818cab24f1b8029/files (volume: SYS); pascal-results/images/573bc13d8d4ef8cb5c338c6190df047c5a0545ec0dd9fed41cb9c68efa44d204/files (volume: APPLE1); pascal-results/images/ecdd42be0e496edc747ffeadaee005e052f5daa2ad58946a1521212cebe62912/files (volume: APPLE1)","SYSTEM.APPLE","1cd11df9e32677f4d3673933d5c996fc","24ca8f71aca82a11063a21463ad22184","256f6a7cde5676b1b107b16036c3162e","PASCALSY;USERPROG;DEBUGGER;PRINTERR;INITIALI;GETCMD;FILEPROC;","0;1;2;3;4;5;6;15","LONGINTI;PASCALIO;CHAINSTU;TRANSCEN;TURTLEGR;TURTLEGR;APPLESTU","30;31;28;29;20;21;22","0x02","0x01","2","2","0x3000","0x3100","0xd6bb","0xecb2","0xd6d9","0xeac2","0xd56b","0xdb57","0xd839","0xeb5a","0xd87e","0xed3f","0xed62","0xdc55","0xdb20","0xd57e","0xd866","0xd742","0xec55","0xd6f1","0xecc0","0xd591","0xdccc","0xd703","0xeb09","0xdcba","0xd789","0xec7d","0xd47b","0xd948","0xdb79","0xd401","0xe630","0xd296","0xdbe5","0xd25f","0xd987","0xd96b","0xd99a","0xd343","0xd8e5","0xd44b","0xd557","0xd325","0xd907","0xd369","0xd59e","0xe33f","0xe253","0xdde8","0xdde0","0xddd8","0xd3ad","0xd495","0xdde4","0xdddc","0xd387","0xddd4","0xd3db","0xd267","0xda1c","0xda72","0xd4c8","0xd4f6","0xd523","0xd53d","0xd9d9","0xe32a","0xe2f9","0xdf65","0xdf37","0xdf2f","0xd2d4","0xd29d","0xdf33","0xdf2b","0xd2b6","0xdf3b","0xd2fa","0xe2d4","0xe2a1","0xe2bd","0xd8cd","0xd426","0xd24d","UNIMPL","UNIMPL","0xe82b","0xd6a0","0xd24d","0xd2a9","0xd2a9","0xd2a9","0xd2a9","0xd2a9","0xd2a9","0xd2a9","0xd2a9","0xd2a9","0xd2a9","0xd2a9","0xd2a9","0xd2a9","0xd2a9","0xd2a9","0xd2a9","0xd318","0xd318","0xd318","0xd318","0xd318","0xd318","0xd318","0xd318","0xd318","0xd318","0xd318","0xd318","0xd318","0xd318","0xd318","0xd318","0xd46a","0xd467","0xd467","0xd467","0xd467","0xd467","0xd467","0xd467","0xef04","0xd62f","0xe8a0","0xe8a0","0xe784","0xf069","0xf06e","0xe63a","0xe640","0xe841","0xe6b2","0xe6f7","0xef27","RSRVD","RSRVD","RSRVD","RSRVD","RSRVD","RSRVD","RSRVD","RSRVD","0xe61c","0xe626","0xedd0","0xedbb","UNIMPL","UNIMPL","UNIMPL","UNIMPL","UNIMPL","UNIMPL","UNIMPL","0xd66b","0xd682","0xeef9","0xef0f","0xede5","0xef1d","0xefa5","0xe833","0xe904"
"pascal-results/images/3ad63eb1e2681a539d5be79cd8c7f1b3dee94bf30dffda772603cb408c78b415/files","UFC","Also found at: pascal-results/images/c8eec3d0dc744481668b75de3ea6c28d2b322a24f725e18f56ab0958f9790faf/files (volume: GAME); pascal-results/images/d845c6ffa71aa39c50c326e5813b891ef47bd9668d3c52b6f2cda19d503e97c6/files (volume: GAME); pascal-results/images/179b94ab06ec145e3b9bc841cac98670e9782199ff85c1a9b4af11273f49647e/files (volume: GAME); pascal-results/images/25066fefde20392a3e28263a0ff64d629ebcd1f27ede3ebd0162ecca3c286451/files (volume: UFC); pascal-results/images/ec878393287f940d01d9e054d79f532e36e59b0990fd0851b107b34894279af0/files (volume: UFC); pascal-results/images/bd3671e0f4270a01574f1a0720538050eb9234c4f2520c718c0b83273b6eeaa5/files (volume: GAME); pascal-results/images/0bcac3dec5a03bc3a56514eee7b0bb0b8f21562e8df8b3ce0f71f0a9e661d7d8/files (volume: GAME); pascal-results/images/cb8a9d08c481a01e137633497c17f5de4a425f25f607115eea69310a4cf0cda5/files (volume: UFC); pascal-results/images/3cd2e9b4521461c3bd43f85d0c40ff596b25b8c2d1bd4f84e2c37a16e13e66c1/files (volume: UFC); pascal-results/images/8f58c3bf153dc9111ce6b68059faa29546429ba26e583d34b58a4afd7f91dbba/files (volume: GAME)","SYSTEM.APPLE","fcda8d15f213e8e0d5c3987ab92ba114","e35d6659b6a1c4675cd7c47c411fc726","42be162d48f8aed33b8798872ecf23ac","PASCALSY;USERPROG;FIOPRIMS;PRINTERR;INITIALI;GETCMD;SYSIO;","0;1;2;3;4;5;6;15","LONGINTI;PASCALIO;CHAINSTU;TRANSCEN;TURTLEGR;TURTLEGR;APPLESTU","30;31;28;29;20;21;22","0x03","0x01","5","5","0x3000","0x3100","0xd6ff","0xec8a","0xd71d","0xea9a","0xd5af","0xdb9b","0xd87d","0xeb32","0xd8c2","0xed17","0xed3a","0xdc99","0xdb64","0xd5c2","0xd8aa","0xd786","0xec2d","0xd735","0xec98","0xd5d5","0xdd10","0xd747","0xeae1","0xdcfe","0xd7cd","0xec55","0xd4bc","0xd98c","0xdbbd","0xd442","0xe67f","0xd2d7","0xdc29","0xd2a0","0xd9cb","0xd9af","0xd9de","0xd384","0xd929","0xd48c","0xd59b","0xd366","0xd94b","0xd3aa","0xd5e2","0xe371","0xe285","0xde2c","0xde24","0xde1c","0xd3ee","0xd4d6","0xde28","0xde20","0xd3c8","0xde18","0xd41c","0xd2a8","0xda60","0xdab6","0xd50a","0xd539","0xd567","0xd581","0xda1d","0xe35c","0xe32b","0xdfa9","0xdf7b","0xdf73","0xd315","0xd2de","0xdf77","0xdf6f","0xd2f7","0xdf7f","0xd33b","0xe306","0xe2d3","0xe2ef","0xd911","0xd467","0xd28d","UNIMPL","UNIMPL","0xe803","0xd6e4","0xd28d","0xd2ea","0xd2ea","0xd2ea","0xd2ea","0xd2ea","0xd2ea","0xd2ea","0xd2ea","0xd2ea","0xd2ea","0xd2ea","0xd2ea","0xd2ea","0xd2ea","0xd2ea","0xd2ea","0xd359","0xd359","0xd359","0xd359","0xd359","0xd359","0xd359","0xd359","0xd359","0xd359","0xd359","0xd359","0xd359","0xd359","0xd359","0xd359","0xd4ab","0xd4a8","0xd4a8","0xd4a8","0xd4a8","0xd4a8","0xd4a8","0xd4a8","0xeedc","0xd673","0xe878","0xe878","0xe75c","0xf041","0xf046","UNIMPL","UNIMPL","0xe819","0xe68a","0xe6cf","0xeeff","RSRVD","RSRVD","RSRVD","RSRVD","RSRVD","RSRVD","RSRVD","RSRVD","0xe66b","0xe675","0xeda8","0xed93","UNIMPL","UNIMPL","UNIMPL","UNIMPL","UNIMPL","UNIMPL","UNIMPL","0xd6af","0xd6c6","0xeed1","0xeee7","0xedbd","0xeef5","0xef7d","0xe80b","0xe8dc"
"pascal-results/images/cddb8909fa8319486c27bc489131bd757eb011f7082255bef7e80d289bff9c41/files","LGRUNGY","","SYSTEM.APPLE","b171707fed34e35c30375a6601fc8829","5a160e53833eab6ae1008555f4fc7d8f","215b96e649d96764ed46e8619b644498","PASCALSY;USERPROG;SYSIO;PRINTERR;INITIALI;GETCMD;FIOPRIMS;","0;1;2;3;4;5;6;15","APPLESTU;TRANSCEN;SHORTGRA;SHORTGRA;INTROLIB;INTROLIB;INPUTSTU;LOGOSTUF;LOGOSTUF","22;29;20;21;26;27;25;23;28","0x02","0x0b","2","2","0x3000","0x3100","0xd6fb","0xec7a","0xd719","0xea8a","0xd5ab","0xdb97","0xd879","0xeb22","0xd8be","0xed07","0xed2a","0xdc95","0xdb60","0xd5be","0xd8a6","0xd782","0xec1d","0xd731","0xec88","0xd5d1","0xdd0c","0xd743","0xead1","0xdcfa","0xd7c9","0xec45","0xd4bb","0xd988","0xdbb9","0xd441","0xe670","0xd2d6","0xdc25","0xd29f","0xd9c7","0xd9ab","0xd9da","0xd383","0xd925","0xd48b","0xd597","0xd365","0xd947","0xd3a9","0xd5de","0xe37f","0xe293","0xde28","0xde20","0xde18","0xd3ed","0xd4d5","0xde24","0xde1c","0xd3c7","0xde14","0xd41b","0xd2a7","0xda5c","0xdab2","0xd508","0xd536","0xd563","0xd57d","0xda19","0xe36a","0xe339","0xdfa5","0xdf77","0xdf6f","0xd314","0xd2dd","0xdf73","0xdf6b","0xd2f6","0xdf7b","0xd33a","0xe314","0xe2e1","0xe2fd","0xd90d","0xd466","0xd28d","UNIMPL","UNIMPL","0xe7f3","0xd6e0","0xd28d","0xd2e9","0xd2e9","0xd2e9","0xd2e9","0xd2e9","0xd2e9","0xd2e9","0xd2e9","0xd2e9","0xd2e9","0xd2e9","0xd2e9","0xd2e9","0xd2e9","0xd2e9","0xd2e9","0xd358","0xd358","0xd358","0xd358","0xd358","0xd358","0xd358","0xd358","0xd358","0xd358","0xd358","0xd358","0xd358","0xd358","0xd358","0xd358","0xd4aa","0xd4a7","0xd4a7","0xd4a7","0xd4a7","0xd4a7","0xd4a7","0xd4a7","0xeecc","0xd66f","0xe868","0xe868","0xe74c","0xf031","0xf036","UNIMPL","UNIMPL","0xe809","0xe67a","0xe6bf","0xeeef","RSRVD","RSRVD","RSRVD","RSRVD","RSRVD","RSRVD","RSRVD","RSRVD","0xe65c","0xe666","0xed98","0xed83","UNIMPL","UNIMPL","UNIMPL","UNIMPL","UNIMPL","UNIMPL","UNIMPL","0xd6ab","0xd6c2","0xeec1","0xeed7","0xedad","0xeee5","0xef6d","0xe7fb","0xe8cc"
"pascal-results/images/5ca24c254ff13d39ae601f3e965c7428286f6edd64ff506c7d31afb7f2e7bb73/files","CAD","","SYSTEM.APPLE","5abc095a8ed5ac231db236f7f6bf22b3","9caba8da50b2d0ae1470fa31d92abb1d","f154f51bbbdcf60783db92d61622abef","PASCALSY;USERPROG;FIOPRIMS;PRINTERR;INITIALI;GETCMD;SYSIO;","0;1;2;3;4;5;6;15","SPCUNIT;LDIMDRAW;ADIMDRAW;NEWTGRAP;NEWTGRAP;TXTDRW;CMDUNIT;TRANSCEN;CDIMDRAW;PASCALIO","22;23;24;25;26;27;28;29;30;31","0x03","0x41","5","5","0x3000","0x3100","0xd768","0xf0f1","0xd786","0xef01","0xd615","0xdcda","0xd8e6","0xef99","0xd92b","0xf17e","0xf1a1","0xddde","0xdca3","0xd628","0xd913","0xd7ef","0xf094","0xd79e","0xf0ff","0xd63b","0xde55","0xd7b0","0xef48","0xde43","0xd836","0xf0bc","0xd50d","0xdabf","0xdcfc","0xd481","0xeab0","0xd301","0xdd68","0xd2c1","0xdafe","0xdae2","0xdb11","0xd3b1","0xd9d0","0xd4d7","0xd601","0xd393","0xda78","0xd3d7","0xd648","0xe52c","0xe40a","0xdf71","0xdf69","0xdf61","0xd421","0xd527","0xdf6d","0xdf65","0xd3f5","0xdf5d","0xd455","0xd2c9","0xdb9f","0xdbf5","0xd564","0xd599","0xd5cd","0xd5e7","0xdb50","0xe517","0xe4e0","0xe0f4","0xe0c6","0xe0be","0xd342","0xd308","0xe0c2","0xe0ba","0xd324","0xe0ca","0xd368","0xe4a9","0xe46a","0xe48c","0xd9aa","0xd4ac","0xd2a8","UNIMPL","UNIMPL","0xec64","0xd74d","0xd2a8","0xd317","0xd317","0xd317","0xd317","0xd317","0xd317","0xd317","0xd317","0xd317","0xd317","0xd317","0xd317","0xd317","0xd317","0xd317","0xd317","0xd386","0xd386","0xd386","0xd386","0xd386","0xd386","0xd386","0xd386","0xd386","0xd386","0xd386","0xd386","0xd386","0xd386","0xd386","0xd386","0xd4fc","0xd4f9","0xd4f9","0xd4f9","0xd4f9","0xd4f9","0xd4f9","0xd4f9","0xf343","0xd6dc","0xecd9","0xecd9","0xeb93","0xf4a8","0xf4ad","UNIMPL","UNIMPL","0xec7a","0xeac1","0xeb06","0xf366","RSRVD","RSRVD","RSRVD","RSRVD","RSRVD","RSRVD","RSRVD","RSRVD","0xea9c","0xeaa6","0xf20f","0xf1fa","UNIMPL","UNIMPL","UNIMPL","UNIMPL","UNIMPL","UNIMPL","UNIMPL","0xd718","0xd72f","0xf338","0xf34e","0xf224","0xf35c","0xf3e4","0xec6c","0xed43"
"pascal-results/images/e0619bbee661f91636fdd51248b96f33d4557f38273d2875857792a2ce875529/files","JUPITER","Also found at: pascal-results/images/3ce7b75596794b6e460dd095d77274b60fb44ee4598da8aeee2467bd12307f22/files (volume: SATURN)","SYSTEM.APPLE","fcda8d15f213e8e0d5c3987ab92ba114","e35d6659b6a1c4675cd7c47c411fc726","5f46c7b7513e35d525cfca7aec1b6a9a","PASCALSY;USERPROG;FIOPRIMS;PRINTERR;INITIALI;GETCMD;SYSIO;","0;1;2;3;4;5;6;15","LONGINTI;PASCALIO;CHAINSTU;APPLESTU;SHORTGRA;SHORTGRA;PARADEC;PARAKIT;PARAKIT","30;31;28;22;20;21;25;23;24","0x03","0x01","5","5","0x3000","0x3100","0xd6ff","0xec8a","0xd71d","0xea9a","0xd5af","0xdb9b","0xd87d","0xeb32","0xd8c2","0xed17","0xed3a","0xdc99","0xdb64","0xd5c2","0xd8aa","0xd786","0xec2d","0xd735","0xec98","0xd5d5","0xdd10","0xd747","0xeae1","0xdcfe","0xd7cd","0xec55","0xd4bc","0xd98c","0xdbbd","0xd442","0xe67f","0xd2d7","0xdc29","0xd2a0","0xd9cb","0xd9af","0xd9de","0xd384","0xd929","0xd48c","0xd59b","0xd366","0xd94b","0xd3aa","0xd5e2","0xe371","0xe285","0xde2c","0xde24","0xde1c","0xd3ee","0xd4d6","0xde28","0xde20","0xd3c8","0xde18","0xd41c","0xd2a8","0xda60","0xdab6","0xd50a","0xd539","0xd567","0xd581","0xda1d","0xe35c","0xe32b","0xdfa9","0xdf7b","0xdf73","0xd315","0xd2de","0xdf77","0xdf6f","0xd2f7","0xdf7f","0xd33b","0xe306","0xe2d3","0xe2ef","0xd911","0xd467","0xd28d","UNIMPL","UNIMPL","0xe803","0xd6e4","0xd28d","0xd2ea","0xd2ea","0xd2ea","0xd2ea","0xd2ea","0xd2ea","0xd2ea","0xd2ea","0xd2ea","0xd2ea","0xd2ea","0xd2ea","0xd2ea","0xd2ea","0xd2ea","0xd2ea","0xd359","0xd359","0xd359","0xd359","0xd359","0xd359","0xd359","0xd359","0xd359","0xd359","0xd359","0xd359","0xd359","0xd359","0xd359","0xd359","0xd4ab","0xd4a8","0xd4a8","0xd4a8","0xd4a8","0xd4a8","0xd4a8","0xd4a8","0xeedc","0xd673","0xe878","0xe878","0xe75c","0xf041","0xf046","UNIMPL","UNIMPL","0xe819","0xe68a","0xe6cf","0xeeff","RSRVD","RSRVD","RSRVD","RSRVD","RSRVD","RSRVD","RSRVD","RSRVD","0xe66b","0xe675","0xeda8","0xed93","UNIMPL","UNIMPL","UNIMPL","UNIMPL","UNIMPL","UNIMPL","UNIMPL","0xd6af","0xd6c6","0xeed1","0xeee7","0xedbd","0xeef5","0xef7d","0xe80b","0xe8dc"
"pascal-results/images/6fe63dca7151b639157c2dfd15fa6d76923a6d9e572156e9d3b373f5c90b0a3b/files","EMG","","SYSTEM.APPLE","2ff0b3316b2947998c1cb41cce82334f","6c67161a696176ededdc0f018dc1c438","c49db034fc995d15a09be7b23138dab6","PASCALSY;USERPROG;FIOPRIMS;PRINTERR;INITIALI;GETCMD;FILEPROC;","0;1;2;3;4;5;6;15","LONGINTI;PASCALIO;CHAINSTU;TRANSCEN;TURTLEGR;TURTLEGR;APPLESTU;PASCALSY;CRTSTUFF;CRTSTUFF","30;31;28;29;20;21;22;7;18;19","0x03","0x40","5","5","0x3000","0x3100","0xd739","0xf13a","0xd757","0xef4a","0xd5e6","0xdcab","0xd8b7","0xefe2","0xd8fc","0xf1c7","0xf1ea","0xddaf","0xdc74","0xd5f9","0xd8e4","0xd7c0","0xf0dd","0xd76f","0xf148","0xd60c","0xde26","0xd781","0xef91","0xde14","0xd807","0xf105","0xd4de","0xda90","0xdccd","0xd452","0xea81","0xd2d2","0xdd39","0xd292","0xdacf","0xdab3","0xdae2","0xd382","0xd9a1","0xd4a8","0xd5d2","0xd364","0xda49","0xd3a8","0xd619","0xe4fd","0xe3db","0xdf42","0xdf3a","0xdf32","0xd3f2","0xd4f8","0xdf3e","0xdf36","0xd3c6","0xdf2e","0xd426","0xd29a","0xdb70","0xdbc6","0xd535","0xd56a","0xd59e","0xd5b8","0xdb21","0xe4e8","0xe4b1","0xe0c5","0xe097","0xe08f","0xd313","0xd2d9","0xe093","0xe08b","0xd2f5","0xe09b","0xd339","0xe47a","0xe43b","0xe45d","0xd97b","0xd47d","0xd279","UNIMPL","UNIMPL","0xecad","0xd71e","0xd279","0xd2e8","0xd2e8","0xd2e8","0xd2e8","0xd2e8","0xd2e8","0xd2e8","0xd2e8","0xd2e8","0xd2e8","0xd2e8","0xd2e8","0xd2e8","0xd2e8","0xd2e8","0xd2e8","0xd357","0xd357","0xd357","0xd357","0xd357","0xd357","0xd357","0xd357","0xd357","0xd357","0xd357","0xd357","0xd357","0xd357","0xd357","0xd357","0xd4cd","0xd4ca","0xd4ca","0xd4ca","0xd4ca","0xd4ca","0xd4ca","0xd4ca","0xf38c","0xd6ad","0xed22","0xed22","0xebdc","0xf4f1","0xf4f6","0xea92","0xea98","0xecc3","0xeb0a","0xeb4f","0xf3af","RSRVD","RSRVD","RSRVD","RSRVD","RSRVD","RSRVD","RSRVD","RSRVD","0xea6d","0xea77","0xf258","0xf243","UNIMPL","UNIMPL","UNIMPL","UNIMPL","UNIMPL","UNIMPL","UNIMPL","0xd6e9","0xd700","0xf381","0xf397","0xf26d","0xf3a5","0xf42d","0xecb5","0xed8c"
"pascal-results/images/406cb9ee82e8c428aab21f7e00c6f066141b2847a8efb996e1dd485d0b7fe3e8/files","GATO","","SYSTEM.APPLE","3a80f84f0f3ed875af16e071802808d7","9caba8da50b2d0ae1470fa31d92abb1d","9e0fa96d82bc397b99159055852cb99a","PASCALSY;USERPROG;FIOPRIMS;PRINTERR;INITIALI;GETCMD;SYSIO;","0;1;2;3;4;5;6;15","GATOGRAF;GATOGRAF;TRANSCEN;APPLESTU;RESDNT;RESDNT;MAINSCRN;DAMSCRN;WORLDSCR;QUADSCRN;RADSCRN;LOOKY","30;31;29;22;27;20;26;25;24;23;21;28","0x03","0x41","5","5","0x3000","0x3100","0xd768","0xf0f1","0xd786","0xef01","0xd615","0xdcda","0xd8e6","0xef99","0xd92b","0xf17e","0xf1a1","0xddde","0xdca3","0xd628","0xd913","0xd7ef","0xf094","0xd79e","0xf0ff","0xd63b","0xde55","0xd7b0","0xef48","0xde43","0xd836","0xf0bc","0xd50d","0xdabf","0xdcfc","0xd481","0xeab0","0xd301","0xdd68","0xd2c1","0xdafe","0xdae2","0xdb11","0xd3b1","0xd9d0","0xd4d7","0xd601","0xd393","0xda78","0xd3d7","0xd648","0xe52c","0xe40a","0xdf71","0xdf69","0xdf61","0xd421","0xd527","0xdf6d","0xdf65","0xd3f5","0xdf5d","0xd455","0xd2c9","0xdb9f","0xdbf5","0xd564","0xd599","0xd5cd","0xd5e7","0xdb50","0xe517","0xe4e0","0xe0f4","0xe0c6","0xe0be","0xd342","0xd308","0xe0c2","0xe0ba","0xd324","0xe0ca","0xd368","0xe4a9","0xe46a","0xe48c","0xd9aa","0xd4ac","0xd2a8","UNIMPL","UNIMPL","0xec64","0xd74d","0xd2a8","0xd317","0xd317","0xd317","0xd317","0xd317","0xd317","0xd317","0xd317","0xd317","0xd317","0xd317","0xd317","0xd317","0xd317","0xd317","0xd317","0xd386","0xd386","0xd386","0xd386","0xd386","0xd386","0xd386","0xd386","0xd386","0xd386","0xd386","0xd386","0xd386","0xd386","0xd386","0xd386","0xd4fc","0xd4f9","0xd4f9","0xd4f9","0xd4f9","0xd4f9","0xd4f9","0xd4f9","0xf343","0xd6dc","0xecd9","0xecd9","0xeb93","0xf4a8","0xf4ad","UNIMPL","UNIMPL","0xec7a","0xeac1","0xeb06","0xf366","RSRVD","RSRVD","RSRVD","RSRVD","RSRVD","RSRVD","RSRVD","RSRVD","0xea9c","0xeaa6","0xf20f","0xf1fa","UNIMPL","UNIMPL","UNIMPL","UNIMPL","UNIMPL","UNIMPL","UNIMPL","0xd718","0xd72f","0xf338","0xf34e","0xf224","0xf35c","0xf3e4","0xec6c","0xed43"
"pascal-results/images/ff67430e97787028b3c17e47460258805b4b30ab7372e01ccec950683223ec8d/files","RACTER","Also found at: pascal-results/images/8335302fbbdee6c176257cbd8afcb08c1f79e6e596d09eeff6126e5e85d84847/files (volume: RACTER); pascal-results/images/360ea44c1dad79b7dbaf00356d6a048b99ec2efa8e4344a89dedfc6f4c4cb1c3/files (volume: RACTER); pascal-results/images/61e2a15b4c64534af62f2f1f8c4900a84efab5c895f589d1afef45051c455141/files (volume: RACTER); pascal-results/images/c318fd47c9461870a338b37fca6e207f8514d5c38f20459a59a05692fed524f2/files (volume: RACTER); pascal-results/images/8e6b7c0b01beb1bf52b425a715a6cebabe792d229be103360bebd7f58e532efe/files (volume: RACTER)","SYSTEM.APPLE","bb490fa8d9e28be6c84f8b20774c75f1","9caba8da50b2d0ae1470fa31d92abb1d","42be162d48f8aed33b8798872ecf23ac","PASCALSY;USERPROG;FIOPRIMS;PRINTERR;INITIALI;GETCMD;SYSIO;","0;1;2;3;4;5;6;15","LONGINTI;PASCALIO;CHAINSTU;TRANSCEN;TURTLEGR;TURTLEGR;APPLESTU","30;31;28;29;20;21;22","0x03","0x41","5","5","0x3000","0x3100","0xd768","0xf0f1","0xd786","0xef01","0xd615","0xdcda","0xd8e6","0xef99","0xd92b","0xf17e","0xf1a1","0xddde","0xdca3","0xd628","0xd913","0xd7ef","0xf094","0xd79e","0xf0ff","0xd63b","0xde55","0xd7b0","0xef48","0xde43","0xd836","0xf0bc","0xd50d","0xdabf","0xdcfc","0xd481","0xeab0","0xd301","0xdd68","0xd2c1","0xdafe","0xdae2","0xdb11","0xd3b1","0xd9d0","0xd4d7","0xd601","0xd393","0xda78","0xd3d7","0xd648","0xe52c","0xe40a","0xdf71","0xdf69","0xdf61","0xd421","0xd527","0xdf6d","0xdf65","0xd3f5","0xdf5d","0xd455","0xd2c9","0xdb9f","0xdbf5","0xd564","0xd599","0xd5cd","0xd5e7","0xdb50","0xe517","0xe4e0","0xe0f4","0xe0c6","0xe0be","0xd342","0xd308","0xe0c2","0xe0ba","0xd324","0xe0ca","0xd368","0xe4a9","0xe46a","0xe48c","0xd9aa","0xd4ac","0xd2a8","UNIMPL","UNIMPL","0xec64","0xd74d","0xd2a8","0xd317","0xd317","0xd317","0xd317","0xd317","0xd317","0xd317","0xd317","0xd317","0xd317","0xd317","0xd317","0xd317","0xd317","0xd317","0xd317","0xd386","0xd386","0xd386","0xd386","0xd386","0xd386","0xd386","0xd386","0xd386","0xd386","0xd386","0xd386","0xd386","0xd386","0xd386","0xd386","0xd4fc","0xd4f9","0xd4f9","0xd4f9","0xd4f9","0xd4f9","0xd4f9","0xd4f9","0xf343","0xd6dc","0xecd9","0xecd9","0xeb93","0xf4a8","0xf4ad","UNIMPL","UNIMPL","0xec7a","0xeac1","0xeb06","0xf366","RSRVD","RSRVD","RSRVD","RSRVD","RSRVD","RSRVD","RSRVD","RSRVD","0xea9c","0xeaa6","0xf20f","0xf1fa","UNIMPL","UNIMPL","UNIMPL","UNIMPL","UNIMPL","UNIMPL","UNIMPL","0xd718","0xd72f","0xf338","0xf34e","0xf224","0xf35c","0xf3e4","0xec6c","0xed43"
"pascal-results/images/94612001033b9dae8cab993959b4dfc86a66c0f3fd5b199cde37490dc2900933/files","KBDRUN","Also found at: pascal-results/images/87d8abeb8063c336a9802c4daeddd0a9bd705d2db11dd5d074ad2106a2a969e3/files (volume: KBDRUN)","SYSTEM.APPLE","b171707fed34e35c30375a6601fc8829","5a160e53833eab6ae1008555f4fc7d8f","c9e3bea2612374a574044efb424591f3","PASCALSY;USERPROG;SYSIO;PRINTERR;INITIALI;GETCMD;FIOPRIMS;","0;1;2;3;4;5;6;15","CHAINSTU;APPLESTU;SHORTGRA;SHORTGRA;INTROLIB;INTROLIB;TYPE1UNI;TYPE2UNI;TYPE3UNI","28;22;20;21;26;27;25;23;24","0x02","0x0b","2","2","0x3000","0x3100","0xd6fb","0xec7a","0xd719","0xea8a","0xd5ab","0xdb97","0xd879","0xeb22","0xd8be","0xed07","0xed2a","0xdc95","0xdb60","0xd5be","0xd8a6","0xd782","0xec1d","0xd731","0xec88","0xd5d1","0xdd0c","0xd743","0xead1","0xdcfa","0xd7c9","0xec45","0xd4bb","0xd988","0xdbb9","0xd441","0xe670","0xd2d6","0xdc25","0xd29f","0xd9c7","0xd9ab","0xd9da","0xd383","0xd925","0xd48b","0xd597","0xd365","0xd947","0xd3a9","0xd5de","0xe37f","0xe293","0xde28","0xde20","0xde18","0xd3ed","0xd4d5","0xde24","0xde1c","0xd3c7","0xde14","0xd41b","0xd2a7","0xda5c","0xdab2","0xd508","0xd536","0xd563","0xd57d","0xda19","0xe36a","0xe339","0xdfa5","0xdf77","0xdf6f","0xd314","0xd2dd","0xdf73","0xdf6b","0xd2f6","0xdf7b","0xd33a","0xe314","0xe2e1","0xe2fd","0xd90d","0xd466","0xd28d","UNIMPL","UNIMPL","0xe7f3","0xd6e0","0xd28d","0xd2e9","0xd2e9","0xd2e9","0xd2e9","0xd2e9","0xd2e9","0xd2e9","0xd2e9","0xd2e9","0xd2e9","0xd2e9","0xd2e9","0xd2e9","0xd2e9","0xd2e9","0xd2e9","0xd358","0xd358","0xd358","0xd358","0xd358","0xd358","0xd358","0xd358","0xd358","0xd358","0xd358","0xd358","0xd358","0xd358","0xd358","0xd358","0xd4aa","0xd4a7","0xd4a7","0xd4a7","0xd4a7","0xd4a7","0xd4a7","0xd4a7","0xeecc","0xd66f","0xe868","0xe868","0xe74c","0xf031","0xf036","UNIMPL","UNIMPL","0xe809","0xe67a","0xe6bf","0xeeef","RSRVD","RSRVD","RSRVD","RSRVD","RSRVD","RSRVD","RSRVD","RSRVD","0xe65c","0xe666","0xed98","0xed83","UNIMPL","UNIMPL","UNIMPL","UNIMPL","UNIMPL","UNIMPL","UNIMPL","0xd6ab","0xd6c2","0xeec1","0xeed7","0xedad","0xeee5","0xef6d","0xe7fb","0xe8cc"
"pascal-results/images/a723c031223ba18b50461b4d4e1e9b019217ebc9d8342cf5e216dd502b42c2bf/files","BLANK13","Also found at: pascal-results/images/cdff6180d46f99bd279dccd959baf139ff59e4378c40abae4aee842a6f8fdd55/files (volume: BLANK27)","SYSTEM.APPLE","c2d4706531e42cc63b891910837f9494","b3853bc8f27e8380ca8a90f8aea920b8","78fb333475d713920fb777add66402ee","PASCALSY;USERPROG;FIOPRIMS;PRINTERR;INITIALI;GETCMD;SYSIO;","0;1;2;3;4;5;6;15","PASCALIO","31","0x03","0x01","5","5","0x3000","0x3100","0xd6ff","0xec77","0xd71d","0xea87","0xd5af","0xdb9b","0xd87d","0xeb1f","0xd8c2","0xed04","0xed27","0xdc99","0xdb64","0xd5c2","0xd8aa","0xd786","0xec1a","0xd735","0xec85","0xd5d5","0xdd10","0xd747","0xeace","0xdcfe","0xd7cd","0xec42","0xd4bc","0xd98c","0xdbbd","0xd442","0xe66c","0xd2d7","0xdc29","0xd2a0","0xd9cb","0xd9af","0xd9de","0xd384","0xd929","0xd48c","0xd59b","0xd366","0xd94b","0xd3aa","0xd5e2","0xe371","0xe285","0xde2c","0xde24","0xde1c","0xd3ee","0xd4d6","0xde28","0xde20","0xd3c8","0xde18","0xd41c","0xd2a8","0xda60","0xdab6","0xd50a","0xd539","0xd567","0xd581","0xda1d","0xe35c","0xe32b","0xdfa9","0xdf7b","0xdf73","0xd315","0xd2de","0xdf77","0xdf6f","0xd2f7","0xdf7f","0xd33b","0xe306","0xe2d3","0xe2ef","0xd911","0xd467","0xd28d","UNIMPL","UNIMPL","0xe7f0","0xd6e4","0xd28d","0xd2ea","0xd2ea","0xd2ea","0xd2ea","0xd2ea","0xd2ea","0xd2ea","0xd2ea","0xd2ea","0xd2ea","0xd2ea","0xd2ea","0xd2ea","0xd2ea","0xd2ea","0xd2ea","0xd359","0xd359","0xd359","0xd359","0xd359","0xd359","0xd359","0xd359","0xd359","0xd359","0xd359","0xd359","0xd359","0xd359","0xd359","0xd359","0xd4ab","0xd4a8","0xd4a8","0xd4a8","0xd4a8","0xd4a8","0xd4a8","0xd4a8","0xeec9","0xd673","0xe865","0xe865","0xe749","0xf02e","0xf033","UNIMPL","UNIMPL","0xe806","0xe677","0xe6bc","0xeeec","RSRVD","RSRVD","RSRVD","RSRVD","RSRVD","RSRVD","RSRVD","RSRVD","0xe658","0xe662","0xed95","0xed80","UNIMPL","UNIMPL","UNIMPL","UNIMPL","UNIMPL","UNIMPL","UNIMPL","0xd6af","0xd6c6","0xeebe","0xeed4","0xedaa","0xeee2","0xef6a","0xe7f8","0xe8c9"
"pascal-results/images/e5627709ac0a7f266a8808535c20a3e5b0a8ed7cbaedf2404e29e98434d891d2/files","WS","Also found at: pascal-results/images/d8487e2cd4c9e014610fd39cb98b755b1033f168daced2e5b48ac4906450e758/files (volume: WS); pascal-results/images/3195b9b8c24e3b9ef51fbc6def10d86a7105165a4753b56cd8b396fa461f1efe/files (volume: WS); pascal-results/images/f48fe7964a4afdab05869848611bb33180c3151fc21dc344e9b54aafa3a20ebd/files (volume: WS)","SYSTEM.APPLE","08e1a6bec6f5235f0903b78f808ed1fe","24ca8f71aca82a11063a21463ad22184","ff6e017d343dcec2cb82ad293c7536a3","PASCALSY;USERPROG;DEBUGGER;PRINTERR;INITIALI;GETCMD;FILEPROC;","0;1;2;3;4;5;6;15","CHAINSTU;PASCALIO;SHORTGRA;SHORTGRA;APPLESTU;WS1STUFF;WS1STUFF;WSMACC;WSCHAR;WSCHAR","28;31;20;21;22;25;26;27;23;24","0x02","0x01","2","2","0x3000","0x3100","0xd6bb","0xecb2","0xd6d9","0xeac2","0xd56b","0xdb57","0xd839","0xeb5a","0xd87e","0xed3f","0xed62","0xdc55","0xdb20","0xd57e","0xd866","0xd742","0xec55","0xd6f1","0xecc0","0xd591","0xdccc","0xd703","0xeb09","0xdcba","0xd789","0xec7d","0xd47b","0xd948","0xdb79","0xd401","0xe630","0xd296","0xdbe5","0xd25f","0xd987","0xd96b","0xd99a","0xd343","0xd8e5","0xd44b","0xd557","0xd325","0xd907","0xd369","0xd59e","0xe33f","0xe253","0xdde8","0xdde0","0xddd8","0xd3ad","0xd495","0xdde4","0xdddc","0xd387","0xddd4","0xd3db","0xd267","0xda1c","0xda72","0xd4c8","0xd4f6","0xd523","0xd53d","0xd9d9","0xe32a","0xe2f9","0xdf65","0xdf37","0xdf2f","0xd2d4","0xd29d","0xdf33","0xdf2b","0xd2b6","0xdf3b","0xd2fa","0xe2d4","0xe2a1","0xe2bd","0xd8cd","0xd426","0xd24d","UNIMPL","UNIMPL","0xe82b","0xd6a0","0xd24d","0xd2a9","0xd2a9","0xd2a9","0xd2a9","0xd2a9","0xd2a9","0xd2a9","0xd2a9","0xd2a9","0xd2a9","0xd2a9","0xd2a9","0xd2a9","0xd2a9","0xd2a9","0xd2a9","0xd318","0xd318","0xd318","0xd318","0xd318","0xd318","0xd318","0xd318","0xd318","0xd318","0xd318","0xd318","0xd318","0xd318","0xd318","0xd318","0xd46a","0xd467","0xd467","0xd467","0xd467","0xd467","0xd467","0xd467","0xef04","0xd62f","0xe8a0","0xe8a0","0xe784","0xf069","0xf06e","0xe63a","0xe640","0xe841","0xe6b2","0xe6f7","0xef27","RSRVD","RSRVD","RSRVD","RSRVD","RSRVD","RSRVD","RSRVD","RSRVD","0xe61c","0xe626","0xedd0","0xedbb","UNIMPL","UNIMPL","UNIMPL","UNIMPL","UNIMPL","UNIMPL","UNIMPL","0xd66b","0xd682","0xeef9","0xef0f","0xede5","0xef1d","0xefa5","0xe833","0xe904"
"pascal-results/images/56c76e6f07ab0c50226ddda7b58a1deb19f2313ee24589db38286a011986263c/files","PILOT1","Also found at: pascal-results/images/215c6efc42bc3122206e8a3fc12f6b60f800fc3ffd24157bb72fef767c70bb64/files (volume: PILOT2)","RT0006.APPLE","42aef51aa4d00ddcdc03335d90548b8b","defca92a3f1d9b8bd352d3593788e4b3","e81c7f4f74ce6996754f990c1ee2d27f","PASCALSY;USERPROG;DEBUGGER;PRINTERR;INITIALI;GETCMD","0;1;2;3;4;5","LONGINTI;PASCALIO;TRANSCEN;APPLESTU;TURTLEGR;TURTLEGR;SYSIO;CHAINSTU","30;31;25;22;20;21;29;26","0","0","1","1","0x0000","0x0100","0x96ba","0xabc8","0x96d8","0xa9d8","0x9582","0x9b4e","0x9841","0xaa70","0x987c","0xac45","0xac68","0x9c4c","0x9b17","0x9595","0x985a","0x9755","0xab6b","0x96f0","0xabd6","0x95a8","0x9cc3","0x9702","0xaa1f","0x9cb1","0x974c","0xab93","0x94a5","0x9946","0x9b70","0x942b","0xa5d3","0x92c0","0x9bdc","0x9289","0x9985","0x9969","0x9998","0x936d","0x98e3","0x9475","0x956e","0x934f","0x9905","0x9393","0x95b5","0xa31e","0xa232","0x9ddf","0x9dd7","0x9dcf","0x93d7","0x94bf","0x9ddb","0x9dd3","0x93b1","0x9dcb","0x9405","0x9291","0x9a1a","0x9a70","0x94f2","0x950d","0x953a","0x9554","0x99d7","0xa309","0xa2d8","0x9f5c","0x9f2e","0x9f26","0x92fe","0x92c7","0x9f2a","0x9f22","0x92e0","0x9f32","0x9324","0xa2b3","0xa280","0xa29c","0x98cb","0x9450","0x9277","UNIMPL","UNIMPL","0xa754","0x96b7","0x9277","0x92d3","0x92d3","0x92d3","0x92d3","0x92d3","0x92d3","0x92d3","0x92d3","0x92d3","0x92d3","0x92d3","0x92d3","0x92d3","0x92d3","0x92d3","0x92d3","0x9342","0x9342","0x9342","0x9342","0x9342","0x9342","0x9342","0x9342","0x9342","0x9342","0x9342","0x9342","0x9342","0x9342","0x9342","0x9342","0x9494","0x9491","0x9491","0x9491","0x9491","0x9491","0x9491","0x9491","0xadfc","0x9646","0xa7c9","0xa7c9","0xa6af","0xaeaf","0xaeb4","UNIMPL","UNIMPL","0xa76a","0xa5dd","0xa622","RSRVD","RSRVD","RSRVD","RSRVD","RSRVD","RSRVD","RSRVD","RSRVD","RSRVD","0xa5bf","0xa5c9","0xacd6","0xacc1","UNIMPL","UNIMPL","UNIMPL","UNIMPL","UNIMPL","UNIMPL","UNIMPL","0x9682","0x9699","0xadf1","0xae07","0xaceb","0xae15","0xae1f","0xa75c","0xa82d"
"pascal-results/images/f62a2b64685206a6d23dd0402c179593fcf179d7f516a6173498e96cd953e134/files","EDITEUR","Also found at: pascal-results/images/6280e9e46ec12bfde5a702d39fc57bd375b0396888674aa62f49d6a63c9ecf6d/files (volume: EDITEUR)","SYSTEM.APPLE","5abc095a8ed5ac231db236f7f6bf22b3","9caba8da50b2d0ae1470fa31d92abb1d","68c94f8aa3c25149c95d46d91fcd0669","PASCALSY;USERPROG;FIOPRIMS;PRINTERR;INITIALI;GETCMD;SYSIO;","0;1;2;3;4;5;6;15","ARLEQUIN;ARLEQUIN","54;55","0x03","0x41","5","5","0x3000","0x3100","0xd768","0xf0f1","0xd786","0xef01","0xd615","0xdcda","0xd8e6","0xef99","0xd92b","0xf17e","0xf1a1","0xddde","0xdca3","0xd628","0xd913","0xd7ef","0xf094","0xd79e","0xf0ff","0xd63b","0xde55","0xd7b0","0xef48","0xde43","0xd836","0xf0bc","0xd50d","0xdabf","0xdcfc","0xd481","0xeab0","0xd301","0xdd68","0xd2c1","0xdafe","0xdae2","0xdb11","0xd3b1","0xd9d0","0xd4d7","0xd601","0xd393","0xda78","0xd3d7","0xd648","0xe52c","0xe40a","0xdf71","0xdf69","0xdf61","0xd421","0xd527","0xdf6d","0xdf65","0xd3f5","0xdf5d","0xd455","0xd2c9","0xdb9f","0xdbf5","0xd564","0xd599","0xd5cd","0xd5e7","0xdb50","0xe517","0xe4e0","0xe0f4","0xe0c6","0xe0be","0xd342","0xd308","0xe0c2","0xe0ba","0xd324","0xe0ca","0xd368","0xe4a9","0xe46a","0xe48c","0xd9aa","0xd4ac","0xd2a8","UNIMPL","UNIMPL","0xec64","0xd74d","0xd2a8","0xd317","0xd317","0xd317","0xd317","0xd317","0xd317","0xd317","0xd317","0xd317","0xd317","0xd317","0xd317","0xd317","0xd317","0xd317","0xd317","0xd386","0xd386","0xd386","0xd386","0xd386","0xd386","0xd386","0xd386","0xd386","0xd386","0xd386","0xd386","0xd386","0xd386","0xd386","0xd386","0xd4fc","0xd4f9","0xd4f9","0xd4f9","0xd4f9","0xd4f9","0xd4f9","0xd4f9","0xf343","0xd6dc","0xecd9","0xecd9","0xeb93","0xf4a8","0xf4ad","UNIMPL","UNIMPL","0xec7a","0xeac1","0xeb06","0xf366","RSRVD","RSRVD","RSRVD","RSRVD","RSRVD","RSRVD","RSRVD","RSRVD","0xea9c","0xeaa6","0xf20f","0xf1fa","UNIMPL","UNIMPL","UNIMPL","UNIMPL","UNIMPL","UNIMPL","UNIMPL","0xd718","0xd72f","0xf338","0xf34e","0xf224","0xf35c","0xf3e4","0xec6c","0xed43"
"pascal-results/images/13f1b6b894bf21df7b68e2714ccef5bb5aa92002448970234b1838fac65268d9/files","EUTH1","Also found at: pascal-results/images/4423b4e21580fe0098d67fbb9e3ce643a2daf172a06e06bf952041a06ac36e93/files (volume: CIG1); pascal-results/images/37b442c8719b20148da5c75d1a4a289545b38d901f48d58b26b96fff9343fac1/files (volume: E.V1); pascal-results/images/d2ababf52a13a3fb1b933c9f89a95a1c8e127298093a6992b6278b55e336f4e0/files (volume: HUT1); pascal-results/images/7b9eb2dabf9d74a002dd8fbf582b67c616abedbc39f106da006b29846812dc11/files (volume: ENV1); pascal-results/images/3d8b8eee232af4a4be5b5cbfb675ea0160ddf4d65fbf81e70154f430a20c9d18/files (volume: PROGDSK)","SYSTEM.APPLE","54b5df4d19bbd7ddeee5c5af19973908","16165b117cc8eb127479e100665c78f9","42e477fa4507d9294a1c252e04dc4774","PASCALSY;USERPROG;FIOPRIMS;PRINTERR;INITIALI;GETCMD;FILEPROC;","0;1;2;3;4;5;6;15","LONGINTI;PASCALIO;APPLESTU","30;31;22","0x04","0x40","6","6","0x3000","0x3100","0xd762","0xf2d3","0xd780","0xf0e3","0xd603","0xdcd8","0xd8e4","0xf17b","0xd929","0xf360","0xf383","0xdddc","0xdca1","0xd61c","0xd911","0xd7ed","0xf276","0xd79a","0xf2e1","0xd635","0xde53","0xd7ac","0xf12a","0xde41","0xd834","0xf29e","0xd4fb","0xdabd","0xdcfa","0xd46f","0xec92","0xd309","0xdd66","0xd2c7","0xdafc","0xdae0","0xdb0f","0xd3aa","0xd9ce","0xd4c5","0xd5ef","0xd38e","0xda76","0xd3c7","0xd642","0xe554","0xe432","0xdf6f","0xdf67","0xdf5f","0xd40f","0xd515","0xdf6b","0xdf63","0xd3e3","0xdf5b","0xd443","0xd2d1","0xdb9d","0xdbf3","0xd552","0xd587","0xd5bb","0xd5d5","0xdb4e","0xe53f","0xe508","0xe0f2","0xe0c4","0xe0bc","0xd348","0xd310","0xe0c0","0xe0b8","0xd32c","0xe0c8","0xd365","0xe4d1","0xe492","0xe4b4","0xd9a8","0xd49a","0xd2ae","UNIMPL","UNIMPL","0xee46","0xd747","0xd2ae","0xd31f","0xd31f","0xd31f","0xd31f","0xd31f","0xd31f","0xd31f","0xd31f","0xd31f","0xd31f","0xd31f","0xd31f","0xd31f","0xd31f","0xd31f","0xd31f","0xd381","0xd381","0xd381","0xd381","0xd381","0xd381","0xd381","0xd381","0xd381","0xd381","0xd381","0xd381","0xd381","0xd381","0xd381","0xd381","0xd4ea","0xd4e7","0xd4e7","0xd4e7","0xd4e7","0xd4e7","0xd4e7","0xd4e7","0xf525","0xd6d6","0xeebb","0xeebb","0xed75","0xf68d","0xf692","UNIMPL","UNIMPL","0xee5c","0xeca3","0xece8","0xf548","RSRVD","RSRVD","RSRVD","RSRVD","RSRVD","RSRVD","RSRVD","RSRVD","0xec7e","0xec88","0xf3f1","0xf3dc","UNIMPL","UNIMPL","UNIMPL","UNIMPL","UNIMPL","UNIMPL","UNIMPL","0xd712","0xd729","0xf51a","0xf530","0xf406","0xf53e","0xf5c3","0xee4e","0xef25"
"pascal-results/images/655bb6b5c8f81ded6c7bb1d1cb8783908a69322775826ad03dafb1b6515bad6c/files","A1012","Also found at: pascal-results/images/956ecfeac88ad72666bf80961170a676b59d3ba239c46e303c7933f27a30c3b4/files (volume: A1013)","SYSTEM.APPLE","2aa741575266a5359e1579020a1b864d","064a1a1c1d36528e660900a2e609d158","74b7b8e525b51ae2f671fed432c4bd23","PASCALSY;USERPROG;FIOPRIMS;PRINTERR;INITIALI;GETCMD;SYSIO;","0;1;2;3;4;5;6;15","CHAINSTU;SHORTGRA;SHORTGRA;GRAFA;GRAFA;GRAFC;CONIO;SHOBL;STRAP;EXMAK;ALGIO;EVALU;AXDRW;LINXT;TABGR","28;20;21;16;17;25;19;29;27;22;18;24;30;23;26","0x04","0x01","6","6","0x3000","0x3100","0xd71c","0xecc8","0xd73a","0xead8","0xd5c0","0xdbbc","0xd89e","0xeb70","0xd8e3","0xed55","0xed78","0xdcba","0xdb85","0xd5d9","0xd8cb","0xd7a7","0xec6b","0xd754","0xecd6","0xd5f2","0xdd31","0xd766","0xeb1f","0xdd1f","0xd7ee","0xec93","0xd4cd","0xd9ad","0xdbde","0xd453","0xe6bd","0xd302","0xdc4a","0xd2c9","0xd9ec","0xd9d0","0xd9ff","0xd3a0","0xd94a","0xd49d","0xd5ac","0xd384","0xd96c","0xd3bd","0xd5ff","0xe3bc","0xe2d0","0xde4d","0xde45","0xde3d","0xd3ff","0xd4e7","0xde49","0xde41","0xd3d9","0xde39","0xd42d","0xd2d3","0xda81","0xdad7","0xd51b","0xd54a","0xd578","0xd592","0xda3e","0xe3a7","0xe376","0xdfca","0xdf9c","0xdf94","0xd33e","0xd309","0xdf98","0xdf90","0xd322","0xdfa0","0xd35b","0xe351","0xe31e","0xe33a","0xd932","0xd478","0xd2b6","UNIMPL","UNIMPL","0xe841","0xd701","0xd2b6","0xd315","0xd315","0xd315","0xd315","0xd315","0xd315","0xd315","0xd315","0xd315","0xd315","0xd315","0xd315","0xd315","0xd315","0xd315","0xd315","0xd377","0xd377","0xd377","0xd377","0xd377","0xd377","0xd377","0xd377","0xd377","0xd377","0xd377","0xd377","0xd377","0xd377","0xd377","0xd377","0xd4bc","0xd4b9","0xd4b9","0xd4b9","0xd4b9","0xd4b9","0xd4b9","0xd4b9","0xef1a","0xd690","0xe8b6","0xe8b6","0xe79a","0xf082","0xf087","UNIMPL","UNIMPL","0xe857","0xe6c8","0xe70d","0xef3d","RSRVD","RSRVD","RSRVD","RSRVD","RSRVD","RSRVD","RSRVD","RSRVD","0xe6a9","0xe6b3","0xede6","0xedd1","UNIMPL","UNIMPL","UNIMPL","UNIMPL","UNIMPL","UNIMPL","UNIMPL","0xd6cc","0xd6e3","0xef0f","0xef25","0xedfb","0xef33","0xefb8","0xe849","0xe91a"
"pascal-results/images/ab2e1529be195cf7cdd7b1ac9d2fbaa9806bc352212dd1022381496863f5a54d/files","CLASMTH","Also found at: pascal-results/images/bf6009e9c0a721d43b6c92bf7b6ec23f658d5217216758c149f66aa06f60fc47/files (volume: CLASMTH); pascal-results/images/f7631c33fdd8189c52ed70f3f4a0241d07cbf9d561e9bc09679dee9bb5f6182a/files (volume: CLASMTH); pascal-results/images/3aafb681a1af896dedb6292cdfefa68c813b1a37737d7b0d873338636aeb2b8c/files (volume: CMATH); pascal-results/images/178682a3d0d85eedf6f30e928bb76a7a71e1a85823f41e0af316b64e8af900a7/files (volume: CMATH); pascal-results/images/684125c2883053dbeddea8d30f9f6f11012526b7adfb4a655826d873684b6c7d/files (volume: CLASMTH); pascal-results/images/a6ceabdede2a85e22d801d32c4d84f8b0284f6aa28436235eb4bba3304f2d756/files (volume: CLASMTH); pascal-results/images/fa8889c27743e640e734e9b5ceb4d2f67421138aa6fc4a1ddad53b320152f9c9/files (volume: CLASMTH); pascal-results/images/50b965999cdae4559da887d534e91de2b36bd6eb892de150e27eb8fcb84f86e0/files (volume: CLASMTH); pascal-results/images/e2f8ada7e96fb28324624df6253d68fa58d558e160042b3354f4931c373092a8/files (volume: CMATH); pascal-results/images/526977e555e3fe0e83eb696cbe14d9910f33218242ddb95a3a20e7345e317d18/files (volume: CLASMTH); pascal-results/images/67f026460eb46b617ba96f3cf6fb1ebbef3b922385c13cfea300a84fbcb5e9ee/files (volume: CLASMTH); pascal-results/images/6be11b397d39a8e2d1ac920edb7fa927209f904545e1568dc1593dd864e26c9a/files (volume: CLASMTH); pascal-results/images/71338295c0f4eacb70143c6e14dacede3e9aed6e6744f3a4f6fda557f56a8fd4/files (volume: CLASMTH); pascal-results/images/c3ff58cd3ceecbaecccd495ff04f2b67fb093e6b04a4a1f1f3225278659ba065/files (volume: CMATH); pascal-results/images/e6374d71a1a0587b90ad79eb7729a1c02b78273d02ed1cf3574d4a266f258e38/files (volume: CLASMTH); pascal-results/images/ca5ce80d1fe2770d4b3aca65a57928d2516a34d52b554e8978fbdfc427d71bf2/files (volume: CLASMTH); pascal-results/images/23bc97b20213c8db61beb4b35d4a99f1943397644e59d860227c5c7525df20e2/files (volume: CLASMTH); pascal-results/images/50a301a5c88cc3fbe442152faeb7881592db3d4e5601fb0eb281f5e7780cbcd1/files (volume: CLASMTH); pascal-results/images/c378ba0aed4b07563badc216a151aeb88bd560455818aa7dad3de1b1731d0174/files (volume: CLASMTH)","SYSTEM.APPLE","91c02f06172bc131b363d8f516b9baf4","b65565a1b7decb939de9002163debef3","53bddefc582085e3a46ae3d8eeaba55a","PASCALSY;USERPROG;FIOPRIMS;PRINTERR;INITIALI;GETCMD;FILEPROC;","0;1;2;3;4;5;6;15","LONGINTI;PASCALIO;CHAINSTU;TURTLEGR;TURTLEGR;QUICKSTU;QUICKSTU","30;31;28;20;21;23;24","0x03","0x00","5","5","0x3000","0x3100","0xd6d0","0xecd3","0xd6ee","0xeae3","0xd580","0xdb6c","0xd84e","0xeb7b","0xd893","0xed60","0xed83","0xdc6a","0xdb35","0xd593","0xd87b","0xd757","0xec76","0xd706","0xece1","0xd5a6","0xdce1","0xd718","0xeb2a","0xdccf","0xd79e","0xec9e","0xd48d","0xd95d","0xdb8e","0xd413","0xe650","0xd2a8","0xdbfa","0xd271","0xd99c","0xd980","0xd9af","0xd355","0xd8fa","0xd45d","0xd56c","0xd337","0xd91c","0xd37b","0xd5b3","0xe342","0xe256","0xddfd","0xddf5","0xdded","0xd3bf","0xd4a7","0xddf9","0xddf1","0xd399","0xdde9","0xd3ed","0xd279","0xda31","0xda87","0xd4db","0xd50a","0xd538","0xd552","0xd9ee","0xe32d","0xe2fc","0xdf7a","0xdf4c","0xdf44","0xd2e6","0xd2af","0xdf48","0xdf40","0xd2c8","0xdf50","0xd30c","0xe2d7","0xe2a4","0xe2c0","0xd8e2","0xd438","0xd25e","UNIMPL","UNIMPL","0xe84c","0xd6b5","0xd25e","0xd2bb","0xd2bb","0xd2bb","0xd2bb","0xd2bb","0xd2bb","0xd2bb","0xd2bb","0xd2bb","0xd2bb","0xd2bb","0xd2bb","0xd2bb","0xd2bb","0xd2bb","0xd2bb","0xd32a","0xd32a","0xd32a","0xd32a","0xd32a","0xd32a","0xd32a","0xd32a","0xd32a","0xd32a","0xd32a","0xd32a","0xd32a","0xd32a","0xd32a","0xd32a","0xd47c","0xd479","0xd479","0xd479","0xd479","0xd479","0xd479","0xd479","0xef25","0xd644","0xe8c1","0xe8c1","0xe7a5","0xf08a","0xf08f","0xe65b","0xe661","0xe862","0xe6d3","0xe718","0xef48","RSRVD","RSRVD","RSRVD","RSRVD","RSRVD","RSRVD","RSRVD","RSRVD","0xe63c","0xe646","0xedf1","0xeddc","UNIMPL","UNIMPL","UNIMPL","UNIMPL","UNIMPL","UNIMPL","UNIMPL","0xd680","0xd697","0xef1a","0xef30","0xee06","0xef3e","0xefc6","0xe854","0xe925"
"pascal-results/images/82e33b9adbaee1b28616216960f60a43150c8b816403e8a3630765d5133d3298/files","WIZPLS","Also found at: pascal-results/images/8a5cca5419e6c30a862465239d4a8c1fe5e49593d707d42b39c3e15ca88a45a9/files (volume: WIZPLS); pascal-results/images/90233f089f52c22e2da4a86ac4518015112e22cf7d6498548b3c9cf0a9db527c/files (volume: WIZPLS); pascal-results/images/23a7528e43e00e926de42dff5a4f2b6420e31b107c4724366f9abfae1ad11417/files (volume: WIZPLS); pascal-results/images/5dd1674da5ac5b8944313808166ea0a861d20282b44b2ddcccd004b0ba0bcb97/files (volume: WIZPLS)","RTSTND.APPLE","24ed8495062feff88a45da26825f3ae5","5c506ea6b2f881bdf9adc4800346cafa","a38b3431f6f89ec985424f17c91894f3","PASCALSY;USERPROG;SYSIO;PRINTERR;INITIALI;GETCMD;FIOPRIMS","0;1;2;3;4;5;6","PASCALIO;LONGINTI;CHAINSTU;TRANSCEN;TURTLEGR;TURTLEGR;APPLESTU;MISCSTUF","31;30;28;29;20;21;22;17","0x02","0x02","2","2","0x0400","0x0500","0x93e3","0xa962","0x9401","0xa772","0x92ab","0x987f","0x9561","0xa80a","0x95a6","0xa9ef","0xaa12","0x997d","0x9848","0x92be","0x958e","0x946a","0xa905","0x9419","0xa970","0x92d1","0x99f4","0x942b","0xa7b9","0x99e2","0x94b1","0xa92d","0x91bb","0x9670","0x98a1","0x9141","0xa358","0x8fd6","0x990d","0x8f9f","0x96af","0x9693","0x96c2","0x9083","0x960d","0x918b","0x9297","0x9065","0x962f","0x90a9","0x92de","0xa067","0x9f7b","0x9b10","0x9b08","0x9b00","0x90ed","0x91d5","0x9b0c","0x9b04","0x90c7","0x9afc","0x911b","0x8fa7","0x9744","0x979a","0x9208","0x9236","0x9263","0x927d","0x9701","0xa052","0xa021","0x9c8d","0x9c5f","0x9c57","0x9014","0x8fdd","0x9c5b","0x9c53","0x8ff6","0x9c63","0x903a","0x9ffc","0x9fc9","0x9fe5","0x95f5","0x9166","0x8f8d","UNIMPL","UNIMPL","0xa4db","0x93e0","0x8f8d","0x8fe9","0x8fe9","0x8fe9","0x8fe9","0x8fe9","0x8fe9","0x8fe9","0x8fe9","0x8fe9","0x8fe9","0x8fe9","0x8fe9","0x8fe9","0x8fe9","0x8fe9","0x8fe9","0x9058","0x9058","0x9058","0x9058","0x9058","0x9058","0x9058","0x9058","0x9058","0x9058","0x9058","0x9058","0x9058","0x9058","0x9058","0x9058","0x91aa","0x91a7","0x91a7","0x91a7","0x91a7","0x91a7","0x91a7","0x91a7","0xabb4","0x936f","0xa550","0xa550","0xa434","0xad19","0xad1e","UNIMPL","UNIMPL","0xa4f1","0xa362","0xa3a7","0xabd7","RSRVD","RSRVD","RSRVD","RSRVD","RSRVD","RSRVD","RSRVD","RSRVD","0xa344","0xa34e","0xaa80","0xaa6b","UNIMPL","UNIMPL","UNIMPL","UNIMPL","UNIMPL","UNIMPL","UNIMPL","0x93ab","0x93c2","0xaba9","0xabbf","0xaa95","0xabcd","0xac55","0xa4e3","0xa5b4"
"pascal-results/images/f802e7b8e42442ffc8e296b1dc21649cc59d5fdf74767d261e3791ed300abde8/files","PTIT","","SYSTEM.APPLE","b4178eecb0c6775ab9499ff297b8dbb9","24ca8f71aca82a11063a21463ad22184","256f6a7cde5676b1b107b16036c3162e","PASCALSY;USERPROG;DEBUGGER;PRINTERR;INITIALI;GETCMD;FILEPROC;","0;1;2;3;4;5;6;15","LONGINTI;PASCALIO;CHAINSTU;TRANSCEN;TURTLEGR;TURTLEGR;APPLESTU","30;31;28;29;20;21;22","0x02","0x01","2","2","0x3000","0x3100","0xd6bb","0xecb2","0xd6d9","0xeac2","0xd56b","0xdb57","0xd839","0xeb5a","0xd87e","0xed3f","0xed62","0xdc55","0xdb20","0xd57e","0xd866","0xd742","0xec55","0xd6f1","0xecc0","0xd591","0xdccc","0xd703","0xeb09","0xdcba","0xd789","0xec7d","0xd47b","0xd948","0xdb79","0xd401","0xe630","0xd296","0xdbe5","0xd25f","0xd987","0xd96b","0xd99a","0xd343","0xd8e5","0xd44b","0xd557","0xd325","0xd907","0xd369","0xd59e","0xe33f","0xe253","0xdde8","0xdde0","0xddd8","0xd3ad","0xd495","0xdde4","0xdddc","0xd387","0xddd4","0xd3db","0xd267","0xda1c","0xda72","0xd4c8","0xd4f6","0xd523","0xd53d","0xd9d9","0xe32a","0xe2f9","0xdf65","0xdf37","0xdf2f","0xd2d4","0xd29d","0xdf33","0xdf2b","0xd2b6","0xdf3b","0xd2fa","0xe2d4","0xe2a1","0xe2bd","0xd8cd","0xd426","0xd24d","UNIMPL","UNIMPL","0xe82b","0xd6a0","0xd24d","0xd2a9","0xd2a9","0xd2a9","0xd2a9","0xd2a9","0xd2a9","0xd2a9","0xd2a9","0xd2a9","0xd2a9","0xd2a9","0xd2a9","0xd2a9","0xd2a9","0xd2a9","0xd2a9","0xd318","0xd318","0xd318","0xd318","0xd318","0xd318","0xd318","0xd318","0xd318","0xd318","0xd318","0xd318","0xd318","0xd318","0xd318","0xd318","0xd46a","0xd467","0xd467","0xd467","0xd467","0xd467","0xd467","0xd467","0xef04","0xd62f","0xe8a0","0xe8a0","0xe784","0xf069","0xf06e","0xe63a","0xe640","0xe841","0xe6b2","0xe6f7","0xef27","RSRVD","RSRVD","RSRVD","RSRVD","RSRVD","RSRVD","RSRVD","RSRVD","0xe61c","0xe626","0xedd0","0xedbb","UNIMPL","UNIMPL","UNIMPL","UNIMPL","UNIMPL","UNIMPL","UNIMPL","0xd66b","0xd682","0xeef9","0xef0f","0xede5","0xef1d","0xefa5","0xe833","0xe904"
"pascal-results/images/3872cf28a663d63d9f12b6aba66c4dce14542abe190b5af6f2762f73c92130b3/files","ELEVE","","SYSTEM.APPLE","1cd11df9e32677f4d3673933d5c996fc","24ca8f71aca82a11063a21463ad22184","96c5f8ccf5f75df48c4f2abc41d784be","PASCALSY;USERPROG;DEBUGGER;PRINTERR;INITIALI;GETCMD;FILEPROC;","0;1;2;3;4;5;6;15","LONGINTI;PASCALIO;CHAINSTU;DOSLV;DOSLV;APPLESTU;EXTERN","30;31;28;18;19;22;16","0x02","0x01","2","2","0x3000","0x3100","0xd6bb","0xecb2","0xd6d9","0xeac2","0xd56b","0xdb57","0xd839","0xeb5a","0xd87e","0xed3f","0xed62","0xdc55","0xdb20","0xd57e","0xd866","0xd742","0xec55","0xd6f1","0xecc0","0xd591","0xdccc","0xd703","0xeb09","0xdcba","0xd789","0xec7d","0xd47b","0xd948","0xdb79","0xd401","0xe630","0xd296","0xdbe5","0xd25f","0xd987","0xd96b","0xd99a","0xd343","0xd8e5","0xd44b","0xd557","0xd325","0xd907","0xd369","0xd59e","0xe33f","0xe253","0xdde8","0xdde0","0xddd8","0xd3ad","0xd495","0xdde4","0xdddc","0xd387","0xddd4","0xd3db","0xd267","0xda1c","0xda72","0xd4c8","0xd4f6","0xd523","0xd53d","0xd9d9","0xe32a","0xe2f9","0xdf65","0xdf37","0xdf2f","0xd2d4","0xd29d","0xdf33","0xdf2b","0xd2b6","0xdf3b","0xd2fa","0xe2d4","0xe2a1","0xe2bd","0xd8cd","0xd426","0xd24d","UNIMPL","UNIMPL","0xe82b","0xd6a0","0xd24d","0xd2a9","0xd2a9","0xd2a9","0xd2a9","0xd2a9","0xd2a9","0xd2a9","0xd2a9","0xd2a9","0xd2a9","0xd2a9","0xd2a9","0xd2a9","0xd2a9","0xd2a9","0xd2a9","0xd318","0xd318","0xd318","0xd318","0xd318","0xd318","0xd318","0xd318","0xd318","0xd318","0xd318","0xd318","0xd318","0xd318","0xd318","0xd318","0xd46a","0xd467","0xd467","0xd467","0xd467","0xd467","0xd467","0xd467","0xef04","0xd62f","0xe8a0","0xe8a0","0xe784","0xf069","0xf06e","0xe63a","0xe640","0xe841","0xe6b2","0xe6f7","0xef27","RSRVD","RSRVD","RSRVD","RSRVD","RSRVD","RSRVD","RSRVD","RSRVD","0xe61c","0xe626","0xedd0","0xedbb","UNIMPL","UNIMPL","UNIMPL","UNIMPL","UNIMPL","UNIMPL","UNIMPL","0xd66b","0xd682","0xeef9","0xef0f","0xede5","0xef1d","0xefa5","0xe833","0xe904"
"pascal-results/images/97e94577da372339ef722cef36fdda1c0f799f38dae2253f23532706ed84f3f9/files","TT01","Also found at: pascal-results/images/35028a37e19023d6771577c166da6eb4deb9a06db8be092f0f8a559f772cdcfd/files (volume: TT01); pascal-results/images/4d9c66751215a9cc28c10d54ffee4a03cbc4ae15581a95ded587de57b44e0339/files (volume: TT01); pascal-results/images/92dbd15c2f98c9dbe0630a2ce3b925a41de8c64a0f8df496e27fdba667f23fd7/files (volume: PICTURE)","SYSTEM.APPLE","1cd11df9e32677f4d3673933d5c996fc","24ca8f71aca82a11063a21463ad22184","6742b87d2ba6d8e753ffedc988bc7d07","PASCALSY;USERPROG;DEBUGGER;PRINTERR;INITIALI;GETCMD;FILEPROC;","0;1;2;3;4;5;6;15","CHAINSTU","28","0x02","0x01","2","2","0x3000","0x3100","0xd6bb","0xecb2","0xd6d9","0xeac2","0xd56b","0xdb57","0xd839","0xeb5a","0xd87e","0xed3f","0xed62","0xdc55","0xdb20","0xd57e","0xd866","0xd742","0xec55","0xd6f1","0xecc0","0xd591","0xdccc","0xd703","0xeb09","0xdcba","0xd789","0xec7d","0xd47b","0xd948","0xdb79","0xd401","0xe630","0xd296","0xdbe5","0xd25f","0xd987","0xd96b","0xd99a","0xd343","0xd8e5","0xd44b","0xd557","0xd325","0xd907","0xd369","0xd59e","0xe33f","0xe253","0xdde8","0xdde0","0xddd8","0xd3ad","0xd495","0xdde4","0xdddc","0xd387","0xddd4","0xd3db","0xd267","0xda1c","0xda72","0xd4c8","0xd4f6","0xd523","0xd53d","0xd9d9","0xe32a","0xe2f9","0xdf65","0xdf37","0xdf2f","0xd2d4","0xd29d","0xdf33","0xdf2b","0xd2b6","0xdf3b","0xd2fa","0xe2d4","0xe2a1","0xe2bd","0xd8cd","0xd426","0xd24d","UNIMPL","UNIMPL","0xe82b","0xd6a0","0xd24d","0xd2a9","0xd2a9","0xd2a9","0xd2a9","0xd2a9","0xd2a9","0xd2a9","0xd2a9","0xd2a9","0xd2a9","0xd2a9","0xd2a9","0xd2a9","0xd2a9","0xd2a9","0xd2a9","0xd318","0xd318","0xd318","0xd318","0xd318","0xd318","0xd318","0xd318","0xd318","0xd318","0xd318","0xd318","0xd318","0xd318","0xd318","0xd318","0xd46a","0xd467","0xd467","0xd467","0xd467","0xd467","0xd467","0xd467","0xef04","0xd62f","0xe8a0","0xe8a0","0xe784","0xf069","0xf06e","0xe63a","0xe640","0xe841","0xe6b2","0xe6f7","0xef27","RSRVD","RSRVD","RSRVD","RSRVD","RSRVD","RSRVD","RSRVD","RSRVD","0xe61c","0xe626","0xedd0","0xedbb","UNIMPL","UNIMPL","UNIMPL","UNIMPL","UNIMPL","UNIMPL","UNIMPL","0xd66b","0xd682","0xeef9","0xef0f","0xede5","0xef1d","0xefa5","0xe833","0xe904"
"pascal-results/images/54d899f4fc0fe41c8ba8de3477c44fccfc2cb696e88f46f024c77eed1196cb0d/files","US22","","SYSTEM.APPLE","1cd11df9e32677f4d3673933d5c996fc","24ca8f71aca82a11063a21463ad22184","5c5963dcff97ce3cb6bfc3f0c790e83d","PASCALSY;USERPROG;DEBUGGER;PRINTERR;INITIALI;GETCMD;FILEPROC;","0;1;2;3;4;5;6;15","LONGINTI;PASCALIO;CHAINSTU;TRANSCEN;FINCOMIO;FINCOMIO;FINFILEC;FINNAMEC;FINPRINT;RUNMENU;RUNDATA;RUNGRAPH;RUNSENCE;RUNCHAN;FINFUNCT;FINRUN","30;31;28;29;16;17;18;19;20;21;22;23;24;25;26;27","0x02","0x01","2","2","0x3000","0x3100","0xd6bb","0xecb2","0xd6d9","0xeac2","0xd56b","0xdb57","0xd839","0xeb5a","0xd87e","0xed3f","0xed62","0xdc55","0xdb20","0xd57e","0xd866","0xd742","0xec55","0xd6f1","0xecc0","0xd591","0xdccc","0xd703","0xeb09","0xdcba","0xd789","0xec7d","0xd47b","0xd948","0xdb79","0xd401","0xe630","0xd296","0xdbe5","0xd25f","0xd987","0xd96b","0xd99a","0xd343","0xd8e5","0xd44b","0xd557","0xd325","0xd907","0xd369","0xd59e","0xe33f","0xe253","0xdde8","0xdde0","0xddd8","0xd3ad","0xd495","0xdde4","0xdddc","0xd387","0xddd4","0xd3db","0xd267","0xda1c","0xda72","0xd4c8","0xd4f6","0xd523","0xd53d","0xd9d9","0xe32a","0xe2f9","0xdf65","0xdf37","0xdf2f","0xd2d4","0xd29d","0xdf33","0xdf2b","0xd2b6","0xdf3b","0xd2fa","0xe2d4","0xe2a1","0xe2bd","0xd8cd","0xd426","0xd24d","UNIMPL","UNIMPL","0xe82b","0xd6a0","0xd24d","0xd2a9","0xd2a9","0xd2a9","0xd2a9","0xd2a9","0xd2a9","0xd2a9","0xd2a9","0xd2a9","0xd2a9","0xd2a9","0xd2a9","0xd2a9","0xd2a9","0xd2a9","0xd2a9","0xd318","0xd318","0xd318","0xd318","0xd318","0xd318","0xd318","0xd318","0xd318","0xd318","0xd318","0xd318","0xd318","0xd318","0xd318","0xd318","0xd46a","0xd467","0xd467","0xd467","0xd467","0xd467","0xd467","0xd467","0xef04","0xd62f","0xe8a0","0xe8a0","0xe784","0xf069","0xf06e","0xe63a","0xe640","0xe841","0xe6b2","0xe6f7","0xef27","RSRVD","RSRVD","RSRVD","RSRVD","RSRVD","RSRVD","RSRVD","RSRVD","0xe61c","0xe626","0xedd0","0xedbb","UNIMPL","UNIMPL","UNIMPL","UNIMPL","UNIMPL","UNIMPL","UNIMPL","0xd66b","0xd682","0xeef9","0xef0f","0xede5","0xef1d","0xefa5","0xe833","0xe904"
"pascal-results/images/fa39156e182996219bdd7f1f1cef4508cb50e619538d4036954d85e26c6c1e61/files","CLOZ146","","SYSTEM.APPLE","91c02f06172bc131b363d8f516b9baf4","b65565a1b7decb939de9002163debef3","743766c18a70bcf9c579f49082b6fc2d","PASCALSY;USERPROG;FIOPRIMS;PRINTERR;INITIALI;GETCMD;FILEPROC;","0;1;2;3;4;5;6;15","CHAINSTU;LIB","28;1","0x03","0x00","5","5","0x3000","0x3100","0xd6d0","0xecd3","0xd6ee","0xeae3","0xd580","0xdb6c","0xd84e","0xeb7b","0xd893","0xed60","0xed83","0xdc6a","0xdb35","0xd593","0xd87b","0xd757","0xec76","0xd706","0xece1","0xd5a6","0xdce1","0xd718","0xeb2a","0xdccf","0xd79e","0xec9e","0xd48d","0xd95d","0xdb8e","0xd413","0xe650","0xd2a8","0xdbfa","0xd271","0xd99c","0xd980","0xd9af","0xd355","0xd8fa","0xd45d","0xd56c","0xd337","0xd91c","0xd37b","0xd5b3","0xe342","0xe256","0xddfd","0xddf5","0xdded","0xd3bf","0xd4a7","0xddf9","0xddf1","0xd399","0xdde9","0xd3ed","0xd279","0xda31","0xda87","0xd4db","0xd50a","0xd538","0xd552","0xd9ee","0xe32d","0xe2fc","0xdf7a","0xdf4c","0xdf44","0xd2e6","0xd2af","0xdf48","0xdf40","0xd2c8","0xdf50","0xd30c","0xe2d7","0xe2a4","0xe2c0","0xd8e2","0xd438","0xd25e","UNIMPL","UNIMPL","0xe84c","0xd6b5","0xd25e","0xd2bb","0xd2bb","0xd2bb","0xd2bb","0xd2bb","0xd2bb","0xd2bb","0xd2bb","0xd2bb","0xd2bb","0xd2bb","0xd2bb","0xd2bb","0xd2bb","0xd2bb","0xd2bb","0xd32a","0xd32a","0xd32a","0xd32a","0xd32a","0xd32a","0xd32a","0xd32a","0xd32a","0xd32a","0xd32a","0xd32a","0xd32a","0xd32a","0xd32a","0xd32a","0xd47c","0xd479","0xd479","0xd479","0xd479","0xd479","0xd479","0xd479","0xef25","0xd644","0xe8c1","0xe8c1","0xe7a5","0xf08a","0xf08f","0xe65b","0xe661","0xe862","0xe6d3","0xe718","0xef48","RSRVD","RSRVD","RSRVD","RSRVD","RSRVD","RSRVD","RSRVD","RSRVD","0xe63c","0xe646","0xedf1","0xeddc","UNIMPL","UNIMPL","UNIMPL","UNIMPL","UNIMPL","UNIMPL","UNIMPL","0xd680","0xd697","0xef1a","0xef30","0xee06","0xef3e","0xefc6","0xe854","0xe925"
"pascal-results/images/bdf04daa59ef767b1c03082d5228b2658d28a46bae137b9a425c423dd7492211/files","DEMO4","","SYSTEM.APPLE","ab695e8004e181284f4370b505309937","5a160e53833eab6ae1008555f4fc7d8f","7541bf817b240bff39cc488a6adb786f","PASCALSY;USERPROG;SYSIO;PRINTERR;INITIALI;GETCMD;FIOPRIMS;","0;1;2;3;4;5;6;15","PASCALIO;CHAINSTU;TRANSCEN;APPLESTU;PILOTSTU;PILOTSTU;TURTLEGR;TURTLEGR;VCONTROL;PCONTROL","31;28;29;22;25;26;20;21;24;27","0x02","0x0a","2","2","0x3000","0x3100","0xd6fb","0xec7a","0xd719","0xea8a","0xd5ab","0xdb97","0xd879","0xeb22","0xd8be","0xed07","0xed2a","0xdc95","0xdb60","0xd5be","0xd8a6","0xd782","0xec1d","0xd731","0xec88","0xd5d1","0xdd0c","0xd743","0xead1","0xdcfa","0xd7c9","0xec45","0xd4bb","0xd988","0xdbb9","0xd441","0xe670","0xd2d6","0xdc25","0xd29f","0xd9c7","0xd9ab","0xd9da","0xd383","0xd925","0xd48b","0xd597","0xd365","0xd947","0xd3a9","0xd5de","0xe37f","0xe293","0xde28","0xde20","0xde18","0xd3ed","0xd4d5","0xde24","0xde1c","0xd3c7","0xde14","0xd41b","0xd2a7","0xda5c","0xdab2","0xd508","0xd536","0xd563","0xd57d","0xda19","0xe36a","0xe339","0xdfa5","0xdf77","0xdf6f","0xd314","0xd2dd","0xdf73","0xdf6b","0xd2f6","0xdf7b","0xd33a","0xe314","0xe2e1","0xe2fd","0xd90d","0xd466","0xd28d","UNIMPL","UNIMPL","0xe7f3","0xd6e0","0xd28d","0xd2e9","0xd2e9","0xd2e9","0xd2e9","0xd2e9","0xd2e9","0xd2e9","0xd2e9","0xd2e9","0xd2e9","0xd2e9","0xd2e9","0xd2e9","0xd2e9","0xd2e9","0xd2e9","0xd358","0xd358","0xd358","0xd358","0xd358","0xd358","0xd358","0xd358","0xd358","0xd358","0xd358","0xd358","0xd358","0xd358","0xd358","0xd358","0xd4aa","0xd4a7","0xd4a7","0xd4a7","0xd4a7","0xd4a7","0xd4a7","0xd4a7","0xeecc","0xd66f","0xe868","0xe868","0xe74c","0xf031","0xf036","UNIMPL","UNIMPL","0xe809","0xe67a","0xe6bf","0xeeef","RSRVD","RSRVD","RSRVD","RSRVD","RSRVD","RSRVD","RSRVD","RSRVD","0xe65c","0xe666","0xed98","0xed83","UNIMPL","UNIMPL","UNIMPL","UNIMPL","UNIMPL","UNIMPL","UNIMPL","0xd6ab","0xd6c2","0xeec1","0xeed7","0xedad","0xeee5","0xef6d","0xe7fb","0xe8cc"
"pascal-results/images/c99de096d8d682ce22c49c4462625ae6aa9cc6e7659f25fc59eeed3abb739249/files","A1013","Also found at: pascal-results/images/61a348f1e1da6e84354098908e4ef3acf70b7ba14a43c53d2b5027646b926b7e/files (volume: A1011); pascal-results/images/5a1079081651c19ea81aebeb202e00d16477bb3097b89320881f96f7c56f7a07/files (volume: A1014); pascal-results/images/125553ff74c4a954a2edb79a53083a806ac8f9b1188898d5812fc6f4aee9a68c/files (volume: A1012); pascal-results/images/31145ed692b18ba4f07b7f937685e48f167960b3de35fe65cb84107e5b790f64/files (volume: A1017); pascal-results/images/5b7801aca541c382a5ab509c0814daf852d39e1aa832b535d29452a6272a7055/files (volume: A1016)","SYSTEM.APPLE","c93c194fe62efe4ab2d30e539ccb82d3","681977fa5a87ea54fa170ffa23b45848","4e2cd153976a3d36824e3ebf749296be","PASCALSY;USERPROG;FIOPRIMS;PRINTERR;INITIALI;GETCMD;SYSIO;","0;1;2;3;4;5;6;15","CHAINSTU;SHORTGRA;SHORTGRA;GRAFA;GRAFA;GRAFC;CONIO;SHOBL;STRAP;EXMAK;ALGIO;EVALU;AXDRW;LINXT;TABGR","28;20;21;16;17;25;19;29;27;22;18;24;30;23;26","0x04","0x41","6","6","0x3000","0x3100","0xd791","0xf302","0xd7af","0xf112","0xd632","0xdd07","0xd913","0xf1aa","0xd958","0xf38f","0xf3b2","0xde0b","0xdcd0","0xd64b","0xd940","0xd81c","0xf2a5","0xd7c9","0xf310","0xd664","0xde82","0xd7db","0xf159","0xde70","0xd863","0xf2cd","0xd52a","0xdaec","0xdd29","0xd49e","0xecc1","0xd338","0xdd95","0xd2f6","0xdb2b","0xdb0f","0xdb3e","0xd3d9","0xd9fd","0xd4f4","0xd61e","0xd3bd","0xdaa5","0xd3f6","0xd671","0xe583","0xe461","0xdf9e","0xdf96","0xdf8e","0xd43e","0xd544","0xdf9a","0xdf92","0xd412","0xdf8a","0xd472","0xd300","0xdbcc","0xdc22","0xd581","0xd5b6","0xd5ea","0xd604","0xdb7d","0xe56e","0xe537","0xe121","0xe0f3","0xe0eb","0xd377","0xd33f","0xe0ef","0xe0e7","0xd35b","0xe0f7","0xd394","0xe500","0xe4c1","0xe4e3","0xd9d7","0xd4c9","0xd2dd","UNIMPL","UNIMPL","0xee75","0xd776","0xd2dd","0xd34e","0xd34e","0xd34e","0xd34e","0xd34e","0xd34e","0xd34e","0xd34e","0xd34e","0xd34e","0xd34e","0xd34e","0xd34e","0xd34e","0xd34e","0xd34e","0xd3b0","0xd3b0","0xd3b0","0xd3b0","0xd3b0","0xd3b0","0xd3b0","0xd3b0","0xd3b0","0xd3b0","0xd3b0","0xd3b0","0xd3b0","0xd3b0","0xd3b0","0xd3b0","0xd519","0xd516","0xd516","0xd516","0xd516","0xd516","0xd516","0xd516","0xf554","0xd705","0xeeea","0xeeea","0xeda4","0xf6bc","0xf6c1","UNIMPL","UNIMPL","0xee8b","0xecd2","0xed17","0xf577","RSRVD","RSRVD","RSRVD","RSRVD","RSRVD","RSRVD","RSRVD","RSRVD","0xecad","0xecb7","0xf420","0xf40b","UNIMPL","UNIMPL","UNIMPL","UNIMPL","UNIMPL","UNIMPL","UNIMPL","0xd741","0xd758","0xf549","0xf55f","0xf435","0xf56d","0xf5f2","0xee7d","0xef54"
"pascal-results/images/6cfc44c9313384b0a686264d19c7e40f95335e26b408fa9dce55b45f150b896d/files","EDITEUR","","SYSTEM.APPLE","5abc095a8ed5ac231db236f7f6bf22b3","9caba8da50b2d0ae1470fa31d92abb1d","09c97e6154b0e54fe4ee3b930feb8118","PASCALSY;USERPROG;FIOPRIMS;PRINTERR;INITIALI;GETCMD;SYSIO;","0;1;2;3;4;5;6;15","ARLEQUIN;ARLEQUIN","54;55","0x03","0x41","5","5","0x3000","0x3100","0xd768","0xf0f1","0xd786","0xef01","0xd615","0xdcda","0xd8e6","0xef99","0xd92b","0xf17e","0xf1a1","0xddde","0xdca3","0xd628","0xd913","0xd7ef","0xf094","0xd79e","0xf0ff","0xd63b","0xde55","0xd7b0","0xef48","0xde43","0xd836","0xf0bc","0xd50d","0xdabf","0xdcfc","0xd481","0xeab0","0xd301","0xdd68","0xd2c1","0xdafe","0xdae2","0xdb11","0xd3b1","0xd9d0","0xd4d7","0xd601","0xd393","0xda78","0xd3d7","0xd648","0xe52c","0xe40a","0xdf71","0xdf69","0xdf61","0xd421","0xd527","0xdf6d","0xdf65","0xd3f5","0xdf5d","0xd455","0xd2c9","0xdb9f","0xdbf5","0xd564","0xd599","0xd5cd","0xd5e7","0xdb50","0xe517","0xe4e0","0xe0f4","0xe0c6","0xe0be","0xd342","0xd308","0xe0c2","0xe0ba","0xd324","0xe0ca","0xd368","0xe4a9","0xe46a","0xe48c","0xd9aa","0xd4ac","0xd2a8","UNIMPL","UNIMPL","0xec64","0xd74d","0xd2a8","0xd317","0xd317","0xd317","0xd317","0xd317","0xd317","0xd317","0xd317","0xd317","0xd317","0xd317","0xd317","0xd317","0xd317","0xd317","0xd317","0xd386","0xd386","0xd386","0xd386","0xd386","0xd386","0xd386","0xd386","0xd386","0xd386","0xd386","0xd386","0xd386","0xd386","0xd386","0xd386","0xd4fc","0xd4f9","0xd4f9","0xd4f9","0xd4f9","0xd4f9","0xd4f9","0xd4f9","0xf343","0xd6dc","0xecd9","0xecd9","0xeb93","0xf4a8","0xf4ad","UNIMPL","UNIMPL","0xec7a","0xeac1","0xeb06","0xf366","RSRVD","RSRVD","RSRVD","RSRVD","RSRVD","RSRVD","RSRVD","RSRVD","0xea9c","0xeaa6","0xf20f","0xf1fa","UNIMPL","UNIMPL","UNIMPL","UNIMPL","UNIMPL","UNIMPL","UNIMPL","0xd718","0xd72f","0xf338","0xf34e","0xf224","0xf35c","0xf3e4","0xec6c","0xed43"
"pascal-results/images/be59ff098f0a770f72751d5ffffebb25f233bb6425d4b39035f3a54debb43da7/files","R200","Also found at: pascal-results/images/46ed6ce89994ffa20b82658851529cb82918d934df4b7833f6a3fe2c631bc82c/files (volume: R200)","SYSTEM.APPLE","93b3b570ad7d4f281c32863274b7bc4b","064a1a1c1d36528e660900a2e609d158","525356e5af31a4f7f5e4b783b92b2be8","PASCALSY;USERPROG;FIOPRIMS;PRINTERR;INITIALI;GETCMD;SYSIO;","0;1;2;3;4;5;6;15","GRAFCODE;PASCALIO;CHAINSTU;SHORTGRA;SHORTGRA;MATCHLIB;R22SDEC;R22SDEC;R22SKIT","22;31;28;21;20;29;23;24;26","0x04","0x01","6","6","0x3000","0x3100","0xd71c","0xecc8","0xd73a","0xead8","0xd5c0","0xdbbc","0xd89e","0xeb70","0xd8e3","0xed55","0xed78","0xdcba","0xdb85","0xd5d9","0xd8cb","0xd7a7","0xec6b","0xd754","0xecd6","0xd5f2","0xdd31","0xd766","0xeb1f","0xdd1f","0xd7ee","0xec93","0xd4cd","0xd9ad","0xdbde","0xd453","0xe6bd","0xd302","0xdc4a","0xd2c9","0xd9ec","0xd9d0","0xd9ff","0xd3a0","0xd94a","0xd49d","0xd5ac","0xd384","0xd96c","0xd3bd","0xd5ff","0xe3bc","0xe2d0","0xde4d","0xde45","0xde3d","0xd3ff","0xd4e7","0xde49","0xde41","0xd3d9","0xde39","0xd42d","0xd2d3","0xda81","0xdad7","0xd51b","0xd54a","0xd578","0xd592","0xda3e","0xe3a7","0xe376","0xdfca","0xdf9c","0xdf94","0xd33e","0xd309","0xdf98","0xdf90","0xd322","0xdfa0","0xd35b","0xe351","0xe31e","0xe33a","0xd932","0xd478","0xd2b6","UNIMPL","UNIMPL","0xe841","0xd701","0xd2b6","0xd315","0xd315","0xd315","0xd315","0xd315","0xd315","0xd315","0xd315","0xd315","0xd315","0xd315","0xd315","0xd315","0xd315","0xd315","0xd315","0xd377","0xd377","0xd377","0xd377","0xd377","0xd377","0xd377","0xd377","0xd377","0xd377","0xd377","0xd377","0xd377","0xd377","0xd377","0xd377","0xd4bc","0xd4b9","0xd4b9","0xd4b9","0xd4b9","0xd4b9","0xd4b9","0xd4b9","0xef1a","0xd690","0xe8b6","0xe8b6","0xe79a","0xf082","0xf087","UNIMPL","UNIMPL","0xe857","0xe6c8","0xe70d","0xef3d","RSRVD","RSRVD","RSRVD","RSRVD","RSRVD","RSRVD","RSRVD","RSRVD","0xe6a9","0xe6b3","0xede6","0xedd1","UNIMPL","UNIMPL","UNIMPL","UNIMPL","UNIMPL","UNIMPL","UNIMPL","0xd6cc","0xd6e3","0xef0f","0xef25","0xedfb","0xef33","0xefb8","0xe849","0xe91a"
"pascal-results/images/b488c99b96b2af7dfe0b5c84ba5abba1663c48862e4e0f17a96e7fc2a1c39538/files","TFOS","Also found at: pascal-results/images/24effce908c7f70e7ecf99b4dfba6e30c8cb1fb986930cfc742bf72d5d7a8901/files (volume: TFOS); pascal-results/images/95837c3efaa3e6c8d74c298a575dae19cae416b56548e91b3698beb6570d5a66/files (volume: TFOS); pascal-results/images/96dd8a2afce562498e32bb24a837719f08eb430d2fe82345dfececc382c10cc6/files (volume: TFOS); pascal-results/images/c1cc1eab4d8656fbc6b4276b6f731c0290ab677e55b5365f6c6ae552c1c3e239/files (volume: TFOS)","RTSTRP.APPLE","cfbd42367f33c1ec8a2d69c5b00d1eea","724db397a83ea9a7e22ac6dd73e6f333","8dd019ee0e2382f36ed97b7ed97813e5","PASCALSY;USERPROG;SYSIO;PRINTERR;INITIALI;GETCMD;FIOPRIMS","0;1;2;3;4;5;6","CHAINSTU;SHORTGRA;SHORTGRA;APPLESTU;BIGINT","28;20;21;22;25","0x02","0x05","2","2","0x0400","0x0500","0x9ce3","UNIMPL","0x9d01","UNIMPL","0x9bab","UNIMPL","0x9e61","UNIMPL","0x9ea6","UNIMPL","UNIMPL","UNIMPL","UNIMPL","0x9bbe","0x9e8e","0x9d6a","UNIMPL","0x9d19","UNIMPL","0x9bd1","UNIMPL","0x9d2b","UNIMPL","UNIMPL","0x9db1","UNIMPL","0x9abb","0x9f70","UNIMPL","0x9a41","0xa881","0x98d6","UNIMPL","0x989f","0x9faf","0x9f93","0x9fc2","0x9983","0x9f0d","0x9a8b","0x9b97","0x9965","0x9f2f","0x99a9","0x9bde","0xa590","0xa4a4","0xa179","0xa171","0xa169","0x99ed","0x9ad5","0xa175","0xa16d","0x99c7","0xa165","0x9a1b","0x98a7","0xa044","0xa09a","0x9b08","0x9b36","0x9b63","0x9b7d","0xa001","0xa57b","0xa54a","0xa2bc","0xa28e","0xa286","0x9914","0x98dd","0xa28a","0xa282","0x98f6","0xa292","0x993a","0xa525","0xa4f2","0xa50e","0x9ef5","0x9a66","0x988d","UNIMPL","UNIMPL","0xaa04","0x9ce0","0x988d","0x98e9","0x98e9","0x98e9","0x98e9","0x98e9","0x98e9","0x98e9","0x98e9","0x98e9","0x98e9","0x98e9","0x98e9","0x98e9","0x98e9","0x98e9","0x98e9","0x9958","0x9958","0x9958","0x9958","0x9958","0x9958","0x9958","0x9958","0x9958","0x9958","0x9958","0x9958","0x9958","0x9958","0x9958","0x9958","0x9aaa","0x9aa7","0x9aa7","0x9aa7","0x9aa7","0x9aa7","0x9aa7","0x9aa7","0xab5c","0x9c6f","0xaa79","0xaa79","0xa95d","0xacc1","0xacc6","UNIMPL","UNIMPL","0xaa1a","0xa88b","0xa8d0","0xab7f","RSRVD","RSRVD","RSRVD","RSRVD","RSRVD","RSRVD","RSRVD","RSRVD","0xa86d","0xa877","UNIMPL","UNIMPL","UNIMPL","UNIMPL","UNIMPL","UNIMPL","UNIMPL","UNIMPL","UNIMPL","0x9cab","0x9cc2","0xab51","0xab67","UNIMPL","0xab75","0xabfd","0xaa0c","0xaadd"
"pascal-results/images/d0aa2f076103451a85f907c4d0b8f1a6946e1fdeb9a708ec3f0d3f8b88f1d8a8/files","KBDRUN","","SYSTEM.APPLE","b171707fed34e35c30375a6601fc8829","5a160e53833eab6ae1008555f4fc7d8f","48a9da060af70a7d4fd776179bbd6e52","PASCALSY;USERPROG;SYSIO;PRINTERR;INITIALI;GETCMD;FIOPRIMS;","0;1;2;3;4;5;6;15","CHAINSTU;APPLESTU;SHORTGRA;SHORTGRA;INTROLIB;INTROLIB;TYPE1UNI;TYPE2UNI;TYPE3UNI","28;22;20;21;26;27;25;23;24","0x02","0x0b","2","2","0x3000","0x3100","0xd6fb","0xec7a","0xd719","0xea8a","0xd5ab","0xdb97","0xd879","0xeb22","0xd8be","0xed07","0xed2a","0xdc95","0xdb60","0xd5be","0xd8a6","0xd782","0xec1d","0xd731","0xec88","0xd5d1","0xdd0c","0xd743","0xead1","0xdcfa","0xd7c9","0xec45","0xd4bb","0xd988","0xdbb9","0xd441","0xe670","0xd2d6","0xdc25","0xd29f","0xd9c7","0xd9ab","0xd9da","0xd383","0xd925","0xd48b","0xd597","0xd365","0xd947","0xd3a9","0xd5de","0xe37f","0xe293","0xde28","0xde20","0xde18","0xd3ed","0xd4d5","0xde24","0xde1c","0xd3c7","0xde14","0xd41b","0xd2a7","0xda5c","0xdab2","0xd508","0xd536","0xd563","0xd57d","0xda19","0xe36a","0xe339","0xdfa5","0xdf77","0xdf6f","0xd314","0xd2dd","0xdf73","0xdf6b","0xd2f6","0xdf7b","0xd33a","0xe314","0xe2e1","0xe2fd","0xd90d","0xd466","0xd28d","UNIMPL","UNIMPL","0xe7f3","0xd6e0","0xd28d","0xd2e9","0xd2e9","0xd2e9","0xd2e9","0xd2e9","0xd2e9","0xd2e9","0xd2e9","0xd2e9","0xd2e9","0xd2e9","0xd2e9","0xd2e9","0xd2e9","0xd2e9","0xd2e9","0xd358","0xd358","0xd358","0xd358","0xd358","0xd358","0xd358","0xd358","0xd358","0xd358","0xd358","0xd358","0xd358","0xd358","0xd358","0xd358","0xd4aa","0xd4a7","0xd4a7","0xd4a7","0xd4a7","0xd4a7","0xd4a7","0xd4a7","0xeecc","0xd66f","0xe868","0xe868","0xe74c","0xf031","0xf036","UNIMPL","UNIMPL","0xe809","0xe67a","0xe6bf","0xeeef","RSRVD","RSRVD","RSRVD","RSRVD","RSRVD","RSRVD","RSRVD","RSRVD","0xe65c","0xe666","0xed98","0xed83","UNIMPL","UNIMPL","UNIMPL","UNIMPL","UNIMPL","UNIMPL","UNIMPL","0xd6ab","0xd6c2","0xeec1","0xeed7","0xedad","0xeee5","0xef6d","0xe7fb","0xe8cc"
"pascal-results/images/e5395376d540982a9a795854bb81e59421dff0cee18d5ee1eee29de408f2dccc/files","PFS2B","Also found at: pascal-results/images/05ac80a8b218ec117596ac5421526529f2744ac99986ac050c8b7a4482d75b19/files (volume: PFS2B); pascal-results/images/bbde3633abf050e1c3220f89c536afe7da51d7a55b19b071ecff20199f6dbd79/files (volume: PFS2B)","RTSTRP.APPLE","4e586d1b3de048aafab63d6f3db93fd8","5c506ea6b2f881bdf9adc4800346cafa","335c6a2b10734798424785fe161cf21a","PASCALSY;USERPROG;SYSIO;PRINTERR;INITIALI;GETCMD;FIOPRIMS","0;1;2;3;4;5;6","PASCALIO;LONGINTI;CHAINSTU;TRANSCEN;TURTLEGR;TURTLEGR;APPLESTU","31;30;28;29;20;21;22","0x02","0x05","2","2","0x0400","0x0500","0x9ce3","UNIMPL","0x9d01","UNIMPL","0x9bab","UNIMPL","0x9e61","UNIMPL","0x9ea6","UNIMPL","UNIMPL","UNIMPL","UNIMPL","0x9bbe","0x9e8e","0x9d6a","UNIMPL","0x9d19","UNIMPL","0x9bd1","UNIMPL","0x9d2b","UNIMPL","UNIMPL","0x9db1","UNIMPL","0x9abb","0x9f70","UNIMPL","0x9a41","0xa881","0x98d6","UNIMPL","0x989f","0x9faf","0x9f93","0x9fc2","0x9983","0x9f0d","0x9a8b","0x9b97","0x9965","0x9f2f","0x99a9","0x9bde","0xa590","0xa4a4","0xa179","0xa171","0xa169","0x99ed","0x9ad5","0xa175","0xa16d","0x99c7","0xa165","0x9a1b","0x98a7","0xa044","0xa09a","0x9b08","0x9b36","0x9b63","0x9b7d","0xa001","0xa57b","0xa54a","0xa2bc","0xa28e","0xa286","0x9914","0x98dd","0xa28a","0xa282","0x98f6","0xa292","0x993a","0xa525","0xa4f2","0xa50e","0x9ef5","0x9a66","0x988d","UNIMPL","UNIMPL","0xaa04","0x9ce0","0x988d","0x98e9","0x98e9","0x98e9","0x98e9","0x98e9","0x98e9","0x98e9","0x98e9","0x98e9","0x98e9","0x98e9","0x98e9","0x98e9","0x98e9","0x98e9","0x98e9","0x9958","0x9958","0x9958","0x9958","0x9958","0x9958","0x9958","0x9958","0x9958","0x9958","0x9958","0x9958","0x9958","0x9958","0x9958","0x9958","0x9aaa","0x9aa7","0x9aa7","0x9aa7","0x9aa7","0x9aa7","0x9aa7","0x9aa7","0xab5c","0x9c6f","0xaa79","0xaa79","0xa95d","0xacc1","0xacc6","UNIMPL","UNIMPL","0xaa1a","0xa88b","0xa8d0","0xab7f","RSRVD","RSRVD","RSRVD","RSRVD","RSRVD","RSRVD","RSRVD","RSRVD","0xa86d","0xa877","UNIMPL","UNIMPL","UNIMPL","UNIMPL","UNIMPL","UNIMPL","UNIMPL","UNIMPL","UNIMPL","0x9cab","0x9cc2","0xab51","0xab67","UNIMPL","0xab75","0xabfd","0xaa0c","0xaadd"
"pascal-results/images/ab2406c3e6ebe5935ed1ce28023c4cfc6a7ace045aa0af837611736b1dd0446f/files","R200","Also found at: pascal-results/images/54fee5ac4f8c1442c2893ac590c34b9b648e2e048bb3f04c411f59526d52e70b/files (volume: R200)","SYSTEM.APPLE","93b3b570ad7d4f281c32863274b7bc4b","064a1a1c1d36528e660900a2e609d158","bc129fff5df0def8a2db80ae6760b2a0","PASCALSY;USERPROG;FIOPRIMS;PRINTERR;INITIALI;GETCMD;SYSIO;","0;1;2;3;4;5;6;15","GRAFCODE;PASCALIO;CHAINSTU;SHORTGRA;SHORTGRA;MATCHLIB;R21EDEC;R21EDEC;R21EKIT","18;31;28;21;20;29;22;23;26","0x04","0x01","6","6","0x3000","0x3100","0xd71c","0xecc8","0xd73a","0xead8","0xd5c0","0xdbbc","0xd89e","0xeb70","0xd8e3","0xed55","0xed78","0xdcba","0xdb85","0xd5d9","0xd8cb","0xd7a7","0xec6b","0xd754","0xecd6","0xd5f2","0xdd31","0xd766","0xeb1f","0xdd1f","0xd7ee","0xec93","0xd4cd","0xd9ad","0xdbde","0xd453","0xe6bd","0xd302","0xdc4a","0xd2c9","0xd9ec","0xd9d0","0xd9ff","0xd3a0","0xd94a","0xd49d","0xd5ac","0xd384","0xd96c","0xd3bd","0xd5ff","0xe3bc","0xe2d0","0xde4d","0xde45","0xde3d","0xd3ff","0xd4e7","0xde49","0xde41","0xd3d9","0xde39","0xd42d","0xd2d3","0xda81","0xdad7","0xd51b","0xd54a","0xd578","0xd592","0xda3e","0xe3a7","0xe376","0xdfca","0xdf9c","0xdf94","0xd33e","0xd309","0xdf98","0xdf90","0xd322","0xdfa0","0xd35b","0xe351","0xe31e","0xe33a","0xd932","0xd478","0xd2b6","UNIMPL","UNIMPL","0xe841","0xd701","0xd2b6","0xd315","0xd315","0xd315","0xd315","0xd315","0xd315","0xd315","0xd315","0xd315","0xd315","0xd315","0xd315","0xd315","0xd315","0xd315","0xd315","0xd377","0xd377","0xd377","0xd377","0xd377","0xd377","0xd377","0xd377","0xd377","0xd377","0xd377","0xd377","0xd377","0xd377","0xd377","0xd377","0xd4bc","0xd4b9","0xd4b9","0xd4b9","0xd4b9","0xd4b9","0xd4b9","0xd4b9","0xef1a","0xd690","0xe8b6","0xe8b6","0xe79a","0xf082","0xf087","UNIMPL","UNIMPL","0xe857","0xe6c8","0xe70d","0xef3d","RSRVD","RSRVD","RSRVD","RSRVD","RSRVD","RSRVD","RSRVD","RSRVD","0xe6a9","0xe6b3","0xede6","0xedd1","UNIMPL","UNIMPL","UNIMPL","UNIMPL","UNIMPL","UNIMPL","UNIMPL","0xd6cc","0xd6e3","0xef0f","0xef25","0xedfb","0xef33","0xefb8","0xe849","0xe91a"
"pascal-results/images/ca66dc0f3bf1ea4d9d835118b248c5337a1ddd418c6207a1422af69fe36e5e2e/files","RIDSHOP","Also found at: pascal-results/images/2b4d7f61f3011337abf1ca0c60324061eb0ff82dbd72ddefdb3bdf091108809b/files (volume: RIDSHOP); pascal-results/images/0deb65ad86c731695f86c3d917ad3aa2306bbb919fa4424b30a7fac70e5bdda2/files (volume: RIDSHOP)","SYSTEM.APPLE","6ebc3ddaefb30ef338476164f254b503","064a1a1c1d36528e660900a2e609d158","5985cc427ae96f3a60e71a3b5bf7640f","PASCALSY;USERPROG;FIOPRIMS;PRINTERR;INITIALI;GETCMD;SYSIO;","0;1;2;3;4;5;6;15","SHORTGRA;SHORTGRA;SEARCHAB","20;21;1","0x04","0x01","6","5","0x3000","0x3100","0xd71c","0xecc8","0xd73a","0xead8","0xd5c0","0xdbbc","0xd89e","0xeb70","0xd8e3","0xed55","0xed78","0xdcba","0xdb85","0xd5d9","0xd8cb","0xd7a7","0xec6b","0xd754","0xecd6","0xd5f2","0xdd31","0xd766","0xeb1f","0xdd1f","0xd7ee","0xec93","0xd4cd","0xd9ad","0xdbde","0xd453","0xe6bd","0xd302","0xdc4a","0xd2c9","0xd9ec","0xd9d0","0xd9ff","0xd3a0","0xd94a","0xd49d","0xd5ac","0xd384","0xd96c","0xd3bd","0xd5ff","0xe3bc","0xe2d0","0xde4d","0xde45","0xde3d","0xd3ff","0xd4e7","0xde49","0xde41","0xd3d9","0xde39","0xd42d","0xd2d3","0xda81","0xdad7","0xd51b","0xd54a","0xd578","0xd592","0xda3e","0xe3a7","0xe376","0xdfca","0xdf9c","0xdf94","0xd33e","0xd309","0xdf98","0xdf90","0xd322","0xdfa0","0xd35b","0xe351","0xe31e","0xe33a","0xd932","0xd478","0xd2b6","UNIMPL","UNIMPL","0xe841","0xd701","0xd2b6","0xd315","0xd315","0xd315","0xd315","0xd315","0xd315","0xd315","0xd315","0xd315","0xd315","0xd315","0xd315","0xd315","0xd315","0xd315","0xd315","0xd377","0xd377","0xd377","0xd377","0xd377","0xd377","0xd377","0xd377","0xd377","0xd377","0xd377","0xd377","0xd377","0xd377","0xd377","0xd377","0xd4bc","0xd4b9","0xd4b9","0xd4b9","0xd4b9","0xd4b9","0xd4b9","0xd4b9","0xef1a","0xd690","0xe8b6","0xe8b6","0xe79a","0xf082","0xf087","UNIMPL","UNIMPL","0xe857","0xe6c8","0xe70d","0xef3d","RSRVD","RSRVD","RSRVD","RSRVD","RSRVD","RSRVD","RSRVD","RSRVD","0xe6a9","0xe6b3","0xede6","0xedd1","UNIMPL","UNIMPL","UNIMPL","UNIMPL","UNIMPL","UNIMPL","UNIMPL","0xd6cc","0xd6e3","0xef0f","0xef25","0xedfb","0xef33","0xefb8","0xe849","0xe91a"
"pascal-results/images/ee7431ba8930d9cfed70f719de7559459a2d5b92823f7203988fab8e232d5dfe/files","NO.DEMO","","SYSTEM.APPLE","b171707fed34e35c30375a6601fc8829","5a160e53833eab6ae1008555f4fc7d8f","1b5d6f72282e3061be9532823389a35c","PASCALSY;USERPROG;SYSIO;PRINTERR;INITIALI;GETCMD;FIOPRIMS;","0;1;2;3;4;5;6;15","CHAINSTU;APPLESTU;SHORTGRA;SHORTGRA;ASMLIB;INTROLIB;INTROLIB;TYPE1UNI;TYPE2UNI;TYPE3UNI","28;22;20;21;29;26;27;25;23;24","0x02","0x0b","2","2","0x3000","0x3100","0xd6fb","0xec7a","0xd719","0xea8a","0xd5ab","0xdb97","0xd879","0xeb22","0xd8be","0xed07","0xed2a","0xdc95","0xdb60","0xd5be","0xd8a6","0xd782","0xec1d","0xd731","0xec88","0xd5d1","0xdd0c","0xd743","0xead1","0xdcfa","0xd7c9","0xec45","0xd4bb","0xd988","0xdbb9","0xd441","0xe670","0xd2d6","0xdc25","0xd29f","0xd9c7","0xd9ab","0xd9da","0xd383","0xd925","0xd48b","0xd597","0xd365","0xd947","0xd3a9","0xd5de","0xe37f","0xe293","0xde28","0xde20","0xde18","0xd3ed","0xd4d5","0xde24","0xde1c","0xd3c7","0xde14","0xd41b","0xd2a7","0xda5c","0xdab2","0xd508","0xd536","0xd563","0xd57d","0xda19","0xe36a","0xe339","0xdfa5","0xdf77","0xdf6f","0xd314","0xd2dd","0xdf73","0xdf6b","0xd2f6","0xdf7b","0xd33a","0xe314","0xe2e1","0xe2fd","0xd90d","0xd466","0xd28d","UNIMPL","UNIMPL","0xe7f3","0xd6e0","0xd28d","0xd2e9","0xd2e9","0xd2e9","0xd2e9","0xd2e9","0xd2e9","0xd2e9","0xd2e9","0xd2e9","0xd2e9","0xd2e9","0xd2e9","0xd2e9","0xd2e9","0xd2e9","0xd2e9","0xd358","0xd358","0xd358","0xd358","0xd358","0xd358","0xd358","0xd358","0xd358","0xd358","0xd358","0xd358","0xd358","0xd358","0xd358","0xd358","0xd4aa","0xd4a7","0xd4a7","0xd4a7","0xd4a7","0xd4a7","0xd4a7","0xd4a7","0xeecc","0xd66f","0xe868","0xe868","0xe74c","0xf031","0xf036","UNIMPL","UNIMPL","0xe809","0xe67a","0xe6bf","0xeeef","RSRVD","RSRVD","RSRVD","RSRVD","RSRVD","RSRVD","RSRVD","RSRVD","0xe65c","0xe666","0xed98","0xed83","UNIMPL","UNIMPL","UNIMPL","UNIMPL","UNIMPL","UNIMPL","UNIMPL","0xd6ab","0xd6c2","0xeec1","0xeed7","0xedad","0xeee5","0xef6d","0xe7fb","0xe8cc"
"pascal-results/images/95a35edb80ba8e9f45727d9012f03554cc2163a17ad1b967a914d969bb571222/files","GRAFM","Also found at: pascal-results/images/3aa4a78fd9a894e8d0f90ec1702788e13f47b76c782b45d4e0c350389f6083fa/files (volume: GRAFM); pascal-results/images/c6ab6be7c6e12271122e9b9c369165b4cf40db78b78bd51b28ddfd1ac1c3300b/files (volume: GRAFM)","SYSTEM.APPLE","fcda8d15f213e8e0d5c3987ab92ba114","e35d6659b6a1c4675cd7c47c411fc726","d47695ca031bb5236616ecb4a0865a20","PASCALSY;USERPROG;FIOPRIMS;PRINTERR;INITIALI;GETCMD;SYSIO;","0;1;2;3;4;5;6;15","LONGINTI;PASCALIO;CHAINSTU;TRANSCEN;SHORTGRA;SHORTGRA;APPLESTU","30;31;28;29;20;21;22","0x03","0x01","5","5","0x3000","0x3100","0xd6ff","0xec8a","0xd71d","0xea9a","0xd5af","0xdb9b","0xd87d","0xeb32","0xd8c2","0xed17","0xed3a","0xdc99","0xdb64","0xd5c2","0xd8aa","0xd786","0xec2d","0xd735","0xec98","0xd5d5","0xdd10","0xd747","0xeae1","0xdcfe","0xd7cd","0xec55","0xd4bc","0xd98c","0xdbbd","0xd442","0xe67f","0xd2d7","0xdc29","0xd2a0","0xd9cb","0xd9af","0xd9de","0xd384","0xd929","0xd48c","0xd59b","0xd366","0xd94b","0xd3aa","0xd5e2","0xe371","0xe285","0xde2c","0xde24","0xde1c","0xd3ee","0xd4d6","0xde28","0xde20","0xd3c8","0xde18","0xd41c","0xd2a8","0xda60","0xdab6","0xd50a","0xd539","0xd567","0xd581","0xda1d","0xe35c","0xe32b","0xdfa9","0xdf7b","0xdf73","0xd315","0xd2de","0xdf77","0xdf6f","0xd2f7","0xdf7f","0xd33b","0xe306","0xe2d3","0xe2ef","0xd911","0xd467","0xd28d","UNIMPL","UNIMPL","0xe803","0xd6e4","0xd28d","0xd2ea","0xd2ea","0xd2ea","0xd2ea","0xd2ea","0xd2ea","0xd2ea","0xd2ea","0xd2ea","0xd2ea","0xd2ea","0xd2ea","0xd2ea","0xd2ea","0xd2ea","0xd2ea","0xd359","0xd359","0xd359","0xd359","0xd359","0xd359","0xd359","0xd359","0xd359","0xd359","0xd359","0xd359","0xd359","0xd359","0xd359","0xd359","0xd4ab","0xd4a8","0xd4a8","0xd4a8","0xd4a8","0xd4a8","0xd4a8","0xd4a8","0xeedc","0xd673","0xe878","0xe878","0xe75c","0xf041","0xf046","UNIMPL","UNIMPL","0xe819","0xe68a","0xe6cf","0xeeff","RSRVD","RSRVD","RSRVD","RSRVD","RSRVD","RSRVD","RSRVD","RSRVD","0xe66b","0xe675","0xeda8","0xed93","UNIMPL","UNIMPL","UNIMPL","UNIMPL","UNIMPL","UNIMPL","UNIMPL","0xd6af","0xd6c6","0xeed1","0xeee7","0xedbd","0xeef5","0xef7d","0xe80b","0xe8dc"
"pascal-results/images/e25ea3284e3c02702451c9fb783b81a212b0c79bb8214be681bdc444af5971ff/files","P.SIM6","Also found at: pascal-results/images/19aad19f790f1262bdd1c77b6251885e25d9e99b6c4f38f8cf0066b45ec26a55/files (volume: FICHIER); pascal-results/images/00d3caa3de8145bc72e8b6735d025694cdb0e00546503798b56e158f9c0ca14f/files (volume: XMAS84); pascal-results/images/d0c84bcf851752ece21fbdfdb2c3ca3abdef67452d8da783f13ee81c7502f7f2/files (volume: REPC00); pascal-results/images/32b43fa620ba320fbf51be11ce46aac7bcacc6b3f9ba5b0a38c2c4120c292592/files (volume: FILEC00); pascal-results/images/0ba12b06f08669b1dd84f61a22b8fd65f97e619ba8c9b5f46e4a20275ca644d4/files (volume: ETAT)","SYSTEM.APPLE","fcda8d15f213e8e0d5c3987ab92ba114","e35d6659b6a1c4675cd7c47c411fc726","none","PASCALSY;USERPROG;FIOPRIMS;PRINTERR;INITIALI;GETCMD;SYSIO;","0;1;2;3;4;5;6;15","","","0x03","0x01","5","0","0x3000","0x3100","0xd6ff","0xec8a","0xd71d","0xea9a","0xd5af","0xdb9b","0xd87d","0xeb32","0xd8c2","0xed17","0xed3a","0xdc99","0xdb64","0xd5c2","0xd8aa","0xd786","0xec2d","0xd735","0xec98","0xd5d5","0xdd10","0xd747","0xeae1","0xdcfe","0xd7cd","0xec55","0xd4bc","0xd98c","0xdbbd","0xd442","0xe67f","0xd2d7","0xdc29","0xd2a0","0xd9cb","0xd9af","0xd9de","0xd384","0xd929","0xd48c","0xd59b","0xd366","0xd94b","0xd3aa","0xd5e2","0xe371","0xe285","0xde2c","0xde24","0xde1c","0xd3ee","0xd4d6","0xde28","0xde20","0xd3c8","0xde18","0xd41c","0xd2a8","0xda60","0xdab6","0xd50a","0xd539","0xd567","0xd581","0xda1d","0xe35c","0xe32b","0xdfa9","0xdf7b","0xdf73","0xd315","0xd2de","0xdf77","0xdf6f","0xd2f7","0xdf7f","0xd33b","0xe306","0xe2d3","0xe2ef","0xd911","0xd467","0xd28d","UNIMPL","UNIMPL","0xe803","0xd6e4","0xd28d","0xd2ea","0xd2ea","0xd2ea","0xd2ea","0xd2ea","0xd2ea","0xd2ea","0xd2ea","0xd2ea","0xd2ea","0xd2ea","0xd2ea","0xd2ea","0xd2ea","0xd2ea","0xd2ea","0xd359","0xd359","0xd359","0xd359","0xd359","0xd359","0xd359","0xd359","0xd359","0xd359","0xd359","0xd359","0xd359","0xd359","0xd359","0xd359","0xd4ab","0xd4a8","0xd4a8","0xd4a8","0xd4a8","0xd4a8","0xd4a8","0xd4a8","0xeedc","0xd673","0xe878","0xe878","0xe75c","0xf041","0xf046","UNIMPL","UNIMPL","0xe819","0xe68a","0xe6cf","0xeeff","RSRVD","RSRVD","RSRVD","RSRVD","RSRVD","RSRVD","RSRVD","RSRVD","0xe66b","0xe675","0xeda8","0xed93","UNIMPL","UNIMPL","UNIMPL","UNIMPL","UNIMPL","UNIMPL","UNIMPL","0xd6af","0xd6c6","0xeed1","0xeee7","0xedbd","0xeef5","0xef7d","0xe80b","0xe8dc"
"pascal-results/images/040dd462e41c2e6ddbcbeaa8c1ae08ee5d8930255437149eac3bad096d381027/files","IACBASE","Also found at: pascal-results/images/e02db2e1c42e011d1cff9c1f75cce4d8ed99941e0ba3f302fd133c664f9417f0/files (volume: IACBASE); pascal-results/images/4f4f82ce5758bade2ed76f629f5fa2ee1f38360caad7a580cd7e93fb16337df5/files (volume: IACBASE); pascal-results/images/8261e4e8497180c081fa7c86768ee54a26b2350bced5e36c60b243684f0260a2/files (volume: IACBASE)","SYSTEM.APPLE","1cd11df9e32677f4d3673933d5c996fc","24ca8f71aca82a11063a21463ad22184","06178db1c536e842b3415d8ce466f788","PASCALSY;USERPROG;DEBUGGER;PRINTERR;INITIALI;GETCMD;FILEPROC;","0;1;2;3;4;5;6;15","LONGINTI;PASCALIO;CHAINSTU;TRANSCEN;TURTLEGR;TURTLEGR;APPLESTU","30;31;28;29;20;21;22","0x02","0x01","2","2","0x3000","0x3100","0xd6bb","0xecb2","0xd6d9","0xeac2","0xd56b","0xdb57","0xd839","0xeb5a","0xd87e","0xed3f","0xed62","0xdc55","0xdb20","0xd57e","0xd866","0xd742","0xec55","0xd6f1","0xecc0","0xd591","0xdccc","0xd703","0xeb09","0xdcba","0xd789","0xec7d","0xd47b","0xd948","0xdb79","0xd401","0xe630","0xd296","0xdbe5","0xd25f","0xd987","0xd96b","0xd99a","0xd343","0xd8e5","0xd44b","0xd557","0xd325","0xd907","0xd369","0xd59e","0xe33f","0xe253","0xdde8","0xdde0","0xddd8","0xd3ad","0xd495","0xdde4","0xdddc","0xd387","0xddd4","0xd3db","0xd267","0xda1c","0xda72","0xd4c8","0xd4f6","0xd523","0xd53d","0xd9d9","0xe32a","0xe2f9","0xdf65","0xdf37","0xdf2f","0xd2d4","0xd29d","0xdf33","0xdf2b","0xd2b6","0xdf3b","0xd2fa","0xe2d4","0xe2a1","0xe2bd","0xd8cd","0xd426","0xd24d","UNIMPL","UNIMPL","0xe82b","0xd6a0","0xd24d","0xd2a9","0xd2a9","0xd2a9","0xd2a9","0xd2a9","0xd2a9","0xd2a9","0xd2a9","0xd2a9","0xd2a9","0xd2a9","0xd2a9","0xd2a9","0xd2a9","0xd2a9","0xd2a9","0xd318","0xd318","0xd318","0xd318","0xd318","0xd318","0xd318","0xd318","0xd318","0xd318","0xd318","0xd318","0xd318","0xd318","0xd318","0xd318","0xd46a","0xd467","0xd467","0xd467","0xd467","0xd467","0xd467","0xd467","0xef04","0xd62f","0xe8a0","0xe8a0","0xe784","0xf069","0xf06e","0xe63a","0xe640","0xe841","0xe6b2","0xe6f7","0xef27","RSRVD","RSRVD","RSRVD","RSRVD","RSRVD","RSRVD","RSRVD","RSRVD","0xe61c","0xe626","0xedd0","0xedbb","UNIMPL","UNIMPL","UNIMPL","UNIMPL","UNIMPL","UNIMPL","UNIMPL","0xd66b","0xd682","0xeef9","0xef0f","0xede5","0xef1d","0xefa5","0xe833","0xe904"
"pascal-results/images/7b1cf3cd269f5d3341996e211dffdb6706a3d62247ff789fe192d0b375a607c7/files","CLASMTH","","SYSTEM.APPLE","1cd11df9e32677f4d3673933d5c996fc","24ca8f71aca82a11063a21463ad22184","9b4abc7c4cd77bf004f72b1c650570f1","PASCALSY;USERPROG;DEBUGGER;PRINTERR;INITIALI;GETCMD;FILEPROC;","0;1;2;3;4;5;6;15","LONGINTI;PASCALIO;CHAINSTU;TURTLEGR;TURTLEGR;QUICKSTU;QUICKSTU","30;31;28;20;21;23;24","0x02","0x01","2","5","0x3000","0x3100","0xd6bb","0xecb2","0xd6d9","0xeac2","0xd56b","0xdb57","0xd839","0xeb5a","0xd87e","0xed3f","0xed62","0xdc55","0xdb20","0xd57e","0xd866","0xd742","0xec55","0xd6f1","0xecc0","0xd591","0xdccc","0xd703","0xeb09","0xdcba","0xd789","0xec7d","0xd47b","0xd948","0xdb79","0xd401","0xe630","0xd296","0xdbe5","0xd25f","0xd987","0xd96b","0xd99a","0xd343","0xd8e5","0xd44b","0xd557","0xd325","0xd907","0xd369","0xd59e","0xe33f","0xe253","0xdde8","0xdde0","0xddd8","0xd3ad","0xd495","0xdde4","0xdddc","0xd387","0xddd4","0xd3db","0xd267","0xda1c","0xda72","0xd4c8","0xd4f6","0xd523","0xd53d","0xd9d9","0xe32a","0xe2f9","0xdf65","0xdf37","0xdf2f","0xd2d4","0xd29d","0xdf33","0xdf2b","0xd2b6","0xdf3b","0xd2fa","0xe2d4","0xe2a1","0xe2bd","0xd8cd","0xd426","0xd24d","UNIMPL","UNIMPL","0xe82b","0xd6a0","0xd24d","0xd2a9","0xd2a9","0xd2a9","0xd2a9","0xd2a9","0xd2a9","0xd2a9","0xd2a9","0xd2a9","0xd2a9","0xd2a9","0xd2a9","0xd2a9","0xd2a9","0xd2a9","0xd2a9","0xd318","0xd318","0xd318","0xd318","0xd318","0xd318","0xd318","0xd318","0xd318","0xd318","0xd318","0xd318","0xd318","0xd318","0xd318","0xd318","0xd46a","0xd467","0xd467","0xd467","0xd467","0xd467","0xd467","0xd467","0xef04","0xd62f","0xe8a0","0xe8a0","0xe784","0xf069","0xf06e","0xe63a","0xe640","0xe841","0xe6b2","0xe6f7","0xef27","RSRVD","RSRVD","RSRVD","RSRVD","RSRVD","RSRVD","RSRVD","RSRVD","0xe61c","0xe626","0xedd0","0xedbb","UNIMPL","UNIMPL","UNIMPL","UNIMPL","UNIMPL","UNIMPL","UNIMPL","0xd66b","0xd682","0xeef9","0xef0f","0xede5","0xef1d","0xefa5","0xe833","0xe904"
"pascal-results/images/5db0a7baffdfd5c89a60a247cb7f89888fc7d9449ef5299e3b808b80700d6d8d/files","MCR","","SYSTEM.APPLE","fcda8d15f213e8e0d5c3987ab92ba114","e35d6659b6a1c4675cd7c47c411fc726","efcab6391d13cd10243ab876f6ebd8c2","PASCALSY;USERPROG;FIOPRIMS;PRINTERR;INITIALI;GETCMD;SYSIO;","0;1;2;3;4;5;6;15","SHORTGRA;SHORTGRA;DATAUNIT;DATAUNIT;IO;SCREEN;CASH;PRINT1;MATH;ERROR;CHAINSTU;GRAPHICS;TEACHSUB;TEACHMLT;PARTS;PRINT2","20;21;18;19;31;30;23;24;25;26;28;27;29;22;17;16","0x03","0x01","5","5","0x3000","0x3100","0xd6ff","0xec8a","0xd71d","0xea9a","0xd5af","0xdb9b","0xd87d","0xeb32","0xd8c2","0xed17","0xed3a","0xdc99","0xdb64","0xd5c2","0xd8aa","0xd786","0xec2d","0xd735","0xec98","0xd5d5","0xdd10","0xd747","0xeae1","0xdcfe","0xd7cd","0xec55","0xd4bc","0xd98c","0xdbbd","0xd442","0xe67f","0xd2d7","0xdc29","0xd2a0","0xd9cb","0xd9af","0xd9de","0xd384","0xd929","0xd48c","0xd59b","0xd366","0xd94b","0xd3aa","0xd5e2","0xe371","0xe285","0xde2c","0xde24","0xde1c","0xd3ee","0xd4d6","0xde28","0xde20","0xd3c8","0xde18","0xd41c","0xd2a8","0xda60","0xdab6","0xd50a","0xd539","0xd567","0xd581","0xda1d","0xe35c","0xe32b","0xdfa9","0xdf7b","0xdf73","0xd315","0xd2de","0xdf77","0xdf6f","0xd2f7","0xdf7f","0xd33b","0xe306","0xe2d3","0xe2ef","0xd911","0xd467","0xd28d","UNIMPL","UNIMPL","0xe803","0xd6e4","0xd28d","0xd2ea","0xd2ea","0xd2ea","0xd2ea","0xd2ea","0xd2ea","0xd2ea","0xd2ea","0xd2ea","0xd2ea","0xd2ea","0xd2ea","0xd2ea","0xd2ea","0xd2ea","0xd2ea","0xd359","0xd359","0xd359","0xd359","0xd359","0xd359","0xd359","0xd359","0xd359","0xd359","0xd359","0xd359","0xd359","0xd359","0xd359","0xd359","0xd4ab","0xd4a8","0xd4a8","0xd4a8","0xd4a8","0xd4a8","0xd4a8","0xd4a8","0xeedc","0xd673","0xe878","0xe878","0xe75c","0xf041","0xf046","UNIMPL","UNIMPL","0xe819","0xe68a","0xe6cf","0xeeff","RSRVD","RSRVD","RSRVD","RSRVD","RSRVD","RSRVD","RSRVD","RSRVD","0xe66b","0xe675","0xeda8","0xed93","UNIMPL","UNIMPL","UNIMPL","UNIMPL","UNIMPL","UNIMPL","UNIMPL","0xd6af","0xd6c6","0xeed1","0xeee7","0xedbd","0xeef5","0xef7d","0xe80b","0xe8dc"
"pascal-results/images/e1c022e61a2c16c4e55d1d47d197bd439e4c2145da69637fee570ab3f6861320/files","AW.D2B","Also found at: pascal-results/images/5303978d8bfcd02d1280cd99f73f9208ca096a6f1474c3bab16fb9ec98c863db/files (volume: AW.D2B)","SYSTEM.APPLE","fcda8d15f213e8e0d5c3987ab92ba114","e35d6659b6a1c4675cd7c47c411fc726","fb6a187c547ed95b1c69fcaaa9f2517b","PASCALSY;USERPROG;FIOPRIMS;PRINTERR;INITIALI;GETCMD;SYSIO;","0;1;2;3;4;5;6;15","CHAINSTU;PCSDSTUF;PCSDSTUF;AWSTUFF;AWSTUFF","28;25;26;23;24","0x03","0x01","5","5","0x3000","0x3100","0xd6ff","0xec8a","0xd71d","0xea9a","0xd5af","0xdb9b","0xd87d","0xeb32","0xd8c2","0xed17","0xed3a","0xdc99","0xdb64","0xd5c2","0xd8aa","0xd786","0xec2d","0xd735","0xec98","0xd5d5","0xdd10","0xd747","0xeae1","0xdcfe","0xd7cd","0xec55","0xd4bc","0xd98c","0xdbbd","0xd442","0xe67f","0xd2d7","0xdc29","0xd2a0","0xd9cb","0xd9af","0xd9de","0xd384","0xd929","0xd48c","0xd59b","0xd366","0xd94b","0xd3aa","0xd5e2","0xe371","0xe285","0xde2c","0xde24","0xde1c","0xd3ee","0xd4d6","0xde28","0xde20","0xd3c8","0xde18","0xd41c","0xd2a8","0xda60","0xdab6","0xd50a","0xd539","0xd567","0xd581","0xda1d","0xe35c","0xe32b","0xdfa9","0xdf7b","0xdf73","0xd315","0xd2de","0xdf77","0xdf6f","0xd2f7","0xdf7f","0xd33b","0xe306","0xe2d3","0xe2ef","0xd911","0xd467","0xd28d","UNIMPL","UNIMPL","0xe803","0xd6e4","0xd28d","0xd2ea","0xd2ea","0xd2ea","0xd2ea","0xd2ea","0xd2ea","0xd2ea","0xd2ea","0xd2ea","0xd2ea","0xd2ea","0xd2ea","0xd2ea","0xd2ea","0xd2ea","0xd2ea","0xd359","0xd359","0xd359","0xd359","0xd359","0xd359","0xd359","0xd359","0xd359","0xd359","0xd359","0xd359","0xd359","0xd359","0xd359","0xd359","0xd4ab","0xd4a8","0xd4a8","0xd4a8","0xd4a8","0xd4a8","0xd4a8","0xd4a8","0xeedc","0xd673","0xe878","0xe878","0xe75c","0xf041","0xf046","UNIMPL","UNIMPL","0xe819","0xe68a","0xe6cf","0xeeff","RSRVD","RSRVD","RSRVD","RSRVD","RSRVD","RSRVD","RSRVD","RSRVD","0xe66b","0xe675","0xeda8","0xed93","UNIMPL","UNIMPL","UNIMPL","UNIMPL","UNIMPL","UNIMPL","UNIMPL","0xd6af","0xd6c6","0xeed1","0xeee7","0xedbd","0xeef5","0xef7d","0xe80b","0xe8dc"
"pascal-results/images/94ab803385076da00e17c572af76ac624a415a311d9a903bc69dd728acbb6971/files","GRAFB00","","SYSTEM.APPLE","1cd11df9e32677f4d3673933d5c996fc","3999ba7301dbe916875940e0415d7ded","237bd3b6c916e8505d85073feb049126","PASCALSY;USERPROG;DEBUGGER;PRINTERR;INITIALI;GETCMD;FILEPROC;","0;1;2;3;4;5;6;15","LONGINTI;PASCALIO;CHAINSTU;TRANSCEN;APPLESTU;ASMGRAPH;ASMGRAPH;ASMPRINT;PLOTDRIV;PLOTDRIV","30;31;28;29;22;16;17;18;19;20","0x02","0x01","2","4","0x3000","0x3100","0xd6bb","0xecb2","0xd6d9","0xeac2","0xd56b","0xdb57","0xd839","0xeb5a","0xd87e","0xed3f","0xed62","0xdc55","0xdb20","0xd57e","0xd866","0xd742","0xec55","0xd6f1","0xecc0","0xd591","0xdccc","0xd703","0xeb09","0xdcba","0xd789","0xec7d","0xd47b","0xd948","0xdb79","0xd401","0xe630","0xd296","0xdbe5","0xd25f","0xd987","0xd96b","0xd99a","0xd343","0xd8e5","0xd44b","0xd557","0xd325","0xd907","0xd369","0xd59e","0xe33f","0xe253","0xdde8","0xdde0","0xddd8","0xd3ad","0xd495","0xdde4","0xdddc","0xd387","0xddd4","0xd3db","0xd267","0xda1c","0xda72","0xd4c8","0xd4f6","0xd523","0xd53d","0xd9d9","0xe32a","0xe2f9","0xdf65","0xdf37","0xdf2f","0xd2d4","0xd29d","0xdf33","0xdf2b","0xd2b6","0xdf3b","0xd2fa","0xe2d4","0xe2a1","0xe2bd","0xd8cd","0xd426","0xd24d","UNIMPL","UNIMPL","0xe82b","0xd6a0","0xd24d","0xd2a9","0xd2a9","0xd2a9","0xd2a9","0xd2a9","0xd2a9","0xd2a9","0xd2a9","0xd2a9","0xd2a9","0xd2a9","0xd2a9","0xd2a9","0xd2a9","0xd2a9","0xd2a9","0xd318","0xd318","0xd318","0xd318","0xd318","0xd318","0xd318","0xd318","0xd318","0xd318","0xd318","0xd318","0xd318","0xd318","0xd318","0xd318","0xd46a","0xd467","0xd467","0xd467","0xd467","0xd467","0xd467","0xd467","0xef04","0xd62f","0xe8a0","0xe8a0","0xe784","0xf069","0xf06e","0xe63a","0xe640","0xe841","0xe6b2","0xe6f7","0xef27","RSRVD","RSRVD","RSRVD","RSRVD","RSRVD","RSRVD","RSRVD","RSRVD","0xe61c","0xe626","0xedd0","0xedbb","UNIMPL","UNIMPL","UNIMPL","UNIMPL","UNIMPL","UNIMPL","UNIMPL","0xd66b","0xd682","0xeef9","0xef0f","0xede5","0xef1d","0xefa5","0xe833","0xe904"
"pascal-results/images/a64ca03a5deb3153616c4bdd67ba4cb228ebe2debf507426368bf2a831010975/files","SIDE2","","SYSTEM.APPLE","fcda8d15f213e8e0d5c3987ab92ba114","e35d6659b6a1c4675cd7c47c411fc726","1ff5243bdb0430a9ce4bdc0bc1b55679","PASCALSY;USERPROG;FIOPRIMS;PRINTERR;INITIALI;GETCMD;SYSIO;","0;1;2;3;4;5;6;15","PASCALIO;SHORTGRA;SHORTGRA;CHAINSTU;APPLESTU;MEMGLOBA;MEMGLOBA;FILESTUF;FILESTUF;QUITTER;QUITTER;HINTS;HINTS","31;20;21;28;22;16;17;18;19;23;24;25;26","0x03","0x01","5","5","0x3000","0x3100","0xd6ff","0xec8a","0xd71d","0xea9a","0xd5af","0xdb9b","0xd87d","0xeb32","0xd8c2","0xed17","0xed3a","0xdc99","0xdb64","0xd5c2","0xd8aa","0xd786","0xec2d","0xd735","0xec98","0xd5d5","0xdd10","0xd747","0xeae1","0xdcfe","0xd7cd","0xec55","0xd4bc","0xd98c","0xdbbd","0xd442","0xe67f","0xd2d7","0xdc29","0xd2a0","0xd9cb","0xd9af","0xd9de","0xd384","0xd929","0xd48c","0xd59b","0xd366","0xd94b","0xd3aa","0xd5e2","0xe371","0xe285","0xde2c","0xde24","0xde1c","0xd3ee","0xd4d6","0xde28","0xde20","0xd3c8","0xde18","0xd41c","0xd2a8","0xda60","0xdab6","0xd50a","0xd539","0xd567","0xd581","0xda1d","0xe35c","0xe32b","0xdfa9","0xdf7b","0xdf73","0xd315","0xd2de","0xdf77","0xdf6f","0xd2f7","0xdf7f","0xd33b","0xe306","0xe2d3","0xe2ef","0xd911","0xd467","0xd28d","UNIMPL","UNIMPL","0xe803","0xd6e4","0xd28d","0xd2ea","0xd2ea","0xd2ea","0xd2ea","0xd2ea","0xd2ea","0xd2ea","0xd2ea","0xd2ea","0xd2ea","0xd2ea","0xd2ea","0xd2ea","0xd2ea","0xd2ea","0xd2ea","0xd359","0xd359","0xd359","0xd359","0xd359","0xd359","0xd359","0xd359","0xd359","0xd359","0xd359","0xd359","0xd359","0xd359","0xd359","0xd359","0xd4ab","0xd4a8","0xd4a8","0xd4a8","0xd4a8","0xd4a8","0xd4a8","0xd4a8","0xeedc","0xd673","0xe878","0xe878","0xe75c","0xf041","0xf046","UNIMPL","UNIMPL","0xe819","0xe68a","0xe6cf","0xeeff","RSRVD","RSRVD","RSRVD","RSRVD","RSRVD","RSRVD","RSRVD","RSRVD","0xe66b","0xe675","0xeda8","0xed93","UNIMPL","UNIMPL","UNIMPL","UNIMPL","UNIMPL","UNIMPL","UNIMPL","0xd6af","0xd6c6","0xeed1","0xeee7","0xedbd","0xeef5","0xef7d","0xe80b","0xe8dc"
"pascal-results/images/7fd5e7a706b5946cfa1c256d9f23f2e34b13fce4ac153cfd7f1444b53405a97f/files","APPLE1","Also found at: pascal-results/images/249ac254217b03515b4f505d0b675cda50caad99b47dff7cc2d7d40dcaec70e4/files (volume: APPLE1); pascal-results/images/12f13f04c72260cf78e36c9271c7995565a5f27d0307f493621cf7dc26887745/files (volume: APPLE1)","SYSTEM.APPLE","3b42d8c9396a2ece7f9815ec207709da","4f96b34140a8a88f8fd36f1260d00878","7b7243c93223bb46c747039fc811160a","PASCALSY;USERPROG;DEBUGGER;PRINTERR;INITIALI;GETCMD;","0;1;2;3;4;5;15","LONGINTI;PASCALIO;TRANSCEN;APPLESTU;TURTLEGR;TURTLEGR","30;31;29;22;20;21","0","0","0","1","0x3000","0x3100","0xd698","0xeaf2","0xd6b6","0xe902","0xd548","0xdb2c","0xd815","0xe99a","0xd85a","0xeb6f","0xeb92","0xdc2a","0xdaf5","0xd55b","0xd842","0xd71f","0xea95","0xd6ce","0xeb00","0xd56e","0xdca1","0xd6e0","0xe949","0xdc8f","0xd766","0xeabd","0xd46b","0xd924","0xdb4e","0xd3f1","0xe5b1","0xd286","0xdbba","0xd24f","0xd963","0xd947","0xd976","0xd333","0xd8c1","0xd43b","0xd534","0xd315","0xd8e3","0xd359","0xd57b","0xe2fc","0xe210","0xddbd","0xddb5","0xddad","0xd39d","0xd485","0xddb9","0xddb1","0xd377","0xdda9","0xd3cb","0xd257","0xd9f8","0xda4e","0xd4b8","0xd4d3","0xd500","0xd51a","0xd9b5","0xe2e7","0xe2b6","0xdf3a","0xdf0c","0xdf04","0xd2c4","0xd28d","0xdf08","0xdf00","0xd2a6","0xdf10","0xd2ea","0xe291","0xe25e","0xe27a","0xd8a9","0xd416","0xd23d","UNIMPL","UNIMPL","0xe67e","0xd67d","0xd23d","0xd299","0xd299","0xd299","0xd299","0xd299","0xd299","0xd299","0xd299","0xd299","0xd299","0xd299","0xd299","0xd299","0xd299","0xd299","0xd299","0xd308","0xd308","0xd308","0xd308","0xd308","0xd308","0xd308","0xd308","0xd308","0xd308","0xd308","0xd308","0xd308","0xd308","0xd308","0xd308","0xd45a","0xd457","0xd457","0xd457","0xd457","0xd457","0xd457","0xd457","0xed26","0xd60c","0xe6f3","0xe6f3","0xe5d9","0xedd9","0xedde","0xe5bb","0xe5cd","0xe694","0xe5c1","0xe5c7","RSRVD","RSRVD","RSRVD","RSRVD","RSRVD","RSRVD","RSRVD","RSRVD","RSRVD","0xe59d","0xe5a7","0xec00","0xebeb","UNIMPL","UNIMPL","UNIMPL","UNIMPL","UNIMPL","UNIMPL","UNIMPL","0xd648","0xd65f","0xed1b","0xed31","0xec15","0xed3f","0xed49","0xe686","0xe757"
"pascal-results/images/93dcd01155d9e432515d7ed2ab3fd3cb2e25995158f6c635c573086e683b53c7/files","R200","","SYSTEM.APPLE","93b3b570ad7d4f281c32863274b7bc4b","064a1a1c1d36528e660900a2e609d158","f804608bac488cbc1566f89835d9a657","PASCALSY;USERPROG;FIOPRIMS;PRINTERR;INITIALI;GETCMD;SYSIO;","0;1;2;3;4;5;6;15","PASCALSY;PASCALIO;CHAINSTU;SHORTGRA;SHORTGRA;GRAFCODE;R202DEC;R202DEC;R202KIT","0;31;28;21;20;18;23;24;26","0x04","0x01","6","6","0x3000","0x3100","0xd71c","0xecc8","0xd73a","0xead8","0xd5c0","0xdbbc","0xd89e","0xeb70","0xd8e3","0xed55","0xed78","0xdcba","0xdb85","0xd5d9","0xd8cb","0xd7a7","0xec6b","0xd754","0xecd6","0xd5f2","0xdd31","0xd766","0xeb1f","0xdd1f","0xd7ee","0xec93","0xd4cd","0xd9ad","0xdbde","0xd453","0xe6bd","0xd302","0xdc4a","0xd2c9","0xd9ec","0xd9d0","0xd9ff","0xd3a0","0xd94a","0xd49d","0xd5ac","0xd384","0xd96c","0xd3bd","0xd5ff","0xe3bc","0xe2d0","0xde4d","0xde45","0xde3d","0xd3ff","0xd4e7","0xde49","0xde41","0xd3d9","0xde39","0xd42d","0xd2d3","0xda81","0xdad7","0xd51b","0xd54a","0xd578","0xd592","0xda3e","0xe3a7","0xe376","0xdfca","0xdf9c","0xdf94","0xd33e","0xd309","0xdf98","0xdf90","0xd322","0xdfa0","0xd35b","0xe351","0xe31e","0xe33a","0xd932","0xd478","0xd2b6","UNIMPL","UNIMPL","0xe841","0xd701","0xd2b6","0xd315","0xd315","0xd315","0xd315","0xd315","0xd315","0xd315","0xd315","0xd315","0xd315","0xd315","0xd315","0xd315","0xd315","0xd315","0xd315","0xd377","0xd377","0xd377","0xd377","0xd377","0xd377","0xd377","0xd377","0xd377","0xd377","0xd377","0xd377","0xd377","0xd377","0xd377","0xd377","0xd4bc","0xd4b9","0xd4b9","0xd4b9","0xd4b9","0xd4b9","0xd4b9","0xd4b9","0xef1a","0xd690","0xe8b6","0xe8b6","0xe79a","0xf082","0xf087","UNIMPL","UNIMPL","0xe857","0xe6c8","0xe70d","0xef3d","RSRVD","RSRVD","RSRVD","RSRVD","RSRVD","RSRVD","RSRVD","RSRVD","0xe6a9","0xe6b3","0xede6","0xedd1","UNIMPL","UNIMPL","UNIMPL","UNIMPL","UNIMPL","UNIMPL","UNIMPL","0xd6cc","0xd6e3","0xef0f","0xef25","0xedfb","0xef33","0xefb8","0xe849","0xe91a"
"pascal-results/images/be4a612d12b816a2309d57d7976f0b00cdb505100b673107a2a701a271b46871/files","MULT","Also found at: pascal-results/images/99f56e26ca74cff546e127ccc66a74cb26098030c5499bab2aed1304f1a9acba/files (volume: CNT)","SYSTEM.APPLE","54b5df4d19bbd7ddeee5c5af19973908","16165b117cc8eb127479e100665c78f9","7c95757973ac277114e78b49207f822f","PASCALSY;USERPROG;FIOPRIMS;PRINTERR;INITIALI;GETCMD;FILEPROC;","0;1;2;3;4;5;6;15","LONGINTI;GRAFPRIM;GRAFPRIM;PASCALIO;CHAINSTU;TRANSCEN;APPLESTU;KOLORZ;KOLORZ;LILNUMS;TRISMILE;TRISMILE;UZR","30;20;21;31;28;29;22;40;41;43;45;46;47","0x04","0x40","6","6","0x3000","0x3100","0xd762","0xf2d3","0xd780","0xf0e3","0xd603","0xdcd8","0xd8e4","0xf17b","0xd929","0xf360","0xf383","0xdddc","0xdca1","0xd61c","0xd911","0xd7ed","0xf276","0xd79a","0xf2e1","0xd635","0xde53","0xd7ac","0xf12a","0xde41","0xd834","0xf29e","0xd4fb","0xdabd","0xdcfa","0xd46f","0xec92","0xd309","0xdd66","0xd2c7","0xdafc","0xdae0","0xdb0f","0xd3aa","0xd9ce","0xd4c5","0xd5ef","0xd38e","0xda76","0xd3c7","0xd642","0xe554","0xe432","0xdf6f","0xdf67","0xdf5f","0xd40f","0xd515","0xdf6b","0xdf63","0xd3e3","0xdf5b","0xd443","0xd2d1","0xdb9d","0xdbf3","0xd552","0xd587","0xd5bb","0xd5d5","0xdb4e","0xe53f","0xe508","0xe0f2","0xe0c4","0xe0bc","0xd348","0xd310","0xe0c0","0xe0b8","0xd32c","0xe0c8","0xd365","0xe4d1","0xe492","0xe4b4","0xd9a8","0xd49a","0xd2ae","UNIMPL","UNIMPL","0xee46","0xd747","0xd2ae","0xd31f","0xd31f","0xd31f","0xd31f","0xd31f","0xd31f","0xd31f","0xd31f","0xd31f","0xd31f","0xd31f","0xd31f","0xd31f","0xd31f","0xd31f","0xd31f","0xd381","0xd381","0xd381","0xd381","0xd381","0xd381","0xd381","0xd381","0xd381","0xd381","0xd381","0xd381","0xd381","0xd381","0xd381","0xd381","0xd4ea","0xd4e7","0xd4e7","0xd4e7","0xd4e7","0xd4e7","0xd4e7","0xd4e7","0xf525","0xd6d6","0xeebb","0xeebb","0xed75","0xf68d","0xf692","UNIMPL","UNIMPL","0xee5c","0xeca3","0xece8","0xf548","RSRVD","RSRVD","RSRVD","RSRVD","RSRVD","RSRVD","RSRVD","RSRVD","0xec7e","0xec88","0xf3f1","0xf3dc","UNIMPL","UNIMPL","UNIMPL","UNIMPL","UNIMPL","UNIMPL","UNIMPL","0xd712","0xd729","0xf51a","0xf530","0xf406","0xf53e","0xf5c3","0xee4e","0xef25"
"pascal-results/images/740a5f0534f4522d2186c5f2d90eed2aaa6b06fac860ae21413af3611d8382bc/files","NPL","","SYSTEM.APPLE","1cd11df9e32677f4d3673933d5c996fc","24ca8f71aca82a11063a21463ad22184","1eda4d546f83c67c793f37a09450a50a","PASCALSY;USERPROG;DEBUGGER;PRINTERR;INITIALI;GETCMD;FILEPROC;","0;1;2;3;4;5;6;15","LOADKE;NPGLOB;NPGLOB;GETLIN;NQUEIX;NPSUBS;NDIREC;NERROR;NLOADF;NPMISC;PASCALIO","29;21;22;23;24;25;26;27;30;20;31","0x02","0x01","2","2","0x3000","0x3100","0xd6bb","0xecb2","0xd6d9","0xeac2","0xd56b","0xdb57","0xd839","0xeb5a","0xd87e","0xed3f","0xed62","0xdc55","0xdb20","0xd57e","0xd866","0xd742","0xec55","0xd6f1","0xecc0","0xd591","0xdccc","0xd703","0xeb09","0xdcba","0xd789","0xec7d","0xd47b","0xd948","0xdb79","0xd401","0xe630","0xd296","0xdbe5","0xd25f","0xd987","0xd96b","0xd99a","0xd343","0xd8e5","0xd44b","0xd557","0xd325","0xd907","0xd369","0xd59e","0xe33f","0xe253","0xdde8","0xdde0","0xddd8","0xd3ad","0xd495","0xdde4","0xdddc","0xd387","0xddd4","0xd3db","0xd267","0xda1c","0xda72","0xd4c8","0xd4f6","0xd523","0xd53d","0xd9d9","0xe32a","0xe2f9","0xdf65","0xdf37","0xdf2f","0xd2d4","0xd29d","0xdf33","0xdf2b","0xd2b6","0xdf3b","0xd2fa","0xe2d4","0xe2a1","0xe2bd","0xd8cd","0xd426","0xd24d","UNIMPL","UNIMPL","0xe82b","0xd6a0","0xd24d","0xd2a9","0xd2a9","0xd2a9","0xd2a9","0xd2a9","0xd2a9","0xd2a9","0xd2a9","0xd2a9","0xd2a9","0xd2a9","0xd2a9","0xd2a9","0xd2a9","0xd2a9","0xd2a9","0xd318","0xd318","0xd318","0xd318","0xd318","0xd318","0xd318","0xd318","0xd318","0xd318","0xd318","0xd318","0xd318","0xd318","0xd318","0xd318","0xd46a","0xd467","0xd467","0xd467","0xd467","0xd467","0xd467","0xd467","0xef04","0xd62f","0xe8a0","0xe8a0","0xe784","0xf069","0xf06e","0xe63a","0xe640","0xe841","0xe6b2","0xe6f7","0xef27","RSRVD","RSRVD","RSRVD","RSRVD","RSRVD","RSRVD","RSRVD","RSRVD","0xe61c","0xe626","0xedd0","0xedbb","UNIMPL","UNIMPL","UNIMPL","UNIMPL","UNIMPL","UNIMPL","UNIMPL","0xd66b","0xd682","0xeef9","0xef0f","0xede5","0xef1d","0xefa5","0xe833","0xe904"
"pascal-results/images/789a715f6144af955c7cbc2ac1eb3115c6b027ee0430364e1b4279bf74461108/files","BLANK","","SYSTEM.APPLE","fcda8d15f213e8e0d5c3987ab92ba114","e35d6659b6a1c4675cd7c47c411fc726","1bab7031873cc1ae5e114a141f670e43","PASCALSY;USERPROG;FIOPRIMS;PRINTERR;INITIALI;GETCMD;SYSIO;","0;1;2;3;4;5;6;15","LONGINTI;PASCALIO;CHAINSTU;WQSTUFF;WQGRAPH;WQGRAPH","30;31;28;24;17;18","0x03","0x01","5","5","0x3000","0x3100","0xd6ff","0xec8a","0xd71d","0xea9a","0xd5af","0xdb9b","0xd87d","0xeb32","0xd8c2","0xed17","0xed3a","0xdc99","0xdb64","0xd5c2","0xd8aa","0xd786","0xec2d","0xd735","0xec98","0xd5d5","0xdd10","0xd747","0xeae1","0xdcfe","0xd7cd","0xec55","0xd4bc","0xd98c","0xdbbd","0xd442","0xe67f","0xd2d7","0xdc29","0xd2a0","0xd9cb","0xd9af","0xd9de","0xd384","0xd929","0xd48c","0xd59b","0xd366","0xd94b","0xd3aa","0xd5e2","0xe371","0xe285","0xde2c","0xde24","0xde1c","0xd3ee","0xd4d6","0xde28","0xde20","0xd3c8","0xde18","0xd41c","0xd2a8","0xda60","0xdab6","0xd50a","0xd539","0xd567","0xd581","0xda1d","0xe35c","0xe32b","0xdfa9","0xdf7b","0xdf73","0xd315","0xd2de","0xdf77","0xdf6f","0xd2f7","0xdf7f","0xd33b","0xe306","0xe2d3","0xe2ef","0xd911","0xd467","0xd28d","UNIMPL","UNIMPL","0xe803","0xd6e4","0xd28d","0xd2ea","0xd2ea","0xd2ea","0xd2ea","0xd2ea","0xd2ea","0xd2ea","0xd2ea","0xd2ea","0xd2ea","0xd2ea","0xd2ea","0xd2ea","0xd2ea","0xd2ea","0xd2ea","0xd359","0xd359","0xd359","0xd359","0xd359","0xd359","0xd359","0xd359","0xd359","0xd359","0xd359","0xd359","0xd359","0xd359","0xd359","0xd359","0xd4ab","0xd4a8","0xd4a8","0xd4a8","0xd4a8","0xd4a8","0xd4a8","0xd4a8","0xeedc","0xd673","0xe878","0xe878","0xe75c","0xf041","0xf046","UNIMPL","UNIMPL","0xe819","0xe68a","0xe6cf","0xeeff","RSRVD","RSRVD","RSRVD","RSRVD","RSRVD","RSRVD","RSRVD","RSRVD","0xe66b","0xe675","0xeda8","0xed93","UNIMPL","UNIMPL","UNIMPL","UNIMPL","UNIMPL","UNIMPL","UNIMPL","0xd6af","0xd6c6","0xeed1","0xeee7","0xedbd","0xeef5","0xef7d","0xe80b","0xe8dc"
"pascal-results/images/bdd05308dfa15a27ddd2f10b610c9909e1393b99798cdb59d75780d2c3ad0c7c/files","PROG2","Also found at: pascal-results/images/b33fc5c8b378776e8b0386d899c0cbab372985389373954a3e08cb0627bd2132/files (volume: PROG1); pascal-results/images/1e7aa9418036743d48e0dcfef6bfcc209f2b96634d6574b00a9ff83e8113fd40/files (volume: PROGS1); pascal-results/images/e9c8cc0ee6e9f46d1685ce715b3d13c494abf9891036e5924c6cbf85a7f3e28b/files (volume: PROGS2)","SYSTEM.APPLE","1cd11df9e32677f4d3673933d5c996fc","24ca8f71aca82a11063a21463ad22184","818e112b0e5dd40e99b3fbd0e3682b8f","PASCALSY;USERPROG;DEBUGGER;PRINTERR;INITIALI;GETCMD;FILEPROC;","0;1;2;3;4;5;6;15","LONGINTI;PASCALIO;CHAINSTU;UCSA49;UCSA49;UTCS49;UTCS49","30;31;28;24;25;26;27","0x02","0x01","2","2","0x3000","0x3100","0xd6bb","0xecb2","0xd6d9","0xeac2","0xd56b","0xdb57","0xd839","0xeb5a","0xd87e","0xed3f","0xed62","0xdc55","0xdb20","0xd57e","0xd866","0xd742","0xec55","0xd6f1","0xecc0","0xd591","0xdccc","0xd703","0xeb09","0xdcba","0xd789","0xec7d","0xd47b","0xd948","0xdb79","0xd401","0xe630","0xd296","0xdbe5","0xd25f","0xd987","0xd96b","0xd99a","0xd343","0xd8e5","0xd44b","0xd557","0xd325","0xd907","0xd369","0xd59e","0xe33f","0xe253","0xdde8","0xdde0","0xddd8","0xd3ad","0xd495","0xdde4","0xdddc","0xd387","0xddd4","0xd3db","0xd267","0xda1c","0xda72","0xd4c8","0xd4f6","0xd523","0xd53d","0xd9d9","0xe32a","0xe2f9","0xdf65","0xdf37","0xdf2f","0xd2d4","0xd29d","0xdf33","0xdf2b","0xd2b6","0xdf3b","0xd2fa","0xe2d4","0xe2a1","0xe2bd","0xd8cd","0xd426","0xd24d","UNIMPL","UNIMPL","0xe82b","0xd6a0","0xd24d","0xd2a9","0xd2a9","0xd2a9","0xd2a9","0xd2a9","0xd2a9","0xd2a9","0xd2a9","0xd2a9","0xd2a9","0xd2a9","0xd2a9","0xd2a9","0xd2a9","0xd2a9","0xd2a9","0xd318","0xd318","0xd318","0xd318","0xd318","0xd318","0xd318","0xd318","0xd318","0xd318","0xd318","0xd318","0xd318","0xd318","0xd318","0xd318","0xd46a","0xd467","0xd467","0xd467","0xd467","0xd467","0xd467","0xd467","0xef04","0xd62f","0xe8a0","0xe8a0","0xe784","0xf069","0xf06e","0xe63a","0xe640","0xe841","0xe6b2","0xe6f7","0xef27","RSRVD","RSRVD","RSRVD","RSRVD","RSRVD","RSRVD","RSRVD","RSRVD","0xe61c","0xe626","0xedd0","0xedbb","UNIMPL","UNIMPL","UNIMPL","UNIMPL","UNIMPL","UNIMPL","UNIMPL","0xd66b","0xd682","0xeef9","0xef0f","0xede5","0xef1d","0xefa5","0xe833","0xe904"
"pascal-results/images/6bdfcc4afc5fd0277c63dedf5ebc1633a4132bf4962a8130a27e11d1dea5cd23/files","W1VOL","Also found at: pascal-results/images/7f93442890be90203665faff199a5cee1cbcd0d4fc617fa78e83250bec547056/files (volume: W1VOL)","SYSTEM.APPLE","54b5df4d19bbd7ddeee5c5af19973908","16165b117cc8eb127479e100665c78f9","c1c2f2648997c4547de68e61a5e92881","PASCALSY;USERPROG;FIOPRIMS;PRINTERR;INITIALI;GETCMD;FILEPROC;","0;1;2;3;4;5;6;15","PASCALIO;CHAINSTU;UUTIL1;UUTIL1;UUTIL2;UPROMPTS;UFILESTU;UPAGING;USUBJECT","31;28;22;23;24;25;26;27;29","0x04","0x40","6","6","0x3000","0x3100","0xd762","0xf2d3","0xd780","0xf0e3","0xd603","0xdcd8","0xd8e4","0xf17b","0xd929","0xf360","0xf383","0xdddc","0xdca1","0xd61c","0xd911","0xd7ed","0xf276","0xd79a","0xf2e1","0xd635","0xde53","0xd7ac","0xf12a","0xde41","0xd834","0xf29e","0xd4fb","0xdabd","0xdcfa","0xd46f","0xec92","0xd309","0xdd66","0xd2c7","0xdafc","0xdae0","0xdb0f","0xd3aa","0xd9ce","0xd4c5","0xd5ef","0xd38e","0xda76","0xd3c7","0xd642","0xe554","0xe432","0xdf6f","0xdf67","0xdf5f","0xd40f","0xd515","0xdf6b","0xdf63","0xd3e3","0xdf5b","0xd443","0xd2d1","0xdb9d","0xdbf3","0xd552","0xd587","0xd5bb","0xd5d5","0xdb4e","0xe53f","0xe508","0xe0f2","0xe0c4","0xe0bc","0xd348","0xd310","0xe0c0","0xe0b8","0xd32c","0xe0c8","0xd365","0xe4d1","0xe492","0xe4b4","0xd9a8","0xd49a","0xd2ae","UNIMPL","UNIMPL","0xee46","0xd747","0xd2ae","0xd31f","0xd31f","0xd31f","0xd31f","0xd31f","0xd31f","0xd31f","0xd31f","0xd31f","0xd31f","0xd31f","0xd31f","0xd31f","0xd31f","0xd31f","0xd31f","0xd381","0xd381","0xd381","0xd381","0xd381","0xd381","0xd381","0xd381","0xd381","0xd381","0xd381","0xd381","0xd381","0xd381","0xd381","0xd381","0xd4ea","0xd4e7","0xd4e7","0xd4e7","0xd4e7","0xd4e7","0xd4e7","0xd4e7","0xf525","0xd6d6","0xeebb","0xeebb","0xed75","0xf68d","0xf692","UNIMPL","UNIMPL","0xee5c","0xeca3","0xece8","0xf548","RSRVD","RSRVD","RSRVD","RSRVD","RSRVD","RSRVD","RSRVD","RSRVD","0xec7e","0xec88","0xf3f1","0xf3dc","UNIMPL","UNIMPL","UNIMPL","UNIMPL","UNIMPL","UNIMPL","UNIMPL","0xd712","0xd729","0xf51a","0xf530","0xf406","0xf53e","0xf5c3","0xee4e","0xef25"
"pascal-results/images/475ef315c70e79549c9b28a35a9e622525a239ed9cfde9c601264968feff5456/files","GAME","Also found at: pascal-results/images/69f44e0a513e807de49f019615071e495bce6e19fa5ed5f768bc30181d62cd56/files (volume: NEW1); pascal-results/images/b518bb2d87a6531fb0179437ea53c0a29b84fc1695211b7c94ef43b128638688/files (volume: LETTER); pascal-results/images/b01cc2c4c926b961bb39e1c2de880391b850eef8834db585cdd3c8661893411d/files (volume: NEW); pascal-results/images/312adbeb642fcb3e6ecfb90fb2ef370aee2d0b0c00f45c051e6b83869dc3ffb4/files (volume: NEW1); pascal-results/images/e393709f44fa33aff6ab7f2a1b1ae1206aa93cbee8fc0b3b7171d17212c6ec17/files (volume: GAME); pascal-results/images/d1d3882ef83ef083e4c348c8647eef425305caa8fb748dbb8a7e993385e1b22d/files (volume: HUMPTY); pascal-results/images/e12bd59d876a14444c1b79dfa734af1a7215aee83b60513838dfa90d2edc9314/files (volume: ARCADE)","SYSTEM.APPLE","2aa741575266a5359e1579020a1b864d","064a1a1c1d36528e660900a2e609d158","03f5208311af2636158ecb55771a16d5","PASCALSY;USERPROG;FIOPRIMS;PRINTERR;INITIALI;GETCMD;SYSIO;","0;1;2;3;4;5;6;15","LONGINTI;PASCALIO;CHAINSTU;APPLESTU","30;31;28;22","0x04","0x01","6","6","0x3000","0x3100","0xd71c","0xecc8","0xd73a","0xead8","0xd5c0","0xdbbc","0xd89e","0xeb70","0xd8e3","0xed55","0xed78","0xdcba","0xdb85","0xd5d9","0xd8cb","0xd7a7","0xec6b","0xd754","0xecd6","0xd5f2","0xdd31","0xd766","0xeb1f","0xdd1f","0xd7ee","0xec93","0xd4cd","0xd9ad","0xdbde","0xd453","0xe6bd","0xd302","0xdc4a","0xd2c9","0xd9ec","0xd9d0","0xd9ff","0xd3a0","0xd94a","0xd49d","0xd5ac","0xd384","0xd96c","0xd3bd","0xd5ff","0xe3bc","0xe2d0","0xde4d","0xde45","0xde3d","0xd3ff","0xd4e7","0xde49","0xde41","0xd3d9","0xde39","0xd42d","0xd2d3","0xda81","0xdad7","0xd51b","0xd54a","0xd578","0xd592","0xda3e","0xe3a7","0xe376","0xdfca","0xdf9c","0xdf94","0xd33e","0xd309","0xdf98","0xdf90","0xd322","0xdfa0","0xd35b","0xe351","0xe31e","0xe33a","0xd932","0xd478","0xd2b6","UNIMPL","UNIMPL","0xe841","0xd701","0xd2b6","0xd315","0xd315","0xd315","0xd315","0xd315","0xd315","0xd315","0xd315","0xd315","0xd315","0xd315","0xd315","0xd315","0xd315","0xd315","0xd315","0xd377","0xd377","0xd377","0xd377","0xd377","0xd377","0xd377","0xd377","0xd377","0xd377","0xd377","0xd377","0xd377","0xd377","0xd377","0xd377","0xd4bc","0xd4b9","0xd4b9","0xd4b9","0xd4b9","0xd4b9","0xd4b9","0xd4b9","0xef1a","0xd690","0xe8b6","0xe8b6","0xe79a","0xf082","0xf087","UNIMPL","UNIMPL","0xe857","0xe6c8","0xe70d","0xef3d","RSRVD","RSRVD","RSRVD","RSRVD","RSRVD","RSRVD","RSRVD","RSRVD","0xe6a9","0xe6b3","0xede6","0xedd1","UNIMPL","UNIMPL","UNIMPL","UNIMPL","UNIMPL","UNIMPL","UNIMPL","0xd6cc","0xd6e3","0xef0f","0xef25","0xedfb","0xef33","0xefb8","0xe849","0xe91a"
"pascal-results/images/57badaf1985dfc5f530836aa720d9dc779991844d2fac3c79270c1f629a2b08c/files","MYLIST","Also found at: pascal-results/images/023f5746a14b187e2a8990e346f605c2e47d64550609c6578e34d4b0b5a38bfc/files (volume: MML); pascal-results/images/b8b18208424445f0d1c56386df9a3810ece452fddd27b8c5759b0c2558ee47e5/files (volume: MYLIST)","SYSTEM.APPLE","827d4dcd98d8ade635c6ed61a35c6a59","16165b117cc8eb127479e100665c78f9","000b3d8c11926241de884d7d5127284d","PASCALSY;USERPROG;FIOPRIMS;PRINTERR;INITIALI;GETCMD;FILEPROC;","0;1;2;3;4;5;6;15","LONGINTI;PASCALIO;CHAINSTU;TRANSCEN;TURTLEGR;TURTLEGR;APPLESTU","30;31;28;29;20;21;22","0x04","0x40","6","6","0x3000","0x3100","0xd762","0xf2d3","0xd780","0xf0e3","0xd603","0xdcd8","0xd8e4","0xf17b","0xd929","0xf360","0xf383","0xdddc","0xdca1","0xd61c","0xd911","0xd7ed","0xf276","0xd79a","0xf2e1","0xd635","0xde53","0xd7ac","0xf12a","0xde41","0xd834","0xf29e","0xd4fb","0xdabd","0xdcfa","0xd46f","0xec92","0xd309","0xdd66","0xd2c7","0xdafc","0xdae0","0xdb0f","0xd3aa","0xd9ce","0xd4c5","0xd5ef","0xd38e","0xda76","0xd3c7","0xd642","0xe554","0xe432","0xdf6f","0xdf67","0xdf5f","0xd40f","0xd515","0xdf6b","0xdf63","0xd3e3","0xdf5b","0xd443","0xd2d1","0xdb9d","0xdbf3","0xd552","0xd587","0xd5bb","0xd5d5","0xdb4e","0xe53f","0xe508","0xe0f2","0xe0c4","0xe0bc","0xd348","0xd310","0xe0c0","0xe0b8","0xd32c","0xe0c8","0xd365","0xe4d1","0xe492","0xe4b4","0xd9a8","0xd49a","0xd2ae","UNIMPL","UNIMPL","0xee46","0xd747","0xd2ae","0xd31f","0xd31f","0xd31f","0xd31f","0xd31f","0xd31f","0xd31f","0xd31f","0xd31f","0xd31f","0xd31f","0xd31f","0xd31f","0xd31f","0xd31f","0xd31f","0xd381","0xd381","0xd381","0xd381","0xd381","0xd381","0xd381","0xd381","0xd381","0xd381","0xd381","0xd381","0xd381","0xd381","0xd381","0xd381","0xd4ea","0xd4e7","0xd4e7","0xd4e7","0xd4e7","0xd4e7","0xd4e7","0xd4e7","0xf525","0xd6d6","0xeebb","0xeebb","0xed75","0xf68d","0xf692","UNIMPL","UNIMPL","0xee5c","0xeca3","0xece8","0xf548","RSRVD","RSRVD","RSRVD","RSRVD","RSRVD","RSRVD","RSRVD","RSRVD","0xec7e","0xec88","0xf3f1","0xf3dc","UNIMPL","UNIMPL","UNIMPL","UNIMPL","UNIMPL","UNIMPL","UNIMPL","0xd712","0xd729","0xf51a","0xf530","0xf406","0xf53e","0xf5c3","0xee4e","0xef25"
"pascal-results/images/02f9ab16b2c12a73f60ccf4026e8cdeb7f01522643770c2aa9138701b9c39191/files","BFRAC","Also found at: pascal-results/images/d85527f6a6840937100bef852566d5a93d34d521e75c466271fb9d6b26e9bb4e/files (volume: FRAC1)","SYSTEM.APPLE","1cd11df9e32677f4d3673933d5c996fc","24ca8f71aca82a11063a21463ad22184","75682970c43062b350ae71e5ca993d14","PASCALSY;USERPROG;DEBUGGER;PRINTERR;INITIALI;GETCMD;FILEPROC;","0;1;2;3;4;5;6;15","PASCALIO;LONGINTI;CHAINSTU;SHORTGRA;SHORTGRA;APPLESTU;LESSONST;LESSONST;WNSTUFF;AFRACSTU;AFRACSTU","31;30;28;20;21;22;24;25;26;23;29","0x02","0x01","2","2","0x3000","0x3100","0xd6bb","0xecb2","0xd6d9","0xeac2","0xd56b","0xdb57","0xd839","0xeb5a","0xd87e","0xed3f","0xed62","0xdc55","0xdb20","0xd57e","0xd866","0xd742","0xec55","0xd6f1","0xecc0","0xd591","0xdccc","0xd703","0xeb09","0xdcba","0xd789","0xec7d","0xd47b","0xd948","0xdb79","0xd401","0xe630","0xd296","0xdbe5","0xd25f","0xd987","0xd96b","0xd99a","0xd343","0xd8e5","0xd44b","0xd557","0xd325","0xd907","0xd369","0xd59e","0xe33f","0xe253","0xdde8","0xdde0","0xddd8","0xd3ad","0xd495","0xdde4","0xdddc","0xd387","0xddd4","0xd3db","0xd267","0xda1c","0xda72","0xd4c8","0xd4f6","0xd523","0xd53d","0xd9d9","0xe32a","0xe2f9","0xdf65","0xdf37","0xdf2f","0xd2d4","0xd29d","0xdf33","0xdf2b","0xd2b6","0xdf3b","0xd2fa","0xe2d4","0xe2a1","0xe2bd","0xd8cd","0xd426","0xd24d","UNIMPL","UNIMPL","0xe82b","0xd6a0","0xd24d","0xd2a9","0xd2a9","0xd2a9","0xd2a9","0xd2a9","0xd2a9","0xd2a9","0xd2a9","0xd2a9","0xd2a9","0xd2a9","0xd2a9","0xd2a9","0xd2a9","0xd2a9","0xd2a9","0xd318","0xd318","0xd318","0xd318","0xd318","0xd318","0xd318","0xd318","0xd318","0xd318","0xd318","0xd318","0xd318","0xd318","0xd318","0xd318","0xd46a","0xd467","0xd467","0xd467","0xd467","0xd467","0xd467","0xd467","0xef04","0xd62f","0xe8a0","0xe8a0","0xe784","0xf069","0xf06e","0xe63a","0xe640","0xe841","0xe6b2","0xe6f7","0xef27","RSRVD","RSRVD","RSRVD","RSRVD","RSRVD","RSRVD","RSRVD","RSRVD","0xe61c","0xe626","0xedd0","0xedbb","UNIMPL","UNIMPL","UNIMPL","UNIMPL","UNIMPL","UNIMPL","UNIMPL","0xd66b","0xd682","0xeef9","0xef0f","0xede5","0xef1d","0xefa5","0xe833","0xe904"
"pascal-results/images/949f694d0de5de3c4417a08cb09f7882a3e3411b0d5b742c7951963b04f5e88d/files","WENGER4","Also found at: pascal-results/images/091bd3a1e6e0d5357309defc4c5d5c4e447d672506cc0e5422ba32c0d9e278c7/files (volume: WENG12); pascal-results/images/526b2df8f431ff483e71097ceda7234ef1bc6e7102536114ca0c27700b23ef44/files (volume: WEG1A); pascal-results/images/d216d71beb5c1b75a10cfa768710ff2a064207197de10d1388483dac1984445a/files (volume: WENGER5); pascal-results/images/1b861be7a187710b40f49a2df4331393a87e77637aa8a221eab22627330c1090/files (volume: WENGER2)","SYSTEM.APPLE","91c02f06172bc131b363d8f516b9baf4","b65565a1b7decb939de9002163debef3","44866f38bb2fb3cc884ee8747cb42285","PASCALSY;USERPROG;FIOPRIMS;PRINTERR;INITIALI;GETCMD;FILEPROC;","0;1;2;3;4;5;6;15","LONGINTI;PASCALIO;CHAINSTU;APPLESTU;TURTLEGR;TURTLEGR;WENGER;WENGER;SOUNDSTU;SETUP;SETUP;STRINGST","30;31;28;22;20;21;23;24;25;26;27;29","0x03","0x00","5","5","0x3000","0x3100","0xd6d0","0xecd3","0xd6ee","0xeae3","0xd580","0xdb6c","0xd84e","0xeb7b","0xd893","0xed60","0xed83","0xdc6a","0xdb35","0xd593","0xd87b","0xd757","0xec76","0xd706","0xece1","0xd5a6","0xdce1","0xd718","0xeb2a","0xdccf","0xd79e","0xec9e","0xd48d","0xd95d","0xdb8e","0xd413","0xe650","0xd2a8","0xdbfa","0xd271","0xd99c","0xd980","0xd9af","0xd355","0xd8fa","0xd45d","0xd56c","0xd337","0xd91c","0xd37b","0xd5b3","0xe342","0xe256","0xddfd","0xddf5","0xdded","0xd3bf","0xd4a7","0xddf9","0xddf1","0xd399","0xdde9","0xd3ed","0xd279","0xda31","0xda87","0xd4db","0xd50a","0xd538","0xd552","0xd9ee","0xe32d","0xe2fc","0xdf7a","0xdf4c","0xdf44","0xd2e6","0xd2af","0xdf48","0xdf40","0xd2c8","0xdf50","0xd30c","0xe2d7","0xe2a4","0xe2c0","0xd8e2","0xd438","0xd25e","UNIMPL","UNIMPL","0xe84c","0xd6b5","0xd25e","0xd2bb","0xd2bb","0xd2bb","0xd2bb","0xd2bb","0xd2bb","0xd2bb","0xd2bb","0xd2bb","0xd2bb","0xd2bb","0xd2bb","0xd2bb","0xd2bb","0xd2bb","0xd2bb","0xd32a","0xd32a","0xd32a","0xd32a","0xd32a","0xd32a","0xd32a","0xd32a","0xd32a","0xd32a","0xd32a","0xd32a","0xd32a","0xd32a","0xd32a","0xd32a","0xd47c","0xd479","0xd479","0xd479","0xd479","0xd479","0xd479","0xd479","0xef25","0xd644","0xe8c1","0xe8c1","0xe7a5","0xf08a","0xf08f","0xe65b","0xe661","0xe862","0xe6d3","0xe718","0xef48","RSRVD","RSRVD","RSRVD","RSRVD","RSRVD","RSRVD","RSRVD","RSRVD","0xe63c","0xe646","0xedf1","0xeddc","UNIMPL","UNIMPL","UNIMPL","UNIMPL","UNIMPL","UNIMPL","UNIMPL","0xd680","0xd697","0xef1a","0xef30","0xee06","0xef3e","0xefc6","0xe854","0xe925"
"pascal-results/images/5f3e4373949242365f7e5adf1cdaa04d01463830e0cf427c42fb3e80b2ddf737/files","FOKPROG","","SYSTEM.APPLE","5136ec7174c2d0640f087cebafa3ec8b","064a1a1c1d36528e660900a2e609d158","c998c86254ab767809d4f4db62660659","PASCALSY;USERPROG;FIOPRIMS;PRINTERR;INITIALI;GETCMD;SYSIO;","0;1;2;3;4;5;6;15","APPLESTU;SHORTGRA;SHORTGRA;PASCALIO","22;20;21;31","0x04","0x01","6","6","0x3000","0x3100","0xd71c","0xecc8","0xd73a","0xead8","0xd5c0","0xdbbc","0xd89e","0xeb70","0xd8e3","0xed55","0xed78","0xdcba","0xdb85","0xd5d9","0xd8cb","0xd7a7","0xec6b","0xd754","0xecd6","0xd5f2","0xdd31","0xd766","0xeb1f","0xdd1f","0xd7ee","0xec93","0xd4cd","0xd9ad","0xdbde","0xd453","0xe6bd","0xd302","0xdc4a","0xd2c9","0xd9ec","0xd9d0","0xd9ff","0xd3a0","0xd94a","0xd49d","0xd5ac","0xd384","0xd96c","0xd3bd","0xd5ff","0xe3bc","0xe2d0","0xde4d","0xde45","0xde3d","0xd3ff","0xd4e7","0xde49","0xde41","0xd3d9","0xde39","0xd42d","0xd2d3","0xda81","0xdad7","0xd51b","0xd54a","0xd578","0xd592","0xda3e","0xe3a7","0xe376","0xdfca","0xdf9c","0xdf94","0xd33e","0xd309","0xdf98","0xdf90","0xd322","0xdfa0","0xd35b","0xe351","0xe31e","0xe33a","0xd932","0xd478","0xd2b6","UNIMPL","UNIMPL","0xe841","0xd701","0xd2b6","0xd315","0xd315","0xd315","0xd315","0xd315","0xd315","0xd315","0xd315","0xd315","0xd315","0xd315","0xd315","0xd315","0xd315","0xd315","0xd315","0xd377","0xd377","0xd377","0xd377","0xd377","0xd377","0xd377","0xd377","0xd377","0xd377","0xd377","0xd377","0xd377","0xd377","0xd377","0xd377","0xd4bc","0xd4b9","0xd4b9","0xd4b9","0xd4b9","0xd4b9","0xd4b9","0xd4b9","0xef1a","0xd690","0xe8b6","0xe8b6","0xe79a","0xf082","0xf087","UNIMPL","UNIMPL","0xe857","0xe6c8","0xe70d","0xef3d","RSRVD","RSRVD","RSRVD","RSRVD","RSRVD","RSRVD","RSRVD","RSRVD","0xe6a9","0xe6b3","0xede6","0xedd1","UNIMPL","UNIMPL","UNIMPL","UNIMPL","UNIMPL","UNIMPL","UNIMPL","0xd6cc","0xd6e3","0xef0f","0xef25","0xedfb","0xef33","0xefb8","0xe849","0xe91a"
"pascal-results/images/a466f5ee86baab2749cdc83ec5e4b97646833d78187602cb3f60ad90006adb90/files","TURNKEY","","SYSTEM.APPLE","331795c41c026c5489f6169160ce426d","064a1a1c1d36528e660900a2e609d158","1869a63d1f8635e0e3c503b721411e4e","PASCALSY;USERPROG;FIOPRIMS;PRINTERR;INITIALI;GETCMD;SYSIO;","0;1;2;3;4;5;6;15","LONGINTI;PASCALIO;CHAINSTU;TRANSCEN;TURTLEGR;TURTLEGR;APPLESTU","30;31;28;29;20;21;22","0x04","0x01","6","6","0x3000","0x3100","0xd71c","0xecc8","0xd73a","0xead8","0xd5c0","0xdbbc","0xd89e","0xeb70","0xd8e3","0xed55","0xed78","0xdcba","0xdb85","0xd5d9","0xd8cb","0xd7a7","0xec6b","0xd754","0xecd6","0xd5f2","0xdd31","0xd766","0xeb1f","0xdd1f","0xd7ee","0xec93","0xd4cd","0xd9ad","0xdbde","0xd453","0xe6bd","0xd302","0xdc4a","0xd2c9","0xd9ec","0xd9d0","0xd9ff","0xd3a0","0xd94a","0xd49d","0xd5ac","0xd384","0xd96c","0xd3bd","0xd5ff","0xe3bc","0xe2d0","0xde4d","0xde45","0xde3d","0xd3ff","0xd4e7","0xde49","0xde41","0xd3d9","0xde39","0xd42d","0xd2d3","0xda81","0xdad7","0xd51b","0xd54a","0xd578","0xd592","0xda3e","0xe3a7","0xe376","0xdfca","0xdf9c","0xdf94","0xd33e","0xd309","0xdf98","0xdf90","0xd322","0xdfa0","0xd35b","0xe351","0xe31e","0xe33a","0xd932","0xd478","0xd2b6","UNIMPL","UNIMPL","0xe841","0xd701","0xd2b6","0xd315","0xd315","0xd315","0xd315","0xd315","0xd315","0xd315","0xd315","0xd315","0xd315","0xd315","0xd315","0xd315","0xd315","0xd315","0xd315","0xd377","0xd377","0xd377","0xd377","0xd377","0xd377","0xd377","0xd377","0xd377","0xd377","0xd377","0xd377","0xd377","0xd377","0xd377","0xd377","0xd4bc","0xd4b9","0xd4b9","0xd4b9","0xd4b9","0xd4b9","0xd4b9","0xd4b9","0xef1a","0xd690","0xe8b6","0xe8b6","0xe79a","0xf082","0xf087","UNIMPL","UNIMPL","0xe857","0xe6c8","0xe70d","0xef3d","RSRVD","RSRVD","RSRVD","RSRVD","RSRVD","RSRVD","RSRVD","RSRVD","0xe6a9","0xe6b3","0xede6","0xedd1","UNIMPL","UNIMPL","UNIMPL","UNIMPL","UNIMPL","UNIMPL","UNIMPL","0xd6cc","0xd6e3","0xef0f","0xef25","0xedfb","0xef33","0xefb8","0xe849","0xe91a"
"pascal-results/images/36eff3081c6969375d4b7b0ac8447d849bdba94ec3fa103eca0cf44e72989105/files","TW","Also found at: pascal-results/images/0eed15937493e041b4739b037761b7427449eca2ee23d1189bd9c649624ee58a/files (volume: PFSWORD); pascal-results/images/f01ce518d569d3b7fb3e94e240a26634f93606a1c12229e91fd5419d49964c1b/files (volume: TW); pascal-results/images/55def773792406d74c627cd1a9918629377eeeb180b51dd4c52ca464e86f38da/files (volume: TW)","SYSTEM.APPLE","c2d4706531e42cc63b891910837f9494","b3853bc8f27e8380ca8a90f8aea920b8","none","PASCALSY;USERPROG;FIOPRIMS;PRINTERR;INITIALI;GETCMD;SYSIO;","0;1;2;3;4;5;6;15","","","0x03","0x01","5","0","0x3000","0x3100","0xd6ff","0xec77","0xd71d","0xea87","0xd5af","0xdb9b","0xd87d","0xeb1f","0xd8c2","0xed04","0xed27","0xdc99","0xdb64","0xd5c2","0xd8aa","0xd786","0xec1a","0xd735","0xec85","0xd5d5","0xdd10","0xd747","0xeace","0xdcfe","0xd7cd","0xec42","0xd4bc","0xd98c","0xdbbd","0xd442","0xe66c","0xd2d7","0xdc29","0xd2a0","0xd9cb","0xd9af","0xd9de","0xd384","0xd929","0xd48c","0xd59b","0xd366","0xd94b","0xd3aa","0xd5e2","0xe371","0xe285","0xde2c","0xde24","0xde1c","0xd3ee","0xd4d6","0xde28","0xde20","0xd3c8","0xde18","0xd41c","0xd2a8","0xda60","0xdab6","0xd50a","0xd539","0xd567","0xd581","0xda1d","0xe35c","0xe32b","0xdfa9","0xdf7b","0xdf73","0xd315","0xd2de","0xdf77","0xdf6f","0xd2f7","0xdf7f","0xd33b","0xe306","0xe2d3","0xe2ef","0xd911","0xd467","0xd28d","UNIMPL","UNIMPL","0xe7f0","0xd6e4","0xd28d","0xd2ea","0xd2ea","0xd2ea","0xd2ea","0xd2ea","0xd2ea","0xd2ea","0xd2ea","0xd2ea","0xd2ea","0xd2ea","0xd2ea","0xd2ea","0xd2ea","0xd2ea","0xd2ea","0xd359","0xd359","0xd359","0xd359","0xd359","0xd359","0xd359","0xd359","0xd359","0xd359","0xd359","0xd359","0xd359","0xd359","0xd359","0xd359","0xd4ab","0xd4a8","0xd4a8","0xd4a8","0xd4a8","0xd4a8","0xd4a8","0xd4a8","0xeec9","0xd673","0xe865","0xe865","0xe749","0xf02e","0xf033","UNIMPL","UNIMPL","0xe806","0xe677","0xe6bc","0xeeec","RSRVD","RSRVD","RSRVD","RSRVD","RSRVD","RSRVD","RSRVD","RSRVD","0xe658","0xe662","0xed95","0xed80","UNIMPL","UNIMPL","UNIMPL","UNIMPL","UNIMPL","UNIMPL","UNIMPL","0xd6af","0xd6c6","0xeebe","0xeed4","0xedaa","0xeee2","0xef6a","0xe7f8","0xe8c9"
"pascal-results/images/dddca62e07d753bb8d63ea030ca53a01b08aae6bd7b3caca3ab623e2004f64d9/files","AGPAC","Also found at: pascal-results/images/41caaa7f7d11150694001d70bff5dff2af14df718af5e2e57624615e1c68d1b1/files (volume: AGPAC)","SYSTEM.APPLE","2ff0b3316b2947998c1cb41cce82334f","6c67161a696176ededdc0f018dc1c438","63377fbcd4c0331559c152425536b3f3","PASCALSY;USERPROG;FIOPRIMS;PRINTERR;INITIALI;GETCMD;FILEPROC;","0;1;2;3;4;5;6;15","LONGINTI;PASCALIO;CHAINSTU;TRANSCEN;UTILITIE;UTILITIE;FINREAD;CROPREAD;LANDREAD;NONLCRRE","30;31;28;29;32;33;34;36;38;46","0x03","0x40","5","5","0x3000","0x3100","0xd739","0xf13a","0xd757","0xef4a","0xd5e6","0xdcab","0xd8b7","0xefe2","0xd8fc","0xf1c7","0xf1ea","0xddaf","0xdc74","0xd5f9","0xd8e4","0xd7c0","0xf0dd","0xd76f","0xf148","0xd60c","0xde26","0xd781","0xef91","0xde14","0xd807","0xf105","0xd4de","0xda90","0xdccd","0xd452","0xea81","0xd2d2","0xdd39","0xd292","0xdacf","0xdab3","0xdae2","0xd382","0xd9a1","0xd4a8","0xd5d2","0xd364","0xda49","0xd3a8","0xd619","0xe4fd","0xe3db","0xdf42","0xdf3a","0xdf32","0xd3f2","0xd4f8","0xdf3e","0xdf36","0xd3c6","0xdf2e","0xd426","0xd29a","0xdb70","0xdbc6","0xd535","0xd56a","0xd59e","0xd5b8","0xdb21","0xe4e8","0xe4b1","0xe0c5","0xe097","0xe08f","0xd313","0xd2d9","0xe093","0xe08b","0xd2f5","0xe09b","0xd339","0xe47a","0xe43b","0xe45d","0xd97b","0xd47d","0xd279","UNIMPL","UNIMPL","0xecad","0xd71e","0xd279","0xd2e8","0xd2e8","0xd2e8","0xd2e8","0xd2e8","0xd2e8","0xd2e8","0xd2e8","0xd2e8","0xd2e8","0xd2e8","0xd2e8","0xd2e8","0xd2e8","0xd2e8","0xd2e8","0xd357","0xd357","0xd357","0xd357","0xd357","0xd357","0xd357","0xd357","0xd357","0xd357","0xd357","0xd357","0xd357","0xd357","0xd357","0xd357","0xd4cd","0xd4ca","0xd4ca","0xd4ca","0xd4ca","0xd4ca","0xd4ca","0xd4ca","0xf38c","0xd6ad","0xed22","0xed22","0xebdc","0xf4f1","0xf4f6","0xea92","0xea98","0xecc3","0xeb0a","0xeb4f","0xf3af","RSRVD","RSRVD","RSRVD","RSRVD","RSRVD","RSRVD","RSRVD","RSRVD","0xea6d","0xea77","0xf258","0xf243","UNIMPL","UNIMPL","UNIMPL","UNIMPL","UNIMPL","UNIMPL","UNIMPL","0xd6e9","0xd700","0xf381","0xf397","0xf26d","0xf3a5","0xf42d","0xecb5","0xed8c"
"pascal-results/images/e45c717a272d39e96325151c9caafce2f846b25f70afa6b13b50d44ce230ce0b/files","MBTK","Also found at: pascal-results/images/9b2aa8060154e071c471049d511fb97508bc28a335148f14e9ae7e0178e71315/files (volume: MBTK)","SYSTEM.APPLE","91c02f06172bc131b363d8f516b9baf4","b65565a1b7decb939de9002163debef3","4b87fa416e5ecfd5628db70983bb1ea6","PASCALSY;USERPROG;FIOPRIMS;PRINTERR;INITIALI;GETCMD;FILEPROC;","0;1;2;3;4;5;6;15","LONGINTI;PASCALIO;CHAINSTU;APPLESTU;TURTLEGR;TURTLEGR;WENGER;WENGER;SOUNDSTU;SETUP;SETUP;STRINGST","30;31;28;22;20;21;23;24;25;26;27;29","0x03","0x00","5","5","0x3000","0x3100","0xd6d0","0xecd3","0xd6ee","0xeae3","0xd580","0xdb6c","0xd84e","0xeb7b","0xd893","0xed60","0xed83","0xdc6a","0xdb35","0xd593","0xd87b","0xd757","0xec76","0xd706","0xece1","0xd5a6","0xdce1","0xd718","0xeb2a","0xdccf","0xd79e","0xec9e","0xd48d","0xd95d","0xdb8e","0xd413","0xe650","0xd2a8","0xdbfa","0xd271","0xd99c","0xd980","0xd9af","0xd355","0xd8fa","0xd45d","0xd56c","0xd337","0xd91c","0xd37b","0xd5b3","0xe342","0xe256","0xddfd","0xddf5","0xdded","0xd3bf","0xd4a7","0xddf9","0xddf1","0xd399","0xdde9","0xd3ed","0xd279","0xda31","0xda87","0xd4db","0xd50a","0xd538","0xd552","0xd9ee","0xe32d","0xe2fc","0xdf7a","0xdf4c","0xdf44","0xd2e6","0xd2af","0xdf48","0xdf40","0xd2c8","0xdf50","0xd30c","0xe2d7","0xe2a4","0xe2c0","0xd8e2","0xd438","0xd25e","UNIMPL","UNIMPL","0xe84c","0xd6b5","0xd25e","0xd2bb","0xd2bb","0xd2bb","0xd2bb","0xd2bb","0xd2bb","0xd2bb","0xd2bb","0xd2bb","0xd2bb","0xd2bb","0xd2bb","0xd2bb","0xd2bb","0xd2bb","0xd2bb","0xd32a","0xd32a","0xd32a","0xd32a","0xd32a","0xd32a","0xd32a","0xd32a","0xd32a","0xd32a","0xd32a","0xd32a","0xd32a","0xd32a","0xd32a","0xd32a","0xd47c","0xd479","0xd479","0xd479","0xd479","0xd479","0xd479","0xd479","0xef25","0xd644","0xe8c1","0xe8c1","0xe7a5","0xf08a","0xf08f","0xe65b","0xe661","0xe862","0xe6d3","0xe718","0xef48","RSRVD","RSRVD","RSRVD","RSRVD","RSRVD","RSRVD","RSRVD","RSRVD","0xe63c","0xe646","0xedf1","0xeddc","UNIMPL","UNIMPL","UNIMPL","UNIMPL","UNIMPL","UNIMPL","UNIMPL","0xd680","0xd697","0xef1a","0xef30","0xee06","0xef3e","0xefc6","0xe854","0xe925"
"pascal-results/images/0a542052b5d24650b29b00db3f89057496482aeeb98cb57f1bcb2eed237e0e1b/files","KODBV2","Also found at: pascal-results/images/bf0ca34920cba2935210e1d55ed474c2ad9e6411c6f9f6f5b49516bf5382ef16/files (volume: LOLBOOT); pascal-results/images/bb4004de6984655a96cdf5054ce58a0932444dd039cef923250e53240dcfe6ca/files (volume: LOLBOOT); pascal-results/images/f6ec0b58c92f281e4e193907d3bee3de3894f4387cddd6e8e373bd6d77cc9bd2/files (volume: LOLBOOT); pascal-results/images/c7376b2df6edf441b174aed59ac1bdbe12d43891847c4cf8496883813c1ea21f/files (volume: LOLBOOT); pascal-results/images/1c64ef10cb40b340e34cd15c11a8384244cce3524fd6ef8cf544e9ae8ff4d91f/files (volume: KODBV2); pascal-results/images/92fa210805072d5c1f93eba023d9acf9c766a32edd36256201a7521d7036059f/files (volume: KODBV2); pascal-results/images/da6b7dbed6b0abc29fb819e93d98f0719ccbce623d3f662f9b5c7d2d1c4f2241/files (volume: LOLBOOT)","RTSTRP.APPLE","c0cb1ed2afedc7b7bf7c45f8f68c6668","5c506ea6b2f881bdf9adc4800346cafa","86aeaa5d9bd9aedc5d7e46ef893231cc","PASCALSY;USERPROG;SYSIO;PRINTERR;INITIALI;GETCMD;FIOPRIMS","0;1;2;3;4;5;6","PASCALIO;CHAINSTU","31;28","0x02","0x05","2","2","0x0400","0x0500","0x9ce3","UNIMPL","0x9d01","UNIMPL","0x9bab","UNIMPL","0x9e61","UNIMPL","0x9ea6","UNIMPL","UNIMPL","UNIMPL","UNIMPL","0x9bbe","0x9e8e","0x9d6a","UNIMPL","0x9d19","UNIMPL","0x9bd1","UNIMPL","0x9d2b","UNIMPL","UNIMPL","0x9db1","UNIMPL","0x9abb","0x9f70","UNIMPL","0x9a41","0xa881","0x98d6","UNIMPL","0x989f","0x9faf","0x9f93","0x9fc2","0x9983","0x9f0d","0x9a8b","0x9b97","0x9965","0x9f2f","0x99a9","0x9bde","0xa590","0xa4a4","0xa179","0xa171","0xa169","0x99ed","0x9ad5","0xa175","0xa16d","0x99c7","0xa165","0x9a1b","0x98a7","0xa044","0xa09a","0x9b08","0x9b36","0x9b63","0x9b7d","0xa001","0xa57b","0xa54a","0xa2bc","0xa28e","0xa286","0x9914","0x98dd","0xa28a","0xa282","0x98f6","0xa292","0x993a","0xa525","0xa4f2","0xa50e","0x9ef5","0x9a66","0x988d","UNIMPL","UNIMPL","0xaa04","0x9ce0","0x988d","0x98e9","0x98e9","0x98e9","0x98e9","0x98e9","0x98e9","0x98e9","0x98e9","0x98e9","0x98e9","0x98e9","0x98e9","0x98e9","0x98e9","0x98e9","0x98e9","0x9958","0x9958","0x9958","0x9958","0x9958","0x9958","0x9958","0x9958","0x9958","0x9958","0x9958","0x9958","0x9958","0x9958","0x9958","0x9958","0x9aaa","0x9aa7","0x9aa7","0x9aa7","0x9aa7","0x9aa7","0x9aa7","0x9aa7","0xab5c","0x9c6f","0xaa79","0xaa79","0xa95d","0xacc1","0xacc6","UNIMPL","UNIMPL","0xaa1a","0xa88b","0xa8d0","0xab7f","RSRVD","RSRVD","RSRVD","RSRVD","RSRVD","RSRVD","RSRVD","RSRVD","0xa86d","0xa877","UNIMPL","UNIMPL","UNIMPL","UNIMPL","UNIMPL","UNIMPL","UNIMPL","UNIMPL","UNIMPL","0x9cab","0x9cc2","0xab51","0xab67","UNIMPL","0xab75","0xabfd","0xaa0c","0xaadd"
"pascal-results/images/e5626f8d2244a9b1e3bcba3e2700438659246f77dd7d50e30898c13167e29bf1/files","FILER","Also found at: pascal-results/images/31ebc32d0753a015c69295e67fb3a4137968f1ddae531510fa5f2ac173cf3ffd/files (volume: PAINT); pascal-results/images/e041fbf1682e615d2fb48dd50c102220e21b254750d24e093c424b31473e3b8e/files (volume: STARTUP)","SYSTEM.APPLE","2ff0b3316b2947998c1cb41cce82334f","6c67161a696176ededdc0f018dc1c438","aa0dddcefecb09c22f4275301d324cd8","PASCALSY;USERPROG;FIOPRIMS;PRINTERR;INITIALI;GETCMD;FILEPROC;","0;1;2;3;4;5;6;15","LONGINTI;CHAINSTU;TRANSCEN;APPLESTU;TURTLEWI;TURTLEWI;TURTLERE;TURTLEIO;TURTLEIO;TURTLEGR;TURTLEGR;MOUSESTU;EVENTSTU;EVENTSTU;PASCALIO","30;28;29;22;15;16;17;18;19;20;21;23;24;25;31","0x03","0x40","5","5","0x3000","0x3100","0xd739","0xf13a","0xd757","0xef4a","0xd5e6","0xdcab","0xd8b7","0xefe2","0xd8fc","0xf1c7","0xf1ea","0xddaf","0xdc74","0xd5f9","0xd8e4","0xd7c0","0xf0dd","0xd76f","0xf148","0xd60c","0xde26","0xd781","0xef91","0xde14","0xd807","0xf105","0xd4de","0xda90","0xdccd","0xd452","0xea81","0xd2d2","0xdd39","0xd292","0xdacf","0xdab3","0xdae2","0xd382","0xd9a1","0xd4a8","0xd5d2","0xd364","0xda49","0xd3a8","0xd619","0xe4fd","0xe3db","0xdf42","0xdf3a","0xdf32","0xd3f2","0xd4f8","0xdf3e","0xdf36","0xd3c6","0xdf2e","0xd426","0xd29a","0xdb70","0xdbc6","0xd535","0xd56a","0xd59e","0xd5b8","0xdb21","0xe4e8","0xe4b1","0xe0c5","0xe097","0xe08f","0xd313","0xd2d9","0xe093","0xe08b","0xd2f5","0xe09b","0xd339","0xe47a","0xe43b","0xe45d","0xd97b","0xd47d","0xd279","UNIMPL","UNIMPL","0xecad","0xd71e","0xd279","0xd2e8","0xd2e8","0xd2e8","0xd2e8","0xd2e8","0xd2e8","0xd2e8","0xd2e8","0xd2e8","0xd2e8","0xd2e8","0xd2e8","0xd2e8","0xd2e8","0xd2e8","0xd2e8","0xd357","0xd357","0xd357","0xd357","0xd357","0xd357","0xd357","0xd357","0xd357","0xd357","0xd357","0xd357","0xd357","0xd357","0xd357","0xd357","0xd4cd","0xd4ca","0xd4ca","0xd4ca","0xd4ca","0xd4ca","0xd4ca","0xd4ca","0xf38c","0xd6ad","0xed22","0xed22","0xebdc","0xf4f1","0xf4f6","0xea92","0xea98","0xecc3","0xeb0a","0xeb4f","0xf3af","RSRVD","RSRVD","RSRVD","RSRVD","RSRVD","RSRVD","RSRVD","RSRVD","0xea6d","0xea77","0xf258","0xf243","UNIMPL","UNIMPL","UNIMPL","UNIMPL","UNIMPL","UNIMPL","UNIMPL","0xd6e9","0xd700","0xf381","0xf397","0xf26d","0xf3a5","0xf42d","0xecb5","0xed8c"
"pascal-results/images/44abce4ba6547648e764e1838a99da0d0da3dfe4424973d9101e0657812f8d34/files","KM","Also found at: pascal-results/images/274ffc54a20178c03a7796a8c9254034d54ef3939abf5d7afb6b6bba9acaf5d1/files (volume: KTEA); pascal-results/images/4c53bdb5e87946a053dc03d43c9f96774a7fc757aead705f13ce271c025b810f/files (volume: KM)","SYSTEM.APPLE","54b5df4d19bbd7ddeee5c5af19973908","16165b117cc8eb127479e100665c78f9","134bfb5a4d7c1e0ba6bfbef0a3801c13","PASCALSY;USERPROG;FIOPRIMS;PRINTERR;INITIALI;GETCMD;FILEPROC;","0;1;2;3;4;5;6;15","LONGINTI;PASCALIO;CHAINSTU;APPLESTU","30;31;28;22","0x04","0x40","6","6","0x3000","0x3100","0xd762","0xf2d3","0xd780","0xf0e3","0xd603","0xdcd8","0xd8e4","0xf17b","0xd929","0xf360","0xf383","0xdddc","0xdca1","0xd61c","0xd911","0xd7ed","0xf276","0xd79a","0xf2e1","0xd635","0xde53","0xd7ac","0xf12a","0xde41","0xd834","0xf29e","0xd4fb","0xdabd","0xdcfa","0xd46f","0xec92","0xd309","0xdd66","0xd2c7","0xdafc","0xdae0","0xdb0f","0xd3aa","0xd9ce","0xd4c5","0xd5ef","0xd38e","0xda76","0xd3c7","0xd642","0xe554","0xe432","0xdf6f","0xdf67","0xdf5f","0xd40f","0xd515","0xdf6b","0xdf63","0xd3e3","0xdf5b","0xd443","0xd2d1","0xdb9d","0xdbf3","0xd552","0xd587","0xd5bb","0xd5d5","0xdb4e","0xe53f","0xe508","0xe0f2","0xe0c4","0xe0bc","0xd348","0xd310","0xe0c0","0xe0b8","0xd32c","0xe0c8","0xd365","0xe4d1","0xe492","0xe4b4","0xd9a8","0xd49a","0xd2ae","UNIMPL","UNIMPL","0xee46","0xd747","0xd2ae","0xd31f","0xd31f","0xd31f","0xd31f","0xd31f","0xd31f","0xd31f","0xd31f","0xd31f","0xd31f","0xd31f","0xd31f","0xd31f","0xd31f","0xd31f","0xd31f","0xd381","0xd381","0xd381","0xd381","0xd381","0xd381","0xd381","0xd381","0xd381","0xd381","0xd381","0xd381","0xd381","0xd381","0xd381","0xd381","0xd4ea","0xd4e7","0xd4e7","0xd4e7","0xd4e7","0xd4e7","0xd4e7","0xd4e7","0xf525","0xd6d6","0xeebb","0xeebb","0xed75","0xf68d","0xf692","UNIMPL","UNIMPL","0xee5c","0xeca3","0xece8","0xf548","RSRVD","RSRVD","RSRVD","RSRVD","RSRVD","RSRVD","RSRVD","RSRVD","0xec7e","0xec88","0xf3f1","0xf3dc","UNIMPL","UNIMPL","UNIMPL","UNIMPL","UNIMPL","UNIMPL","UNIMPL","0xd712","0xd729","0xf51a","0xf530","0xf406","0xf53e","0xf5c3","0xee4e","0xef25"
"pascal-results/images/9d8d9af44c301bcc332e03acae02dee6424ab564c46c6912cb0e027ce819a5eb/files","BADBEJ","","SYSTEM.APPLE","fcda8d15f213e8e0d5c3987ab92ba114","e35d6659b6a1c4675cd7c47c411fc726","ea1b0fc1632df0d5788321de2a11e6ef","PASCALSY;USERPROG;FIOPRIMS;PRINTERR;INITIALI;GETCMD;SYSIO;","0;1;2;3;4;5;6;15","LONGINTI;PASCALIO;CHAINSTU;INFOGRAF;INFOGRAF;EDSTUFF1;EDSTUFF1;EDCREATE;EDCREATE;EDITADD;EDITADD;EDITCHDE;EDITCHDE;DSKFORM;DSKFORM","30;31;28;19;20;26;27;24;25;21;23;15;16;17;18","0x03","0x01","5","5","0x3000","0x3100","0xd6ff","0xec8a","0xd71d","0xea9a","0xd5af","0xdb9b","0xd87d","0xeb32","0xd8c2","0xed17","0xed3a","0xdc99","0xdb64","0xd5c2","0xd8aa","0xd786","0xec2d","0xd735","0xec98","0xd5d5","0xdd10","0xd747","0xeae1","0xdcfe","0xd7cd","0xec55","0xd4bc","0xd98c","0xdbbd","0xd442","0xe67f","0xd2d7","0xdc29","0xd2a0","0xd9cb","0xd9af","0xd9de","0xd384","0xd929","0xd48c","0xd59b","0xd366","0xd94b","0xd3aa","0xd5e2","0xe371","0xe285","0xde2c","0xde24","0xde1c","0xd3ee","0xd4d6","0xde28","0xde20","0xd3c8","0xde18","0xd41c","0xd2a8","0xda60","0xdab6","0xd50a","0xd539","0xd567","0xd581","0xda1d","0xe35c","0xe32b","0xdfa9","0xdf7b","0xdf73","0xd315","0xd2de","0xdf77","0xdf6f","0xd2f7","0xdf7f","0xd33b","0xe306","0xe2d3","0xe2ef","0xd911","0xd467","0xd28d","UNIMPL","UNIMPL","0xe803","0xd6e4","0xd28d","0xd2ea","0xd2ea","0xd2ea","0xd2ea","0xd2ea","0xd2ea","0xd2ea","0xd2ea","0xd2ea","0xd2ea","0xd2ea","0xd2ea","0xd2ea","0xd2ea","0xd2ea","0xd2ea","0xd359","0xd359","0xd359","0xd359","0xd359","0xd359","0xd359","0xd359","0xd359","0xd359","0xd359","0xd359","0xd359","0xd359","0xd359","0xd359","0xd4ab","0xd4a8","0xd4a8","0xd4a8","0xd4a8","0xd4a8","0xd4a8","0xd4a8","0xeedc","0xd673","0xe878","0xe878","0xe75c","0xf041","0xf046","UNIMPL","UNIMPL","0xe819","0xe68a","0xe6cf","0xeeff","RSRVD","RSRVD","RSRVD","RSRVD","RSRVD","RSRVD","RSRVD","RSRVD","0xe66b","0xe675","0xeda8","0xed93","UNIMPL","UNIMPL","UNIMPL","UNIMPL","UNIMPL","UNIMPL","UNIMPL","0xd6af","0xd6c6","0xeed1","0xeee7","0xedbd","0xeef5","0xef7d","0xe80b","0xe8dc"
"pascal-results/images/24c7f31bf7cdb3aa5deca886520b12eafbbc651d0fc2f842da274c92d324602f/files","KBDRUN","","SYSTEM.APPLE","b171707fed34e35c30375a6601fc8829","5a160e53833eab6ae1008555f4fc7d8f","1f141e6dce643b5628e5a932cda55b79","PASCALSY;USERPROG;SYSIO;PRINTERR;INITIALI;GETCMD;FIOPRIMS;","0;1;2;3;4;5;6;15","CHAINSTU;APPLESTU;SHORTGRA;SHORTGRA;INTROLIB;INTROLIB;TYPE1UNI;TYPE2UNI;TYPE3UNI","28;22;20;21;26;27;25;23;24","0x02","0x0b","2","6","0x3000","0x3100","0xd6fb","0xec7a","0xd719","0xea8a","0xd5ab","0xdb97","0xd879","0xeb22","0xd8be","0xed07","0xed2a","0xdc95","0xdb60","0xd5be","0xd8a6","0xd782","0xec1d","0xd731","0xec88","0xd5d1","0xdd0c","0xd743","0xead1","0xdcfa","0xd7c9","0xec45","0xd4bb","0xd988","0xdbb9","0xd441","0xe670","0xd2d6","0xdc25","0xd29f","0xd9c7","0xd9ab","0xd9da","0xd383","0xd925","0xd48b","0xd597","0xd365","0xd947","0xd3a9","0xd5de","0xe37f","0xe293","0xde28","0xde20","0xde18","0xd3ed","0xd4d5","0xde24","0xde1c","0xd3c7","0xde14","0xd41b","0xd2a7","0xda5c","0xdab2","0xd508","0xd536","0xd563","0xd57d","0xda19","0xe36a","0xe339","0xdfa5","0xdf77","0xdf6f","0xd314","0xd2dd","0xdf73","0xdf6b","0xd2f6","0xdf7b","0xd33a","0xe314","0xe2e1","0xe2fd","0xd90d","0xd466","0xd28d","UNIMPL","UNIMPL","0xe7f3","0xd6e0","0xd28d","0xd2e9","0xd2e9","0xd2e9","0xd2e9","0xd2e9","0xd2e9","0xd2e9","0xd2e9","0xd2e9","0xd2e9","0xd2e9","0xd2e9","0xd2e9","0xd2e9","0xd2e9","0xd2e9","0xd358","0xd358","0xd358","0xd358","0xd358","0xd358","0xd358","0xd358","0xd358","0xd358","0xd358","0xd358","0xd358","0xd358","0xd358","0xd358","0xd4aa","0xd4a7","0xd4a7","0xd4a7","0xd4a7","0xd4a7","0xd4a7","0xd4a7","0xeecc","0xd66f","0xe868","0xe868","0xe74c","0xf031","0xf036","UNIMPL","UNIMPL","0xe809","0xe67a","0xe6bf","0xeeef","RSRVD","RSRVD","RSRVD","RSRVD","RSRVD","RSRVD","RSRVD","RSRVD","0xe65c","0xe666","0xed98","0xed83","UNIMPL","UNIMPL","UNIMPL","UNIMPL","UNIMPL","UNIMPL","UNIMPL","0xd6ab","0xd6c2","0xeec1","0xeed7","0xedad","0xeee5","0xef6d","0xe7fb","0xe8cc"
"pascal-results/images/b29c8c717a52377cca797452669fb1bde5e48a8f6c3c9ac2b8ff7476d8b81db3/files","APA2501","","SYSTEM.APPLE","b171707fed34e35c30375a6601fc8829","5a160e53833eab6ae1008555f4fc7d8f","8616201d939d405fc0a0544d02ca28c7","PASCALSY;USERPROG;SYSIO;PRINTERR;INITIALI;GETCMD;FIOPRIMS;","0;1;2;3;4;5;6;15","CHAINSTU;APPLESTU;SHORTGRA;SHORTGRA;INTROLIB;INTROLIB;TYPE1UNI;SHIFTUNI;TYPE3UNI","28;22;20;21;26;27;25;23;24","0x02","0x0b","2","2","0x3000","0x3100","0xd6fb","0xec7a","0xd719","0xea8a","0xd5ab","0xdb97","0xd879","0xeb22","0xd8be","0xed07","0xed2a","0xdc95","0xdb60","0xd5be","0xd8a6","0xd782","0xec1d","0xd731","0xec88","0xd5d1","0xdd0c","0xd743","0xead1","0xdcfa","0xd7c9","0xec45","0xd4bb","0xd988","0xdbb9","0xd441","0xe670","0xd2d6","0xdc25","0xd29f","0xd9c7","0xd9ab","0xd9da","0xd383","0xd925","0xd48b","0xd597","0xd365","0xd947","0xd3a9","0xd5de","0xe37f","0xe293","0xde28","0xde20","0xde18","0xd3ed","0xd4d5","0xde24","0xde1c","0xd3c7","0xde14","0xd41b","0xd2a7","0xda5c","0xdab2","0xd508","0xd536","0xd563","0xd57d","0xda19","0xe36a","0xe339","0xdfa5","0xdf77","0xdf6f","0xd314","0xd2dd","0xdf73","0xdf6b","0xd2f6","0xdf7b","0xd33a","0xe314","0xe2e1","0xe2fd","0xd90d","0xd466","0xd28d","UNIMPL","UNIMPL","0xe7f3","0xd6e0","0xd28d","0xd2e9","0xd2e9","0xd2e9","0xd2e9","0xd2e9","0xd2e9","0xd2e9","0xd2e9","0xd2e9","0xd2e9","0xd2e9","0xd2e9","0xd2e9","0xd2e9","0xd2e9","0xd2e9","0xd358","0xd358","0xd358","0xd358","0xd358","0xd358","0xd358","0xd358","0xd358","0xd358","0xd358","0xd358","0xd358","0xd358","0xd358","0xd358","0xd4aa","0xd4a7","0xd4a7","0xd4a7","0xd4a7","0xd4a7","0xd4a7","0xd4a7","0xeecc","0xd66f","0xe868","0xe868","0xe74c","0xf031","0xf036","UNIMPL","UNIMPL","0xe809","0xe67a","0xe6bf","0xeeef","RSRVD","RSRVD","RSRVD","RSRVD","RSRVD","RSRVD","RSRVD","RSRVD","0xe65c","0xe666","0xed98","0xed83","UNIMPL","UNIMPL","UNIMPL","UNIMPL","UNIMPL","UNIMPL","UNIMPL","0xd6ab","0xd6c2","0xeec1","0xeed7","0xedad","0xeee5","0xef6d","0xe7fb","0xe8cc"
"pascal-results/images/6041ef4abd6e5c7693650956ced530eae293b32239d0f69dee595005207c5287/files","GATO","Also found at: pascal-results/images/7a082a5a16c2924289ca75c9d428ad841fb2b285adee4128c0bf864e4b49bbe0/files (volume: GATO)","SYSTEM.APPLE","523fe5b94d840b2e87511e9b0a1f2af4","9caba8da50b2d0ae1470fa31d92abb1d","9e0fa96d82bc397b99159055852cb99a","PASCALSY;USERPROG;FIOPRIMS;PRINTERR;INITIALI;GETCMD;SYSIO;","0;1;2;3;4;5;6;15","GATOGRAF;GATOGRAF;TRANSCEN;APPLESTU;RESDNT;RESDNT;MAINSCRN;DAMSCRN;WORLDSCR;QUADSCRN;RADSCRN;LOOKY","30;31;29;22;27;20;26;25;24;23;21;28","0x03","0x41","5","5","0x3000","0x3100","0xd768","0xf0f1","0xd786","0xef01","0xd615","0xdcda","0xd8e6","0xef99","0xd92b","0xf17e","0xf1a1","0xddde","0xdca3","0xd628","0xd913","0xd7ef","0xf094","0xd79e","0xf0ff","0xd63b","0xde55","0xd7b0","0xef48","0xde43","0xd836","0xf0bc","0xd50d","0xdabf","0xdcfc","0xd481","0xeab0","0xd301","0xdd68","0xd2c1","0xdafe","0xdae2","0xdb11","0xd3b1","0xd9d0","0xd4d7","0xd601","0xd393","0xda78","0xd3d7","0xd648","0xe52c","0xe40a","0xdf71","0xdf69","0xdf61","0xd421","0xd527","0xdf6d","0xdf65","0xd3f5","0xdf5d","0xd455","0xd2c9","0xdb9f","0xdbf5","0xd564","0xd599","0xd5cd","0xd5e7","0xdb50","0xe517","0xe4e0","0xe0f4","0xe0c6","0xe0be","0xd342","0xd308","0xe0c2","0xe0ba","0xd324","0xe0ca","0xd368","0xe4a9","0xe46a","0xe48c","0xd9aa","0xd4ac","0xd2a8","UNIMPL","UNIMPL","0xec64","0xd74d","0xd2a8","0xd317","0xd317","0xd317","0xd317","0xd317","0xd317","0xd317","0xd317","0xd317","0xd317","0xd317","0xd317","0xd317","0xd317","0xd317","0xd317","0xd386","0xd386","0xd386","0xd386","0xd386","0xd386","0xd386","0xd386","0xd386","0xd386","0xd386","0xd386","0xd386","0xd386","0xd386","0xd386","0xd4fc","0xd4f9","0xd4f9","0xd4f9","0xd4f9","0xd4f9","0xd4f9","0xd4f9","0xf343","0xd6dc","0xecd9","0xecd9","0xeb93","0xf4a8","0xf4ad","UNIMPL","UNIMPL","0xec7a","0xeac1","0xeb06","0xf366","RSRVD","RSRVD","RSRVD","RSRVD","RSRVD","RSRVD","RSRVD","RSRVD","0xea9c","0xeaa6","0xf20f","0xf1fa","UNIMPL","UNIMPL","UNIMPL","UNIMPL","UNIMPL","UNIMPL","UNIMPL","0xd718","0xd72f","0xf338","0xf34e","0xf224","0xf35c","0xf3e4","0xec6c","0xed43"
"pascal-results/images/09727a7dbe3740426af9ab89c72d9ae5743919d753eccc0a53c89c08f460a5a8/files","PROG","Also found at: pascal-results/images/700156f9add5f98416b221998c525ec0600dbda7eb81009488b90ed00743900d/files (volume: PROG)","SYSTEM.APPLE","5abc095a8ed5ac231db236f7f6bf22b3","ee18dcc07f5045097679405655351815","none","PASCALSY;USERPROG;FIOPRIMS;PRINTERR;INITIALI;GETCMD;SYSIO;","0;1;2;3;4;5;6;15","","","0x03","0x41","5","0","0x3000","0x3100","0xd768","0xf0f1","0xd786","0xef01","0xd615","0xdcda","0xd8e6","0xef99","0xd92b","0xf17e","0xf1a1","0xddde","0xdca3","0xd628","0xd913","0xd7ef","0xf094","0xd79e","0xf0ff","0xd63b","0xde55","0xd7b0","0xef48","0xde43","0xd836","0xf0bc","0xd50d","0xdabf","0xdcfc","0xd481","0xeab0","0xd301","0xdd68","0xd2c1","0xdafe","0xdae2","0xdb11","0xd3b1","0xd9d0","0xd4d7","0xd601","0xd393","0xda78","0xd3d7","0xd648","0xe52c","0xe40a","0xdf71","0xdf69","0xdf61","0xd421","0xd527","0xdf6d","0xdf65","0xd3f5","0xdf5d","0xd455","0xd2c9","0xdb9f","0xdbf5","0xd564","0xd599","0xd5cd","0xd5e7","0xdb50","0xe517","0xe4e0","0xe0f4","0xe0c6","0xe0be","0xd342","0xd308","0xe0c2","0xe0ba","0xd324","0xe0ca","0xd368","0xe4a9","0xe46a","0xe48c","0xd9aa","0xd4ac","0xd2a8","UNIMPL","UNIMPL","0xec64","0xd74d","0xd2a8","0xd317","0xd317","0xd317","0xd317","0xd317","0xd317","0xd317","0xd317","0xd317","0xd317","0xd317","0xd317","0xd317","0xd317","0xd317","0xd317","0xd386","0xd386","0xd386","0xd386","0xd386","0xd386","0xd386","0xd386","0xd386","0xd386","0xd386","0xd386","0xd386","0xd386","0xd386","0xd386","0xd4fc","0xd4f9","0xd4f9","0xd4f9","0xd4f9","0xd4f9","0xd4f9","0xd4f9","0xf343","0xd6dc","0xecd9","0xecd9","0xeb93","0xf4a8","0xf4ad","UNIMPL","UNIMPL","0xec7a","0xeac1","0xeb06","0xf366","RSRVD","RSRVD","RSRVD","RSRVD","RSRVD","RSRVD","RSRVD","RSRVD","0xea9c","0xeaa6","0xf20f","0xf1fa","UNIMPL","UNIMPL","UNIMPL","UNIMPL","UNIMPL","UNIMPL","UNIMPL","0xd718","0xd72f","0xf338","0xf34e","0xf224","0xf35c","0xf3e4","0xec6c","0xed43"
"pascal-results/images/6caaf0d32944b328763a1411e6185a9de27a8e819b61193e3ced9c46dfd97219/files","1PASCAL","Also found at: pascal-results/images/b6a2fb2fda5a9e643d4ff49b3c665e96f0154c045239a0a09d982ac9aca59282/files (volume: 1PASCAL); pascal-results/images/ee7d1ce58b936bb031e2b3b8009c7212498792ed24250494b7369499d9ae572d/files (volume: PASCAL)","128K.APPLE","54b5df4d19bbd7ddeee5c5af19973908","93a7bf87d5584360449f339c1d3958ce","23b3797fc86eb294b348091e70903d86","PASCALSY;USERPROG;FIOPRIMS;PRINTERR;INITIALI;GETCMD;FILEPROC;","0;1;2;3;4;5;6;15","LONGINTI;PASCALIO;CHAINSTU;TRANSCEN;TURTLEGR;TURTLEGR;APPLESTU","30;31;28;29;20;21;22","0x04","0x40","6","6","0x3000","0x3100","0xd762","0xf2d3","0xd780","0xf0e3","0xd603","0xdcd8","0xd8e4","0xf17b","0xd929","0xf360","0xf383","0xdddc","0xdca1","0xd61c","0xd911","0xd7ed","0xf276","0xd79a","0xf2e1","0xd635","0xde53","0xd7ac","0xf12a","0xde41","0xd834","0xf29e","0xd4fb","0xdabd","0xdcfa","0xd46f","0xec92","0xd309","0xdd66","0xd2c7","0xdafc","0xdae0","0xdb0f","0xd3aa","0xd9ce","0xd4c5","0xd5ef","0xd38e","0xda76","0xd3c7","0xd642","0xe554","0xe432","0xdf6f","0xdf67","0xdf5f","0xd40f","0xd515","0xdf6b","0xdf63","0xd3e3","0xdf5b","0xd443","0xd2d1","0xdb9d","0xdbf3","0xd552","0xd587","0xd5bb","0xd5d5","0xdb4e","0xe53f","0xe508","0xe0f2","0xe0c4","0xe0bc","0xd348","0xd310","0xe0c0","0xe0b8","0xd32c","0xe0c8","0xd365","0xe4d1","0xe492","0xe4b4","0xd9a8","0xd49a","0xd2ae","UNIMPL","UNIMPL","0xee46","0xd747","0xd2ae","0xd31f","0xd31f","0xd31f","0xd31f","0xd31f","0xd31f","0xd31f","0xd31f","0xd31f","0xd31f","0xd31f","0xd31f","0xd31f","0xd31f","0xd31f","0xd31f","0xd381","0xd381","0xd381","0xd381","0xd381","0xd381","0xd381","0xd381","0xd381","0xd381","0xd381","0xd381","0xd381","0xd381","0xd381","0xd381","0xd4ea","0xd4e7","0xd4e7","0xd4e7","0xd4e7","0xd4e7","0xd4e7","0xd4e7","0xf525","0xd6d6","0xeebb","0xeebb","0xed75","0xf68d","0xf692","UNIMPL","UNIMPL","0xee5c","0xeca3","0xece8","0xf548","RSRVD","RSRVD","RSRVD","RSRVD","RSRVD","RSRVD","RSRVD","RSRVD","0xec7e","0xec88","0xf3f1","0xf3dc","UNIMPL","UNIMPL","UNIMPL","UNIMPL","UNIMPL","UNIMPL","UNIMPL","0xd712","0xd729","0xf51a","0xf530","0xf406","0xf53e","0xf5c3","0xee4e","0xef25"
"pascal-results/images/c21d788dfad45133fde2cefcc6436490ac4d807dcde9de413a775b1bc193f812/files","PROGS","","SYSTEM.APPLE","1cd11df9e32677f4d3673933d5c996fc","24ca8f71aca82a11063a21463ad22184","cfee3345cc78195589f5a2ada3920911","PASCALSY;USERPROG;DEBUGGER;PRINTERR;INITIALI;GETCMD;FILEPROC;","0;1;2;3;4;5;6;15","LONGINTI;PASCALIO;CHAINSTU;UCSA2;UCSA2;UTCS;UTCS","30;31;28;24;25;26;27","0x02","0x01","2","2","0x3000","0x3100","0xd6bb","0xecb2","0xd6d9","0xeac2","0xd56b","0xdb57","0xd839","0xeb5a","0xd87e","0xed3f","0xed62","0xdc55","0xdb20","0xd57e","0xd866","0xd742","0xec55","0xd6f1","0xecc0","0xd591","0xdccc","0xd703","0xeb09","0xdcba","0xd789","0xec7d","0xd47b","0xd948","0xdb79","0xd401","0xe630","0xd296","0xdbe5","0xd25f","0xd987","0xd96b","0xd99a","0xd343","0xd8e5","0xd44b","0xd557","0xd325","0xd907","0xd369","0xd59e","0xe33f","0xe253","0xdde8","0xdde0","0xddd8","0xd3ad","0xd495","0xdde4","0xdddc","0xd387","0xddd4","0xd3db","0xd267","0xda1c","0xda72","0xd4c8","0xd4f6","0xd523","0xd53d","0xd9d9","0xe32a","0xe2f9","0xdf65","0xdf37","0xdf2f","0xd2d4","0xd29d","0xdf33","0xdf2b","0xd2b6","0xdf3b","0xd2fa","0xe2d4","0xe2a1","0xe2bd","0xd8cd","0xd426","0xd24d","UNIMPL","UNIMPL","0xe82b","0xd6a0","0xd24d","0xd2a9","0xd2a9","0xd2a9","0xd2a9","0xd2a9","0xd2a9","0xd2a9","0xd2a9","0xd2a9","0xd2a9","0xd2a9","0xd2a9","0xd2a9","0xd2a9","0xd2a9","0xd2a9","0xd318","0xd318","0xd318","0xd318","0xd318","0xd318","0xd318","0xd318","0xd318","0xd318","0xd318","0xd318","0xd318","0xd318","0xd318","0xd318","0xd46a","0xd467","0xd467","0xd467","0xd467","0xd467","0xd467","0xd467","0xef04","0xd62f","0xe8a0","0xe8a0","0xe784","0xf069","0xf06e","0xe63a","0xe640","0xe841","0xe6b2","0xe6f7","0xef27","RSRVD","RSRVD","RSRVD","RSRVD","RSRVD","RSRVD","RSRVD","RSRVD","0xe61c","0xe626","0xedd0","0xedbb","UNIMPL","UNIMPL","UNIMPL","UNIMPL","UNIMPL","UNIMPL","UNIMPL","0xd66b","0xd682","0xeef9","0xef0f","0xede5","0xef1d","0xefa5","0xe833","0xe904"
"pascal-results/images/446972418b6ab65cbc2e29dbfd2dda2273edd4f046c57f8c23496fade1bfbe78/files","TT01","Also found at: pascal-results/images/7f7733eff94895a53b006c2ec06ffaa1cd58750df42bb45a3ea161f0bc5fb215/files (volume: TT01); pascal-results/images/549cc79539760ce50c353561d44e78512c3274d3f98456d02b932b4c5dc46deb/files (volume: TT01)","SYSTEM.APPLE","1cd11df9e32677f4d3673933d5c996fc","24ca8f71aca82a11063a21463ad22184","3e4af1be95f9c40272a181531033086f","PASCALSY;USERPROG;DEBUGGER;PRINTERR;INITIALI;GETCMD;FILEPROC;","0;1;2;3;4;5;6;15","CHAINSTU","28","0x02","0x01","2","2","0x3000","0x3100","0xd6bb","0xecb2","0xd6d9","0xeac2","0xd56b","0xdb57","0xd839","0xeb5a","0xd87e","0xed3f","0xed62","0xdc55","0xdb20","0xd57e","0xd866","0xd742","0xec55","0xd6f1","0xecc0","0xd591","0xdccc","0xd703","0xeb09","0xdcba","0xd789","0xec7d","0xd47b","0xd948","0xdb79","0xd401","0xe630","0xd296","0xdbe5","0xd25f","0xd987","0xd96b","0xd99a","0xd343","0xd8e5","0xd44b","0xd557","0xd325","0xd907","0xd369","0xd59e","0xe33f","0xe253","0xdde8","0xdde0","0xddd8","0xd3ad","0xd495","0xdde4","0xdddc","0xd387","0xddd4","0xd3db","0xd267","0xda1c","0xda72","0xd4c8","0xd4f6","0xd523","0xd53d","0xd9d9","0xe32a","0xe2f9","0xdf65","0xdf37","0xdf2f","0xd2d4","0xd29d","0xdf33","0xdf2b","0xd2b6","0xdf3b","0xd2fa","0xe2d4","0xe2a1","0xe2bd","0xd8cd","0xd426","0xd24d","UNIMPL","UNIMPL","0xe82b","0xd6a0","0xd24d","0xd2a9","0xd2a9","0xd2a9","0xd2a9","0xd2a9","0xd2a9","0xd2a9","0xd2a9","0xd2a9","0xd2a9","0xd2a9","0xd2a9","0xd2a9","0xd2a9","0xd2a9","0xd2a9","0xd318","0xd318","0xd318","0xd318","0xd318","0xd318","0xd318","0xd318","0xd318","0xd318","0xd318","0xd318","0xd318","0xd318","0xd318","0xd318","0xd46a","0xd467","0xd467","0xd467","0xd467","0xd467","0xd467","0xd467","0xef04","0xd62f","0xe8a0","0xe8a0","0xe784","0xf069","0xf06e","0xe63a","0xe640","0xe841","0xe6b2","0xe6f7","0xef27","RSRVD","RSRVD","RSRVD","RSRVD","RSRVD","RSRVD","RSRVD","RSRVD","0xe61c","0xe626","0xedd0","0xedbb","UNIMPL","UNIMPL","UNIMPL","UNIMPL","UNIMPL","UNIMPL","UNIMPL","0xd66b","0xd682","0xeef9","0xef0f","0xede5","0xef1d","0xefa5","0xe833","0xe904"
"pascal-results/images/a472edc170a4b2c80c9d3bda59e219f934b90389e9b4313ab6154e5ba396958f/files","STARTUP","","SYSTEM.APPLE","1cd11df9e32677f4d3673933d5c996fc","24ca8f71aca82a11063a21463ad22184","e4baa267a7b9169f27cba048b046acbf","PASCALSY;USERPROG;DEBUGGER;PRINTERR;INITIALI;GETCMD;FILEPROC;","0;1;2;3;4;5;6;15","LONGINTI;PASCALIO;CHAINSTU;TRANSCEN;TURTLEGR;TURTLEGR;APPLESTU;CLOCKSTU;SCRNSTUF;CHEM1;CHEM1;CHEM2;CHEM2;GRAFCHAR;GRAFCHAR","30;31;28;29;20;21;22;7;27;25;26;23;24;23;24","0x02","0x01","2","2","0x3000","0x3100","0xd6bb","0xecb2","0xd6d9","0xeac2","0xd56b","0xdb57","0xd839","0xeb5a","0xd87e","0xed3f","0xed62","0xdc55","0xdb20","0xd57e","0xd866","0xd742","0xec55","0xd6f1","0xecc0","0xd591","0xdccc","0xd703","0xeb09","0xdcba","0xd789","0xec7d","0xd47b","0xd948","0xdb79","0xd401","0xe630","0xd296","0xdbe5","0xd25f","0xd987","0xd96b","0xd99a","0xd343","0xd8e5","0xd44b","0xd557","0xd325","0xd907","0xd369","0xd59e","0xe33f","0xe253","0xdde8","0xdde0","0xddd8","0xd3ad","0xd495","0xdde4","0xdddc","0xd387","0xddd4","0xd3db","0xd267","0xda1c","0xda72","0xd4c8","0xd4f6","0xd523","0xd53d","0xd9d9","0xe32a","0xe2f9","0xdf65","0xdf37","0xdf2f","0xd2d4","0xd29d","0xdf33","0xdf2b","0xd2b6","0xdf3b","0xd2fa","0xe2d4","0xe2a1","0xe2bd","0xd8cd","0xd426","0xd24d","UNIMPL","UNIMPL","0xe82b","0xd6a0","0xd24d","0xd2a9","0xd2a9","0xd2a9","0xd2a9","0xd2a9","0xd2a9","0xd2a9","0xd2a9","0xd2a9","0xd2a9","0xd2a9","0xd2a9","0xd2a9","0xd2a9","0xd2a9","0xd2a9","0xd318","0xd318","0xd318","0xd318","0xd318","0xd318","0xd318","0xd318","0xd318","0xd318","0xd318","0xd318","0xd318","0xd318","0xd318","0xd318","0xd46a","0xd467","0xd467","0xd467","0xd467","0xd467","0xd467","0xd467","0xef04","0xd62f","0xe8a0","0xe8a0","0xe784","0xf069","0xf06e","0xe63a","0xe640","0xe841","0xe6b2","0xe6f7","0xef27","RSRVD","RSRVD","RSRVD","RSRVD","RSRVD","RSRVD","RSRVD","RSRVD","0xe61c","0xe626","0xedd0","0xedbb","UNIMPL","UNIMPL","UNIMPL","UNIMPL","UNIMPL","UNIMPL","UNIMPL","0xd66b","0xd682","0xeef9","0xef0f","0xede5","0xef1d","0xefa5","0xe833","0xe904"
"pascal-results/images/b0c101209f44732df1130c2ec80b5fd95e9bac59e5afb4b03b63284fdd22e3ba/files","A1015","Also found at: pascal-results/images/c5759ff0e30a2bffaf08f8aed027e5de1fad16112ed1d4742d6f3a42ab24fe03/files (volume: A1016); pascal-results/images/6a594d0b6e222f7417ba483e6c6cce4c00ba5c3f0e82eb04470d729592d1c584/files (volume: A1015); pascal-results/images/34ba2b96b10f3d51ec6d87ea2a096f6f54945693bb4d003ff0b0e33c8215e5df/files (volume: A1014); pascal-results/images/0e459d1b30602f756850dd11d1e1e1130670ed2f459e92c4a4d71059b673c54d/files (volume: A1011); pascal-results/images/2c7556853014cae96c132d5f520094b226776372c97a30e8aa4f74600751ef0e/files (volume: A1017)","SYSTEM.APPLE","2aa741575266a5359e1579020a1b864d","064a1a1c1d36528e660900a2e609d158","4e2cd153976a3d36824e3ebf749296be","PASCALSY;USERPROG;FIOPRIMS;PRINTERR;INITIALI;GETCMD;SYSIO;","0;1;2;3;4;5;6;15","CHAINSTU;SHORTGRA;SHORTGRA;GRAFA;GRAFA;GRAFC;CONIO;SHOBL;STRAP;EXMAK;ALGIO;EVALU;AXDRW;LINXT;TABGR","28;20;21;16;17;25;19;29;27;22;18;24;30;23;26","0x04","0x01","6","6","0x3000","0x3100","0xd71c","0xecc8","0xd73a","0xead8","0xd5c0","0xdbbc","0xd89e","0xeb70","0xd8e3","0xed55","0xed78","0xdcba","0xdb85","0xd5d9","0xd8cb","0xd7a7","0xec6b","0xd754","0xecd6","0xd5f2","0xdd31","0xd766","0xeb1f","0xdd1f","0xd7ee","0xec93","0xd4cd","0xd9ad","0xdbde","0xd453","0xe6bd","0xd302","0xdc4a","0xd2c9","0xd9ec","0xd9d0","0xd9ff","0xd3a0","0xd94a","0xd49d","0xd5ac","0xd384","0xd96c","0xd3bd","0xd5ff","0xe3bc","0xe2d0","0xde4d","0xde45","0xde3d","0xd3ff","0xd4e7","0xde49","0xde41","0xd3d9","0xde39","0xd42d","0xd2d3","0xda81","0xdad7","0xd51b","0xd54a","0xd578","0xd592","0xda3e","0xe3a7","0xe376","0xdfca","0xdf9c","0xdf94","0xd33e","0xd309","0xdf98","0xdf90","0xd322","0xdfa0","0xd35b","0xe351","0xe31e","0xe33a","0xd932","0xd478","0xd2b6","UNIMPL","UNIMPL","0xe841","0xd701","0xd2b6","0xd315","0xd315","0xd315","0xd315","0xd315","0xd315","0xd315","0xd315","0xd315","0xd315","0xd315","0xd315","0xd315","0xd315","0xd315","0xd315","0xd377","0xd377","0xd377","0xd377","0xd377","0xd377","0xd377","0xd377","0xd377","0xd377","0xd377","0xd377","0xd377","0xd377","0xd377","0xd377","0xd4bc","0xd4b9","0xd4b9","0xd4b9","0xd4b9","0xd4b9","0xd4b9","0xd4b9","0xef1a","0xd690","0xe8b6","0xe8b6","0xe79a","0xf082","0xf087","UNIMPL","UNIMPL","0xe857","0xe6c8","0xe70d","0xef3d","RSRVD","RSRVD","RSRVD","RSRVD","RSRVD","RSRVD","RSRVD","RSRVD","0xe6a9","0xe6b3","0xede6","0xedd1","UNIMPL","UNIMPL","UNIMPL","UNIMPL","UNIMPL","UNIMPL","UNIMPL","0xd6cc","0xd6e3","0xef0f","0xef25","0xedfb","0xef33","0xefb8","0xe849","0xe91a"
"pascal-results/images/d6e4530e9892346e674c72f081b1c41f2c5ce2cdb3e75b975094a961f8fccf67/files","FORT1","Also found at: pascal-results/images/4400876a0243a0eaa72f5da7238e8200792f7edab13bec097b40c6377bf2aa71/files (volume: FORT1)","SYSTEM.APPLE","1cd11df9e32677f4d3673933d5c996fc","24ca8f71aca82a11063a21463ad22184","none","PASCALSY;USERPROG;DEBUGGER;PRINTERR;INITIALI;GETCMD;FILEPROC;","0;1;2;3;4;5;6;15","","","0x02","0x01","2","0","0x3000","0x3100","0xd6bb","0xecb2","0xd6d9","0xeac2","0xd56b","0xdb57","0xd839","0xeb5a","0xd87e","0xed3f","0xed62","0xdc55","0xdb20","0xd57e","0xd866","0xd742","0xec55","0xd6f1","0xecc0","0xd591","0xdccc","0xd703","0xeb09","0xdcba","0xd789","0xec7d","0xd47b","0xd948","0xdb79","0xd401","0xe630","0xd296","0xdbe5","0xd25f","0xd987","0xd96b","0xd99a","0xd343","0xd8e5","0xd44b","0xd557","0xd325","0xd907","0xd369","0xd59e","0xe33f","0xe253","0xdde8","0xdde0","0xddd8","0xd3ad","0xd495","0xdde4","0xdddc","0xd387","0xddd4","0xd3db","0xd267","0xda1c","0xda72","0xd4c8","0xd4f6","0xd523","0xd53d","0xd9d9","0xe32a","0xe2f9","0xdf65","0xdf37","0xdf2f","0xd2d4","0xd29d","0xdf33","0xdf2b","0xd2b6","0xdf3b","0xd2fa","0xe2d4","0xe2a1","0xe2bd","0xd8cd","0xd426","0xd24d","UNIMPL","UNIMPL","0xe82b","0xd6a0","0xd24d","0xd2a9","0xd2a9","0xd2a9","0xd2a9","0xd2a9","0xd2a9","0xd2a9","0xd2a9","0xd2a9","0xd2a9","0xd2a9","0xd2a9","0xd2a9","0xd2a9","0xd2a9","0xd2a9","0xd318","0xd318","0xd318","0xd318","0xd318","0xd318","0xd318","0xd318","0xd318","0xd318","0xd318","0xd318","0xd318","0xd318","0xd318","0xd318","0xd46a","0xd467","0xd467","0xd467","0xd467","0xd467","0xd467","0xd467","0xef04","0xd62f","0xe8a0","0xe8a0","0xe784","0xf069","0xf06e","0xe63a","0xe640","0xe841","0xe6b2","0xe6f7","0xef27","RSRVD","RSRVD","RSRVD","RSRVD","RSRVD","RSRVD","RSRVD","RSRVD","0xe61c","0xe626","0xedd0","0xedbb","UNIMPL","UNIMPL","UNIMPL","UNIMPL","UNIMPL","UNIMPL","UNIMPL","0xd66b","0xd682","0xeef9","0xef0f","0xede5","0xef1d","0xefa5","0xe833","0xe904"
"pascal-results/images/7e4f8421efbd1bcaedeba992bb34929bd3ba2d3e6365ac52fee95e3e10e75b7d/files","LESSONS","Also found at: pascal-results/images/af5c8fe8e9f6e63b284cadc8f9d535bf1240ff8e92cd40bacc286afc56776361/files (volume: LESSONS)","RT0006.APPLE","0dc26867f08e1928f16ce64c3c85696c","defca92a3f1d9b8bd352d3593788e4b3","e81c7f4f74ce6996754f990c1ee2d27f","PASCALSY;USERPROG;DEBUGGER;PRINTERR;INITIALI;GETCMD","0;1;2;3;4;5","LONGINTI;PASCALIO;TRANSCEN;APPLESTU;TURTLEGR;TURTLEGR;SYSIO;CHAINSTU","30;31;25;22;20;21;29;26","0","0","1","1","0x0000","0x0100","0x96ba","0xabc8","0x96d8","0xa9d8","0x9582","0x9b4e","0x9841","0xaa70","0x987c","0xac45","0xac68","0x9c4c","0x9b17","0x9595","0x985a","0x9755","0xab6b","0x96f0","0xabd6","0x95a8","0x9cc3","0x9702","0xaa1f","0x9cb1","0x974c","0xab93","0x94a5","0x9946","0x9b70","0x942b","0xa5d3","0x92c0","0x9bdc","0x9289","0x9985","0x9969","0x9998","0x936d","0x98e3","0x9475","0x956e","0x934f","0x9905","0x9393","0x95b5","0xa31e","0xa232","0x9ddf","0x9dd7","0x9dcf","0x93d7","0x94bf","0x9ddb","0x9dd3","0x93b1","0x9dcb","0x9405","0x9291","0x9a1a","0x9a70","0x94f2","0x950d","0x953a","0x9554","0x99d7","0xa309","0xa2d8","0x9f5c","0x9f2e","0x9f26","0x92fe","0x92c7","0x9f2a","0x9f22","0x92e0","0x9f32","0x9324","0xa2b3","0xa280","0xa29c","0x98cb","0x9450","0x9277","UNIMPL","UNIMPL","0xa754","0x96b7","0x9277","0x92d3","0x92d3","0x92d3","0x92d3","0x92d3","0x92d3","0x92d3","0x92d3","0x92d3","0x92d3","0x92d3","0x92d3","0x92d3","0x92d3","0x92d3","0x92d3","0x9342","0x9342","0x9342","0x9342","0x9342","0x9342","0x9342","0x9342","0x9342","0x9342","0x9342","0x9342","0x9342","0x9342","0x9342","0x9342","0x9494","0x9491","0x9491","0x9491","0x9491","0x9491","0x9491","0x9491","0xadfc","0x9646","0xa7c9","0xa7c9","0xa6af","0xaeaf","0xaeb4","UNIMPL","UNIMPL","0xa76a","0xa5dd","0xa622","RSRVD","RSRVD","RSRVD","RSRVD","RSRVD","RSRVD","RSRVD","RSRVD","RSRVD","0xa5bf","0xa5c9","0xacd6","0xacc1","UNIMPL","UNIMPL","UNIMPL","UNIMPL","UNIMPL","UNIMPL","UNIMPL","0x9682","0x9699","0xadf1","0xae07","0xaceb","0xae15","0xae1f","0xa75c","0xa82d"
"pascal-results/images/3f2e9169e4b3a8dff5461b8111a5e6eb9575db88c4ddf999a4e3e3c100131f52/files","AIIQF","Also found at: pascal-results/images/582dd209465849ec22f1dc9c9d441a010405fa66c8bca5df21e93059ad953c96/files (volume: AIISJ); pascal-results/images/d519ca2189e6c4b3792fed8f71f37774abf732d43460e820997422c13a9f02d5/files (volume: AIIQF); pascal-results/images/22115437c78dba45ef817d9782971025f7ea6956ade47788bcb054acafe6deec/files (volume: AIIQF); pascal-results/images/485e3a497e9c1e086519b51c2155a9e8a4a321fd84ed2738fda114d784a6015e/files (volume: QFBOOT)","SYSTEM.APPLE","1cd11df9e32677f4d3673933d5c996fc","24ca8f71aca82a11063a21463ad22184","cee2832526c4646ed9ff7701f9d2bffa","PASCALSY;USERPROG;DEBUGGER;PRINTERR;INITIALI;GETCMD;FILEPROC;","0;1;2;3;4;5;6;15","LONGINTI;IDENT2E;CHAINSTU;FORMTRUN","30;1;28;25","0x02","0x01","2","3","0x3000","0x3100","0xd6bb","0xecb2","0xd6d9","0xeac2","0xd56b","0xdb57","0xd839","0xeb5a","0xd87e","0xed3f","0xed62","0xdc55","0xdb20","0xd57e","0xd866","0xd742","0xec55","0xd6f1","0xecc0","0xd591","0xdccc","0xd703","0xeb09","0xdcba","0xd789","0xec7d","0xd47b","0xd948","0xdb79","0xd401","0xe630","0xd296","0xdbe5","0xd25f","0xd987","0xd96b","0xd99a","0xd343","0xd8e5","0xd44b","0xd557","0xd325","0xd907","0xd369","0xd59e","0xe33f","0xe253","0xdde8","0xdde0","0xddd8","0xd3ad","0xd495","0xdde4","0xdddc","0xd387","0xddd4","0xd3db","0xd267","0xda1c","0xda72","0xd4c8","0xd4f6","0xd523","0xd53d","0xd9d9","0xe32a","0xe2f9","0xdf65","0xdf37","0xdf2f","0xd2d4","0xd29d","0xdf33","0xdf2b","0xd2b6","0xdf3b","0xd2fa","0xe2d4","0xe2a1","0xe2bd","0xd8cd","0xd426","0xd24d","UNIMPL","UNIMPL","0xe82b","0xd6a0","0xd24d","0xd2a9","0xd2a9","0xd2a9","0xd2a9","0xd2a9","0xd2a9","0xd2a9","0xd2a9","0xd2a9","0xd2a9","0xd2a9","0xd2a9","0xd2a9","0xd2a9","0xd2a9","0xd2a9","0xd318","0xd318","0xd318","0xd318","0xd318","0xd318","0xd318","0xd318","0xd318","0xd318","0xd318","0xd318","0xd318","0xd318","0xd318","0xd318","0xd46a","0xd467","0xd467","0xd467","0xd467","0xd467","0xd467","0xd467","0xef04","0xd62f","0xe8a0","0xe8a0","0xe784","0xf069","0xf06e","0xe63a","0xe640","0xe841","0xe6b2","0xe6f7","0xef27","RSRVD","RSRVD","RSRVD","RSRVD","RSRVD","RSRVD","RSRVD","RSRVD","0xe61c","0xe626","0xedd0","0xedbb","UNIMPL","UNIMPL","UNIMPL","UNIMPL","UNIMPL","UNIMPL","UNIMPL","0xd66b","0xd682","0xeef9","0xef0f","0xede5","0xef1d","0xefa5","0xe833","0xe904"
"pascal-results/images/029a6152cf41f78c853f6bc6faa63823ed1304c61c33b9c9c59165aefc0b9868/files","A101Q","","SYSTEM.APPLE","2aa741575266a5359e1579020a1b864d","064a1a1c1d36528e660900a2e609d158","a9572647ab50e184a7d4b42de129584d","PASCALSY;USERPROG;FIOPRIMS;PRINTERR;INITIALI;GETCMD;SYSIO;","0;1;2;3;4;5;6;15","CHAINSTU;SHORTGRA;SHORTGRA;FRACC;GRAFA;GRAFA;STRAP;EXMAK","28;20;21;26;16;17;27;22","0x04","0x01","6","6","0x3000","0x3100","0xd71c","0xecc8","0xd73a","0xead8","0xd5c0","0xdbbc","0xd89e","0xeb70","0xd8e3","0xed55","0xed78","0xdcba","0xdb85","0xd5d9","0xd8cb","0xd7a7","0xec6b","0xd754","0xecd6","0xd5f2","0xdd31","0xd766","0xeb1f","0xdd1f","0xd7ee","0xec93","0xd4cd","0xd9ad","0xdbde","0xd453","0xe6bd","0xd302","0xdc4a","0xd2c9","0xd9ec","0xd9d0","0xd9ff","0xd3a0","0xd94a","0xd49d","0xd5ac","0xd384","0xd96c","0xd3bd","0xd5ff","0xe3bc","0xe2d0","0xde4d","0xde45","0xde3d","0xd3ff","0xd4e7","0xde49","0xde41","0xd3d9","0xde39","0xd42d","0xd2d3","0xda81","0xdad7","0xd51b","0xd54a","0xd578","0xd592","0xda3e","0xe3a7","0xe376","0xdfca","0xdf9c","0xdf94","0xd33e","0xd309","0xdf98","0xdf90","0xd322","0xdfa0","0xd35b","0xe351","0xe31e","0xe33a","0xd932","0xd478","0xd2b6","UNIMPL","UNIMPL","0xe841","0xd701","0xd2b6","0xd315","0xd315","0xd315","0xd315","0xd315","0xd315","0xd315","0xd315","0xd315","0xd315","0xd315","0xd315","0xd315","0xd315","0xd315","0xd315","0xd377","0xd377","0xd377","0xd377","0xd377","0xd377","0xd377","0xd377","0xd377","0xd377","0xd377","0xd377","0xd377","0xd377","0xd377","0xd377","0xd4bc","0xd4b9","0xd4b9","0xd4b9","0xd4b9","0xd4b9","0xd4b9","0xd4b9","0xef1a","0xd690","0xe8b6","0xe8b6","0xe79a","0xf082","0xf087","UNIMPL","UNIMPL","0xe857","0xe6c8","0xe70d","0xef3d","RSRVD","RSRVD","RSRVD","RSRVD","RSRVD","RSRVD","RSRVD","RSRVD","0xe6a9","0xe6b3","0xede6","0xedd1","UNIMPL","UNIMPL","UNIMPL","UNIMPL","UNIMPL","UNIMPL","UNIMPL","0xd6cc","0xd6e3","0xef0f","0xef25","0xedfb","0xef33","0xefb8","0xe849","0xe91a"
"pascal-results/images/57ddc9113dfb8f76e81390673e8a8c6bf6033ea7531587a7d15cd7c2da8a501e/files","APPLE1","Also found at: pascal-results/images/ccf648d56210980c496e61261f73c71faa71e37b84fa9bbcac05096897ed4fb9/files (volume: APPLE1); pascal-results/images/0178869dd37f809efcaf84745bf68e6c6f64c2469624c8b28782c5b033536acf/files (volume: TUTOR); pascal-results/images/98f3ce4e97fae98d8e70e5281cefd8f3da9ef6bf06e75eca9b7226049702a71f/files (volume: MAGIC); pascal-results/images/261c3a0bc2d62a027688b5e6c26689ae9c2ce39e317d655c879259657c3ea9b6/files (volume: APPLE1); pascal-results/images/25daeefe94df3d064a20bacf97eec5d24c75bca2c43b3400e5c60e34b17b1da0/files (volume: APPLE1)","SYSTEM.APPLE","91c02f06172bc131b363d8f516b9baf4","b65565a1b7decb939de9002163debef3","817324c5dca2afe839bdbb3f5b568634","PASCALSY;USERPROG;FIOPRIMS;PRINTERR;INITIALI;GETCMD;FILEPROC;","0;1;2;3;4;5;6;15","LONGINTI;PASCALIO;CHAINSTU;TRANSCEN;TURTLEGR;TURTLEGR;APPLESTU","30;31;28;29;20;21;22","0x03","0x00","5","5","0x3000","0x3100","0xd6d0","0xecd3","0xd6ee","0xeae3","0xd580","0xdb6c","0xd84e","0xeb7b","0xd893","0xed60","0xed83","0xdc6a","0xdb35","0xd593","0xd87b","0xd757","0xec76","0xd706","0xece1","0xd5a6","0xdce1","0xd718","0xeb2a","0xdccf","0xd79e","0xec9e","0xd48d","0xd95d","0xdb8e","0xd413","0xe650","0xd2a8","0xdbfa","0xd271","0xd99c","0xd980","0xd9af","0xd355","0xd8fa","0xd45d","0xd56c","0xd337","0xd91c","0xd37b","0xd5b3","0xe342","0xe256","0xddfd","0xddf5","0xdded","0xd3bf","0xd4a7","0xddf9","0xddf1","0xd399","0xdde9","0xd3ed","0xd279","0xda31","0xda87","0xd4db","0xd50a","0xd538","0xd552","0xd9ee","0xe32d","0xe2fc","0xdf7a","0xdf4c","0xdf44","0xd2e6","0xd2af","0xdf48","0xdf40","0xd2c8","0xdf50","0xd30c","0xe2d7","0xe2a4","0xe2c0","0xd8e2","0xd438","0xd25e","UNIMPL","UNIMPL","0xe84c","0xd6b5","0xd25e","0xd2bb","0xd2bb","0xd2bb","0xd2bb","0xd2bb","0xd2bb","0xd2bb","0xd2bb","0xd2bb","0xd2bb","0xd2bb","0xd2bb","0xd2bb","0xd2bb","0xd2bb","0xd2bb","0xd32a","0xd32a","0xd32a","0xd32a","0xd32a","0xd32a","0xd32a","0xd32a","0xd32a","0xd32a","0xd32a","0xd32a","0xd32a","0xd32a","0xd32a","0xd32a","0xd47c","0xd479","0xd479","0xd479","0xd479","0xd479","0xd479","0xd479","0xef25","0xd644","0xe8c1","0xe8c1","0xe7a5","0xf08a","0xf08f","0xe65b","0xe661","0xe862","0xe6d3","0xe718","0xef48","RSRVD","RSRVD","RSRVD","RSRVD","RSRVD","RSRVD","RSRVD","RSRVD","0xe63c","0xe646","0xedf1","0xeddc","UNIMPL","UNIMPL","UNIMPL","UNIMPL","UNIMPL","UNIMPL","UNIMPL","0xd680","0xd697","0xef1a","0xef30","0xee06","0xef3e","0xefc6","0xe854","0xe925"
"pascal-results/images/2d860eab9ce201549e1171d8c1d2547bc215ca03ec953acc1c97ed070aac3ed1/files","SANE2","Also found at: pascal-results/images/c30e961e2d25e41f8343f67f83d1b03b367139f1f7e13bfd6bc32383acf3bfe2/files (volume: SANE2); pascal-results/images/7447c2c7fad641b2b643e1223fb7b52836cb904683103b9815895d2c4427dfbf/files","SYSTEM.APPLE","fcda8d15f213e8e0d5c3987ab92ba114","e35d6659b6a1c4675cd7c47c411fc726","a0f9c0d1be5c2117315bea1702188358","PASCALSY;USERPROG;FIOPRIMS;PRINTERR;INITIALI;GETCMD;SYSIO;","0;1;2;3;4;5;6;15","PASCALIO;PDOSCORE;PDOSCORE;PDOSREF;PDOSFILE;APPLESTU","31;24;25;26;27;22","0x03","0x01","5","5","0x3000","0x3100","0xd6ff","0xec8a","0xd71d","0xea9a","0xd5af","0xdb9b","0xd87d","0xeb32","0xd8c2","0xed17","0xed3a","0xdc99","0xdb64","0xd5c2","0xd8aa","0xd786","0xec2d","0xd735","0xec98","0xd5d5","0xdd10","0xd747","0xeae1","0xdcfe","0xd7cd","0xec55","0xd4bc","0xd98c","0xdbbd","0xd442","0xe67f","0xd2d7","0xdc29","0xd2a0","0xd9cb","0xd9af","0xd9de","0xd384","0xd929","0xd48c","0xd59b","0xd366","0xd94b","0xd3aa","0xd5e2","0xe371","0xe285","0xde2c","0xde24","0xde1c","0xd3ee","0xd4d6","0xde28","0xde20","0xd3c8","0xde18","0xd41c","0xd2a8","0xda60","0xdab6","0xd50a","0xd539","0xd567","0xd581","0xda1d","0xe35c","0xe32b","0xdfa9","0xdf7b","0xdf73","0xd315","0xd2de","0xdf77","0xdf6f","0xd2f7","0xdf7f","0xd33b","0xe306","0xe2d3","0xe2ef","0xd911","0xd467","0xd28d","UNIMPL","UNIMPL","0xe803","0xd6e4","0xd28d","0xd2ea","0xd2ea","0xd2ea","0xd2ea","0xd2ea","0xd2ea","0xd2ea","0xd2ea","0xd2ea","0xd2ea","0xd2ea","0xd2ea","0xd2ea","0xd2ea","0xd2ea","0xd2ea","0xd359","0xd359","0xd359","0xd359","0xd359","0xd359","0xd359","0xd359","0xd359","0xd359","0xd359","0xd359","0xd359","0xd359","0xd359","0xd359","0xd4ab","0xd4a8","0xd4a8","0xd4a8","0xd4a8","0xd4a8","0xd4a8","0xd4a8","0xeedc","0xd673","0xe878","0xe878","0xe75c","0xf041","0xf046","UNIMPL","UNIMPL","0xe819","0xe68a","0xe6cf","0xeeff","RSRVD","RSRVD","RSRVD","RSRVD","RSRVD","RSRVD","RSRVD","RSRVD","0xe66b","0xe675","0xeda8","0xed93","UNIMPL","UNIMPL","UNIMPL","UNIMPL","UNIMPL","UNIMPL","UNIMPL","0xd6af","0xd6c6","0xeed1","0xeee7","0xedbd","0xeef5","0xef7d","0xe80b","0xe8dc"
"pascal-results/images/81e6c432bd63fa42a77d3d2e7674dfd3fead36879b17488f90cab37b8f8eba78/files","MACPIX","","SYSTEM.APPLE","d2c54d35485340efe300c51f0de2a545","5c69437909ba62be20fe08e509b7c5b9","d62ff5378e1a5a4b6f9b71f526c16b49","PASCALSY;USERPROG;FIOPRIMS;PRINTERR;INITIALI;GETCMD;FILEPROC;","0;1;2;3;4;5;6;15","LONGINTI;PASCALIO;CHAINSTU;APPLESTU;ARLEQUIN;ARLEQUIN;TRANSCEN;CHAINSTU;TURTLEGR;TURTLEGR","30;31;28;22;54;55;29;28;20;21","0x04","0x40","6","6","0x3000","0x3100","0xd762","0xf124","0xd780","0xef34","0xd603","0xdcd8","0xd8e4","0xefcc","0xd929","0xf1b1","0xf1d4","0xdddc","0xdca1","0xd61c","0xd911","0xd7ed","0xf0c7","0xd79a","0xf132","0xd635","0xde53","0xd7ac","0xef7b","0xde41","0xd834","0xf0ef","0xd4fb","0xdabd","0xdcfa","0xd46f","0xeae3","0xd309","0xdd66","0xd2c7","0xdafc","0xdae0","0xdb0f","0xd3aa","0xd9ce","0xd4c5","0xd5ef","0xd38e","0xda76","0xd3c7","0xd642","0xe55c","0xe43a","0xdf6f","0xdf67","0xdf5f","0xd40f","0xd515","0xdf6b","0xdf63","0xd3e3","0xdf5b","0xd443","0xd2d1","0xdb9d","0xdbf3","0xd552","0xd587","0xd5bb","0xd5d5","0xdb4e","0xe547","0xe510","0xe0f2","0xe0c4","0xe0bc","0xd348","0xd310","0xe0c0","0xe0b8","0xd32c","0xe0c8","0xd365","0xe4d9","0xe49a","0xe4bc","0xd9a8","0xd49a","0xd2ae","UNIMPL","UNIMPL","0xec97","0xd747","0xd2ae","0xd31f","0xd31f","0xd31f","0xd31f","0xd31f","0xd31f","0xd31f","0xd31f","0xd31f","0xd31f","0xd31f","0xd31f","0xd31f","0xd31f","0xd31f","0xd31f","0xd381","0xd381","0xd381","0xd381","0xd381","0xd381","0xd381","0xd381","0xd381","0xd381","0xd381","0xd381","0xd381","0xd381","0xd381","0xd381","0xd4ea","0xd4e7","0xd4e7","0xd4e7","0xd4e7","0xd4e7","0xd4e7","0xd4e7","0xf376","0xd6d6","0xed0c","0xed0c","0xebc6","0xf4d8","0xf4dd","UNIMPL","UNIMPL","0xecad","0xeaf4","0xeb39","0xf399","RSRVD","RSRVD","RSRVD","RSRVD","RSRVD","RSRVD","RSRVD","RSRVD","0xeacf","0xead9","0xf242","0xf22d","UNIMPL","UNIMPL","UNIMPL","UNIMPL","UNIMPL","UNIMPL","UNIMPL","0xd712","0xd729","0xf36b","0xf381","0xf257","0xf38f","0xf414","0xec9f","0xed76"
"pascal-results/images/fa888c4316520a38937628f91bfa52a8d92940b0288b0591628cecd01969a28e/files","TELOFAC","","RTSTRP.APPLE","cfbd42367f33c1ec8a2d69c5b00d1eea","5c506ea6b2f881bdf9adc4800346cafa","0f21479eb02201b4582179e050f562b5","PASCALSY;USERPROG;SYSIO;PRINTERR;INITIALI;GETCMD;FIOPRIMS","0;1;2;3;4;5;6","PASCALIO;LONGINTI;CHAINSTU;VIDEO;VIDEO;SURVEY;SURVEY;GETDAT;GETDAT;SELECT;SELECT;NXTDAT;NXTDAT;SPRUTL;SPRUTL;PARSEIT","31;30;28;26;27;24;25;16;17;18;19;20;21;22;23;29","0x02","0x05","2","2","0x0400","0x0500","0x9ce3","UNIMPL","0x9d01","UNIMPL","0x9bab","UNIMPL","0x9e61","UNIMPL","0x9ea6","UNIMPL","UNIMPL","UNIMPL","UNIMPL","0x9bbe","0x9e8e","0x9d6a","UNIMPL","0x9d19","UNIMPL","0x9bd1","UNIMPL","0x9d2b","UNIMPL","UNIMPL","0x9db1","UNIMPL","0x9abb","0x9f70","UNIMPL","0x9a41","0xa881","0x98d6","UNIMPL","0x989f","0x9faf","0x9f93","0x9fc2","0x9983","0x9f0d","0x9a8b","0x9b97","0x9965","0x9f2f","0x99a9","0x9bde","0xa590","0xa4a4","0xa179","0xa171","0xa169","0x99ed","0x9ad5","0xa175","0xa16d","0x99c7","0xa165","0x9a1b","0x98a7","0xa044","0xa09a","0x9b08","0x9b36","0x9b63","0x9b7d","0xa001","0xa57b","0xa54a","0xa2bc","0xa28e","0xa286","0x9914","0x98dd","0xa28a","0xa282","0x98f6","0xa292","0x993a","0xa525","0xa4f2","0xa50e","0x9ef5","0x9a66","0x988d","UNIMPL","UNIMPL","0xaa04","0x9ce0","0x988d","0x98e9","0x98e9","0x98e9","0x98e9","0x98e9","0x98e9","0x98e9","0x98e9","0x98e9","0x98e9","0x98e9","0x98e9","0x98e9","0x98e9","0x98e9","0x98e9","0x9958","0x9958","0x9958","0x9958","0x9958","0x9958","0x9958","0x9958","0x9958","0x9958","0x9958","0x9958","0x9958","0x9958","0x9958","0x9958","0x9aaa","0x9aa7","0x9aa7","0x9aa7","0x9aa7","0x9aa7","0x9aa7","0x9aa7","0xab5c","0x9c6f","0xaa79","0xaa79","0xa95d","0xacc1","0xacc6","UNIMPL","UNIMPL","0xaa1a","0xa88b","0xa8d0","0xab7f","RSRVD","RSRVD","RSRVD","RSRVD","RSRVD","RSRVD","RSRVD","RSRVD","0xa86d","0xa877","UNIMPL","UNIMPL","UNIMPL","UNIMPL","UNIMPL","UNIMPL","UNIMPL","UNIMPL","UNIMPL","0x9cab","0x9cc2","0xab51","0xab67","UNIMPL","0xab75","0xabfd","0xaa0c","0xaadd"
"pascal-results/images/e1b909bc19d3d517c09e84147599a1e0b3b8ae9a9cf3279daf74fd73c3430bcd/files","D99FJ","Also found at: pascal-results/images/294d1c5cb0ef72399e8c2b4f35083d9b7348b9a61da77068a6690624635dcb1c/files (volume: D99AS2); pascal-results/images/9c9676f0880c0c22f7080e249bf026d6c67a6ae23dc9d0024d5bd306d1c18c50/files (volume: D99AS1); pascal-results/images/9e1eac2e7ea83a40a0af4f48cba2b6ea08aa4b7e589aea5b8eb5732a6c316406/files (volume: POKER)","RTSTRP.APPLE","0fa10920f0b6fc377ef0d6c90cc2babc","0e91e85bb5325df78148899124443e49","42be162d48f8aed33b8798872ecf23ac","PASCALSY;USERPROG;FIOPRIMS;PRINTERR;INITIALI;GETCMD;SYSIO","0;1;2;3;4;5;6","LONGINTI;PASCALIO;CHAINSTU;TRANSCEN;TURTLEGR;TURTLEGR;APPLESTU","30;31;28;29;20;21;22","0x03","0x27","5","5","0x0500","0x0600","0x9dff","UNIMPL","0x9e1d","UNIMPL","0x9caf","UNIMPL","0x9f7d","UNIMPL","0x9fc2","UNIMPL","UNIMPL","UNIMPL","UNIMPL","0x9cc2","0x9faa","0x9e86","UNIMPL","0x9e35","UNIMPL","0x9cd5","UNIMPL","0x9e47","UNIMPL","UNIMPL","0x9ecd","UNIMPL","0x9bbc","0xa08c","UNIMPL","0x9b42","0xa98e","0x99d7","UNIMPL","0x99a0","0xa0cb","0xa0af","0xa0de","0x9a84","0xa029","0x9b8c","0x9c9b","0x9a66","0xa04b","0x9aaa","0x9ce2","0xa69a","0xa5ae","0xa295","0xa28d","0xa285","0x9aee","0x9bd6","0xa291","0xa289","0x9ac8","0xa281","0x9b1c","0x99a8","0xa160","0xa1b6","0x9c0a","0x9c39","0x9c67","0x9c81","0xa11d","0xa685","0xa654","0xa3d8","0xa3aa","0xa3a2","0x9a15","0x99de","0xa3a6","0xa39e","0x99f7","0xa3ae","0x9a3b","0xa62f","0xa5fc","0xa618","0xa011","0x9b67","0x998d","UNIMPL","UNIMPL","0xab12","0x9de4","0x998d","0x99ea","0x99ea","0x99ea","0x99ea","0x99ea","0x99ea","0x99ea","0x99ea","0x99ea","0x99ea","0x99ea","0x99ea","0x99ea","0x99ea","0x99ea","0x99ea","0x9a59","0x9a59","0x9a59","0x9a59","0x9a59","0x9a59","0x9a59","0x9a59","0x9a59","0x9a59","0x9a59","0x9a59","0x9a59","0x9a59","0x9a59","0x9a59","0x9bab","0x9ba8","0x9ba8","0x9ba8","0x9ba8","0x9ba8","0x9ba8","0x9ba8","0xac6a","0x9d73","0xab87","0xab87","0xaa6b","0xadcf","0xadd4","UNIMPL","UNIMPL","0xab28","0xa999","0xa9de","0xac8d","RSRVD","RSRVD","RSRVD","RSRVD","RSRVD","RSRVD","RSRVD","RSRVD","0xa97a","0xa984","UNIMPL","UNIMPL","UNIMPL","UNIMPL","UNIMPL","UNIMPL","UNIMPL","UNIMPL","UNIMPL","0x9daf","0x9dc6","0xac5f","0xac75","UNIMPL","0xac83","0xad0b","0xab1a","0xabeb"
"pascal-results/images/05e9a0224c007c65843e6850f7ec61e9ae7df0d9dfb9905b05597a7208f79c0a/files","PAL1","","SYSTEM.APPLE","3b42d8c9396a2ece7f9815ec207709da","4f96b34140a8a88f8fd36f1260d00878","9ccd6c2c443ecea197de5ac2f7f07dd4","PASCALSY;USERPROG;DEBUGGER;PRINTERR;INITIALI;GETCMD;","0;1;2;3;4;5;15","LONGINTI;PASCALIO;TRANSCEN;APPLESTU;TURTLEGR;TURTLEGR","30;31;29;22;20;21","0","0","0","1","0x3000","0x3100","0xd698","0xeaf2","0xd6b6","0xe902","0xd548","0xdb2c","0xd815","0xe99a","0xd85a","0xeb6f","0xeb92","0xdc2a","0xdaf5","0xd55b","0xd842","0xd71f","0xea95","0xd6ce","0xeb00","0xd56e","0xdca1","0xd6e0","0xe949","0xdc8f","0xd766","0xeabd","0xd46b","0xd924","0xdb4e","0xd3f1","0xe5b1","0xd286","0xdbba","0xd24f","0xd963","0xd947","0xd976","0xd333","0xd8c1","0xd43b","0xd534","0xd315","0xd8e3","0xd359","0xd57b","0xe2fc","0xe210","0xddbd","0xddb5","0xddad","0xd39d","0xd485","0xddb9","0xddb1","0xd377","0xdda9","0xd3cb","0xd257","0xd9f8","0xda4e","0xd4b8","0xd4d3","0xd500","0xd51a","0xd9b5","0xe2e7","0xe2b6","0xdf3a","0xdf0c","0xdf04","0xd2c4","0xd28d","0xdf08","0xdf00","0xd2a6","0xdf10","0xd2ea","0xe291","0xe25e","0xe27a","0xd8a9","0xd416","0xd23d","UNIMPL","UNIMPL","0xe67e","0xd67d","0xd23d","0xd299","0xd299","0xd299","0xd299","0xd299","0xd299","0xd299","0xd299","0xd299","0xd299","0xd299","0xd299","0xd299","0xd299","0xd299","0xd299","0xd308","0xd308","0xd308","0xd308","0xd308","0xd308","0xd308","0xd308","0xd308","0xd308","0xd308","0xd308","0xd308","0xd308","0xd308","0xd308","0xd45a","0xd457","0xd457","0xd457","0xd457","0xd457","0xd457","0xd457","0xed26","0xd60c","0xe6f3","0xe6f3","0xe5d9","0xedd9","0xedde","0xe5bb","0xe5cd","0xe694","0xe5c1","0xe5c7","RSRVD","RSRVD","RSRVD","RSRVD","RSRVD","RSRVD","RSRVD","RSRVD","RSRVD","0xe59d","0xe5a7","0xec00","0xebeb","UNIMPL","UNIMPL","UNIMPL","UNIMPL","UNIMPL","UNIMPL","UNIMPL","0xd648","0xd65f","0xed1b","0xed31","0xec15","0xed3f","0xed49","0xe686","0xe757"
"pascal-results/images/cae3d8c4a8115fc00ecfd0d142c5f8a8ec3532a8b17f2d03eb15d7f25bf2e758/files","IACDOC","Also found at: pascal-results/images/594153bea9ab0c81cf1b44f83fb41d28ebfbcc7684454e7e67ad6aa8e9bc21f3/files (volume: IACDOC); pascal-results/images/8a554c4c9d82016a3ed1434d6d64481c57a5f03ad9056add239e89f97c602fff/files (volume: IACDOC); pascal-results/images/36fc5dbe341bbe616830d2c1588fcd07422987c727659b54ef68aa1a183e0dec/files (volume: IACDOC)","SYSTEM.APPLE","1cd11df9e32677f4d3673933d5c996fc","24ca8f71aca82a11063a21463ad22184","1a2d8356bdaf275e103e424084b8a2c9","PASCALSY;USERPROG;DEBUGGER;PRINTERR;INITIALI;GETCMD;FILEPROC;","0;1;2;3;4;5;6;15","PASCALIO;TURTLEGR;TURTLEGR","31;20;21","0x02","0x01","2","1","0x3000","0x3100","0xd6bb","0xecb2","0xd6d9","0xeac2","0xd56b","0xdb57","0xd839","0xeb5a","0xd87e","0xed3f","0xed62","0xdc55","0xdb20","0xd57e","0xd866","0xd742","0xec55","0xd6f1","0xecc0","0xd591","0xdccc","0xd703","0xeb09","0xdcba","0xd789","0xec7d","0xd47b","0xd948","0xdb79","0xd401","0xe630","0xd296","0xdbe5","0xd25f","0xd987","0xd96b","0xd99a","0xd343","0xd8e5","0xd44b","0xd557","0xd325","0xd907","0xd369","0xd59e","0xe33f","0xe253","0xdde8","0xdde0","0xddd8","0xd3ad","0xd495","0xdde4","0xdddc","0xd387","0xddd4","0xd3db","0xd267","0xda1c","0xda72","0xd4c8","0xd4f6","0xd523","0xd53d","0xd9d9","0xe32a","0xe2f9","0xdf65","0xdf37","0xdf2f","0xd2d4","0xd29d","0xdf33","0xdf2b","0xd2b6","0xdf3b","0xd2fa","0xe2d4","0xe2a1","0xe2bd","0xd8cd","0xd426","0xd24d","UNIMPL","UNIMPL","0xe82b","0xd6a0","0xd24d","0xd2a9","0xd2a9","0xd2a9","0xd2a9","0xd2a9","0xd2a9","0xd2a9","0xd2a9","0xd2a9","0xd2a9","0xd2a9","0xd2a9","0xd2a9","0xd2a9","0xd2a9","0xd2a9","0xd318","0xd318","0xd318","0xd318","0xd318","0xd318","0xd318","0xd318","0xd318","0xd318","0xd318","0xd318","0xd318","0xd318","0xd318","0xd318","0xd46a","0xd467","0xd467","0xd467","0xd467","0xd467","0xd467","0xd467","0xef04","0xd62f","0xe8a0","0xe8a0","0xe784","0xf069","0xf06e","0xe63a","0xe640","0xe841","0xe6b2","0xe6f7","0xef27","RSRVD","RSRVD","RSRVD","RSRVD","RSRVD","RSRVD","RSRVD","RSRVD","0xe61c","0xe626","0xedd0","0xedbb","UNIMPL","UNIMPL","UNIMPL","UNIMPL","UNIMPL","UNIMPL","UNIMPL","0xd66b","0xd682","0xeef9","0xef0f","0xede5","0xef1d","0xefa5","0xe833","0xe904"
"pascal-results/images/04db6d8dd6bbb36af30d344a09a047b8f0f00b34594d38ec86f22cbc5f59fe50/files","GREMLIN","Also found at: pascal-results/images/01f257344780a52fb3fb7efa3e422cfb48627a9fc5ea0a54b01a0772ca9fc5d8/files (volume: GRAMLIN); pascal-results/images/37a2e5b7619a4229338e272e3f69da5f8f80e34b48a9104fd2935fb0d8ab6c8c/files (volume: GREMLIN); pascal-results/images/5798ef1e3fdc87006b790391d2f0ce2fe22d70c7758e42eeb87db7b7d7f235e1/files (volume: GREMLIN); pascal-results/images/5e1643ff34f0193f586b3c06a01101e4ea370e029ad4f939c632d9800b66452c/files (volume: GRAMLIN)","SYSTEM.APPLE","2aa741575266a5359e1579020a1b864d","064a1a1c1d36528e660900a2e609d158","38ec1e865ae16bc0be6b4f32640d9d09","PASCALSY;USERPROG;FIOPRIMS;PRINTERR;INITIALI;GETCMD;SYSIO;","0;1;2;3;4;5;6;15","CHAINSTU;APPLESTU;SHORTGRA;SHORTGRA","28;22;20;21","0x04","0x01","6","6","0x3000","0x3100","0xd71c","0xecc8","0xd73a","0xead8","0xd5c0","0xdbbc","0xd89e","0xeb70","0xd8e3","0xed55","0xed78","0xdcba","0xdb85","0xd5d9","0xd8cb","0xd7a7","0xec6b","0xd754","0xecd6","0xd5f2","0xdd31","0xd766","0xeb1f","0xdd1f","0xd7ee","0xec93","0xd4cd","0xd9ad","0xdbde","0xd453","0xe6bd","0xd302","0xdc4a","0xd2c9","0xd9ec","0xd9d0","0xd9ff","0xd3a0","0xd94a","0xd49d","0xd5ac","0xd384","0xd96c","0xd3bd","0xd5ff","0xe3bc","0xe2d0","0xde4d","0xde45","0xde3d","0xd3ff","0xd4e7","0xde49","0xde41","0xd3d9","0xde39","0xd42d","0xd2d3","0xda81","0xdad7","0xd51b","0xd54a","0xd578","0xd592","0xda3e","0xe3a7","0xe376","0xdfca","0xdf9c","0xdf94","0xd33e","0xd309","0xdf98","0xdf90","0xd322","0xdfa0","0xd35b","0xe351","0xe31e","0xe33a","0xd932","0xd478","0xd2b6","UNIMPL","UNIMPL","0xe841","0xd701","0xd2b6","0xd315","0xd315","0xd315","0xd315","0xd315","0xd315","0xd315","0xd315","0xd315","0xd315","0xd315","0xd315","0xd315","0xd315","0xd315","0xd315","0xd377","0xd377","0xd377","0xd377","0xd377","0xd377","0xd377","0xd377","0xd377","0xd377","0xd377","0xd377","0xd377","0xd377","0xd377","0xd377","0xd4bc","0xd4b9","0xd4b9","0xd4b9","0xd4b9","0xd4b9","0xd4b9","0xd4b9","0xef1a","0xd690","0xe8b6","0xe8b6","0xe79a","0xf082","0xf087","UNIMPL","UNIMPL","0xe857","0xe6c8","0xe70d","0xef3d","RSRVD","RSRVD","RSRVD","RSRVD","RSRVD","RSRVD","RSRVD","RSRVD","0xe6a9","0xe6b3","0xede6","0xedd1","UNIMPL","UNIMPL","UNIMPL","UNIMPL","UNIMPL","UNIMPL","UNIMPL","0xd6cc","0xd6e3","0xef0f","0xef25","0xedfb","0xef33","0xefb8","0xe849","0xe91a"
"pascal-results/images/2173f4ca65724806c05c6538006e50ed6ea66fb9e19db12c5f635bcbd6770c97/files","FKBDRUN","","SYSTEM.APPLE","b171707fed34e35c30375a6601fc8829","5a160e53833eab6ae1008555f4fc7d8f","d741faf1704b237ae3026c0cd9486bfc","PASCALSY;USERPROG;SYSIO;PRINTERR;INITIALI;GETCMD;FIOPRIMS;","0;1;2;3;4;5;6;15","CHAINSTU;APPLESTU;SHORTGRA;SHORTGRA;INTROLIB;INTROLIB;TYPE1UNI;SHIFTUNI;TYPE3UNI","28;22;20;21;26;27;25;23;24","0x02","0x0b","2","2","0x3000","0x3100","0xd6fb","0xec7a","0xd719","0xea8a","0xd5ab","0xdb97","0xd879","0xeb22","0xd8be","0xed07","0xed2a","0xdc95","0xdb60","0xd5be","0xd8a6","0xd782","0xec1d","0xd731","0xec88","0xd5d1","0xdd0c","0xd743","0xead1","0xdcfa","0xd7c9","0xec45","0xd4bb","0xd988","0xdbb9","0xd441","0xe670","0xd2d6","0xdc25","0xd29f","0xd9c7","0xd9ab","0xd9da","0xd383","0xd925","0xd48b","0xd597","0xd365","0xd947","0xd3a9","0xd5de","0xe37f","0xe293","0xde28","0xde20","0xde18","0xd3ed","0xd4d5","0xde24","0xde1c","0xd3c7","0xde14","0xd41b","0xd2a7","0xda5c","0xdab2","0xd508","0xd536","0xd563","0xd57d","0xda19","0xe36a","0xe339","0xdfa5","0xdf77","0xdf6f","0xd314","0xd2dd","0xdf73","0xdf6b","0xd2f6","0xdf7b","0xd33a","0xe314","0xe2e1","0xe2fd","0xd90d","0xd466","0xd28d","UNIMPL","UNIMPL","0xe7f3","0xd6e0","0xd28d","0xd2e9","0xd2e9","0xd2e9","0xd2e9","0xd2e9","0xd2e9","0xd2e9","0xd2e9","0xd2e9","0xd2e9","0xd2e9","0xd2e9","0xd2e9","0xd2e9","0xd2e9","0xd2e9","0xd358","0xd358","0xd358","0xd358","0xd358","0xd358","0xd358","0xd358","0xd358","0xd358","0xd358","0xd358","0xd358","0xd358","0xd358","0xd358","0xd4aa","0xd4a7","0xd4a7","0xd4a7","0xd4a7","0xd4a7","0xd4a7","0xd4a7","0xeecc","0xd66f","0xe868","0xe868","0xe74c","0xf031","0xf036","UNIMPL","UNIMPL","0xe809","0xe67a","0xe6bf","0xeeef","RSRVD","RSRVD","RSRVD","RSRVD","RSRVD","RSRVD","RSRVD","RSRVD","0xe65c","0xe666","0xed98","0xed83","UNIMPL","UNIMPL","UNIMPL","UNIMPL","UNIMPL","UNIMPL","UNIMPL","0xd6ab","0xd6c2","0xeec1","0xeed7","0xedad","0xeee5","0xef6d","0xe7fb","0xe8cc"
"pascal-results/images/79e5b9d8807a2e620954782b4e69c4581a86acc8e2e26b823105e9e72f5101d0/files","WGBJV10","","RTSTND.APPLE","ce9d6115f2692d5f504978a3037b43b6","5c506ea6b2f881bdf9adc4800346cafa","335c6a2b10734798424785fe161cf21a","PASCALSY;USERPROG;SYSIO;PRINTERR;INITIALI;GETCMD;FIOPRIMS","0;1;2;3;4;5;6","PASCALIO;LONGINTI;CHAINSTU;TRANSCEN;TURTLEGR;TURTLEGR;APPLESTU","31;30;28;29;20;21;22","0x02","0x02","2","2","0x0400","0x0500","0x93e3","0xa962","0x9401","0xa772","0x92ab","0x987f","0x9561","0xa80a","0x95a6","0xa9ef","0xaa12","0x997d","0x9848","0x92be","0x958e","0x946a","0xa905","0x9419","0xa970","0x92d1","0x99f4","0x942b","0xa7b9","0x99e2","0x94b1","0xa92d","0x91bb","0x9670","0x98a1","0x9141","0xa358","0x8fd6","0x990d","0x8f9f","0x96af","0x9693","0x96c2","0x9083","0x960d","0x918b","0x9297","0x9065","0x962f","0x90a9","0x92de","0xa067","0x9f7b","0x9b10","0x9b08","0x9b00","0x90ed","0x91d5","0x9b0c","0x9b04","0x90c7","0x9afc","0x911b","0x8fa7","0x9744","0x979a","0x9208","0x9236","0x9263","0x927d","0x9701","0xa052","0xa021","0x9c8d","0x9c5f","0x9c57","0x9014","0x8fdd","0x9c5b","0x9c53","0x8ff6","0x9c63","0x903a","0x9ffc","0x9fc9","0x9fe5","0x95f5","0x9166","0x8f8d","UNIMPL","UNIMPL","0xa4db","0x93e0","0x8f8d","0x8fe9","0x8fe9","0x8fe9","0x8fe9","0x8fe9","0x8fe9","0x8fe9","0x8fe9","0x8fe9","0x8fe9","0x8fe9","0x8fe9","0x8fe9","0x8fe9","0x8fe9","0x8fe9","0x9058","0x9058","0x9058","0x9058","0x9058","0x9058","0x9058","0x9058","0x9058","0x9058","0x9058","0x9058","0x9058","0x9058","0x9058","0x9058","0x91aa","0x91a7","0x91a7","0x91a7","0x91a7","0x91a7","0x91a7","0x91a7","0xabb4","0x936f","0xa550","0xa550","0xa434","0xad19","0xad1e","UNIMPL","UNIMPL","0xa4f1","0xa362","0xa3a7","0xabd7","RSRVD","RSRVD","RSRVD","RSRVD","RSRVD","RSRVD","RSRVD","RSRVD","0xa344","0xa34e","0xaa80","0xaa6b","UNIMPL","UNIMPL","UNIMPL","UNIMPL","UNIMPL","UNIMPL","UNIMPL","0x93ab","0x93c2","0xaba9","0xabbf","0xaa95","0xabcd","0xac55","0xa4e3","0xa5b4"
"pascal-results/images/eebcbe2648a1e7c2120f04096cd4a48c9236f66756b38b47d06a5e6487aca638/files","KBDRUN","","SYSTEM.APPLE","853d66e7918044b3028339cc6b595e85","5a160e53833eab6ae1008555f4fc7d8f","none","PASCALSY;USERPROG;SYSIO;PRINTERR;INITIALI;GETCMD;FIOPRIMS;","0;1;2;3;4;5;6;15","","","0x02","0x0b","2","0","0x3000","0x3100","0xd6fb","0xec7a","0xd719","0xea8a","0xd5ab","0xdb97","0xd879","0xeb22","0xd8be","0xed07","0xed2a","0xdc95","0xdb60","0xd5be","0xd8a6","0xd782","0xec1d","0xd731","0xec88","0xd5d1","0xdd0c","0xd743","0xead1","0xdcfa","0xd7c9","0xec45","0xd4bb","0xd988","0xdbb9","0xd441","0xe670","0xd2d6","0xdc25","0xd29f","0xd9c7","0xd9ab","0xd9da","0xd383","0xd925","0xd48b","0xd597","0xd365","0xd947","0xd3a9","0xd5de","0xe37f","0xe293","0xde28","0xde20","0xde18","0xd3ed","0xd4d5","0xde24","0xde1c","0xd3c7","0xde14","0xd41b","0xd2a7","0xda5c","0xdab2","0xd508","0xd536","0xd563","0xd57d","0xda19","0xe36a","0xe339","0xdfa5","0xdf77","0xdf6f","0xd314","0xd2dd","0xdf73","0xdf6b","0xd2f6","0xdf7b","0xd33a","0xe314","0xe2e1","0xe2fd","0xd90d","0xd466","0xd28d","UNIMPL","UNIMPL","0xe7f3","0xd6e0","0xd28d","0xd2e9","0xd2e9","0xd2e9","0xd2e9","0xd2e9","0xd2e9","0xd2e9","0xd2e9","0xd2e9","0xd2e9","0xd2e9","0xd2e9","0xd2e9","0xd2e9","0xd2e9","0xd2e9","0xd358","0xd358","0xd358","0xd358","0xd358","0xd358","0xd358","0xd358","0xd358","0xd358","0xd358","0xd358","0xd358","0xd358","0xd358","0xd358","0xd4aa","0xd4a7","0xd4a7","0xd4a7","0xd4a7","0xd4a7","0xd4a7","0xd4a7","0xeecc","0xd66f","0xe868","0xe868","0xe74c","0xf031","0xf036","UNIMPL","UNIMPL","0xe809","0xe67a","0xe6bf","0xeeef","RSRVD","RSRVD","RSRVD","RSRVD","RSRVD","RSRVD","RSRVD","RSRVD","0xe65c","0xe666","0xed98","0xed83","UNIMPL","UNIMPL","UNIMPL","UNIMPL","UNIMPL","UNIMPL","UNIMPL","0xd6ab","0xd6c2","0xeec1","0xeed7","0xedad","0xeee5","0xef6d","0xe7fb","0xe8cc"
"pascal-results/images/e368ba1dc37000c40846a25f33fdbd784767f63711c25fc682b7c1686658db20/files","NO.DEMO","","SYSTEM.APPLE","b171707fed34e35c30375a6601fc8829","5a160e53833eab6ae1008555f4fc7d8f","da193fd85f350807024c76102c51da1c","PASCALSY;USERPROG;SYSIO;PRINTERR;INITIALI;GETCMD;FIOPRIMS;","0;1;2;3;4;5;6;15","CHAINSTU;APPLESTU;SHORTGRA;SHORTGRA;ASMLIB;INTROLIB;INTROLIB;TYPE1UNI;TYPE2UNI;TYPE3UNI","28;22;20;21;29;26;27;25;23;24","0x02","0x0b","2","2","0x3000","0x3100","0xd6fb","0xec7a","0xd719","0xea8a","0xd5ab","0xdb97","0xd879","0xeb22","0xd8be","0xed07","0xed2a","0xdc95","0xdb60","0xd5be","0xd8a6","0xd782","0xec1d","0xd731","0xec88","0xd5d1","0xdd0c","0xd743","0xead1","0xdcfa","0xd7c9","0xec45","0xd4bb","0xd988","0xdbb9","0xd441","0xe670","0xd2d6","0xdc25","0xd29f","0xd9c7","0xd9ab","0xd9da","0xd383","0xd925","0xd48b","0xd597","0xd365","0xd947","0xd3a9","0xd5de","0xe37f","0xe293","0xde28","0xde20","0xde18","0xd3ed","0xd4d5","0xde24","0xde1c","0xd3c7","0xde14","0xd41b","0xd2a7","0xda5c","0xdab2","0xd508","0xd536","0xd563","0xd57d","0xda19","0xe36a","0xe339","0xdfa5","0xdf77","0xdf6f","0xd314","0xd2dd","0xdf73","0xdf6b","0xd2f6","0xdf7b","0xd33a","0xe314","0xe2e1","0xe2fd","0xd90d","0xd466","0xd28d","UNIMPL","UNIMPL","0xe7f3","0xd6e0","0xd28d","0xd2e9","0xd2e9","0xd2e9","0xd2e9","0xd2e9","0xd2e9","0xd2e9","0xd2e9","0xd2e9","0xd2e9","0xd2e9","0xd2e9","0xd2e9","0xd2e9","0xd2e9","0xd2e9","0xd358","0xd358","0xd358","0xd358","0xd358","0xd358","0xd358","0xd358","0xd358","0xd358","0xd358","0xd358","0xd358","0xd358","0xd358","0xd358","0xd4aa","0xd4a7","0xd4a7","0xd4a7","0xd4a7","0xd4a7","0xd4a7","0xd4a7","0xeecc","0xd66f","0xe868","0xe868","0xe74c","0xf031","0xf036","UNIMPL","UNIMPL","0xe809","0xe67a","0xe6bf","0xeeef","RSRVD","RSRVD","RSRVD","RSRVD","RSRVD","RSRVD","RSRVD","RSRVD","0xe65c","0xe666","0xed98","0xed83","UNIMPL","UNIMPL","UNIMPL","UNIMPL","UNIMPL","UNIMPL","UNIMPL","0xd6ab","0xd6c2","0xeec1","0xeed7","0xedad","0xeee5","0xef6d","0xe7fb","0xe8cc"
"pascal-results/images/58c529c6b702b9dc48f59ec88ff8a938154feeabfc874d94c13e8e12b0be67e2/files","QUILT","","SYSTEM.APPLE","1cd11df9e32677f4d3673933d5c996fc","24ca8f71aca82a11063a21463ad22184","16ac3c9c49acdaa5a0ca6236128213d4","PASCALSY;USERPROG;DEBUGGER;PRINTERR;INITIALI;GETCMD;FILEPROC;","0;1;2;3;4;5;6;15","CHAINSTU;LOGRAFMO","28;1","0x02","0x01","2","2","0x3000","0x3100","0xd6bb","0xecb2","0xd6d9","0xeac2","0xd56b","0xdb57","0xd839","0xeb5a","0xd87e","0xed3f","0xed62","0xdc55","0xdb20","0xd57e","0xd866","0xd742","0xec55","0xd6f1","0xecc0","0xd591","0xdccc","0xd703","0xeb09","0xdcba","0xd789","0xec7d","0xd47b","0xd948","0xdb79","0xd401","0xe630","0xd296","0xdbe5","0xd25f","0xd987","0xd96b","0xd99a","0xd343","0xd8e5","0xd44b","0xd557","0xd325","0xd907","0xd369","0xd59e","0xe33f","0xe253","0xdde8","0xdde0","0xddd8","0xd3ad","0xd495","0xdde4","0xdddc","0xd387","0xddd4","0xd3db","0xd267","0xda1c","0xda72","0xd4c8","0xd4f6","0xd523","0xd53d","0xd9d9","0xe32a","0xe2f9","0xdf65","0xdf37","0xdf2f","0xd2d4","0xd29d","0xdf33","0xdf2b","0xd2b6","0xdf3b","0xd2fa","0xe2d4","0xe2a1","0xe2bd","0xd8cd","0xd426","0xd24d","UNIMPL","UNIMPL","0xe82b","0xd6a0","0xd24d","0xd2a9","0xd2a9","0xd2a9","0xd2a9","0xd2a9","0xd2a9","0xd2a9","0xd2a9","0xd2a9","0xd2a9","0xd2a9","0xd2a9","0xd2a9","0xd2a9","0xd2a9","0xd2a9","0xd318","0xd318","0xd318","0xd318","0xd318","0xd318","0xd318","0xd318","0xd318","0xd318","0xd318","0xd318","0xd318","0xd318","0xd318","0xd318","0xd46a","0xd467","0xd467","0xd467","0xd467","0xd467","0xd467","0xd467","0xef04","0xd62f","0xe8a0","0xe8a0","0xe784","0xf069","0xf06e","0xe63a","0xe640","0xe841","0xe6b2","0xe6f7","0xef27","RSRVD","RSRVD","RSRVD","RSRVD","RSRVD","RSRVD","RSRVD","RSRVD","0xe61c","0xe626","0xedd0","0xedbb","UNIMPL","UNIMPL","UNIMPL","UNIMPL","UNIMPL","UNIMPL","UNIMPL","0xd66b","0xd682","0xeef9","0xef0f","0xede5","0xef1d","0xefa5","0xe833","0xe904"
"pascal-results/images/8316a638383928b7c233f2240e646f351cf96f915d637df6757dbd3c4d62e541/files","KODBV2","Also found at: pascal-results/images/6ebaf84bb2642c89d093ed28237d26d4ee3c8f61f4b70d9506c8c317a9cc9355/files (volume: KODBV2); pascal-results/images/94e0ac72ec1888a85b3e8e5f27cdf559fbc1d42e97d848b8783969b82abef96b/files (volume: KODBV2); pascal-results/images/09d2e704933260fa9293c75a829fce853ef6f5ec7344a201090f98d4f0faa4a5/files (volume: KODBV2); pascal-results/images/b3f7589e8ad66dadf1ddeb5e8fa076e58e1a6a0db43fcd3bf1bb1fc959ed20b9/files (volume: KODBV2); pascal-results/images/850cde0f0881324ee5ed869c0d927046b8fb810771836504d744a9f666a2d16a/files (volume: KODBV2)","RTSTRP.APPLE","c0cb1ed2afedc7b7bf7c45f8f68c6668","5c506ea6b2f881bdf9adc4800346cafa","335c6a2b10734798424785fe161cf21a","PASCALSY;USERPROG;SYSIO;PRINTERR;INITIALI;GETCMD;FIOPRIMS","0;1;2;3;4;5;6","PASCALIO;LONGINTI;CHAINSTU;TRANSCEN;TURTLEGR;TURTLEGR;APPLESTU","31;30;28;29;20;21;22","0x02","0x05","2","2","0x0400","0x0500","0x9ce3","UNIMPL","0x9d01","UNIMPL","0x9bab","UNIMPL","0x9e61","UNIMPL","0x9ea6","UNIMPL","UNIMPL","UNIMPL","UNIMPL","0x9bbe","0x9e8e","0x9d6a","UNIMPL","0x9d19","UNIMPL","0x9bd1","UNIMPL","0x9d2b","UNIMPL","UNIMPL","0x9db1","UNIMPL","0x9abb","0x9f70","UNIMPL","0x9a41","0xa881","0x98d6","UNIMPL","0x989f","0x9faf","0x9f93","0x9fc2","0x9983","0x9f0d","0x9a8b","0x9b97","0x9965","0x9f2f","0x99a9","0x9bde","0xa590","0xa4a4","0xa179","0xa171","0xa169","0x99ed","0x9ad5","0xa175","0xa16d","0x99c7","0xa165","0x9a1b","0x98a7","0xa044","0xa09a","0x9b08","0x9b36","0x9b63","0x9b7d","0xa001","0xa57b","0xa54a","0xa2bc","0xa28e","0xa286","0x9914","0x98dd","0xa28a","0xa282","0x98f6","0xa292","0x993a","0xa525","0xa4f2","0xa50e","0x9ef5","0x9a66","0x988d","UNIMPL","UNIMPL","0xaa04","0x9ce0","0x988d","0x98e9","0x98e9","0x98e9","0x98e9","0x98e9","0x98e9","0x98e9","0x98e9","0x98e9","0x98e9","0x98e9","0x98e9","0x98e9","0x98e9","0x98e9","0x98e9","0x9958","0x9958","0x9958","0x9958","0x9958","0x9958","0x9958","0x9958","0x9958","0x9958","0x9958","0x9958","0x9958","0x9958","0x9958","0x9958","0x9aaa","0x9aa7","0x9aa7","0x9aa7","0x9aa7","0x9aa7","0x9aa7","0x9aa7","0xab5c","0x9c6f","0xaa79","0xaa79","0xa95d","0xacc1","0xacc6","UNIMPL","UNIMPL","0xaa1a","0xa88b","0xa8d0","0xab7f","RSRVD","RSRVD","RSRVD","RSRVD","RSRVD","RSRVD","RSRVD","RSRVD","0xa86d","0xa877","UNIMPL","UNIMPL","UNIMPL","UNIMPL","UNIMPL","UNIMPL","UNIMPL","UNIMPL","UNIMPL","0x9cab","0x9cc2","0xab51","0xab67","UNIMPL","0xab75","0xabfd","0xaa0c","0xaadd"
"pascal-results/images/f9524988fa85149067df8fef8589c8da50d01652cf7e7b05738d19e13b2de7ea/files","WENG11","","SYSTEM.APPLE","91c02f06172bc131b363d8f516b9baf4","b65565a1b7decb939de9002163debef3","f06acf9e669ee2c63382bed8f2d588d6","PASCALSY;USERPROG;FIOPRIMS;PRINTERR;INITIALI;GETCMD;FILEPROC;","0;1;2;3;4;5;6;15","LONGINTI;PASCALIO;CHAINSTU;APPLESTU;TURTLEGR;TURTLEGR;GSTUFF1;GSTUFF1;SETUP;SETUP;STRINGST","30;31;28;22;20;21;24;25;26;27;29","0x03","0x00","5","5","0x3000","0x3100","0xd6d0","0xecd3","0xd6ee","0xeae3","0xd580","0xdb6c","0xd84e","0xeb7b","0xd893","0xed60","0xed83","0xdc6a","0xdb35","0xd593","0xd87b","0xd757","0xec76","0xd706","0xece1","0xd5a6","0xdce1","0xd718","0xeb2a","0xdccf","0xd79e","0xec9e","0xd48d","0xd95d","0xdb8e","0xd413","0xe650","0xd2a8","0xdbfa","0xd271","0xd99c","0xd980","0xd9af","0xd355","0xd8fa","0xd45d","0xd56c","0xd337","0xd91c","0xd37b","0xd5b3","0xe342","0xe256","0xddfd","0xddf5","0xdded","0xd3bf","0xd4a7","0xddf9","0xddf1","0xd399","0xdde9","0xd3ed","0xd279","0xda31","0xda87","0xd4db","0xd50a","0xd538","0xd552","0xd9ee","0xe32d","0xe2fc","0xdf7a","0xdf4c","0xdf44","0xd2e6","0xd2af","0xdf48","0xdf40","0xd2c8","0xdf50","0xd30c","0xe2d7","0xe2a4","0xe2c0","0xd8e2","0xd438","0xd25e","UNIMPL","UNIMPL","0xe84c","0xd6b5","0xd25e","0xd2bb","0xd2bb","0xd2bb","0xd2bb","0xd2bb","0xd2bb","0xd2bb","0xd2bb","0xd2bb","0xd2bb","0xd2bb","0xd2bb","0xd2bb","0xd2bb","0xd2bb","0xd2bb","0xd32a","0xd32a","0xd32a","0xd32a","0xd32a","0xd32a","0xd32a","0xd32a","0xd32a","0xd32a","0xd32a","0xd32a","0xd32a","0xd32a","0xd32a","0xd32a","0xd47c","0xd479","0xd479","0xd479","0xd479","0xd479","0xd479","0xd479","0xef25","0xd644","0xe8c1","0xe8c1","0xe7a5","0xf08a","0xf08f","0xe65b","0xe661","0xe862","0xe6d3","0xe718","0xef48","RSRVD","RSRVD","RSRVD","RSRVD","RSRVD","RSRVD","RSRVD","RSRVD","0xe63c","0xe646","0xedf1","0xeddc","UNIMPL","UNIMPL","UNIMPL","UNIMPL","UNIMPL","UNIMPL","UNIMPL","0xd680","0xd697","0xef1a","0xef30","0xee06","0xef3e","0xefc6","0xe854","0xe925"
"pascal-results/images/6ff881f94fa9e51828e9fe906f4bc1ecb6183afc018bf63514adb56ee4e689ef/files","R200","Also found at: pascal-results/images/2819281e1cf6536b355f7ff9257649421175d3bf5d53e0485eb83b3dc8b4d9b9/files (volume: R200)","SYSTEM.APPLE","93b3b570ad7d4f281c32863274b7bc4b","064a1a1c1d36528e660900a2e609d158","8eb1de596d9c84a87746a4962512abc5","PASCALSY;USERPROG;FIOPRIMS;PRINTERR;INITIALI;GETCMD;SYSIO;","0;1;2;3;4;5;6;15","GRAFCODE;PASCALIO;CHAINSTU;SHORTGRA;SHORTGRA;MATCHLIB;R22JDEC;R22JDEC;R22JKIT","22;31;28;21;20;29;24;25;26","0x04","0x01","6","6","0x3000","0x3100","0xd71c","0xecc8","0xd73a","0xead8","0xd5c0","0xdbbc","0xd89e","0xeb70","0xd8e3","0xed55","0xed78","0xdcba","0xdb85","0xd5d9","0xd8cb","0xd7a7","0xec6b","0xd754","0xecd6","0xd5f2","0xdd31","0xd766","0xeb1f","0xdd1f","0xd7ee","0xec93","0xd4cd","0xd9ad","0xdbde","0xd453","0xe6bd","0xd302","0xdc4a","0xd2c9","0xd9ec","0xd9d0","0xd9ff","0xd3a0","0xd94a","0xd49d","0xd5ac","0xd384","0xd96c","0xd3bd","0xd5ff","0xe3bc","0xe2d0","0xde4d","0xde45","0xde3d","0xd3ff","0xd4e7","0xde49","0xde41","0xd3d9","0xde39","0xd42d","0xd2d3","0xda81","0xdad7","0xd51b","0xd54a","0xd578","0xd592","0xda3e","0xe3a7","0xe376","0xdfca","0xdf9c","0xdf94","0xd33e","0xd309","0xdf98","0xdf90","0xd322","0xdfa0","0xd35b","0xe351","0xe31e","0xe33a","0xd932","0xd478","0xd2b6","UNIMPL","UNIMPL","0xe841","0xd701","0xd2b6","0xd315","0xd315","0xd315","0xd315","0xd315","0xd315","0xd315","0xd315","0xd315","0xd315","0xd315","0xd315","0xd315","0xd315","0xd315","0xd315","0xd377","0xd377","0xd377","0xd377","0xd377","0xd377","0xd377","0xd377","0xd377","0xd377","0xd377","0xd377","0xd377","0xd377","0xd377","0xd377","0xd4bc","0xd4b9","0xd4b9","0xd4b9","0xd4b9","0xd4b9","0xd4b9","0xd4b9","0xef1a","0xd690","0xe8b6","0xe8b6","0xe79a","0xf082","0xf087","UNIMPL","UNIMPL","0xe857","0xe6c8","0xe70d","0xef3d","RSRVD","RSRVD","RSRVD","RSRVD","RSRVD","RSRVD","RSRVD","RSRVD","0xe6a9","0xe6b3","0xede6","0xedd1","UNIMPL","UNIMPL","UNIMPL","UNIMPL","UNIMPL","UNIMPL","UNIMPL","0xd6cc","0xd6e3","0xef0f","0xef25","0xedfb","0xef33","0xefb8","0xe849","0xe91a"
"pascal-results/images/5e45fb806534bc3e1f618db63eda27e9339bf54b6f5eaaef7d67870685181c71/files","R200","Also found at: pascal-results/images/d302772236254f149f0bd70ca71d8447a7e4df4be716fb9ce6c661bbdc9dc142/files (volume: R200)","SYSTEM.APPLE","93b3b570ad7d4f281c32863274b7bc4b","064a1a1c1d36528e660900a2e609d158","f36b9c139c05c3ad55447f05337f0dfa","PASCALSY;USERPROG;FIOPRIMS;PRINTERR;INITIALI;GETCMD;SYSIO;","0;1;2;3;4;5;6;15","PASCALSY;CHAINSTU;PASCALIO;SHORTGRA;SHORTGRA;R204DEC;R204DEC;R204KIT","0;28;31;21;20;22;23;26","0x04","0x01","6","6","0x3000","0x3100","0xd71c","0xecc8","0xd73a","0xead8","0xd5c0","0xdbbc","0xd89e","0xeb70","0xd8e3","0xed55","0xed78","0xdcba","0xdb85","0xd5d9","0xd8cb","0xd7a7","0xec6b","0xd754","0xecd6","0xd5f2","0xdd31","0xd766","0xeb1f","0xdd1f","0xd7ee","0xec93","0xd4cd","0xd9ad","0xdbde","0xd453","0xe6bd","0xd302","0xdc4a","0xd2c9","0xd9ec","0xd9d0","0xd9ff","0xd3a0","0xd94a","0xd49d","0xd5ac","0xd384","0xd96c","0xd3bd","0xd5ff","0xe3bc","0xe2d0","0xde4d","0xde45","0xde3d","0xd3ff","0xd4e7","0xde49","0xde41","0xd3d9","0xde39","0xd42d","0xd2d3","0xda81","0xdad7","0xd51b","0xd54a","0xd578","0xd592","0xda3e","0xe3a7","0xe376","0xdfca","0xdf9c","0xdf94","0xd33e","0xd309","0xdf98","0xdf90","0xd322","0xdfa0","0xd35b","0xe351","0xe31e","0xe33a","0xd932","0xd478","0xd2b6","UNIMPL","UNIMPL","0xe841","0xd701","0xd2b6","0xd315","0xd315","0xd315","0xd315","0xd315","0xd315","0xd315","0xd315","0xd315","0xd315","0xd315","0xd315","0xd315","0xd315","0xd315","0xd315","0xd377","0xd377","0xd377","0xd377","0xd377","0xd377","0xd377","0xd377","0xd377","0xd377","0xd377","0xd377","0xd377","0xd377","0xd377","0xd377","0xd4bc","0xd4b9","0xd4b9","0xd4b9","0xd4b9","0xd4b9","0xd4b9","0xd4b9","0xef1a","0xd690","0xe8b6","0xe8b6","0xe79a","0xf082","0xf087","UNIMPL","UNIMPL","0xe857","0xe6c8","0xe70d","0xef3d","RSRVD","RSRVD","RSRVD","RSRVD","RSRVD","RSRVD","RSRVD","RSRVD","0xe6a9","0xe6b3","0xede6","0xedd1","UNIMPL","UNIMPL","UNIMPL","UNIMPL","UNIMPL","UNIMPL","UNIMPL","0xd6cc","0xd6e3","0xef0f","0xef25","0xedfb","0xef33","0xefb8","0xe849","0xe91a"
"pascal-results/images/b54bdabfa2fc4cfdfc51a22b510809ffbfb4c8083e46c917a31e87c2d90893dc/files","AW.D2B","","SYSTEM.APPLE","2aa741575266a5359e1579020a1b864d","064a1a1c1d36528e660900a2e609d158","a38de926ba0a6cf108984543655e45ff","PASCALSY;USERPROG;FIOPRIMS;PRINTERR;INITIALI;GETCMD;SYSIO;","0;1;2;3;4;5;6;15","CHAINSTU;PCSDSTUF;PCSDSTUF;AWSTUFF;AWSTUFF","28;25;26;23;24","0x04","0x01","6","6","0x3000","0x3100","0xd71c","0xecc8","0xd73a","0xead8","0xd5c0","0xdbbc","0xd89e","0xeb70","0xd8e3","0xed55","0xed78","0xdcba","0xdb85","0xd5d9","0xd8cb","0xd7a7","0xec6b","0xd754","0xecd6","0xd5f2","0xdd31","0xd766","0xeb1f","0xdd1f","0xd7ee","0xec93","0xd4cd","0xd9ad","0xdbde","0xd453","0xe6bd","0xd302","0xdc4a","0xd2c9","0xd9ec","0xd9d0","0xd9ff","0xd3a0","0xd94a","0xd49d","0xd5ac","0xd384","0xd96c","0xd3bd","0xd5ff","0xe3bc","0xe2d0","0xde4d","0xde45","0xde3d","0xd3ff","0xd4e7","0xde49","0xde41","0xd3d9","0xde39","0xd42d","0xd2d3","0xda81","0xdad7","0xd51b","0xd54a","0xd578","0xd592","0xda3e","0xe3a7","0xe376","0xdfca","0xdf9c","0xdf94","0xd33e","0xd309","0xdf98","0xdf90","0xd322","0xdfa0","0xd35b","0xe351","0xe31e","0xe33a","0xd932","0xd478","0xd2b6","UNIMPL","UNIMPL","0xe841","0xd701","0xd2b6","0xd315","0xd315","0xd315","0xd315","0xd315","0xd315","0xd315","0xd315","0xd315","0xd315","0xd315","0xd315","0xd315","0xd315","0xd315","0xd315","0xd377","0xd377","0xd377","0xd377","0xd377","0xd377","0xd377","0xd377","0xd377","0xd377","0xd377","0xd377","0xd377","0xd377","0xd377","0xd377","0xd4bc","0xd4b9","0xd4b9","0xd4b9","0xd4b9","0xd4b9","0xd4b9","0xd4b9","0xef1a","0xd690","0xe8b6","0xe8b6","0xe79a","0xf082","0xf087","UNIMPL","UNIMPL","0xe857","0xe6c8","0xe70d","0xef3d","RSRVD","RSRVD","RSRVD","RSRVD","RSRVD","RSRVD","RSRVD","RSRVD","0xe6a9","0xe6b3","0xede6","0xedd1","UNIMPL","UNIMPL","UNIMPL","UNIMPL","UNIMPL","UNIMPL","UNIMPL","0xd6cc","0xd6e3","0xef0f","0xef25","0xedfb","0xef33","0xefb8","0xe849","0xe91a"
"pascal-results/images/4f5aa508933eab03aeffb83283980c19f6bb9122fe77df78f79b72a4efd20832/files","INGLESE","","SYSTEM.APPLE","2ff0b3316b2947998c1cb41cce82334f","6c67161a696176ededdc0f018dc1c438","ac595f867cdb7db3bea6a244aec83cfd","PASCALSY;USERPROG;FIOPRIMS;PRINTERR;INITIALI;GETCMD;FILEPROC;","0;1;2;3;4;5;6;15","LONGINTI;PASCALIO;CHAINSTU;TURTLEGR;TURTLEGR;APPLESTU;INGUNIT;INGUNIT;VOCUNITC","30;31;28;20;21;22;23;24;19","0x03","0x40","5","5","0x3000","0x3100","0xd739","0xf13a","0xd757","0xef4a","0xd5e6","0xdcab","0xd8b7","0xefe2","0xd8fc","0xf1c7","0xf1ea","0xddaf","0xdc74","0xd5f9","0xd8e4","0xd7c0","0xf0dd","0xd76f","0xf148","0xd60c","0xde26","0xd781","0xef91","0xde14","0xd807","0xf105","0xd4de","0xda90","0xdccd","0xd452","0xea81","0xd2d2","0xdd39","0xd292","0xdacf","0xdab3","0xdae2","0xd382","0xd9a1","0xd4a8","0xd5d2","0xd364","0xda49","0xd3a8","0xd619","0xe4fd","0xe3db","0xdf42","0xdf3a","0xdf32","0xd3f2","0xd4f8","0xdf3e","0xdf36","0xd3c6","0xdf2e","0xd426","0xd29a","0xdb70","0xdbc6","0xd535","0xd56a","0xd59e","0xd5b8","0xdb21","0xe4e8","0xe4b1","0xe0c5","0xe097","0xe08f","0xd313","0xd2d9","0xe093","0xe08b","0xd2f5","0xe09b","0xd339","0xe47a","0xe43b","0xe45d","0xd97b","0xd47d","0xd279","UNIMPL","UNIMPL","0xecad","0xd71e","0xd279","0xd2e8","0xd2e8","0xd2e8","0xd2e8","0xd2e8","0xd2e8","0xd2e8","0xd2e8","0xd2e8","0xd2e8","0xd2e8","0xd2e8","0xd2e8","0xd2e8","0xd2e8","0xd2e8","0xd357","0xd357","0xd357","0xd357","0xd357","0xd357","0xd357","0xd357","0xd357","0xd357","0xd357","0xd357","0xd357","0xd357","0xd357","0xd357","0xd4cd","0xd4ca","0xd4ca","0xd4ca","0xd4ca","0xd4ca","0xd4ca","0xd4ca","0xf38c","0xd6ad","0xed22","0xed22","0xebdc","0xf4f1","0xf4f6","0xea92","0xea98","0xecc3","0xeb0a","0xeb4f","0xf3af","RSRVD","RSRVD","RSRVD","RSRVD","RSRVD","RSRVD","RSRVD","RSRVD","0xea6d","0xea77","0xf258","0xf243","UNIMPL","UNIMPL","UNIMPL","UNIMPL","UNIMPL","UNIMPL","UNIMPL","0xd6e9","0xd700","0xf381","0xf397","0xf26d","0xf3a5","0xf42d","0xecb5","0xed8c"
"pascal-results/images/8e87c6ccba39c94eb7ffe8a46f3bfcf8934964608886c59412f90699f05603ee/files","NO.DEMO","","SYSTEM.APPLE","b171707fed34e35c30375a6601fc8829","5a160e53833eab6ae1008555f4fc7d8f","3198f75f70f6681b950b877796af90a1","PASCALSY;USERPROG;SYSIO;PRINTERR;INITIALI;GETCMD;FIOPRIMS;","0;1;2;3;4;5;6;15","CHAINSTU;APPLESTU;SHORTGRA;SHORTGRA;ASMLIB;INTROLIB;INTROLIB;TYPE1UNI;TYPE2UNI;TYPE3UNI","28;22;20;21;29;26;27;25;23;24","0x02","0x0b","2","2","0x3000","0x3100","0xd6fb","0xec7a","0xd719","0xea8a","0xd5ab","0xdb97","0xd879","0xeb22","0xd8be","0xed07","0xed2a","0xdc95","0xdb60","0xd5be","0xd8a6","0xd782","0xec1d","0xd731","0xec88","0xd5d1","0xdd0c","0xd743","0xead1","0xdcfa","0xd7c9","0xec45","0xd4bb","0xd988","0xdbb9","0xd441","0xe670","0xd2d6","0xdc25","0xd29f","0xd9c7","0xd9ab","0xd9da","0xd383","0xd925","0xd48b","0xd597","0xd365","0xd947","0xd3a9","0xd5de","0xe37f","0xe293","0xde28","0xde20","0xde18","0xd3ed","0xd4d5","0xde24","0xde1c","0xd3c7","0xde14","0xd41b","0xd2a7","0xda5c","0xdab2","0xd508","0xd536","0xd563","0xd57d","0xda19","0xe36a","0xe339","0xdfa5","0xdf77","0xdf6f","0xd314","0xd2dd","0xdf73","0xdf6b","0xd2f6","0xdf7b","0xd33a","0xe314","0xe2e1","0xe2fd","0xd90d","0xd466","0xd28d","UNIMPL","UNIMPL","0xe7f3","0xd6e0","0xd28d","0xd2e9","0xd2e9","0xd2e9","0xd2e9","0xd2e9","0xd2e9","0xd2e9","0xd2e9","0xd2e9","0xd2e9","0xd2e9","0xd2e9","0xd2e9","0xd2e9","0xd2e9","0xd2e9","0xd358","0xd358","0xd358","0xd358","0xd358","0xd358","0xd358","0xd358","0xd358","0xd358","0xd358","0xd358","0xd358","0xd358","0xd358","0xd358","0xd4aa","0xd4a7","0xd4a7","0xd4a7","0xd4a7","0xd4a7","0xd4a7","0xd4a7","0xeecc","0xd66f","0xe868","0xe868","0xe74c","0xf031","0xf036","UNIMPL","UNIMPL","0xe809","0xe67a","0xe6bf","0xeeef","RSRVD","RSRVD","RSRVD","RSRVD","RSRVD","RSRVD","RSRVD","RSRVD","0xe65c","0xe666","0xed98","0xed83","UNIMPL","UNIMPL","UNIMPL","UNIMPL","UNIMPL","UNIMPL","UNIMPL","0xd6ab","0xd6c2","0xeec1","0xeed7","0xedad","0xeee5","0xef6d","0xe7fb","0xe8cc"
"pascal-results/images/6f2f47659078223c3a3445ef4d8849d869c392891c5ab6b647143532d9d203e7/files","DISK6","","SYSTEM.APPLE","c78f77265aae0f6d9764cb4c91258c16","681977fa5a87ea54fa170ffa23b45848","46df132fa8b88f8c447f4cd8be86f656","PASCALSY;USERPROG;FIOPRIMS;PRINTERR;INITIALI;GETCMD;SYSIO;","0;1;2;3;4;5;6;15","LONGINTI;PASCALIO;SCREENIO;SCREENIO;CONVERT;SUBSYS;SUBSYS","30;31;16;17;34;23;24","0x04","0x41","6","6","0x3000","0x3100","0xd791","0xf302","0xd7af","0xf112","0xd632","0xdd07","0xd913","0xf1aa","0xd958","0xf38f","0xf3b2","0xde0b","0xdcd0","0xd64b","0xd940","0xd81c","0xf2a5","0xd7c9","0xf310","0xd664","0xde82","0xd7db","0xf159","0xde70","0xd863","0xf2cd","0xd52a","0xdaec","0xdd29","0xd49e","0xecc1","0xd338","0xdd95","0xd2f6","0xdb2b","0xdb0f","0xdb3e","0xd3d9","0xd9fd","0xd4f4","0xd61e","0xd3bd","0xdaa5","0xd3f6","0xd671","0xe583","0xe461","0xdf9e","0xdf96","0xdf8e","0xd43e","0xd544","0xdf9a","0xdf92","0xd412","0xdf8a","0xd472","0xd300","0xdbcc","0xdc22","0xd581","0xd5b6","0xd5ea","0xd604","0xdb7d","0xe56e","0xe537","0xe121","0xe0f3","0xe0eb","0xd377","0xd33f","0xe0ef","0xe0e7","0xd35b","0xe0f7","0xd394","0xe500","0xe4c1","0xe4e3","0xd9d7","0xd4c9","0xd2dd","UNIMPL","UNIMPL","0xee75","0xd776","0xd2dd","0xd34e","0xd34e","0xd34e","0xd34e","0xd34e","0xd34e","0xd34e","0xd34e","0xd34e","0xd34e","0xd34e","0xd34e","0xd34e","0xd34e","0xd34e","0xd34e","0xd3b0","0xd3b0","0xd3b0","0xd3b0","0xd3b0","0xd3b0","0xd3b0","0xd3b0","0xd3b0","0xd3b0","0xd3b0","0xd3b0","0xd3b0","0xd3b0","0xd3b0","0xd3b0","0xd519","0xd516","0xd516","0xd516","0xd516","0xd516","0xd516","0xd516","0xf554","0xd705","0xeeea","0xeeea","0xeda4","0xf6bc","0xf6c1","UNIMPL","UNIMPL","0xee8b","0xecd2","0xed17","0xf577","RSRVD","RSRVD","RSRVD","RSRVD","RSRVD","RSRVD","RSRVD","RSRVD","0xecad","0xecb7","0xf420","0xf40b","UNIMPL","UNIMPL","UNIMPL","UNIMPL","UNIMPL","UNIMPL","UNIMPL","0xd741","0xd758","0xf549","0xf55f","0xf435","0xf56d","0xf5f2","0xee7d","0xef54"
"pascal-results/images/bdb6d083032c1c5faf99c53b49d4f2902c59d1e99c155c754d62e5b8ba48268a/files","MEGAWTR","","SYSTEM.APPLE","08e1a6bec6f5235f0903b78f808ed1fe","24ca8f71aca82a11063a21463ad22184","c1b147d43fba567c484240d06018af4e","PASCALSY;USERPROG;DEBUGGER;PRINTERR;INITIALI;GETCMD;FILEPROC;","0;1;2;3;4;5;6;15","PASCUNT;PASCUNT;CHAINSTU;DIRSTUFF;DIRSTUFF;SCREENUT;SCREENUT;DOSUNIT;DOSUNIT","29;30;28;26;27;23;24;20;21","0x02","0x01","2","2","0x3000","0x3100","0xd6bb","0xecb2","0xd6d9","0xeac2","0xd56b","0xdb57","0xd839","0xeb5a","0xd87e","0xed3f","0xed62","0xdc55","0xdb20","0xd57e","0xd866","0xd742","0xec55","0xd6f1","0xecc0","0xd591","0xdccc","0xd703","0xeb09","0xdcba","0xd789","0xec7d","0xd47b","0xd948","0xdb79","0xd401","0xe630","0xd296","0xdbe5","0xd25f","0xd987","0xd96b","0xd99a","0xd343","0xd8e5","0xd44b","0xd557","0xd325","0xd907","0xd369","0xd59e","0xe33f","0xe253","0xdde8","0xdde0","0xddd8","0xd3ad","0xd495","0xdde4","0xdddc","0xd387","0xddd4","0xd3db","0xd267","0xda1c","0xda72","0xd4c8","0xd4f6","0xd523","0xd53d","0xd9d9","0xe32a","0xe2f9","0xdf65","0xdf37","0xdf2f","0xd2d4","0xd29d","0xdf33","0xdf2b","0xd2b6","0xdf3b","0xd2fa","0xe2d4","0xe2a1","0xe2bd","0xd8cd","0xd426","0xd24d","UNIMPL","UNIMPL","0xe82b","0xd6a0","0xd24d","0xd2a9","0xd2a9","0xd2a9","0xd2a9","0xd2a9","0xd2a9","0xd2a9","0xd2a9","0xd2a9","0xd2a9","0xd2a9","0xd2a9","0xd2a9","0xd2a9","0xd2a9","0xd2a9","0xd318","0xd318","0xd318","0xd318","0xd318","0xd318","0xd318","0xd318","0xd318","0xd318","0xd318","0xd318","0xd318","0xd318","0xd318","0xd318","0xd46a","0xd467","0xd467","0xd467","0xd467","0xd467","0xd467","0xd467","0xef04","0xd62f","0xe8a0","0xe8a0","0xe784","0xf069","0xf06e","0xe63a","0xe640","0xe841","0xe6b2","0xe6f7","0xef27","RSRVD","RSRVD","RSRVD","RSRVD","RSRVD","RSRVD","RSRVD","RSRVD","0xe61c","0xe626","0xedd0","0xedbb","UNIMPL","UNIMPL","UNIMPL","UNIMPL","UNIMPL","UNIMPL","UNIMPL","0xd66b","0xd682","0xeef9","0xef0f","0xede5","0xef1d","0xefa5","0xe833","0xe904"
"pascal-results/images/cb21fd8799b8d0791a8ae1fdf77f29af4aa737494bf7f5553d7384f878d2b2be/files","SPTY","","SYSTEM.APPLE","7ca3d0e427b316da81dd54e82edc8d11","24ca8f71aca82a11063a21463ad22184","b4f572465ea25ceb71a5f3076e17f902","PASCALSY;USERPROG;DEBUGGER;PRINTERR;INITIALI;GETCMD;FILEPROC;","0;1;2;3;4;5;6;15","PASCALIO;CHAINSTU;SHORTGRA;SHORTGRA;APPLESTU;LONGINTI;TGRAF;TGRAF","31;28;20;21;22;30;25;26","0x02","0x01","2","2","0x3000","0x3100","0xd6bb","0xecb2","0xd6d9","0xeac2","0xd56b","0xdb57","0xd839","0xeb5a","0xd87e","0xed3f","0xed62","0xdc55","0xdb20","0xd57e","0xd866","0xd742","0xec55","0xd6f1","0xecc0","0xd591","0xdccc","0xd703","0xeb09","0xdcba","0xd789","0xec7d","0xd47b","0xd948","0xdb79","0xd401","0xe630","0xd296","0xdbe5","0xd25f","0xd987","0xd96b","0xd99a","0xd343","0xd8e5","0xd44b","0xd557","0xd325","0xd907","0xd369","0xd59e","0xe33f","0xe253","0xdde8","0xdde0","0xddd8","0xd3ad","0xd495","0xdde4","0xdddc","0xd387","0xddd4","0xd3db","0xd267","0xda1c","0xda72","0xd4c8","0xd4f6","0xd523","0xd53d","0xd9d9","0xe32a","0xe2f9","0xdf65","0xdf37","0xdf2f","0xd2d4","0xd29d","0xdf33","0xdf2b","0xd2b6","0xdf3b","0xd2fa","0xe2d4","0xe2a1","0xe2bd","0xd8cd","0xd426","0xd24d","UNIMPL","UNIMPL","0xe82b","0xd6a0","0xd24d","0xd2a9","0xd2a9","0xd2a9","0xd2a9","0xd2a9","0xd2a9","0xd2a9","0xd2a9","0xd2a9","0xd2a9","0xd2a9","0xd2a9","0xd2a9","0xd2a9","0xd2a9","0xd2a9","0xd318","0xd318","0xd318","0xd318","0xd318","0xd318","0xd318","0xd318","0xd318","0xd318","0xd318","0xd318","0xd318","0xd318","0xd318","0xd318","0xd46a","0xd467","0xd467","0xd467","0xd467","0xd467","0xd467","0xd467","0xef04","0xd62f","0xe8a0","0xe8a0","0xe784","0xf069","0xf06e","0xe63a","0xe640","0xe841","0xe6b2","0xe6f7","0xef27","RSRVD","RSRVD","RSRVD","RSRVD","RSRVD","RSRVD","RSRVD","RSRVD","0xe61c","0xe626","0xedd0","0xedbb","UNIMPL","UNIMPL","UNIMPL","UNIMPL","UNIMPL","UNIMPL","UNIMPL","0xd66b","0xd682","0xeef9","0xef0f","0xede5","0xef1d","0xefa5","0xe833","0xe904"
"pascal-results/images/0c68b88c687227029524bc00ff18ad354b705fcc069687685cdaf0210e2fe960/files","G1","Also found at: pascal-results/images/4079369a95fd320959b3baf8b6a668d429a0e3291820cb6ddf42d9be8027c461/files (volume: G1)","SYSTEM.APPLE","8bb782e16054696e0287ad125a6e2817","e35d6659b6a1c4675cd7c47c411fc726","d59da47be477b46d061f0c5865e75c61","PASCALSY;USERPROG;FIOPRIMS;PRINTERR;INITIALI;GETCMD;SYSIO;","0;1;2;3;4;5;6;15","PASCALIO;CHAINSTU","31;28","0x03","0x01","5","5","0x3000","0x3100","0xd6ff","0xec8a","0xd71d","0xea9a","0xd5af","0xdb9b","0xd87d","0xeb32","0xd8c2","0xed17","0xed3a","0xdc99","0xdb64","0xd5c2","0xd8aa","0xd786","0xec2d","0xd735","0xec98","0xd5d5","0xdd10","0xd747","0xeae1","0xdcfe","0xd7cd","0xec55","0xd4bc","0xd98c","0xdbbd","0xd442","0xe67f","0xd2d7","0xdc29","0xd2a0","0xd9cb","0xd9af","0xd9de","0xd384","0xd929","0xd48c","0xd59b","0xd366","0xd94b","0xd3aa","0xd5e2","0xe371","0xe285","0xde2c","0xde24","0xde1c","0xd3ee","0xd4d6","0xde28","0xde20","0xd3c8","0xde18","0xd41c","0xd2a8","0xda60","0xdab6","0xd50a","0xd539","0xd567","0xd581","0xda1d","0xe35c","0xe32b","0xdfa9","0xdf7b","0xdf73","0xd315","0xd2de","0xdf77","0xdf6f","0xd2f7","0xdf7f","0xd33b","0xe306","0xe2d3","0xe2ef","0xd911","0xd467","0xd28d","UNIMPL","UNIMPL","0xe803","0xd6e4","0xd28d","0xd2ea","0xd2ea","0xd2ea","0xd2ea","0xd2ea","0xd2ea","0xd2ea","0xd2ea","0xd2ea","0xd2ea","0xd2ea","0xd2ea","0xd2ea","0xd2ea","0xd2ea","0xd2ea","0xd359","0xd359","0xd359","0xd359","0xd359","0xd359","0xd359","0xd359","0xd359","0xd359","0xd359","0xd359","0xd359","0xd359","0xd359","0xd359","0xd4ab","0xd4a8","0xd4a8","0xd4a8","0xd4a8","0xd4a8","0xd4a8","0xd4a8","0xeedc","0xd673","0xe878","0xe878","0xe75c","0xf041","0xf046","UNIMPL","UNIMPL","0xe819","0xe68a","0xe6cf","0xeeff","RSRVD","RSRVD","RSRVD","RSRVD","RSRVD","RSRVD","RSRVD","RSRVD","0xe66b","0xe675","0xeda8","0xed93","UNIMPL","UNIMPL","UNIMPL","UNIMPL","UNIMPL","UNIMPL","UNIMPL","0xd6af","0xd6c6","0xeed1","0xeee7","0xedbd","0xeef5","0xef7d","0xe80b","0xe8dc"
"pascal-results/images/7970d4dbd8c83280553528ee8cece312a2de002c07554070f10d4287286ea4be/files","CONVICT","","SYSTEM.APPLE","2aa741575266a5359e1579020a1b864d","064a1a1c1d36528e660900a2e609d158","9dc19d70738039d09203de04efa922ac","PASCALSY;USERPROG;FIOPRIMS;PRINTERR;INITIALI;GETCMD;SYSIO;","0;1;2;3;4;5;6;15","LONGINTI;PASCALIO;CHAINSTU;TURTLEGR;TURTLEGR;APPLESTU;CONVLIB;CONVLIB;TEXTLIB;TEXTLIB;DECOMPRE;DECOMPRE","30;31;28;20;21;22;23;24;25;26;27;29","0x04","0x01","6","6","0x3000","0x3100","0xd71c","0xecc8","0xd73a","0xead8","0xd5c0","0xdbbc","0xd89e","0xeb70","0xd8e3","0xed55","0xed78","0xdcba","0xdb85","0xd5d9","0xd8cb","0xd7a7","0xec6b","0xd754","0xecd6","0xd5f2","0xdd31","0xd766","0xeb1f","0xdd1f","0xd7ee","0xec93","0xd4cd","0xd9ad","0xdbde","0xd453","0xe6bd","0xd302","0xdc4a","0xd2c9","0xd9ec","0xd9d0","0xd9ff","0xd3a0","0xd94a","0xd49d","0xd5ac","0xd384","0xd96c","0xd3bd","0xd5ff","0xe3bc","0xe2d0","0xde4d","0xde45","0xde3d","0xd3ff","0xd4e7","0xde49","0xde41","0xd3d9","0xde39","0xd42d","0xd2d3","0xda81","0xdad7","0xd51b","0xd54a","0xd578","0xd592","0xda3e","0xe3a7","0xe376","0xdfca","0xdf9c","0xdf94","0xd33e","0xd309","0xdf98","0xdf90","0xd322","0xdfa0","0xd35b","0xe351","0xe31e","0xe33a","0xd932","0xd478","0xd2b6","UNIMPL","UNIMPL","0xe841","0xd701","0xd2b6","0xd315","0xd315","0xd315","0xd315","0xd315","0xd315","0xd315","0xd315","0xd315","0xd315","0xd315","0xd315","0xd315","0xd315","0xd315","0xd315","0xd377","0xd377","0xd377","0xd377","0xd377","0xd377","0xd377","0xd377","0xd377","0xd377","0xd377","0xd377","0xd377","0xd377","0xd377","0xd377","0xd4bc","0xd4b9","0xd4b9","0xd4b9","0xd4b9","0xd4b9","0xd4b9","0xd4b9","0xef1a","0xd690","0xe8b6","0xe8b6","0xe79a","0xf082","0xf087","UNIMPL","UNIMPL","0xe857","0xe6c8","0xe70d","0xef3d","RSRVD","RSRVD","RSRVD","RSRVD","RSRVD","RSRVD","RSRVD","RSRVD","0xe6a9","0xe6b3","0xede6","0xedd1","UNIMPL","UNIMPL","UNIMPL","UNIMPL","UNIMPL","UNIMPL","UNIMPL","0xd6cc","0xd6e3","0xef0f","0xef25","0xedfb","0xef33","0xefb8","0xe849","0xe91a"
"pascal-results/images/9487ca78711bb8fd17585cf8615662a7d129095fe07f10f9bff08644b14044a7/files","AGPAC","","SYSTEM.APPLE","2ff0b3316b2947998c1cb41cce82334f","6c67161a696176ededdc0f018dc1c438","af531d53254c79fdc728fd77b3f1320d","PASCALSY;USERPROG;FIOPRIMS;PRINTERR;INITIALI;GETCMD;FILEPROC;","0;1;2;3;4;5;6;15","LONGINTI;PASCALIO;CHAINSTU;TRANSCEN;UTILITIE;UTILITIE;DAIRYSPL;DAIRYSPL;DAIRYREA;BEEFREAD;PORKREAD;NONLCRRE;BEEFSPLX;BEEFSPLX","30;31;28;29;32;33;34;35;40;42;44;46;48;49","0x03","0x40","5","5","0x3000","0x3100","0xd739","0xf13a","0xd757","0xef4a","0xd5e6","0xdcab","0xd8b7","0xefe2","0xd8fc","0xf1c7","0xf1ea","0xddaf","0xdc74","0xd5f9","0xd8e4","0xd7c0","0xf0dd","0xd76f","0xf148","0xd60c","0xde26","0xd781","0xef91","0xde14","0xd807","0xf105","0xd4de","0xda90","0xdccd","0xd452","0xea81","0xd2d2","0xdd39","0xd292","0xdacf","0xdab3","0xdae2","0xd382","0xd9a1","0xd4a8","0xd5d2","0xd364","0xda49","0xd3a8","0xd619","0xe4fd","0xe3db","0xdf42","0xdf3a","0xdf32","0xd3f2","0xd4f8","0xdf3e","0xdf36","0xd3c6","0xdf2e","0xd426","0xd29a","0xdb70","0xdbc6","0xd535","0xd56a","0xd59e","0xd5b8","0xdb21","0xe4e8","0xe4b1","0xe0c5","0xe097","0xe08f","0xd313","0xd2d9","0xe093","0xe08b","0xd2f5","0xe09b","0xd339","0xe47a","0xe43b","0xe45d","0xd97b","0xd47d","0xd279","UNIMPL","UNIMPL","0xecad","0xd71e","0xd279","0xd2e8","0xd2e8","0xd2e8","0xd2e8","0xd2e8","0xd2e8","0xd2e8","0xd2e8","0xd2e8","0xd2e8","0xd2e8","0xd2e8","0xd2e8","0xd2e8","0xd2e8","0xd2e8","0xd357","0xd357","0xd357","0xd357","0xd357","0xd357","0xd357","0xd357","0xd357","0xd357","0xd357","0xd357","0xd357","0xd357","0xd357","0xd357","0xd4cd","0xd4ca","0xd4ca","0xd4ca","0xd4ca","0xd4ca","0xd4ca","0xd4ca","0xf38c","0xd6ad","0xed22","0xed22","0xebdc","0xf4f1","0xf4f6","0xea92","0xea98","0xecc3","0xeb0a","0xeb4f","0xf3af","RSRVD","RSRVD","RSRVD","RSRVD","RSRVD","RSRVD","RSRVD","RSRVD","0xea6d","0xea77","0xf258","0xf243","UNIMPL","UNIMPL","UNIMPL","UNIMPL","UNIMPL","UNIMPL","UNIMPL","0xd6e9","0xd700","0xf381","0xf397","0xf26d","0xf3a5","0xf42d","0xecb5","0xed8c"
"pascal-results/images/b36ff75a852739a37c216660285e231afe5c7e822304bc8b4ccac0c85a611afd/files","G1","Also found at: pascal-results/images/1b9eef680ab56895714aedcdce255ad07008ddd49501291f50adb52534f69b59/files (volume: G1)","SYSTEM.APPLE","3decd3daaa4d869b0d49383e6cbe8e17","e35d6659b6a1c4675cd7c47c411fc726","4ababf39f979e1555a664aaac104b567","PASCALSY;USERPROG;FIOPRIMS;PRINTERR;INITIALI;GETCMD;SYSIO;","0;1;2;3;4;5;6;15","PASCALIO;CHAINSTU","31;28","0x03","0x01","5","5","0x3000","0x3100","0xd6ff","0xec8a","0xd71d","0xea9a","0xd5af","0xdb9b","0xd87d","0xeb32","0xd8c2","0xed17","0xed3a","0xdc99","0xdb64","0xd5c2","0xd8aa","0xd786","0xec2d","0xd735","0xec98","0xd5d5","0xdd10","0xd747","0xeae1","0xdcfe","0xd7cd","0xec55","0xd4bc","0xd98c","0xdbbd","0xd442","0xe67f","0xd2d7","0xdc29","0xd2a0","0xd9cb","0xd9af","0xd9de","0xd384","0xd929","0xd48c","0xd59b","0xd366","0xd94b","0xd3aa","0xd5e2","0xe371","0xe285","0xde2c","0xde24","0xde1c","0xd3ee","0xd4d6","0xde28","0xde20","0xd3c8","0xde18","0xd41c","0xd2a8","0xda60","0xdab6","0xd50a","0xd539","0xd567","0xd581","0xda1d","0xe35c","0xe32b","0xdfa9","0xdf7b","0xdf73","0xd315","0xd2de","0xdf77","0xdf6f","0xd2f7","0xdf7f","0xd33b","0xe306","0xe2d3","0xe2ef","0xd911","0xd467","0xd28d","UNIMPL","UNIMPL","0xe803","0xd6e4","0xd28d","0xd2ea","0xd2ea","0xd2ea","0xd2ea","0xd2ea","0xd2ea","0xd2ea","0xd2ea","0xd2ea","0xd2ea","0xd2ea","0xd2ea","0xd2ea","0xd2ea","0xd2ea","0xd2ea","0xd359","0xd359","0xd359","0xd359","0xd359","0xd359","0xd359","0xd359","0xd359","0xd359","0xd359","0xd359","0xd359","0xd359","0xd359","0xd359","0xd4ab","0xd4a8","0xd4a8","0xd4a8","0xd4a8","0xd4a8","0xd4a8","0xd4a8","0xeedc","0xd673","0xe878","0xe878","0xe75c","0xf041","0xf046","UNIMPL","UNIMPL","0xe819","0xe68a","0xe6cf","0xeeff","RSRVD","RSRVD","RSRVD","RSRVD","RSRVD","RSRVD","RSRVD","RSRVD","0xe66b","0xe675","0xeda8","0xed93","UNIMPL","UNIMPL","UNIMPL","UNIMPL","UNIMPL","UNIMPL","UNIMPL","0xd6af","0xd6c6","0xeed1","0xeee7","0xedbd","0xeef5","0xef7d","0xe80b","0xe8dc"
"pascal-results/images/9bd50cf9b86a5c5c2f789719874c9c964e1e0d9f76347e31d9e09fd11832ef07/files","MA-SII","","SYSTEM.APPLE","1cd11df9e32677f4d3673933d5c996fc","2b88b7bb8488721545763a682d205701","76c6c5411737b82ab093c8f75675f952","PASCALSY;USERPROG;DEBUGGER;PRINTERR;INITIALI;GETCMD;FILEPROC;","0;1;2;3;4;5;6;15","LONGINTI;PASCALIO;CHAINSTU;TRANSCEN;TURTLEGR;TURTLEGR;APPLESTU;FKTEINGA;FKTEINGA;EPSONGRA;KYBDSTUF;KYBDSTUF","30;31;28;29;20;21;22;25;26;17;23;24","0x02","0x01","2","2","0x3000","0x3100","0xd6bb","0xecb2","0xd6d9","0xeac2","0xd56b","0xdb57","0xd839","0xeb5a","0xd87e","0xed3f","0xed62","0xdc55","0xdb20","0xd57e","0xd866","0xd742","0xec55","0xd6f1","0xecc0","0xd591","0xdccc","0xd703","0xeb09","0xdcba","0xd789","0xec7d","0xd47b","0xd948","0xdb79","0xd401","0xe630","0xd296","0xdbe5","0xd25f","0xd987","0xd96b","0xd99a","0xd343","0xd8e5","0xd44b","0xd557","0xd325","0xd907","0xd369","0xd59e","0xe33f","0xe253","0xdde8","0xdde0","0xddd8","0xd3ad","0xd495","0xdde4","0xdddc","0xd387","0xddd4","0xd3db","0xd267","0xda1c","0xda72","0xd4c8","0xd4f6","0xd523","0xd53d","0xd9d9","0xe32a","0xe2f9","0xdf65","0xdf37","0xdf2f","0xd2d4","0xd29d","0xdf33","0xdf2b","0xd2b6","0xdf3b","0xd2fa","0xe2d4","0xe2a1","0xe2bd","0xd8cd","0xd426","0xd24d","UNIMPL","UNIMPL","0xe82b","0xd6a0","0xd24d","0xd2a9","0xd2a9","0xd2a9","0xd2a9","0xd2a9","0xd2a9","0xd2a9","0xd2a9","0xd2a9","0xd2a9","0xd2a9","0xd2a9","0xd2a9","0xd2a9","0xd2a9","0xd2a9","0xd318","0xd318","0xd318","0xd318","0xd318","0xd318","0xd318","0xd318","0xd318","0xd318","0xd318","0xd318","0xd318","0xd318","0xd318","0xd318","0xd46a","0xd467","0xd467","0xd467","0xd467","0xd467","0xd467","0xd467","0xef04","0xd62f","0xe8a0","0xe8a0","0xe784","0xf069","0xf06e","0xe63a","0xe640","0xe841","0xe6b2","0xe6f7","0xef27","RSRVD","RSRVD","RSRVD","RSRVD","RSRVD","RSRVD","RSRVD","RSRVD","0xe61c","0xe626","0xedd0","0xedbb","UNIMPL","UNIMPL","UNIMPL","UNIMPL","UNIMPL","UNIMPL","UNIMPL","0xd66b","0xd682","0xeef9","0xef0f","0xede5","0xef1d","0xefa5","0xe833","0xe904"
"pascal-results/images/5bff96d8f576e19cd7b343ee0e183241de5777fc5f3237b4bd8b92eff63e7f34/files","AW.D1B","Also found at: pascal-results/images/be58b8f92213832560df8c6c68c86751873f36b833767f96af44d7e80a27033a/files (volume: AW.D1B)","SYSTEM.APPLE","fcda8d15f213e8e0d5c3987ab92ba114","e35d6659b6a1c4675cd7c47c411fc726","5cee402053748be420b16a4ea676a49d","PASCALSY;USERPROG;FIOPRIMS;PRINTERR;INITIALI;GETCMD;SYSIO;","0;1;2;3;4;5;6;15","CHAINSTU;TURTLEGR;TURTLEGR;PCSDSTUF;PCSDSTUF;AWSTUFF;AWSTUFF","28;20;21;25;26;23;24","0x03","0x01","5","5","0x3000","0x3100","0xd6ff","0xec8a","0xd71d","0xea9a","0xd5af","0xdb9b","0xd87d","0xeb32","0xd8c2","0xed17","0xed3a","0xdc99","0xdb64","0xd5c2","0xd8aa","0xd786","0xec2d","0xd735","0xec98","0xd5d5","0xdd10","0xd747","0xeae1","0xdcfe","0xd7cd","0xec55","0xd4bc","0xd98c","0xdbbd","0xd442","0xe67f","0xd2d7","0xdc29","0xd2a0","0xd9cb","0xd9af","0xd9de","0xd384","0xd929","0xd48c","0xd59b","0xd366","0xd94b","0xd3aa","0xd5e2","0xe371","0xe285","0xde2c","0xde24","0xde1c","0xd3ee","0xd4d6","0xde28","0xde20","0xd3c8","0xde18","0xd41c","0xd2a8","0xda60","0xdab6","0xd50a","0xd539","0xd567","0xd581","0xda1d","0xe35c","0xe32b","0xdfa9","0xdf7b","0xdf73","0xd315","0xd2de","0xdf77","0xdf6f","0xd2f7","0xdf7f","0xd33b","0xe306","0xe2d3","0xe2ef","0xd911","0xd467","0xd28d","UNIMPL","UNIMPL","0xe803","0xd6e4","0xd28d","0xd2ea","0xd2ea","0xd2ea","0xd2ea","0xd2ea","0xd2ea","0xd2ea","0xd2ea","0xd2ea","0xd2ea","0xd2ea","0xd2ea","0xd2ea","0xd2ea","0xd2ea","0xd2ea","0xd359","0xd359","0xd359","0xd359","0xd359","0xd359","0xd359","0xd359","0xd359","0xd359","0xd359","0xd359","0xd359","0xd359","0xd359","0xd359","0xd4ab","0xd4a8","0xd4a8","0xd4a8","0xd4a8","0xd4a8","0xd4a8","0xd4a8","0xeedc","0xd673","0xe878","0xe878","0xe75c","0xf041","0xf046","UNIMPL","UNIMPL","0xe819","0xe68a","0xe6cf","0xeeff","RSRVD","RSRVD","RSRVD","RSRVD","RSRVD","RSRVD","RSRVD","RSRVD","0xe66b","0xe675","0xeda8","0xed93","UNIMPL","UNIMPL","UNIMPL","UNIMPL","UNIMPL","UNIMPL","UNIMPL","0xd6af","0xd6c6","0xeed1","0xeee7","0xedbd","0xeef5","0xef7d","0xe80b","0xe8dc"
"pascal-results/images/f0eb3b566b1708b48db14c7c5ae10badd6cbdcd39a40fb1fb4672a054123f9f8/files","A","","SYSTEM.APPLE","c78f77265aae0f6d9764cb4c91258c16","681977fa5a87ea54fa170ffa23b45848","4c2ba8b38c18c2d11455095513d4746a","PASCALSY;USERPROG;FIOPRIMS;PRINTERR;INITIALI;GETCMD;SYSIO;","0;1;2;3;4;5;6;15","LONGINTI;PASCALIO;CHAINSTU;TRANSCEN;MGRKIT;MGRKIT;NERMAL;NERMAL;ATTACKIT","30;31;28;29;20;21;25;26;46","0x04","0x41","6","6","0x3000","0x3100","0xd791","0xf302","0xd7af","0xf112","0xd632","0xdd07","0xd913","0xf1aa","0xd958","0xf38f","0xf3b2","0xde0b","0xdcd0","0xd64b","0xd940","0xd81c","0xf2a5","0xd7c9","0xf310","0xd664","0xde82","0xd7db","0xf159","0xde70","0xd863","0xf2cd","0xd52a","0xdaec","0xdd29","0xd49e","0xecc1","0xd338","0xdd95","0xd2f6","0xdb2b","0xdb0f","0xdb3e","0xd3d9","0xd9fd","0xd4f4","0xd61e","0xd3bd","0xdaa5","0xd3f6","0xd671","0xe583","0xe461","0xdf9e","0xdf96","0xdf8e","0xd43e","0xd544","0xdf9a","0xdf92","0xd412","0xdf8a","0xd472","0xd300","0xdbcc","0xdc22","0xd581","0xd5b6","0xd5ea","0xd604","0xdb7d","0xe56e","0xe537","0xe121","0xe0f3","0xe0eb","0xd377","0xd33f","0xe0ef","0xe0e7","0xd35b","0xe0f7","0xd394","0xe500","0xe4c1","0xe4e3","0xd9d7","0xd4c9","0xd2dd","UNIMPL","UNIMPL","0xee75","0xd776","0xd2dd","0xd34e","0xd34e","0xd34e","0xd34e","0xd34e","0xd34e","0xd34e","0xd34e","0xd34e","0xd34e","0xd34e","0xd34e","0xd34e","0xd34e","0xd34e","0xd34e","0xd3b0","0xd3b0","0xd3b0","0xd3b0","0xd3b0","0xd3b0","0xd3b0","0xd3b0","0xd3b0","0xd3b0","0xd3b0","0xd3b0","0xd3b0","0xd3b0","0xd3b0","0xd3b0","0xd519","0xd516","0xd516","0xd516","0xd516","0xd516","0xd516","0xd516","0xf554","0xd705","0xeeea","0xeeea","0xeda4","0xf6bc","0xf6c1","UNIMPL","UNIMPL","0xee8b","0xecd2","0xed17","0xf577","RSRVD","RSRVD","RSRVD","RSRVD","RSRVD","RSRVD","RSRVD","RSRVD","0xecad","0xecb7","0xf420","0xf40b","UNIMPL","UNIMPL","UNIMPL","UNIMPL","UNIMPL","UNIMPL","UNIMPL","0xd741","0xd758","0xf549","0xf55f","0xf435","0xf56d","0xf5f2","0xee7d","0xef54"
"pascal-results/images/1d9bfa4609ceaa2f71b16c2c4147695ad936845a4fcc790b54529746e22d09e6/files","AW.D2B","","SYSTEM.APPLE","2aa741575266a5359e1579020a1b864d","064a1a1c1d36528e660900a2e609d158","62a1a73ba6d91b93fc98cb12db4a16c6","PASCALSY;USERPROG;FIOPRIMS;PRINTERR;INITIALI;GETCMD;SYSIO;","0;1;2;3;4;5;6;15","CHAINSTU;PCSDSTUF;PCSDSTUF;AWSTUFF;AWSTUFF","28;25;26;23;24","0x04","0x01","6","6","0x3000","0x3100","0xd71c","0xecc8","0xd73a","0xead8","0xd5c0","0xdbbc","0xd89e","0xeb70","0xd8e3","0xed55","0xed78","0xdcba","0xdb85","0xd5d9","0xd8cb","0xd7a7","0xec6b","0xd754","0xecd6","0xd5f2","0xdd31","0xd766","0xeb1f","0xdd1f","0xd7ee","0xec93","0xd4cd","0xd9ad","0xdbde","0xd453","0xe6bd","0xd302","0xdc4a","0xd2c9","0xd9ec","0xd9d0","0xd9ff","0xd3a0","0xd94a","0xd49d","0xd5ac","0xd384","0xd96c","0xd3bd","0xd5ff","0xe3bc","0xe2d0","0xde4d","0xde45","0xde3d","0xd3ff","0xd4e7","0xde49","0xde41","0xd3d9","0xde39","0xd42d","0xd2d3","0xda81","0xdad7","0xd51b","0xd54a","0xd578","0xd592","0xda3e","0xe3a7","0xe376","0xdfca","0xdf9c","0xdf94","0xd33e","0xd309","0xdf98","0xdf90","0xd322","0xdfa0","0xd35b","0xe351","0xe31e","0xe33a","0xd932","0xd478","0xd2b6","UNIMPL","UNIMPL","0xe841","0xd701","0xd2b6","0xd315","0xd315","0xd315","0xd315","0xd315","0xd315","0xd315","0xd315","0xd315","0xd315","0xd315","0xd315","0xd315","0xd315","0xd315","0xd315","0xd377","0xd377","0xd377","0xd377","0xd377","0xd377","0xd377","0xd377","0xd377","0xd377","0xd377","0xd377","0xd377","0xd377","0xd377","0xd377","0xd4bc","0xd4b9","0xd4b9","0xd4b9","0xd4b9","0xd4b9","0xd4b9","0xd4b9","0xef1a","0xd690","0xe8b6","0xe8b6","0xe79a","0xf082","0xf087","UNIMPL","UNIMPL","0xe857","0xe6c8","0xe70d","0xef3d","RSRVD","RSRVD","RSRVD","RSRVD","RSRVD","RSRVD","RSRVD","RSRVD","0xe6a9","0xe6b3","0xede6","0xedd1","UNIMPL","UNIMPL","UNIMPL","UNIMPL","UNIMPL","UNIMPL","UNIMPL","0xd6cc","0xd6e3","0xef0f","0xef25","0xedfb","0xef33","0xefb8","0xe849","0xe91a"
"pascal-results/images/4f8db2ca425d77295547188a4a53148e451991cacf0e455cdbaffea0f809a830/files","H112884","Also found at: pascal-results/images/12fbbdc0c9395b09a9ac201be3395af2e6642547350a9b1e71955ce59aac10f0/files (volume: RECOVER); pascal-results/images/fe0dff21a26bba027b6d80ede8b06252b57c8bee83a86d00b0f9b039180c4f8e/files (volume: H112884); pascal-results/images/58c8af6bcddc8a1ceea4cafdf3838b914eef2cda2c82bec33868512d40fa0278/files (volume: RECOVER)","SYSTEM.APPLE","5abc095a8ed5ac231db236f7f6bf22b3","9caba8da50b2d0ae1470fa31d92abb1d","42be162d48f8aed33b8798872ecf23ac","PASCALSY;USERPROG;FIOPRIMS;PRINTERR;INITIALI;GETCMD;SYSIO;","0;1;2;3;4;5;6;15","LONGINTI;PASCALIO;CHAINSTU;TRANSCEN;TURTLEGR;TURTLEGR;APPLESTU","30;31;28;29;20;21;22","0x03","0x41","5","5","0x3000","0x3100","0xd768","0xf0f1","0xd786","0xef01","0xd615","0xdcda","0xd8e6","0xef99","0xd92b","0xf17e","0xf1a1","0xddde","0xdca3","0xd628","0xd913","0xd7ef","0xf094","0xd79e","0xf0ff","0xd63b","0xde55","0xd7b0","0xef48","0xde43","0xd836","0xf0bc","0xd50d","0xdabf","0xdcfc","0xd481","0xeab0","0xd301","0xdd68","0xd2c1","0xdafe","0xdae2","0xdb11","0xd3b1","0xd9d0","0xd4d7","0xd601","0xd393","0xda78","0xd3d7","0xd648","0xe52c","0xe40a","0xdf71","0xdf69","0xdf61","0xd421","0xd527","0xdf6d","0xdf65","0xd3f5","0xdf5d","0xd455","0xd2c9","0xdb9f","0xdbf5","0xd564","0xd599","0xd5cd","0xd5e7","0xdb50","0xe517","0xe4e0","0xe0f4","0xe0c6","0xe0be","0xd342","0xd308","0xe0c2","0xe0ba","0xd324","0xe0ca","0xd368","0xe4a9","0xe46a","0xe48c","0xd9aa","0xd4ac","0xd2a8","UNIMPL","UNIMPL","0xec64","0xd74d","0xd2a8","0xd317","0xd317","0xd317","0xd317","0xd317","0xd317","0xd317","0xd317","0xd317","0xd317","0xd317","0xd317","0xd317","0xd317","0xd317","0xd317","0xd386","0xd386","0xd386","0xd386","0xd386","0xd386","0xd386","0xd386","0xd386","0xd386","0xd386","0xd386","0xd386","0xd386","0xd386","0xd386","0xd4fc","0xd4f9","0xd4f9","0xd4f9","0xd4f9","0xd4f9","0xd4f9","0xd4f9","0xf343","0xd6dc","0xecd9","0xecd9","0xeb93","0xf4a8","0xf4ad","UNIMPL","UNIMPL","0xec7a","0xeac1","0xeb06","0xf366","RSRVD","RSRVD","RSRVD","RSRVD","RSRVD","RSRVD","RSRVD","RSRVD","0xea9c","0xeaa6","0xf20f","0xf1fa","UNIMPL","UNIMPL","UNIMPL","UNIMPL","UNIMPL","UNIMPL","UNIMPL","0xd718","0xd72f","0xf338","0xf34e","0xf224","0xf35c","0xf3e4","0xec6c","0xed43"
"pascal-results/images/cf7e58f1b9d3c9d5b76fb9d23895cf2c03f78165ddf71c16a8a6ec6e900d118a/files","MANAGER","","SYSTEM.APPLE","1cd11df9e32677f4d3673933d5c996fc","24ca8f71aca82a11063a21463ad22184","4be2555bc40a38dc0a59930a1698d52e","PASCALSY;USERPROG;DEBUGGER;PRINTERR;INITIALI;GETCMD;FILEPROC;","0;1;2;3;4;5;6;15","CHAINSTU;APPLESTU;SYSCALLS;SYSCALLS;SCREEN;SCREEN;ANIMATIO;ANIMATIO;TURTLE;TURTLE;STICK;STICK","28;22;16;29;20;21;19;23;24;25;26;27","0x02","0x01","2","5","0x3000","0x3100","0xd6bb","0xecb2","0xd6d9","0xeac2","0xd56b","0xdb57","0xd839","0xeb5a","0xd87e","0xed3f","0xed62","0xdc55","0xdb20","0xd57e","0xd866","0xd742","0xec55","0xd6f1","0xecc0","0xd591","0xdccc","0xd703","0xeb09","0xdcba","0xd789","0xec7d","0xd47b","0xd948","0xdb79","0xd401","0xe630","0xd296","0xdbe5","0xd25f","0xd987","0xd96b","0xd99a","0xd343","0xd8e5","0xd44b","0xd557","0xd325","0xd907","0xd369","0xd59e","0xe33f","0xe253","0xdde8","0xdde0","0xddd8","0xd3ad","0xd495","0xdde4","0xdddc","0xd387","0xddd4","0xd3db","0xd267","0xda1c","0xda72","0xd4c8","0xd4f6","0xd523","0xd53d","0xd9d9","0xe32a","0xe2f9","0xdf65","0xdf37","0xdf2f","0xd2d4","0xd29d","0xdf33","0xdf2b","0xd2b6","0xdf3b","0xd2fa","0xe2d4","0xe2a1","0xe2bd","0xd8cd","0xd426","0xd24d","UNIMPL","UNIMPL","0xe82b","0xd6a0","0xd24d","0xd2a9","0xd2a9","0xd2a9","0xd2a9","0xd2a9","0xd2a9","0xd2a9","0xd2a9","0xd2a9","0xd2a9","0xd2a9","0xd2a9","0xd2a9","0xd2a9","0xd2a9","0xd2a9","0xd318","0xd318","0xd318","0xd318","0xd318","0xd318","0xd318","0xd318","0xd318","0xd318","0xd318","0xd318","0xd318","0xd318","0xd318","0xd318","0xd46a","0xd467","0xd467","0xd467","0xd467","0xd467","0xd467","0xd467","0xef04","0xd62f","0xe8a0","0xe8a0","0xe784","0xf069","0xf06e","0xe63a","0xe640","0xe841","0xe6b2","0xe6f7","0xef27","RSRVD","RSRVD","RSRVD","RSRVD","RSRVD","RSRVD","RSRVD","RSRVD","0xe61c","0xe626","0xedd0","0xedbb","UNIMPL","UNIMPL","UNIMPL","UNIMPL","UNIMPL","UNIMPL","UNIMPL","0xd66b","0xd682","0xeef9","0xef0f","0xede5","0xef1d","0xefa5","0xe833","0xe904"
"pascal-results/images/1ec20382e69f1d2bc8667207ab2b4417156f317930895aca5ead58bebe60d933/files","MICRO","","SYSTEM.APPLE","1cd11df9e32677f4d3673933d5c996fc","24ca8f71aca82a11063a21463ad22184","511a27e84b0de936080a1802696ab8a5","PASCALSY;USERPROG;DEBUGGER;PRINTERR;INITIALI;GETCMD;FILEPROC;","0;1;2;3;4;5;6;15","LONGINTI;PASCALIO;CHAINSTU;TRANSCEN;TURTLEGR;TURTLEGR;APPLESTU;MICROBOO;MICROBOO","30;31;28;29;20;21;22;25;26","0x02","0x01","2","2","0x3000","0x3100","0xd6bb","0xecb2","0xd6d9","0xeac2","0xd56b","0xdb57","0xd839","0xeb5a","0xd87e","0xed3f","0xed62","0xdc55","0xdb20","0xd57e","0xd866","0xd742","0xec55","0xd6f1","0xecc0","0xd591","0xdccc","0xd703","0xeb09","0xdcba","0xd789","0xec7d","0xd47b","0xd948","0xdb79","0xd401","0xe630","0xd296","0xdbe5","0xd25f","0xd987","0xd96b","0xd99a","0xd343","0xd8e5","0xd44b","0xd557","0xd325","0xd907","0xd369","0xd59e","0xe33f","0xe253","0xdde8","0xdde0","0xddd8","0xd3ad","0xd495","0xdde4","0xdddc","0xd387","0xddd4","0xd3db","0xd267","0xda1c","0xda72","0xd4c8","0xd4f6","0xd523","0xd53d","0xd9d9","0xe32a","0xe2f9","0xdf65","0xdf37","0xdf2f","0xd2d4","0xd29d","0xdf33","0xdf2b","0xd2b6","0xdf3b","0xd2fa","0xe2d4","0xe2a1","0xe2bd","0xd8cd","0xd426","0xd24d","UNIMPL","UNIMPL","0xe82b","0xd6a0","0xd24d","0xd2a9","0xd2a9","0xd2a9","0xd2a9","0xd2a9","0xd2a9","0xd2a9","0xd2a9","0xd2a9","0xd2a9","0xd2a9","0xd2a9","0xd2a9","0xd2a9","0xd2a9","0xd2a9","0xd318","0xd318","0xd318","0xd318","0xd318","0xd318","0xd318","0xd318","0xd318","0xd318","0xd318","0xd318","0xd318","0xd318","0xd318","0xd318","0xd46a","0xd467","0xd467","0xd467","0xd467","0xd467","0xd467","0xd467","0xef04","0xd62f","0xe8a0","0xe8a0","0xe784","0xf069","0xf06e","0xe63a","0xe640","0xe841","0xe6b2","0xe6f7","0xef27","RSRVD","RSRVD","RSRVD","RSRVD","RSRVD","RSRVD","RSRVD","RSRVD","0xe61c","0xe626","0xedd0","0xedbb","UNIMPL","UNIMPL","UNIMPL","UNIMPL","UNIMPL","UNIMPL","UNIMPL","0xd66b","0xd682","0xeef9","0xef0f","0xede5","0xef1d","0xefa5","0xe833","0xe904"
"pascal-results/images/a3ce324b7aac5ed4dd167f2a0ee46af5a7733edf86742ced6a39c0c646166a96/files","AW.D1B","","SYSTEM.APPLE","2aa741575266a5359e1579020a1b864d","064a1a1c1d36528e660900a2e609d158","4b373eb646bfa1b71c60a888d23d73ac","PASCALSY;USERPROG;FIOPRIMS;PRINTERR;INITIALI;GETCMD;SYSIO;","0;1;2;3;4;5;6;15","CHAINSTU;TURTLEGR;TURTLEGR;PCSDSTUF;PCSDSTUF;AWSTUFF;AWSTUFF","28;20;21;25;26;23;24","0x04","0x01","6","6","0x3000","0x3100","0xd71c","0xecc8","0xd73a","0xead8","0xd5c0","0xdbbc","0xd89e","0xeb70","0xd8e3","0xed55","0xed78","0xdcba","0xdb85","0xd5d9","0xd8cb","0xd7a7","0xec6b","0xd754","0xecd6","0xd5f2","0xdd31","0xd766","0xeb1f","0xdd1f","0xd7ee","0xec93","0xd4cd","0xd9ad","0xdbde","0xd453","0xe6bd","0xd302","0xdc4a","0xd2c9","0xd9ec","0xd9d0","0xd9ff","0xd3a0","0xd94a","0xd49d","0xd5ac","0xd384","0xd96c","0xd3bd","0xd5ff","0xe3bc","0xe2d0","0xde4d","0xde45","0xde3d","0xd3ff","0xd4e7","0xde49","0xde41","0xd3d9","0xde39","0xd42d","0xd2d3","0xda81","0xdad7","0xd51b","0xd54a","0xd578","0xd592","0xda3e","0xe3a7","0xe376","0xdfca","0xdf9c","0xdf94","0xd33e","0xd309","0xdf98","0xdf90","0xd322","0xdfa0","0xd35b","0xe351","0xe31e","0xe33a","0xd932","0xd478","0xd2b6","UNIMPL","UNIMPL","0xe841","0xd701","0xd2b6","0xd315","0xd315","0xd315","0xd315","0xd315","0xd315","0xd315","0xd315","0xd315","0xd315","0xd315","0xd315","0xd315","0xd315","0xd315","0xd315","0xd377","0xd377","0xd377","0xd377","0xd377","0xd377","0xd377","0xd377","0xd377","0xd377","0xd377","0xd377","0xd377","0xd377","0xd377","0xd377","0xd4bc","0xd4b9","0xd4b9","0xd4b9","0xd4b9","0xd4b9","0xd4b9","0xd4b9","0xef1a","0xd690","0xe8b6","0xe8b6","0xe79a","0xf082","0xf087","UNIMPL","UNIMPL","0xe857","0xe6c8","0xe70d","0xef3d","RSRVD","RSRVD","RSRVD","RSRVD","RSRVD","RSRVD","RSRVD","RSRVD","0xe6a9","0xe6b3","0xede6","0xedd1","UNIMPL","UNIMPL","UNIMPL","UNIMPL","UNIMPL","UNIMPL","UNIMPL","0xd6cc","0xd6e3","0xef0f","0xef25","0xedfb","0xef33","0xefb8","0xe849","0xe91a"
"pascal-results/images/cac510ec2a0511b9e2995f625c5e2d7c30391eb3a4150b8c84ca3e0af48f5e16/files","WIZPBT","Also found at: pascal-results/images/bde04dfc5b3ef04e6094a3c4ccc4684fb1b58ac28b7822a62cee908834635ec6/files (volume: WIZPBT)","RTSTRP.APPLE","564194df0f106974c0b243330ad3f2b5","5c506ea6b2f881bdf9adc4800346cafa","335c6a2b10734798424785fe161cf21a","PASCALSY;USERPROG;SYSIO;PRINTERR;INITIALI;GETCMD;FIOPRIMS","0;1;2;3;4;5;6","PASCALIO;LONGINTI;CHAINSTU;TRANSCEN;TURTLEGR;TURTLEGR;APPLESTU","31;30;28;29;20;21;22","0x02","0x05","2","2","0x0400","0x0500","0x9ce3","UNIMPL","0x9d01","UNIMPL","0x9bab","UNIMPL","0x9e61","UNIMPL","0x9ea6","UNIMPL","UNIMPL","UNIMPL","UNIMPL","0x9bbe","0x9e8e","0x9d6a","UNIMPL","0x9d19","UNIMPL","0x9bd1","UNIMPL","0x9d2b","UNIMPL","UNIMPL","0x9db1","UNIMPL","0x9abb","0x9f70","UNIMPL","0x9a41","0xa881","0x98d6","UNIMPL","0x989f","0x9faf","0x9f93","0x9fc2","0x9983","0x9f0d","0x9a8b","0x9b97","0x9965","0x9f2f","0x99a9","0x9bde","0xa590","0xa4a4","0xa179","0xa171","0xa169","0x99ed","0x9ad5","0xa175","0xa16d","0x99c7","0xa165","0x9a1b","0x98a7","0xa044","0xa09a","0x9b08","0x9b36","0x9b63","0x9b7d","0xa001","0xa57b","0xa54a","0xa2bc","0xa28e","0xa286","0x9914","0x98dd","0xa28a","0xa282","0x98f6","0xa292","0x993a","0xa525","0xa4f2","0xa50e","0x9ef5","0x9a66","0x988d","UNIMPL","UNIMPL","0xaa04","0x9ce0","0x988d","0x98e9","0x98e9","0x98e9","0x98e9","0x98e9","0x98e9","0x98e9","0x98e9","0x98e9","0x98e9","0x98e9","0x98e9","0x98e9","0x98e9","0x98e9","0x98e9","0x9958","0x9958","0x9958","0x9958","0x9958","0x9958","0x9958","0x9958","0x9958","0x9958","0x9958","0x9958","0x9958","0x9958","0x9958","0x9958","0x9aaa","0x9aa7","0x9aa7","0x9aa7","0x9aa7","0x9aa7","0x9aa7","0x9aa7","0xab5c","0x9c6f","0xaa79","0xaa79","0xa95d","0xacc1","0xacc6","UNIMPL","UNIMPL","0xaa1a","0xa88b","0xa8d0","0xab7f","RSRVD","RSRVD","RSRVD","RSRVD","RSRVD","RSRVD","RSRVD","RSRVD","0xa86d","0xa877","UNIMPL","UNIMPL","UNIMPL","UNIMPL","UNIMPL","UNIMPL","UNIMPL","UNIMPL","UNIMPL","0x9cab","0x9cc2","0xab51","0xab67","UNIMPL","0xab75","0xabfd","0xaa0c","0xaadd"
"pascal-results/images/cac510ec2a0511b9e2995f625c5e2d7c30391eb3a4150b8c84ca3e0af48f5e16/files","WIZPBT","Also found at: pascal-results/images/d60f438ebb6005c22bfd77b6cda553d9a88551aae483510faef94e9551e12784/files (volume: FORMAT); pascal-results/images/bde04dfc5b3ef04e6094a3c4ccc4684fb1b58ac28b7822a62cee908834635ec6/files (volume: WIZPBT); pascal-results/images/47d2d07a7fcaaf063ae62faec8c236a61fd35e66696690e46b307ba38c7bdfad/files (volume: FORMAT); pascal-results/images/52b59bbeb7418e4304d6d5b0a9374d629862e6f38014c00b86b627ebcb7aa296/files (volume: DIAG); pascal-results/images/16c8a0fd1fca4864e73a8878805f25c28d58105970c4262e3e48750b788a14c8/files (volume: DIAG); pascal-results/images/9a8f51c32ed7705b6909fbad1bfaeb65e72be17a28fc7f29dd07d97a5993e322/files (volume: DIAG1); pascal-results/images/561f8220eb9dd9420c2a3a7b880a6ee977cda2f1d29a45262ef014ac04805da0/files (volume: DIAG)","RTSTND.APPLE","24ed8495062feff88a45da26825f3ae5","5c506ea6b2f881bdf9adc4800346cafa","335c6a2b10734798424785fe161cf21a","PASCALSY;USERPROG;SYSIO;PRINTERR;INITIALI;GETCMD;FIOPRIMS","0;1;2;3;4;5;6","PASCALIO;LONGINTI;CHAINSTU;TRANSCEN;TURTLEGR;TURTLEGR;APPLESTU","31;30;28;29;20;21;22","0x02","0x02","2","2","0x0400","0x0500","0x93e3","0xa962","0x9401","0xa772","0x92ab","0x987f","0x9561","0xa80a","0x95a6","0xa9ef","0xaa12","0x997d","0x9848","0x92be","0x958e","0x946a","0xa905","0x9419","0xa970","0x92d1","0x99f4","0x942b","0xa7b9","0x99e2","0x94b1","0xa92d","0x91bb","0x9670","0x98a1","0x9141","0xa358","0x8fd6","0x990d","0x8f9f","0x96af","0x9693","0x96c2","0x9083","0x960d","0x918b","0x9297","0x9065","0x962f","0x90a9","0x92de","0xa067","0x9f7b","0x9b10","0x9b08","0x9b00","0x90ed","0x91d5","0x9b0c","0x9b04","0x90c7","0x9afc","0x911b","0x8fa7","0x9744","0x979a","0x9208","0x9236","0x9263","0x927d","0x9701","0xa052","0xa021","0x9c8d","0x9c5f","0x9c57","0x9014","0x8fdd","0x9c5b","0x9c53","0x8ff6","0x9c63","0x903a","0x9ffc","0x9fc9","0x9fe5","0x95f5","0x9166","0x8f8d","UNIMPL","UNIMPL","0xa4db","0x93e0","0x8f8d","0x8fe9","0x8fe9","0x8fe9","0x8fe9","0x8fe9","0x8fe9","0x8fe9","0x8fe9","0x8fe9","0x8fe9","0x8fe9","0x8fe9","0x8fe9","0x8fe9","0x8fe9","0x8fe9","0x9058","0x9058","0x9058","0x9058","0x9058","0x9058","0x9058","0x9058","0x9058","0x9058","0x9058","0x9058","0x9058","0x9058","0x9058","0x9058","0x91aa","0x91a7","0x91a7","0x91a7","0x91a7","0x91a7","0x91a7","0x91a7","0xabb4","0x936f","0xa550","0xa550","0xa434","0xad19","0xad1e","UNIMPL","UNIMPL","0xa4f1","0xa362","0xa3a7","0xabd7","RSRVD","RSRVD","RSRVD","RSRVD","RSRVD","RSRVD","RSRVD","RSRVD","0xa344","0xa34e","0xaa80","0xaa6b","UNIMPL","UNIMPL","UNIMPL","UNIMPL","UNIMPL","UNIMPL","UNIMPL","0x93ab","0x93c2","0xaba9","0xabbf","0xaa95","0xabcd","0xac55","0xa4e3","0xa5b4"
"pascal-results/images/feff70adb5232a77f999ed37c1b88ca5291ebe466998b4624b95496b64a39d8f/files","AWPTD","","SYSTEM.APPLE","fcda8d15f213e8e0d5c3987ab92ba114","e35d6659b6a1c4675cd7c47c411fc726","85898335466b52fb5072379742e376c0","PASCALSY;USERPROG;FIOPRIMS;PRINTERR;INITIALI;GETCMD;SYSIO;","0;1;2;3;4;5;6;15","PTESTUFF;PTESTUFF;GESTUFF;GESTUFF","25;26;27;28","0x03","0x01","5","5","0x3000","0x3100","0xd6ff","0xec8a","0xd71d","0xea9a","0xd5af","0xdb9b","0xd87d","0xeb32","0xd8c2","0xed17","0xed3a","0xdc99","0xdb64","0xd5c2","0xd8aa","0xd786","0xec2d","0xd735","0xec98","0xd5d5","0xdd10","0xd747","0xeae1","0xdcfe","0xd7cd","0xec55","0xd4bc","0xd98c","0xdbbd","0xd442","0xe67f","0xd2d7","0xdc29","0xd2a0","0xd9cb","0xd9af","0xd9de","0xd384","0xd929","0xd48c","0xd59b","0xd366","0xd94b","0xd3aa","0xd5e2","0xe371","0xe285","0xde2c","0xde24","0xde1c","0xd3ee","0xd4d6","0xde28","0xde20","0xd3c8","0xde18","0xd41c","0xd2a8","0xda60","0xdab6","0xd50a","0xd539","0xd567","0xd581","0xda1d","0xe35c","0xe32b","0xdfa9","0xdf7b","0xdf73","0xd315","0xd2de","0xdf77","0xdf6f","0xd2f7","0xdf7f","0xd33b","0xe306","0xe2d3","0xe2ef","0xd911","0xd467","0xd28d","UNIMPL","UNIMPL","0xe803","0xd6e4","0xd28d","0xd2ea","0xd2ea","0xd2ea","0xd2ea","0xd2ea","0xd2ea","0xd2ea","0xd2ea","0xd2ea","0xd2ea","0xd2ea","0xd2ea","0xd2ea","0xd2ea","0xd2ea","0xd2ea","0xd359","0xd359","0xd359","0xd359","0xd359","0xd359","0xd359","0xd359","0xd359","0xd359","0xd359","0xd359","0xd359","0xd359","0xd359","0xd359","0xd4ab","0xd4a8","0xd4a8","0xd4a8","0xd4a8","0xd4a8","0xd4a8","0xd4a8","0xeedc","0xd673","0xe878","0xe878","0xe75c","0xf041","0xf046","UNIMPL","UNIMPL","0xe819","0xe68a","0xe6cf","0xeeff","RSRVD","RSRVD","RSRVD","RSRVD","RSRVD","RSRVD","RSRVD","RSRVD","0xe66b","0xe675","0xeda8","0xed93","UNIMPL","UNIMPL","UNIMPL","UNIMPL","UNIMPL","UNIMPL","UNIMPL","0xd6af","0xd6c6","0xeed1","0xeee7","0xedbd","0xeef5","0xef7d","0xe80b","0xe8dc"
"pascal-results/images/4dd429dc880f02efefb85722b63dde53455fc86dc4288662bc8c6debe2fd2377/files","AW.D2B","Also found at: pascal-results/images/2364edbc26e466616ab4f471deacf88375fe637ca21518309da0fb4b48a99179/files (volume: AW.D2B)","SYSTEM.APPLE","fcda8d15f213e8e0d5c3987ab92ba114","e35d6659b6a1c4675cd7c47c411fc726","58ecd99c68f93dd03b75f2e0b3b2a9f7","PASCALSY;USERPROG;FIOPRIMS;PRINTERR;INITIALI;GETCMD;SYSIO;","0;1;2;3;4;5;6;15","CHAINSTU;PCSDSTUF;PCSDSTUF;AWSTUFF;AWSTUFF","28;25;26;23;24","0x03","0x01","5","5","0x3000","0x3100","0xd6ff","0xec8a","0xd71d","0xea9a","0xd5af","0xdb9b","0xd87d","0xeb32","0xd8c2","0xed17","0xed3a","0xdc99","0xdb64","0xd5c2","0xd8aa","0xd786","0xec2d","0xd735","0xec98","0xd5d5","0xdd10","0xd747","0xeae1","0xdcfe","0xd7cd","0xec55","0xd4bc","0xd98c","0xdbbd","0xd442","0xe67f","0xd2d7","0xdc29","0xd2a0","0xd9cb","0xd9af","0xd9de","0xd384","0xd929","0xd48c","0xd59b","0xd366","0xd94b","0xd3aa","0xd5e2","0xe371","0xe285","0xde2c","0xde24","0xde1c","0xd3ee","0xd4d6","0xde28","0xde20","0xd3c8","0xde18","0xd41c","0xd2a8","0xda60","0xdab6","0xd50a","0xd539","0xd567","0xd581","0xda1d","0xe35c","0xe32b","0xdfa9","0xdf7b","0xdf73","0xd315","0xd2de","0xdf77","0xdf6f","0xd2f7","0xdf7f","0xd33b","0xe306","0xe2d3","0xe2ef","0xd911","0xd467","0xd28d","UNIMPL","UNIMPL","0xe803","0xd6e4","0xd28d","0xd2ea","0xd2ea","0xd2ea","0xd2ea","0xd2ea","0xd2ea","0xd2ea","0xd2ea","0xd2ea","0xd2ea","0xd2ea","0xd2ea","0xd2ea","0xd2ea","0xd2ea","0xd2ea","0xd359","0xd359","0xd359","0xd359","0xd359","0xd359","0xd359","0xd359","0xd359","0xd359","0xd359","0xd359","0xd359","0xd359","0xd359","0xd359","0xd4ab","0xd4a8","0xd4a8","0xd4a8","0xd4a8","0xd4a8","0xd4a8","0xd4a8","0xeedc","0xd673","0xe878","0xe878","0xe75c","0xf041","0xf046","UNIMPL","UNIMPL","0xe819","0xe68a","0xe6cf","0xeeff","RSRVD","RSRVD","RSRVD","RSRVD","RSRVD","RSRVD","RSRVD","RSRVD","0xe66b","0xe675","0xeda8","0xed93","UNIMPL","UNIMPL","UNIMPL","UNIMPL","UNIMPL","UNIMPL","UNIMPL","0xd6af","0xd6c6","0xeed1","0xeee7","0xedbd","0xeef5","0xef7d","0xe80b","0xe8dc"
"pascal-results/images/34a815711b074d47438882efc1cd93c82ff1a407c246b7da9f86f0ceeb420053/files","AWPTD","","SYSTEM.APPLE","2aa741575266a5359e1579020a1b864d","064a1a1c1d36528e660900a2e609d158","a6c4963db331bdfa038b9a7b956378a1","PASCALSY;USERPROG;FIOPRIMS;PRINTERR;INITIALI;GETCMD;SYSIO;","0;1;2;3;4;5;6;15","CHAINSTU;TURTLEGR;TURTLEGR;PCSDSTUF;PCSDSTUF;AWSTUFF;AWSTUFF","28;20;21;25;26;23;24","0x04","0x01","6","6","0x3000","0x3100","0xd71c","0xecc8","0xd73a","0xead8","0xd5c0","0xdbbc","0xd89e","0xeb70","0xd8e3","0xed55","0xed78","0xdcba","0xdb85","0xd5d9","0xd8cb","0xd7a7","0xec6b","0xd754","0xecd6","0xd5f2","0xdd31","0xd766","0xeb1f","0xdd1f","0xd7ee","0xec93","0xd4cd","0xd9ad","0xdbde","0xd453","0xe6bd","0xd302","0xdc4a","0xd2c9","0xd9ec","0xd9d0","0xd9ff","0xd3a0","0xd94a","0xd49d","0xd5ac","0xd384","0xd96c","0xd3bd","0xd5ff","0xe3bc","0xe2d0","0xde4d","0xde45","0xde3d","0xd3ff","0xd4e7","0xde49","0xde41","0xd3d9","0xde39","0xd42d","0xd2d3","0xda81","0xdad7","0xd51b","0xd54a","0xd578","0xd592","0xda3e","0xe3a7","0xe376","0xdfca","0xdf9c","0xdf94","0xd33e","0xd309","0xdf98","0xdf90","0xd322","0xdfa0","0xd35b","0xe351","0xe31e","0xe33a","0xd932","0xd478","0xd2b6","UNIMPL","UNIMPL","0xe841","0xd701","0xd2b6","0xd315","0xd315","0xd315","0xd315","0xd315","0xd315","0xd315","0xd315","0xd315","0xd315","0xd315","0xd315","0xd315","0xd315","0xd315","0xd315","0xd377","0xd377","0xd377","0xd377","0xd377","0xd377","0xd377","0xd377","0xd377","0xd377","0xd377","0xd377","0xd377","0xd377","0xd377","0xd377","0xd4bc","0xd4b9","0xd4b9","0xd4b9","0xd4b9","0xd4b9","0xd4b9","0xd4b9","0xef1a","0xd690","0xe8b6","0xe8b6","0xe79a","0xf082","0xf087","UNIMPL","UNIMPL","0xe857","0xe6c8","0xe70d","0xef3d","RSRVD","RSRVD","RSRVD","RSRVD","RSRVD","RSRVD","RSRVD","RSRVD","0xe6a9","0xe6b3","0xede6","0xedd1","UNIMPL","UNIMPL","UNIMPL","UNIMPL","UNIMPL","UNIMPL","UNIMPL","0xd6cc","0xd6e3","0xef0f","0xef25","0xedfb","0xef33","0xefb8","0xe849","0xe91a"
"pascal-results/images/febf2e7596b1372837025cc80f03e43667006ea33cc7d98db85b86a1cecfce09/files","DEMO","","SYSTEM.APPLE","08e1a6bec6f5235f0903b78f808ed1fe","24ca8f71aca82a11063a21463ad22184","c0141b9a7f1019a32568e76b04b95ac5","PASCALSY;USERPROG;DEBUGGER;PRINTERR;INITIALI;GETCMD;FILEPROC;","0;1;2;3;4;5;6;15","LONGINTI;PASCALIO;CHAINSTU;PROFESSI;PROFESSI","30;31;28;24;25","0x02","0x01","2","2","0x3000","0x3100","0xd6bb","0xecb2","0xd6d9","0xeac2","0xd56b","0xdb57","0xd839","0xeb5a","0xd87e","0xed3f","0xed62","0xdc55","0xdb20","0xd57e","0xd866","0xd742","0xec55","0xd6f1","0xecc0","0xd591","0xdccc","0xd703","0xeb09","0xdcba","0xd789","0xec7d","0xd47b","0xd948","0xdb79","0xd401","0xe630","0xd296","0xdbe5","0xd25f","0xd987","0xd96b","0xd99a","0xd343","0xd8e5","0xd44b","0xd557","0xd325","0xd907","0xd369","0xd59e","0xe33f","0xe253","0xdde8","0xdde0","0xddd8","0xd3ad","0xd495","0xdde4","0xdddc","0xd387","0xddd4","0xd3db","0xd267","0xda1c","0xda72","0xd4c8","0xd4f6","0xd523","0xd53d","0xd9d9","0xe32a","0xe2f9","0xdf65","0xdf37","0xdf2f","0xd2d4","0xd29d","0xdf33","0xdf2b","0xd2b6","0xdf3b","0xd2fa","0xe2d4","0xe2a1","0xe2bd","0xd8cd","0xd426","0xd24d","UNIMPL","UNIMPL","0xe82b","0xd6a0","0xd24d","0xd2a9","0xd2a9","0xd2a9","0xd2a9","0xd2a9","0xd2a9","0xd2a9","0xd2a9","0xd2a9","0xd2a9","0xd2a9","0xd2a9","0xd2a9","0xd2a9","0xd2a9","0xd2a9","0xd318","0xd318","0xd318","0xd318","0xd318","0xd318","0xd318","0xd318","0xd318","0xd318","0xd318","0xd318","0xd318","0xd318","0xd318","0xd318","0xd46a","0xd467","0xd467","0xd467","0xd467","0xd467","0xd467","0xd467","0xef04","0xd62f","0xe8a0","0xe8a0","0xe784","0xf069","0xf06e","0xe63a","0xe640","0xe841","0xe6b2","0xe6f7","0xef27","RSRVD","RSRVD","RSRVD","RSRVD","RSRVD","RSRVD","RSRVD","RSRVD","0xe61c","0xe626","0xedd0","0xedbb","UNIMPL","UNIMPL","UNIMPL","UNIMPL","UNIMPL","UNIMPL","UNIMPL","0xd66b","0xd682","0xeef9","0xef0f","0xede5","0xef1d","0xefa5","0xe833","0xe904"
"pascal-results/images/9bf2f4714e45b237f4e9079eeeeab5b381304cfc82cefb2733f204b337e2f91b/files","BLANK","Also found at: pascal-results/images/9ddfca47dc12891977686f739836d28cb4b8a72a366a3797c47a8318cac699af/files (volume: FS); pascal-results/images/28e8a932707a15dd067a05fd27072e77d050d6b3498395b219e7706f858403ea/files (volume: WM); pascal-results/images/cec5945d108ed5f342caad9d93876fa142ba5f72f67e4e78004a9ba8c14c386f/files (volume: CRAPS); pascal-results/images/b10670ba890c9ca243b1b699d0e12498cdccd451a1593ce5a225f819b7935d48/files (volume: NEW)","SYSTEM.APPLE","2aa741575266a5359e1579020a1b864d","064a1a1c1d36528e660900a2e609d158","1869a63d1f8635e0e3c503b721411e4e","PASCALSY;USERPROG;FIOPRIMS;PRINTERR;INITIALI;GETCMD;SYSIO;","0;1;2;3;4;5;6;15","LONGINTI;PASCALIO;CHAINSTU;TRANSCEN;TURTLEGR;TURTLEGR;APPLESTU","30;31;28;29;20;21;22","0x04","0x01","6","6","0x3000","0x3100","0xd71c","0xecc8","0xd73a","0xead8","0xd5c0","0xdbbc","0xd89e","0xeb70","0xd8e3","0xed55","0xed78","0xdcba","0xdb85","0xd5d9","0xd8cb","0xd7a7","0xec6b","0xd754","0xecd6","0xd5f2","0xdd31","0xd766","0xeb1f","0xdd1f","0xd7ee","0xec93","0xd4cd","0xd9ad","0xdbde","0xd453","0xe6bd","0xd302","0xdc4a","0xd2c9","0xd9ec","0xd9d0","0xd9ff","0xd3a0","0xd94a","0xd49d","0xd5ac","0xd384","0xd96c","0xd3bd","0xd5ff","0xe3bc","0xe2d0","0xde4d","0xde45","0xde3d","0xd3ff","0xd4e7","0xde49","0xde41","0xd3d9","0xde39","0xd42d","0xd2d3","0xda81","0xdad7","0xd51b","0xd54a","0xd578","0xd592","0xda3e","0xe3a7","0xe376","0xdfca","0xdf9c","0xdf94","0xd33e","0xd309","0xdf98","0xdf90","0xd322","0xdfa0","0xd35b","0xe351","0xe31e","0xe33a","0xd932","0xd478","0xd2b6","UNIMPL","UNIMPL","0xe841","0xd701","0xd2b6","0xd315","0xd315","0xd315","0xd315","0xd315","0xd315","0xd315","0xd315","0xd315","0xd315","0xd315","0xd315","0xd315","0xd315","0xd315","0xd315","0xd377","0xd377","0xd377","0xd377","0xd377","0xd377","0xd377","0xd377","0xd377","0xd377","0xd377","0xd377","0xd377","0xd377","0xd377","0xd377","0xd4bc","0xd4b9","0xd4b9","0xd4b9","0xd4b9","0xd4b9","0xd4b9","0xd4b9","0xef1a","0xd690","0xe8b6","0xe8b6","0xe79a","0xf082","0xf087","UNIMPL","UNIMPL","0xe857","0xe6c8","0xe70d","0xef3d","RSRVD","RSRVD","RSRVD","RSRVD","RSRVD","RSRVD","RSRVD","RSRVD","0xe6a9","0xe6b3","0xede6","0xedd1","UNIMPL","UNIMPL","UNIMPL","UNIMPL","UNIMPL","UNIMPL","UNIMPL","0xd6cc","0xd6e3","0xef0f","0xef25","0xedfb","0xef33","0xefb8","0xe849","0xe91a"
"pascal-results/images/8637d5bfbd3ca7c918515c271da847ae9238c9395e3f441bb46363a12d72b9de/files","SYS","","SYSTEM.APPLE","4201b7026fc652309795ef1aa1f8e5e7","24ca8f71aca82a11063a21463ad22184","256f6a7cde5676b1b107b16036c3162e","PASCALSY;USERPROG;DEBUGGER;PRINTERR;INITIALI;GETCMD;FILEPROC;","0;1;2;3;4;5;6;15","LONGINTI;PASCALIO;CHAINSTU;TRANSCEN;TURTLEGR;TURTLEGR;APPLESTU","30;31;28;29;20;21;22","0x02","0x01","2","2","0x3000","0x3100","0xd6bb","0xecb2","0xd6d9","0xeac2","0xd56b","0xdb57","0xd839","0xeb5a","0xd87e","0xed3f","0xed62","0xdc55","0xdb20","0xd57e","0xd866","0xd742","0xec55","0xd6f1","0xecc0","0xd591","0xdccc","0xd703","0xeb09","0xdcba","0xd789","0xec7d","0xd47b","0xd948","0xdb79","0xd401","0xe630","0xd296","0xdbe5","0xd25f","0xd987","0xd96b","0xd99a","0xd343","0xd8e5","0xd44b","0xd557","0xd325","0xd907","0xd369","0xd59e","0xe33f","0xe253","0xdde8","0xdde0","0xddd8","0xd3ad","0xd495","0xdde4","0xdddc","0xd387","0xddd4","0xd3db","0xd267","0xda1c","0xda72","0xd4c8","0xd4f6","0xd523","0xd53d","0xd9d9","0xe32a","0xe2f9","0xdf65","0xdf37","0xdf2f","0xd2d4","0xd29d","0xdf33","0xdf2b","0xd2b6","0xdf3b","0xd2fa","0xe2d4","0xe2a1","0xe2bd","0xd8cd","0xd426","0xd24d","UNIMPL","UNIMPL","0xe82b","0xd6a0","0xd24d","0xd2a9","0xd2a9","0xd2a9","0xd2a9","0xd2a9","0xd2a9","0xd2a9","0xd2a9","0xd2a9","0xd2a9","0xd2a9","0xd2a9","0xd2a9","0xd2a9","0xd2a9","0xd2a9","0xd318","0xd318","0xd318","0xd318","0xd318","0xd318","0xd318","0xd318","0xd318","0xd318","0xd318","0xd318","0xd318","0xd318","0xd318","0xd318","0xd46a","0xd467","0xd467","0xd467","0xd467","0xd467","0xd467","0xd467","0xef04","0xd62f","0xe8a0","0xe8a0","0xe784","0xf069","0xf06e","0xe63a","0xe640","0xe841","0xe6b2","0xe6f7","0xef27","RSRVD","RSRVD","RSRVD","RSRVD","RSRVD","RSRVD","RSRVD","RSRVD","0xe61c","0xe626","0xedd0","0xedbb","UNIMPL","UNIMPL","UNIMPL","UNIMPL","UNIMPL","UNIMPL","UNIMPL","0xd66b","0xd682","0xeef9","0xef0f","0xede5","0xef1d","0xefa5","0xe833","0xe904"
"pascal-results/images/7a1aec717d48582f110fc7e76eaf1af2ca86f826c126312f3e0baa73c0897ea0/files","FORT1","","SYSTEM.APPLE","1cd11df9e32677f4d3673933d5c996fc","24ca8f71aca82a11063a21463ad22184","336ef51b923db6f6c300d1bd79b60487","PASCALSY;USERPROG;DEBUGGER;PRINTERR;INITIALI;GETCMD;FILEPROC;","0;1;2;3;4;5;6;15","LONGINTI;PASCALIO;TRANSCEN;APPLESTU;TURTLEGR;TURTLEGR;RTUNIT","30;31;29;22;20;21;7","0x02","0x01","2","1","0x3000","0x3100","0xd6bb","0xecb2","0xd6d9","0xeac2","0xd56b","0xdb57","0xd839","0xeb5a","0xd87e","0xed3f","0xed62","0xdc55","0xdb20","0xd57e","0xd866","0xd742","0xec55","0xd6f1","0xecc0","0xd591","0xdccc","0xd703","0xeb09","0xdcba","0xd789","0xec7d","0xd47b","0xd948","0xdb79","0xd401","0xe630","0xd296","0xdbe5","0xd25f","0xd987","0xd96b","0xd99a","0xd343","0xd8e5","0xd44b","0xd557","0xd325","0xd907","0xd369","0xd59e","0xe33f","0xe253","0xdde8","0xdde0","0xddd8","0xd3ad","0xd495","0xdde4","0xdddc","0xd387","0xddd4","0xd3db","0xd267","0xda1c","0xda72","0xd4c8","0xd4f6","0xd523","0xd53d","0xd9d9","0xe32a","0xe2f9","0xdf65","0xdf37","0xdf2f","0xd2d4","0xd29d","0xdf33","0xdf2b","0xd2b6","0xdf3b","0xd2fa","0xe2d4","0xe2a1","0xe2bd","0xd8cd","0xd426","0xd24d","UNIMPL","UNIMPL","0xe82b","0xd6a0","0xd24d","0xd2a9","0xd2a9","0xd2a9","0xd2a9","0xd2a9","0xd2a9","0xd2a9","0xd2a9","0xd2a9","0xd2a9","0xd2a9","0xd2a9","0xd2a9","0xd2a9","0xd2a9","0xd2a9","0xd318","0xd318","0xd318","0xd318","0xd318","0xd318","0xd318","0xd318","0xd318","0xd318","0xd318","0xd318","0xd318","0xd318","0xd318","0xd318","0xd46a","0xd467","0xd467","0xd467","0xd467","0xd467","0xd467","0xd467","0xef04","0xd62f","0xe8a0","0xe8a0","0xe784","0xf069","0xf06e","0xe63a","0xe640","0xe841","0xe6b2","0xe6f7","0xef27","RSRVD","RSRVD","RSRVD","RSRVD","RSRVD","RSRVD","RSRVD","RSRVD","0xe61c","0xe626","0xedd0","0xedbb","UNIMPL","UNIMPL","UNIMPL","UNIMPL","UNIMPL","UNIMPL","UNIMPL","0xd66b","0xd682","0xeef9","0xef0f","0xede5","0xef1d","0xefa5","0xe833","0xe904"
"pascal-results/images/cf2d82437c04104ead3980979a1a055a74bbce5113bb89a108db7d97a7ce0852/files","GAME","Also found at: pascal-results/images/9fa6633e982278c697e8efab87233d7bb9f4c629f6bb8fff57958031a2208cfd/files (volume: NEPTUNE); pascal-results/images/173ab19f20b8910d96b8016920aa33df9d5e1b437d51d01b033d145f7439f039/files (volume: URANUS)","SYSTEM.APPLE","fcda8d15f213e8e0d5c3987ab92ba114","e35d6659b6a1c4675cd7c47c411fc726","f98ebc747bc3dea98ac9a502c1a22a77","PASCALSY;USERPROG;FIOPRIMS;PRINTERR;INITIALI;GETCMD;SYSIO;","0;1;2;3;4;5;6;15","PASCALSY;CHAINSTU;LONGINTI;PASCALIO;APPLESTU;SHORTGRA;SHORTGRA;RCDEC;RCKIT;RCKIT","0;28;30;31;22;20;21;25;23;24","0x03","0x01","5","5","0x3000","0x3100","0xd6ff","0xec8a","0xd71d","0xea9a","0xd5af","0xdb9b","0xd87d","0xeb32","0xd8c2","0xed17","0xed3a","0xdc99","0xdb64","0xd5c2","0xd8aa","0xd786","0xec2d","0xd735","0xec98","0xd5d5","0xdd10","0xd747","0xeae1","0xdcfe","0xd7cd","0xec55","0xd4bc","0xd98c","0xdbbd","0xd442","0xe67f","0xd2d7","0xdc29","0xd2a0","0xd9cb","0xd9af","0xd9de","0xd384","0xd929","0xd48c","0xd59b","0xd366","0xd94b","0xd3aa","0xd5e2","0xe371","0xe285","0xde2c","0xde24","0xde1c","0xd3ee","0xd4d6","0xde28","0xde20","0xd3c8","0xde18","0xd41c","0xd2a8","0xda60","0xdab6","0xd50a","0xd539","0xd567","0xd581","0xda1d","0xe35c","0xe32b","0xdfa9","0xdf7b","0xdf73","0xd315","0xd2de","0xdf77","0xdf6f","0xd2f7","0xdf7f","0xd33b","0xe306","0xe2d3","0xe2ef","0xd911","0xd467","0xd28d","UNIMPL","UNIMPL","0xe803","0xd6e4","0xd28d","0xd2ea","0xd2ea","0xd2ea","0xd2ea","0xd2ea","0xd2ea","0xd2ea","0xd2ea","0xd2ea","0xd2ea","0xd2ea","0xd2ea","0xd2ea","0xd2ea","0xd2ea","0xd2ea","0xd359","0xd359","0xd359","0xd359","0xd359","0xd359","0xd359","0xd359","0xd359","0xd359","0xd359","0xd359","0xd359","0xd359","0xd359","0xd359","0xd4ab","0xd4a8","0xd4a8","0xd4a8","0xd4a8","0xd4a8","0xd4a8","0xd4a8","0xeedc","0xd673","0xe878","0xe878","0xe75c","0xf041","0xf046","UNIMPL","UNIMPL","0xe819","0xe68a","0xe6cf","0xeeff","RSRVD","RSRVD","RSRVD","RSRVD","RSRVD","RSRVD","RSRVD","RSRVD","0xe66b","0xe675","0xeda8","0xed93","UNIMPL","UNIMPL","UNIMPL","UNIMPL","UNIMPL","UNIMPL","UNIMPL","0xd6af","0xd6c6","0xeed1","0xeee7","0xedbd","0xeef5","0xef7d","0xe80b","0xe8dc"
"pascal-results/images/fed88179afd4e16674f6ab83a0f518afc70195faf7ea9266702967a6123a262b/files","CNC","","SYSTEM.APPLE","1cd11df9e32677f4d3673933d5c996fc","a90d66003ec6fd51ea6ff2af4f3d52c7","d86ea27a7c1bdfc0a0a9a6e0cf750bc7","PASCALSY;USERPROG;DEBUGGER;INITIALI;GETCMD;FILEPROC;","0;1;2;4;5;6;15","LONGINTI;PASCALIO;CHAINSTU;TRANSCEN;TURTLEGR;TURTLEGR;APPLESTU","30;31;28;29;20;21;22","0x02","0x01","2","2","0x3000","0x3100","0xd6bb","0xecb2","0xd6d9","0xeac2","0xd56b","0xdb57","0xd839","0xeb5a","0xd87e","0xed3f","0xed62","0xdc55","0xdb20","0xd57e","0xd866","0xd742","0xec55","0xd6f1","0xecc0","0xd591","0xdccc","0xd703","0xeb09","0xdcba","0xd789","0xec7d","0xd47b","0xd948","0xdb79","0xd401","0xe630","0xd296","0xdbe5","0xd25f","0xd987","0xd96b","0xd99a","0xd343","0xd8e5","0xd44b","0xd557","0xd325","0xd907","0xd369","0xd59e","0xe33f","0xe253","0xdde8","0xdde0","0xddd8","0xd3ad","0xd495","0xdde4","0xdddc","0xd387","0xddd4","0xd3db","0xd267","0xda1c","0xda72","0xd4c8","0xd4f6","0xd523","0xd53d","0xd9d9","0xe32a","0xe2f9","0xdf65","0xdf37","0xdf2f","0xd2d4","0xd29d","0xdf33","0xdf2b","0xd2b6","0xdf3b","0xd2fa","0xe2d4","0xe2a1","0xe2bd","0xd8cd","0xd426","0xd24d","UNIMPL","UNIMPL","0xe82b","0xd6a0","0xd24d","0xd2a9","0xd2a9","0xd2a9","0xd2a9","0xd2a9","0xd2a9","0xd2a9","0xd2a9","0xd2a9","0xd2a9","0xd2a9","0xd2a9","0xd2a9","0xd2a9","0xd2a9","0xd2a9","0xd318","0xd318","0xd318","0xd318","0xd318","0xd318","0xd318","0xd318","0xd318","0xd318","0xd318","0xd318","0xd318","0xd318","0xd318","0xd318","0xd46a","0xd467","0xd467","0xd467","0xd467","0xd467","0xd467","0xd467","0xef04","0xd62f","0xe8a0","0xe8a0","0xe784","0xf069","0xf06e","0xe63a","0xe640","0xe841","0xe6b2","0xe6f7","0xef27","RSRVD","RSRVD","RSRVD","RSRVD","RSRVD","RSRVD","RSRVD","RSRVD","0xe61c","0xe626","0xedd0","0xedbb","UNIMPL","UNIMPL","UNIMPL","UNIMPL","UNIMPL","UNIMPL","UNIMPL","0xd66b","0xd682","0xeef9","0xef0f","0xede5","0xef1d","0xefa5","0xe833","0xe904"
"pascal-results/images/7a9548ec3cdc565afb4767019250be2493d6f59b5e5ffa89dbeb93df21533f72/files","RTTUT","","SYSTEM.APPLE","fcda8d15f213e8e0d5c3987ab92ba114","e35d6659b6a1c4675cd7c47c411fc726","13c0648076fe3879224b08195cfbe046","PASCALSY;USERPROG;FIOPRIMS;PRINTERR;INITIALI;GETCMD;SYSIO;","0;1;2;3;4;5;6;15","LONGINTI;PASCALIO;CHAINSTU;INFOGRAF;INFOGRAF;NCGLOBAL;NCGLOBAL;NCGL2;NCGL3;NCGL3","30;31;28;17;23;18;19;20;24;25","0x03","0x01","5","5","0x3000","0x3100","0xd6ff","0xec8a","0xd71d","0xea9a","0xd5af","0xdb9b","0xd87d","0xeb32","0xd8c2","0xed17","0xed3a","0xdc99","0xdb64","0xd5c2","0xd8aa","0xd786","0xec2d","0xd735","0xec98","0xd5d5","0xdd10","0xd747","0xeae1","0xdcfe","0xd7cd","0xec55","0xd4bc","0xd98c","0xdbbd","0xd442","0xe67f","0xd2d7","0xdc29","0xd2a0","0xd9cb","0xd9af","0xd9de","0xd384","0xd929","0xd48c","0xd59b","0xd366","0xd94b","0xd3aa","0xd5e2","0xe371","0xe285","0xde2c","0xde24","0xde1c","0xd3ee","0xd4d6","0xde28","0xde20","0xd3c8","0xde18","0xd41c","0xd2a8","0xda60","0xdab6","0xd50a","0xd539","0xd567","0xd581","0xda1d","0xe35c","0xe32b","0xdfa9","0xdf7b","0xdf73","0xd315","0xd2de","0xdf77","0xdf6f","0xd2f7","0xdf7f","0xd33b","0xe306","0xe2d3","0xe2ef","0xd911","0xd467","0xd28d","UNIMPL","UNIMPL","0xe803","0xd6e4","0xd28d","0xd2ea","0xd2ea","0xd2ea","0xd2ea","0xd2ea","0xd2ea","0xd2ea","0xd2ea","0xd2ea","0xd2ea","0xd2ea","0xd2ea","0xd2ea","0xd2ea","0xd2ea","0xd2ea","0xd359","0xd359","0xd359","0xd359","0xd359","0xd359","0xd359","0xd359","0xd359","0xd359","0xd359","0xd359","0xd359","0xd359","0xd359","0xd359","0xd4ab","0xd4a8","0xd4a8","0xd4a8","0xd4a8","0xd4a8","0xd4a8","0xd4a8","0xeedc","0xd673","0xe878","0xe878","0xe75c","0xf041","0xf046","UNIMPL","UNIMPL","0xe819","0xe68a","0xe6cf","0xeeff","RSRVD","RSRVD","RSRVD","RSRVD","RSRVD","RSRVD","RSRVD","RSRVD","0xe66b","0xe675","0xeda8","0xed93","UNIMPL","UNIMPL","UNIMPL","UNIMPL","UNIMPL","UNIMPL","UNIMPL","0xd6af","0xd6c6","0xeed1","0xeee7","0xedbd","0xeef5","0xef7d","0xe80b","0xe8dc"
"pascal-results/images/480a3635f6c0c51818e60cd15f1c90df0f9d67202afd58cf582d1df60a04591d/files","R200","","SYSTEM.APPLE","93b3b570ad7d4f281c32863274b7bc4b","030931fe34c305d60c3f006bee7eafed","3cf4bb0745d2c9bad6b8249fe059f20e","PASCALSY;USERPROG;FIOPRIMS;PRINTERR;INITIALI;GETCMD;SYSIO;","0;1;2;3;4;5;6;15","GRAFCODE;PASCALIO;APPLESTU;SHORTGRA;SHORTGRA;MATCHLIB;R215DEC;R215DEC;R215KIT","18;31;22;21;20;29;23;24;26","0x04","0x01","6","6","0x3000","0x3100","0xd71c","0xecc8","0xd73a","0xead8","0xd5c0","0xdbbc","0xd89e","0xeb70","0xd8e3","0xed55","0xed78","0xdcba","0xdb85","0xd5d9","0xd8cb","0xd7a7","0xec6b","0xd754","0xecd6","0xd5f2","0xdd31","0xd766","0xeb1f","0xdd1f","0xd7ee","0xec93","0xd4cd","0xd9ad","0xdbde","0xd453","0xe6bd","0xd302","0xdc4a","0xd2c9","0xd9ec","0xd9d0","0xd9ff","0xd3a0","0xd94a","0xd49d","0xd5ac","0xd384","0xd96c","0xd3bd","0xd5ff","0xe3bc","0xe2d0","0xde4d","0xde45","0xde3d","0xd3ff","0xd4e7","0xde49","0xde41","0xd3d9","0xde39","0xd42d","0xd2d3","0xda81","0xdad7","0xd51b","0xd54a","0xd578","0xd592","0xda3e","0xe3a7","0xe376","0xdfca","0xdf9c","0xdf94","0xd33e","0xd309","0xdf98","0xdf90","0xd322","0xdfa0","0xd35b","0xe351","0xe31e","0xe33a","0xd932","0xd478","0xd2b6","UNIMPL","UNIMPL","0xe841","0xd701","0xd2b6","0xd315","0xd315","0xd315","0xd315","0xd315","0xd315","0xd315","0xd315","0xd315","0xd315","0xd315","0xd315","0xd315","0xd315","0xd315","0xd315","0xd377","0xd377","0xd377","0xd377","0xd377","0xd377","0xd377","0xd377","0xd377","0xd377","0xd377","0xd377","0xd377","0xd377","0xd377","0xd377","0xd4bc","0xd4b9","0xd4b9","0xd4b9","0xd4b9","0xd4b9","0xd4b9","0xd4b9","0xef1a","0xd690","0xe8b6","0xe8b6","0xe79a","0xf082","0xf087","UNIMPL","UNIMPL","0xe857","0xe6c8","0xe70d","0xef3d","RSRVD","RSRVD","RSRVD","RSRVD","RSRVD","RSRVD","RSRVD","RSRVD","0xe6a9","0xe6b3","0xede6","0xedd1","UNIMPL","UNIMPL","UNIMPL","UNIMPL","UNIMPL","UNIMPL","UNIMPL","0xd6cc","0xd6e3","0xef0f","0xef25","0xedfb","0xef33","0xefb8","0xe849","0xe91a"
"pascal-results/images/99a6065f6011530d04fac48994bc78963c097de0e3df1c3229fd4e5d04d9ecbb/files","POL0","","SYSTEM.APPLE","9d0905286c7f92e9ec592aa9f62c27d2","b65565a1b7decb939de9002163debef3","8c42b8cda5f25ef56033f1942b26d87d","PASCALSY;USERPROG;FIOPRIMS;PRINTERR;INITIALI;GETCMD;FILEPROC;","0;1;2;3;4;5;6;15","PASCALIO;CHAINSTU;UUTIL;UUTIL;UFILESTU;UFILESTU;UDRAW;UDRAW;UMENU;UMENU","31;28;22;23;24;25;26;27;29;30","0x03","0x00","5","5","0x3000","0x3100","0xd6d0","0xecd3","0xd6ee","0xeae3","0xd580","0xdb6c","0xd84e","0xeb7b","0xd893","0xed60","0xed83","0xdc6a","0xdb35","0xd593","0xd87b","0xd757","0xec76","0xd706","0xece1","0xd5a6","0xdce1","0xd718","0xeb2a","0xdccf","0xd79e","0xec9e","0xd48d","0xd95d","0xdb8e","0xd413","0xe650","0xd2a8","0xdbfa","0xd271","0xd99c","0xd980","0xd9af","0xd355","0xd8fa","0xd45d","0xd56c","0xd337","0xd91c","0xd37b","0xd5b3","0xe342","0xe256","0xddfd","0xddf5","0xdded","0xd3bf","0xd4a7","0xddf9","0xddf1","0xd399","0xdde9","0xd3ed","0xd279","0xda31","0xda87","0xd4db","0xd50a","0xd538","0xd552","0xd9ee","0xe32d","0xe2fc","0xdf7a","0xdf4c","0xdf44","0xd2e6","0xd2af","0xdf48","0xdf40","0xd2c8","0xdf50","0xd30c","0xe2d7","0xe2a4","0xe2c0","0xd8e2","0xd438","0xd25e","UNIMPL","UNIMPL","0xe84c","0xd6b5","0xd25e","0xd2bb","0xd2bb","0xd2bb","0xd2bb","0xd2bb","0xd2bb","0xd2bb","0xd2bb","0xd2bb","0xd2bb","0xd2bb","0xd2bb","0xd2bb","0xd2bb","0xd2bb","0xd2bb","0xd32a","0xd32a","0xd32a","0xd32a","0xd32a","0xd32a","0xd32a","0xd32a","0xd32a","0xd32a","0xd32a","0xd32a","0xd32a","0xd32a","0xd32a","0xd32a","0xd47c","0xd479","0xd479","0xd479","0xd479","0xd479","0xd479","0xd479","0xef25","0xd644","0xe8c1","0xe8c1","0xe7a5","0xf08a","0xf08f","0xe65b","0xe661","0xe862","0xe6d3","0xe718","0xef48","RSRVD","RSRVD","RSRVD","RSRVD","RSRVD","RSRVD","RSRVD","RSRVD","0xe63c","0xe646","0xedf1","0xeddc","UNIMPL","UNIMPL","UNIMPL","UNIMPL","UNIMPL","UNIMPL","UNIMPL","0xd680","0xd697","0xef1a","0xef30","0xee06","0xef3e","0xefc6","0xe854","0xe925"
"pascal-results/images/2214268d6edcb51ce0d9e32bc898821c302bed07ca231b4f9c3915d80fe45ea5/files","WAGGS","Also found at: pascal-results/images/47083b423cba142eecf93bcab09d7acd33010c8044aa82faec853015dff5f84c/files (volume: WAGGS)","SYSTEM.APPLE","54b5df4d19bbd7ddeee5c5af19973908","16165b117cc8eb127479e100665c78f9","476cfd66736154be064c7d043906f4a3","PASCALSY;USERPROG;FIOPRIMS;PRINTERR;INITIALI;GETCMD;FILEPROC;","0;1;2;3;4;5;6;15","PASCALIO","31","0x04","0x40","6","1","0x3000","0x3100","0xd762","0xf2d3","0xd780","0xf0e3","0xd603","0xdcd8","0xd8e4","0xf17b","0xd929","0xf360","0xf383","0xdddc","0xdca1","0xd61c","0xd911","0xd7ed","0xf276","0xd79a","0xf2e1","0xd635","0xde53","0xd7ac","0xf12a","0xde41","0xd834","0xf29e","0xd4fb","0xdabd","0xdcfa","0xd46f","0xec92","0xd309","0xdd66","0xd2c7","0xdafc","0xdae0","0xdb0f","0xd3aa","0xd9ce","0xd4c5","0xd5ef","0xd38e","0xda76","0xd3c7","0xd642","0xe554","0xe432","0xdf6f","0xdf67","0xdf5f","0xd40f","0xd515","0xdf6b","0xdf63","0xd3e3","0xdf5b","0xd443","0xd2d1","0xdb9d","0xdbf3","0xd552","0xd587","0xd5bb","0xd5d5","0xdb4e","0xe53f","0xe508","0xe0f2","0xe0c4","0xe0bc","0xd348","0xd310","0xe0c0","0xe0b8","0xd32c","0xe0c8","0xd365","0xe4d1","0xe492","0xe4b4","0xd9a8","0xd49a","0xd2ae","UNIMPL","UNIMPL","0xee46","0xd747","0xd2ae","0xd31f","0xd31f","0xd31f","0xd31f","0xd31f","0xd31f","0xd31f","0xd31f","0xd31f","0xd31f","0xd31f","0xd31f","0xd31f","0xd31f","0xd31f","0xd31f","0xd381","0xd381","0xd381","0xd381","0xd381","0xd381","0xd381","0xd381","0xd381","0xd381","0xd381","0xd381","0xd381","0xd381","0xd381","0xd381","0xd4ea","0xd4e7","0xd4e7","0xd4e7","0xd4e7","0xd4e7","0xd4e7","0xd4e7","0xf525","0xd6d6","0xeebb","0xeebb","0xed75","0xf68d","0xf692","UNIMPL","UNIMPL","0xee5c","0xeca3","0xece8","0xf548","RSRVD","RSRVD","RSRVD","RSRVD","RSRVD","RSRVD","RSRVD","RSRVD","0xec7e","0xec88","0xf3f1","0xf3dc","UNIMPL","UNIMPL","UNIMPL","UNIMPL","UNIMPL","UNIMPL","UNIMPL","0xd712","0xd729","0xf51a","0xf530","0xf406","0xf53e","0xf5c3","0xee4e","0xef25"
"pascal-results/images/4dff8ec65aef53d39897a9ed6a5593b03b5fab48fe524016c3a48e60ad07d278/files","DIENST","","SYSTEM.APPLE","1cd11df9e32677f4d3673933d5c996fc","24ca8f71aca82a11063a21463ad22184","ddf06027b35d6f0b19de22bcd2c56f34","PASCALSY;USERPROG;DEBUGGER;PRINTERR;INITIALI;GETCMD;FILEPROC;","0;1;2;3;4;5;6;15","LONGINTI;PASCALIO;CHAINSTU;TRANSCEN;TURTLEGR;TURTLEGR;APPLESTU;FKTEINGA;FKTEINGA;EPSONGRA;KYBDSTUF;KYBDSTUF","30;31;28;29;20;21;22;25;26;17;23;24","0x02","0x01","2","2","0x3000","0x3100","0xd6bb","0xecb2","0xd6d9","0xeac2","0xd56b","0xdb57","0xd839","0xeb5a","0xd87e","0xed3f","0xed62","0xdc55","0xdb20","0xd57e","0xd866","0xd742","0xec55","0xd6f1","0xecc0","0xd591","0xdccc","0xd703","0xeb09","0xdcba","0xd789","0xec7d","0xd47b","0xd948","0xdb79","0xd401","0xe630","0xd296","0xdbe5","0xd25f","0xd987","0xd96b","0xd99a","0xd343","0xd8e5","0xd44b","0xd557","0xd325","0xd907","0xd369","0xd59e","0xe33f","0xe253","0xdde8","0xdde0","0xddd8","0xd3ad","0xd495","0xdde4","0xdddc","0xd387","0xddd4","0xd3db","0xd267","0xda1c","0xda72","0xd4c8","0xd4f6","0xd523","0xd53d","0xd9d9","0xe32a","0xe2f9","0xdf65","0xdf37","0xdf2f","0xd2d4","0xd29d","0xdf33","0xdf2b","0xd2b6","0xdf3b","0xd2fa","0xe2d4","0xe2a1","0xe2bd","0xd8cd","0xd426","0xd24d","UNIMPL","UNIMPL","0xe82b","0xd6a0","0xd24d","0xd2a9","0xd2a9","0xd2a9","0xd2a9","0xd2a9","0xd2a9","0xd2a9","0xd2a9","0xd2a9","0xd2a9","0xd2a9","0xd2a9","0xd2a9","0xd2a9","0xd2a9","0xd2a9","0xd318","0xd318","0xd318","0xd318","0xd318","0xd318","0xd318","0xd318","0xd318","0xd318","0xd318","0xd318","0xd318","0xd318","0xd318","0xd318","0xd46a","0xd467","0xd467","0xd467","0xd467","0xd467","0xd467","0xd467","0xef04","0xd62f","0xe8a0","0xe8a0","0xe784","0xf069","0xf06e","0xe63a","0xe640","0xe841","0xe6b2","0xe6f7","0xef27","RSRVD","RSRVD","RSRVD","RSRVD","RSRVD","RSRVD","RSRVD","RSRVD","0xe61c","0xe626","0xedd0","0xedbb","UNIMPL","UNIMPL","UNIMPL","UNIMPL","UNIMPL","UNIMPL","UNIMPL","0xd66b","0xd682","0xeef9","0xef0f","0xede5","0xef1d","0xefa5","0xe833","0xe904"
"pascal-results/images/93204f97f1e7ecbff1dd51075064ca7da8232698a50c5046da4eba17d3110d11/files","KBDRUN","Also found at: pascal-results/images/5c9d6d3348a431a2be247362891b2fae2f0531a8dbe89607f7e9c28f2ea0f02b/files (volume: KBDRUN)","SYSTEM.APPLE","b171707fed34e35c30375a6601fc8829","5a160e53833eab6ae1008555f4fc7d8f","b6a154157d2b29150f0ebbbc22a4881b","PASCALSY;USERPROG;SYSIO;PRINTERR;INITIALI;GETCMD;FIOPRIMS;","0;1;2;3;4;5;6;15","CHAINSTU;APPLESTU;SHORTGRA;SHORTGRA;INTROLIB;INTROLIB;TYPE1UNI;TYPE2UNI;TYPE3UNI","28;22;20;21;26;27;25;23;24","0x02","0x0b","2","2","0x3000","0x3100","0xd6fb","0xec7a","0xd719","0xea8a","0xd5ab","0xdb97","0xd879","0xeb22","0xd8be","0xed07","0xed2a","0xdc95","0xdb60","0xd5be","0xd8a6","0xd782","0xec1d","0xd731","0xec88","0xd5d1","0xdd0c","0xd743","0xead1","0xdcfa","0xd7c9","0xec45","0xd4bb","0xd988","0xdbb9","0xd441","0xe670","0xd2d6","0xdc25","0xd29f","0xd9c7","0xd9ab","0xd9da","0xd383","0xd925","0xd48b","0xd597","0xd365","0xd947","0xd3a9","0xd5de","0xe37f","0xe293","0xde28","0xde20","0xde18","0xd3ed","0xd4d5","0xde24","0xde1c","0xd3c7","0xde14","0xd41b","0xd2a7","0xda5c","0xdab2","0xd508","0xd536","0xd563","0xd57d","0xda19","0xe36a","0xe339","0xdfa5","0xdf77","0xdf6f","0xd314","0xd2dd","0xdf73","0xdf6b","0xd2f6","0xdf7b","0xd33a","0xe314","0xe2e1","0xe2fd","0xd90d","0xd466","0xd28d","UNIMPL","UNIMPL","0xe7f3","0xd6e0","0xd28d","0xd2e9","0xd2e9","0xd2e9","0xd2e9","0xd2e9","0xd2e9","0xd2e9","0xd2e9","0xd2e9","0xd2e9","0xd2e9","0xd2e9","0xd2e9","0xd2e9","0xd2e9","0xd2e9","0xd358","0xd358","0xd358","0xd358","0xd358","0xd358","0xd358","0xd358","0xd358","0xd358","0xd358","0xd358","0xd358","0xd358","0xd358","0xd358","0xd4aa","0xd4a7","0xd4a7","0xd4a7","0xd4a7","0xd4a7","0xd4a7","0xd4a7","0xeecc","0xd66f","0xe868","0xe868","0xe74c","0xf031","0xf036","UNIMPL","UNIMPL","0xe809","0xe67a","0xe6bf","0xeeef","RSRVD","RSRVD","RSRVD","RSRVD","RSRVD","RSRVD","RSRVD","RSRVD","0xe65c","0xe666","0xed98","0xed83","UNIMPL","UNIMPL","UNIMPL","UNIMPL","UNIMPL","UNIMPL","UNIMPL","0xd6ab","0xd6c2","0xeec1","0xeed7","0xedad","0xeee5","0xef6d","0xe7fb","0xe8cc"
"pascal-results/images/ff6cee9e536f8e2ba58a026a11023024ecc0e626b9088895c3af253a52e871ce/files","PTDISK","","SYSTEM.APPLE","91c02f06172bc131b363d8f516b9baf4","b65565a1b7decb939de9002163debef3","de29600c70bdbe1045f7c62e24f6acfb","PASCALSY;USERPROG;FIOPRIMS;PRINTERR;INITIALI;GETCMD;FILEPROC;","0;1;2;3;4;5;6;15","PASCALIO;LONGINTI;TRANSCEN;CHAINSTU;EXSTUFF;EXSTUFF;ADDRESS;ADDRESS;APPLESTU;SHORTGRA;SHORTGRA;MINSTUFF;MINSTUFF;CODECHEC;CODECHEC","31;30;29;28;25;26;24;23;22;20;21;19;18;16;17","0x03","0x00","5","5","0x3000","0x3100","0xd6d0","0xecd3","0xd6ee","0xeae3","0xd580","0xdb6c","0xd84e","0xeb7b","0xd893","0xed60","0xed83","0xdc6a","0xdb35","0xd593","0xd87b","0xd757","0xec76","0xd706","0xece1","0xd5a6","0xdce1","0xd718","0xeb2a","0xdccf","0xd79e","0xec9e","0xd48d","0xd95d","0xdb8e","0xd413","0xe650","0xd2a8","0xdbfa","0xd271","0xd99c","0xd980","0xd9af","0xd355","0xd8fa","0xd45d","0xd56c","0xd337","0xd91c","0xd37b","0xd5b3","0xe342","0xe256","0xddfd","0xddf5","0xdded","0xd3bf","0xd4a7","0xddf9","0xddf1","0xd399","0xdde9","0xd3ed","0xd279","0xda31","0xda87","0xd4db","0xd50a","0xd538","0xd552","0xd9ee","0xe32d","0xe2fc","0xdf7a","0xdf4c","0xdf44","0xd2e6","0xd2af","0xdf48","0xdf40","0xd2c8","0xdf50","0xd30c","0xe2d7","0xe2a4","0xe2c0","0xd8e2","0xd438","0xd25e","UNIMPL","UNIMPL","0xe84c","0xd6b5","0xd25e","0xd2bb","0xd2bb","0xd2bb","0xd2bb","0xd2bb","0xd2bb","0xd2bb","0xd2bb","0xd2bb","0xd2bb","0xd2bb","0xd2bb","0xd2bb","0xd2bb","0xd2bb","0xd2bb","0xd32a","0xd32a","0xd32a","0xd32a","0xd32a","0xd32a","0xd32a","0xd32a","0xd32a","0xd32a","0xd32a","0xd32a","0xd32a","0xd32a","0xd32a","0xd32a","0xd47c","0xd479","0xd479","0xd479","0xd479","0xd479","0xd479","0xd479","0xef25","0xd644","0xe8c1","0xe8c1","0xe7a5","0xf08a","0xf08f","0xe65b","0xe661","0xe862","0xe6d3","0xe718","0xef48","RSRVD","RSRVD","RSRVD","RSRVD","RSRVD","RSRVD","RSRVD","RSRVD","0xe63c","0xe646","0xedf1","0xeddc","UNIMPL","UNIMPL","UNIMPL","UNIMPL","UNIMPL","UNIMPL","UNIMPL","0xd680","0xd697","0xef1a","0xef30","0xee06","0xef3e","0xefc6","0xe854","0xe925"
"pascal-results/images/97dacda6d5904997850fcd0908cc759438e8703d0ba52edb00e17bfe1cf8366f/files","O3SYS","","SYSTEM.APPLE","1cd11df9e32677f4d3673933d5c996fc","24ca8f71aca82a11063a21463ad22184","3b9ae76f9079a1a313c4bb706a5b8e9b","PASCALSY;USERPROG;DEBUGGER;PRINTERR;INITIALI;GETCMD;FILEPROC;","0;1;2;3;4;5;6;15","LONGINTI;CHAINSTU","30;28","0x02","0x01","2","2","0x3000","0x3100","0xd6bb","0xecb2","0xd6d9","0xeac2","0xd56b","0xdb57","0xd839","0xeb5a","0xd87e","0xed3f","0xed62","0xdc55","0xdb20","0xd57e","0xd866","0xd742","0xec55","0xd6f1","0xecc0","0xd591","0xdccc","0xd703","0xeb09","0xdcba","0xd789","0xec7d","0xd47b","0xd948","0xdb79","0xd401","0xe630","0xd296","0xdbe5","0xd25f","0xd987","0xd96b","0xd99a","0xd343","0xd8e5","0xd44b","0xd557","0xd325","0xd907","0xd369","0xd59e","0xe33f","0xe253","0xdde8","0xdde0","0xddd8","0xd3ad","0xd495","0xdde4","0xdddc","0xd387","0xddd4","0xd3db","0xd267","0xda1c","0xda72","0xd4c8","0xd4f6","0xd523","0xd53d","0xd9d9","0xe32a","0xe2f9","0xdf65","0xdf37","0xdf2f","0xd2d4","0xd29d","0xdf33","0xdf2b","0xd2b6","0xdf3b","0xd2fa","0xe2d4","0xe2a1","0xe2bd","0xd8cd","0xd426","0xd24d","UNIMPL","UNIMPL","0xe82b","0xd6a0","0xd24d","0xd2a9","0xd2a9","0xd2a9","0xd2a9","0xd2a9","0xd2a9","0xd2a9","0xd2a9","0xd2a9","0xd2a9","0xd2a9","0xd2a9","0xd2a9","0xd2a9","0xd2a9","0xd2a9","0xd318","0xd318","0xd318","0xd318","0xd318","0xd318","0xd318","0xd318","0xd318","0xd318","0xd318","0xd318","0xd318","0xd318","0xd318","0xd318","0xd46a","0xd467","0xd467","0xd467","0xd467","0xd467","0xd467","0xd467","0xef04","0xd62f","0xe8a0","0xe8a0","0xe784","0xf069","0xf06e","0xe63a","0xe640","0xe841","0xe6b2","0xe6f7","0xef27","RSRVD","RSRVD","RSRVD","RSRVD","RSRVD","RSRVD","RSRVD","RSRVD","0xe61c","0xe626","0xedd0","0xedbb","UNIMPL","UNIMPL","UNIMPL","UNIMPL","UNIMPL","UNIMPL","UNIMPL","0xd66b","0xd682","0xeef9","0xef0f","0xede5","0xef1d","0xefa5","0xe833","0xe904"
"pascal-results/images/2325cdb9e6137a487c43d841f1496bccd60da4e9e7752d648297b29b22dbd4a5/files","MICRO.T","","SYSTEM.APPLE","fcda8d15f213e8e0d5c3987ab92ba114","e35d6659b6a1c4675cd7c47c411fc726","965119b7316789c59f7791434fee8556","PASCALSY;USERPROG;FIOPRIMS;PRINTERR;INITIALI;GETCMD;SYSIO;","0;1;2;3;4;5;6;15","PASCALIO;TURTLEGR;TURTLEGR;APPLESTU;CHAINSTU;P3DESTUF;P3DESTUF","31;20;21;22;28;25;26","0x03","0x01","5","5","0x3000","0x3100","0xd6ff","0xec8a","0xd71d","0xea9a","0xd5af","0xdb9b","0xd87d","0xeb32","0xd8c2","0xed17","0xed3a","0xdc99","0xdb64","0xd5c2","0xd8aa","0xd786","0xec2d","0xd735","0xec98","0xd5d5","0xdd10","0xd747","0xeae1","0xdcfe","0xd7cd","0xec55","0xd4bc","0xd98c","0xdbbd","0xd442","0xe67f","0xd2d7","0xdc29","0xd2a0","0xd9cb","0xd9af","0xd9de","0xd384","0xd929","0xd48c","0xd59b","0xd366","0xd94b","0xd3aa","0xd5e2","0xe371","0xe285","0xde2c","0xde24","0xde1c","0xd3ee","0xd4d6","0xde28","0xde20","0xd3c8","0xde18","0xd41c","0xd2a8","0xda60","0xdab6","0xd50a","0xd539","0xd567","0xd581","0xda1d","0xe35c","0xe32b","0xdfa9","0xdf7b","0xdf73","0xd315","0xd2de","0xdf77","0xdf6f","0xd2f7","0xdf7f","0xd33b","0xe306","0xe2d3","0xe2ef","0xd911","0xd467","0xd28d","UNIMPL","UNIMPL","0xe803","0xd6e4","0xd28d","0xd2ea","0xd2ea","0xd2ea","0xd2ea","0xd2ea","0xd2ea","0xd2ea","0xd2ea","0xd2ea","0xd2ea","0xd2ea","0xd2ea","0xd2ea","0xd2ea","0xd2ea","0xd2ea","0xd359","0xd359","0xd359","0xd359","0xd359","0xd359","0xd359","0xd359","0xd359","0xd359","0xd359","0xd359","0xd359","0xd359","0xd359","0xd359","0xd4ab","0xd4a8","0xd4a8","0xd4a8","0xd4a8","0xd4a8","0xd4a8","0xd4a8","0xeedc","0xd673","0xe878","0xe878","0xe75c","0xf041","0xf046","UNIMPL","UNIMPL","0xe819","0xe68a","0xe6cf","0xeeff","RSRVD","RSRVD","RSRVD","RSRVD","RSRVD","RSRVD","RSRVD","RSRVD","0xe66b","0xe675","0xeda8","0xed93","UNIMPL","UNIMPL","UNIMPL","UNIMPL","UNIMPL","UNIMPL","UNIMPL","0xd6af","0xd6c6","0xeed1","0xeee7","0xedbd","0xeef5","0xef7d","0xe80b","0xe8dc"
"pascal-results/images/6a1047ffb787ab4e60c7cd86ece56c3f06098b1ed47e7cda84576d13d03947db/files","49MAST","","SYSTEM.APPLE","c5ad56a595bf0242d5af103ef384dfb8","b65565a1b7decb939de9002163debef3","82d8cbb7756aff91b58808dd53a08ad4","PASCALSY;USERPROG;FIOPRIMS;PRINTERR;INITIALI;GETCMD;FILEPROC;","0;1;2;3;4;5;6;15","PASCALIO;UASSEMBL;UASSEMBL;CHAINSTU","31;22;23;28","0x03","0x00","5","5","0x3000","0x3100","0xd6d0","0xecd3","0xd6ee","0xeae3","0xd580","0xdb6c","0xd84e","0xeb7b","0xd893","0xed60","0xed83","0xdc6a","0xdb35","0xd593","0xd87b","0xd757","0xec76","0xd706","0xece1","0xd5a6","0xdce1","0xd718","0xeb2a","0xdccf","0xd79e","0xec9e","0xd48d","0xd95d","0xdb8e","0xd413","0xe650","0xd2a8","0xdbfa","0xd271","0xd99c","0xd980","0xd9af","0xd355","0xd8fa","0xd45d","0xd56c","0xd337","0xd91c","0xd37b","0xd5b3","0xe342","0xe256","0xddfd","0xddf5","0xdded","0xd3bf","0xd4a7","0xddf9","0xddf1","0xd399","0xdde9","0xd3ed","0xd279","0xda31","0xda87","0xd4db","0xd50a","0xd538","0xd552","0xd9ee","0xe32d","0xe2fc","0xdf7a","0xdf4c","0xdf44","0xd2e6","0xd2af","0xdf48","0xdf40","0xd2c8","0xdf50","0xd30c","0xe2d7","0xe2a4","0xe2c0","0xd8e2","0xd438","0xd25e","UNIMPL","UNIMPL","0xe84c","0xd6b5","0xd25e","0xd2bb","0xd2bb","0xd2bb","0xd2bb","0xd2bb","0xd2bb","0xd2bb","0xd2bb","0xd2bb","0xd2bb","0xd2bb","0xd2bb","0xd2bb","0xd2bb","0xd2bb","0xd2bb","0xd32a","0xd32a","0xd32a","0xd32a","0xd32a","0xd32a","0xd32a","0xd32a","0xd32a","0xd32a","0xd32a","0xd32a","0xd32a","0xd32a","0xd32a","0xd32a","0xd47c","0xd479","0xd479","0xd479","0xd479","0xd479","0xd479","0xd479","0xef25","0xd644","0xe8c1","0xe8c1","0xe7a5","0xf08a","0xf08f","0xe65b","0xe661","0xe862","0xe6d3","0xe718","0xef48","RSRVD","RSRVD","RSRVD","RSRVD","RSRVD","RSRVD","RSRVD","RSRVD","0xe63c","0xe646","0xedf1","0xeddc","UNIMPL","UNIMPL","UNIMPL","UNIMPL","UNIMPL","UNIMPL","UNIMPL","0xd680","0xd697","0xef1a","0xef30","0xee06","0xef3e","0xefc6","0xe854","0xe925"
"pascal-results/images/af16dde0d95ab968087d829ac1250eac11d5e1511e3eae1c1a8a5b2c82ac5870/files","J","","SYSTEM.APPLE","1cd11df9e32677f4d3673933d5c996fc","24ca8f71aca82a11063a21463ad22184","c0d05cb3c9dcf939faf5fbf8009b7954","PASCALSY;USERPROG;DEBUGGER;PRINTERR;INITIALI;GETCMD;FILEPROC;","0;1;2;3;4;5;6;15","LONGINTI;PASCALIO;CHAINSTU;TRANSCEN;APPLESTU","30;31;28;29;22","0x02","0x01","2","2","0x3000","0x3100","0xd6bb","0xecb2","0xd6d9","0xeac2","0xd56b","0xdb57","0xd839","0xeb5a","0xd87e","0xed3f","0xed62","0xdc55","0xdb20","0xd57e","0xd866","0xd742","0xec55","0xd6f1","0xecc0","0xd591","0xdccc","0xd703","0xeb09","0xdcba","0xd789","0xec7d","0xd47b","0xd948","0xdb79","0xd401","0xe630","0xd296","0xdbe5","0xd25f","0xd987","0xd96b","0xd99a","0xd343","0xd8e5","0xd44b","0xd557","0xd325","0xd907","0xd369","0xd59e","0xe33f","0xe253","0xdde8","0xdde0","0xddd8","0xd3ad","0xd495","0xdde4","0xdddc","0xd387","0xddd4","0xd3db","0xd267","0xda1c","0xda72","0xd4c8","0xd4f6","0xd523","0xd53d","0xd9d9","0xe32a","0xe2f9","0xdf65","0xdf37","0xdf2f","0xd2d4","0xd29d","0xdf33","0xdf2b","0xd2b6","0xdf3b","0xd2fa","0xe2d4","0xe2a1","0xe2bd","0xd8cd","0xd426","0xd24d","UNIMPL","UNIMPL","0xe82b","0xd6a0","0xd24d","0xd2a9","0xd2a9","0xd2a9","0xd2a9","0xd2a9","0xd2a9","0xd2a9","0xd2a9","0xd2a9","0xd2a9","0xd2a9","0xd2a9","0xd2a9","0xd2a9","0xd2a9","0xd2a9","0xd318","0xd318","0xd318","0xd318","0xd318","0xd318","0xd318","0xd318","0xd318","0xd318","0xd318","0xd318","0xd318","0xd318","0xd318","0xd318","0xd46a","0xd467","0xd467","0xd467","0xd467","0xd467","0xd467","0xd467","0xef04","0xd62f","0xe8a0","0xe8a0","0xe784","0xf069","0xf06e","0xe63a","0xe640","0xe841","0xe6b2","0xe6f7","0xef27","RSRVD","RSRVD","RSRVD","RSRVD","RSRVD","RSRVD","RSRVD","RSRVD","0xe61c","0xe626","0xedd0","0xedbb","UNIMPL","UNIMPL","UNIMPL","UNIMPL","UNIMPL","UNIMPL","UNIMPL","0xd66b","0xd682","0xeef9","0xef0f","0xede5","0xef1d","0xefa5","0xe833","0xe904"
"pascal-results/images/45ed2d4708631a4270f998c78c75b799984e6a4b7c0a1a4e63e9076ba11f84a0/files","MI91","","SYSTEM.APPLE","91c02f06172bc131b363d8f516b9baf4","b65565a1b7decb939de9002163debef3","7e7f99cfe7084b07b58707ea42566c9c","PASCALSY;USERPROG;FIOPRIMS;PRINTERR;INITIALI;GETCMD;FILEPROC;","0;1;2;3;4;5;6;15","PASCALIO;LONGINTI;TRANSCEN;CHAINSTU;EXSTUFF;EXSTUFF;ADDRESS;ADDRESS;APPLESTU;SHORTGRA;SHORTGRA;MINSTUFF;MINSTUFF;CODECHEC;CODECHEC","31;30;29;28;25;26;24;23;22;20;21;19;18;16;17","0x03","0x00","5","5","0x3000","0x3100","0xd6d0","0xecd3","0xd6ee","0xeae3","0xd580","0xdb6c","0xd84e","0xeb7b","0xd893","0xed60","0xed83","0xdc6a","0xdb35","0xd593","0xd87b","0xd757","0xec76","0xd706","0xece1","0xd5a6","0xdce1","0xd718","0xeb2a","0xdccf","0xd79e","0xec9e","0xd48d","0xd95d","0xdb8e","0xd413","0xe650","0xd2a8","0xdbfa","0xd271","0xd99c","0xd980","0xd9af","0xd355","0xd8fa","0xd45d","0xd56c","0xd337","0xd91c","0xd37b","0xd5b3","0xe342","0xe256","0xddfd","0xddf5","0xdded","0xd3bf","0xd4a7","0xddf9","0xddf1","0xd399","0xdde9","0xd3ed","0xd279","0xda31","0xda87","0xd4db","0xd50a","0xd538","0xd552","0xd9ee","0xe32d","0xe2fc","0xdf7a","0xdf4c","0xdf44","0xd2e6","0xd2af","0xdf48","0xdf40","0xd2c8","0xdf50","0xd30c","0xe2d7","0xe2a4","0xe2c0","0xd8e2","0xd438","0xd25e","UNIMPL","UNIMPL","0xe84c","0xd6b5","0xd25e","0xd2bb","0xd2bb","0xd2bb","0xd2bb","0xd2bb","0xd2bb","0xd2bb","0xd2bb","0xd2bb","0xd2bb","0xd2bb","0xd2bb","0xd2bb","0xd2bb","0xd2bb","0xd2bb","0xd32a","0xd32a","0xd32a","0xd32a","0xd32a","0xd32a","0xd32a","0xd32a","0xd32a","0xd32a","0xd32a","0xd32a","0xd32a","0xd32a","0xd32a","0xd32a","0xd47c","0xd479","0xd479","0xd479","0xd479","0xd479","0xd479","0xd479","0xef25","0xd644","0xe8c1","0xe8c1","0xe7a5","0xf08a","0xf08f","0xe65b","0xe661","0xe862","0xe6d3","0xe718","0xef48","RSRVD","RSRVD","RSRVD","RSRVD","RSRVD","RSRVD","RSRVD","RSRVD","0xe63c","0xe646","0xedf1","0xeddc","UNIMPL","UNIMPL","UNIMPL","UNIMPL","UNIMPL","UNIMPL","UNIMPL","0xd680","0xd697","0xef1a","0xef30","0xee06","0xef3e","0xefc6","0xe854","0xe925"
"pascal-results/images/7003a4d87b4acd110bbe9c6cc43525af6636342e88163b1293e8463448409691/files","FN1VOL","","SYSTEM.APPLE","54b5df4d19bbd7ddeee5c5af19973908","16165b117cc8eb127479e100665c78f9","eabdfc8d36266cbfef133e05b6bcd146","PASCALSY;USERPROG;FIOPRIMS;PRINTERR;INITIALI;GETCMD;FILEPROC;","0;1;2;3;4;5;6;15","PASCALIO;UASSEMBL;UASSEMBL;CHAINSTU","31;22;23;28","0x04","0x40","6","6","0x3000","0x3100","0xd762","0xf2d3","0xd780","0xf0e3","0xd603","0xdcd8","0xd8e4","0xf17b","0xd929","0xf360","0xf383","0xdddc","0xdca1","0xd61c","0xd911","0xd7ed","0xf276","0xd79a","0xf2e1","0xd635","0xde53","0xd7ac","0xf12a","0xde41","0xd834","0xf29e","0xd4fb","0xdabd","0xdcfa","0xd46f","0xec92","0xd309","0xdd66","0xd2c7","0xdafc","0xdae0","0xdb0f","0xd3aa","0xd9ce","0xd4c5","0xd5ef","0xd38e","0xda76","0xd3c7","0xd642","0xe554","0xe432","0xdf6f","0xdf67","0xdf5f","0xd40f","0xd515","0xdf6b","0xdf63","0xd3e3","0xdf5b","0xd443","0xd2d1","0xdb9d","0xdbf3","0xd552","0xd587","0xd5bb","0xd5d5","0xdb4e","0xe53f","0xe508","0xe0f2","0xe0c4","0xe0bc","0xd348","0xd310","0xe0c0","0xe0b8","0xd32c","0xe0c8","0xd365","0xe4d1","0xe492","0xe4b4","0xd9a8","0xd49a","0xd2ae","UNIMPL","UNIMPL","0xee46","0xd747","0xd2ae","0xd31f","0xd31f","0xd31f","0xd31f","0xd31f","0xd31f","0xd31f","0xd31f","0xd31f","0xd31f","0xd31f","0xd31f","0xd31f","0xd31f","0xd31f","0xd31f","0xd381","0xd381","0xd381","0xd381","0xd381","0xd381","0xd381","0xd381","0xd381","0xd381","0xd381","0xd381","0xd381","0xd381","0xd381","0xd381","0xd4ea","0xd4e7","0xd4e7","0xd4e7","0xd4e7","0xd4e7","0xd4e7","0xd4e7","0xf525","0xd6d6","0xeebb","0xeebb","0xed75","0xf68d","0xf692","UNIMPL","UNIMPL","0xee5c","0xeca3","0xece8","0xf548","RSRVD","RSRVD","RSRVD","RSRVD","RSRVD","RSRVD","RSRVD","RSRVD","0xec7e","0xec88","0xf3f1","0xf3dc","UNIMPL","UNIMPL","UNIMPL","UNIMPL","UNIMPL","UNIMPL","UNIMPL","0xd712","0xd729","0xf51a","0xf530","0xf406","0xf53e","0xf5c3","0xee4e","0xef25"
"pascal-results/images/b5f8d1d477323f1a5808da907b31b0a6e48713be4196f0b3dd803f0b359dff9b/files","AWPTD80","","SYSTEM.APPLE","fcda8d15f213e8e0d5c3987ab92ba114","e35d6659b6a1c4675cd7c47c411fc726","32fcbc59b9c1813ef3c300247cf05774","PASCALSY;USERPROG;FIOPRIMS;PRINTERR;INITIALI;GETCMD;SYSIO;","0;1;2;3;4;5;6;15","PTESTUFF;PTESTUFF;GESTUFF;GESTUFF","25;26;27;28","0x03","0x01","5","5","0x3000","0x3100","0xd6ff","0xec8a","0xd71d","0xea9a","0xd5af","0xdb9b","0xd87d","0xeb32","0xd8c2","0xed17","0xed3a","0xdc99","0xdb64","0xd5c2","0xd8aa","0xd786","0xec2d","0xd735","0xec98","0xd5d5","0xdd10","0xd747","0xeae1","0xdcfe","0xd7cd","0xec55","0xd4bc","0xd98c","0xdbbd","0xd442","0xe67f","0xd2d7","0xdc29","0xd2a0","0xd9cb","0xd9af","0xd9de","0xd384","0xd929","0xd48c","0xd59b","0xd366","0xd94b","0xd3aa","0xd5e2","0xe371","0xe285","0xde2c","0xde24","0xde1c","0xd3ee","0xd4d6","0xde28","0xde20","0xd3c8","0xde18","0xd41c","0xd2a8","0xda60","0xdab6","0xd50a","0xd539","0xd567","0xd581","0xda1d","0xe35c","0xe32b","0xdfa9","0xdf7b","0xdf73","0xd315","0xd2de","0xdf77","0xdf6f","0xd2f7","0xdf7f","0xd33b","0xe306","0xe2d3","0xe2ef","0xd911","0xd467","0xd28d","UNIMPL","UNIMPL","0xe803","0xd6e4","0xd28d","0xd2ea","0xd2ea","0xd2ea","0xd2ea","0xd2ea","0xd2ea","0xd2ea","0xd2ea","0xd2ea","0xd2ea","0xd2ea","0xd2ea","0xd2ea","0xd2ea","0xd2ea","0xd2ea","0xd359","0xd359","0xd359","0xd359","0xd359","0xd359","0xd359","0xd359","0xd359","0xd359","0xd359","0xd359","0xd359","0xd359","0xd359","0xd359","0xd4ab","0xd4a8","0xd4a8","0xd4a8","0xd4a8","0xd4a8","0xd4a8","0xd4a8","0xeedc","0xd673","0xe878","0xe878","0xe75c","0xf041","0xf046","UNIMPL","UNIMPL","0xe819","0xe68a","0xe6cf","0xeeff","RSRVD","RSRVD","RSRVD","RSRVD","RSRVD","RSRVD","RSRVD","RSRVD","0xe66b","0xe675","0xeda8","0xed93","UNIMPL","UNIMPL","UNIMPL","UNIMPL","UNIMPL","UNIMPL","UNIMPL","0xd6af","0xd6c6","0xeed1","0xeee7","0xedbd","0xeef5","0xef7d","0xe80b","0xe8dc"
"pascal-results/images/9c65ea361b6a6f5d59e95d42cbe4f3b85c250153325398ca1ab08bada3144a36/files","MICRO.T","","SYSTEM.APPLE","fcda8d15f213e8e0d5c3987ab92ba114","e35d6659b6a1c4675cd7c47c411fc726","8dfc051ebc515c8eb3d9a15e4fea82e9","PASCALSY;USERPROG;FIOPRIMS;PRINTERR;INITIALI;GETCMD;SYSIO;","0;1;2;3;4;5;6;15","PASCALIO;TURTLEGR;TURTLEGR;APPLESTU;CHAINSTU;P2DDSTUF;P2DDSTUF","31;20;21;22;28;25;26","0x03","0x01","5","5","0x3000","0x3100","0xd6ff","0xec8a","0xd71d","0xea9a","0xd5af","0xdb9b","0xd87d","0xeb32","0xd8c2","0xed17","0xed3a","0xdc99","0xdb64","0xd5c2","0xd8aa","0xd786","0xec2d","0xd735","0xec98","0xd5d5","0xdd10","0xd747","0xeae1","0xdcfe","0xd7cd","0xec55","0xd4bc","0xd98c","0xdbbd","0xd442","0xe67f","0xd2d7","0xdc29","0xd2a0","0xd9cb","0xd9af","0xd9de","0xd384","0xd929","0xd48c","0xd59b","0xd366","0xd94b","0xd3aa","0xd5e2","0xe371","0xe285","0xde2c","0xde24","0xde1c","0xd3ee","0xd4d6","0xde28","0xde20","0xd3c8","0xde18","0xd41c","0xd2a8","0xda60","0xdab6","0xd50a","0xd539","0xd567","0xd581","0xda1d","0xe35c","0xe32b","0xdfa9","0xdf7b","0xdf73","0xd315","0xd2de","0xdf77","0xdf6f","0xd2f7","0xdf7f","0xd33b","0xe306","0xe2d3","0xe2ef","0xd911","0xd467","0xd28d","UNIMPL","UNIMPL","0xe803","0xd6e4","0xd28d","0xd2ea","0xd2ea","0xd2ea","0xd2ea","0xd2ea","0xd2ea","0xd2ea","0xd2ea","0xd2ea","0xd2ea","0xd2ea","0xd2ea","0xd2ea","0xd2ea","0xd2ea","0xd2ea","0xd359","0xd359","0xd359","0xd359","0xd359","0xd359","0xd359","0xd359","0xd359","0xd359","0xd359","0xd359","0xd359","0xd359","0xd359","0xd359","0xd4ab","0xd4a8","0xd4a8","0xd4a8","0xd4a8","0xd4a8","0xd4a8","0xd4a8","0xeedc","0xd673","0xe878","0xe878","0xe75c","0xf041","0xf046","UNIMPL","UNIMPL","0xe819","0xe68a","0xe6cf","0xeeff","RSRVD","RSRVD","RSRVD","RSRVD","RSRVD","RSRVD","RSRVD","RSRVD","0xe66b","0xe675","0xeda8","0xed93","UNIMPL","UNIMPL","UNIMPL","UNIMPL","UNIMPL","UNIMPL","UNIMPL","0xd6af","0xd6c6","0xeed1","0xeee7","0xedbd","0xeef5","0xef7d","0xe80b","0xe8dc"
"pascal-results/images/16d8b5f91b9945458316c58ffe8dabcb66ab1614b790e838d8d0e009725b98cd/files","DISK6","","SYSTEM.APPLE","c93c194fe62efe4ab2d30e539ccb82d3","681977fa5a87ea54fa170ffa23b45848","b140201ce1d29e3ee9b6d06df6d57d15","PASCALSY;USERPROG;FIOPRIMS;PRINTERR;INITIALI;GETCMD;SYSIO;","0;1;2;3;4;5;6;15","LONGINTI;PASCALIO;SCREENIO;SCREENIO;CONVERT;SUBSYS;SUBSYS","30;31;16;17;34;23;24","0x04","0x41","6","6","0x3000","0x3100","0xd791","0xf302","0xd7af","0xf112","0xd632","0xdd07","0xd913","0xf1aa","0xd958","0xf38f","0xf3b2","0xde0b","0xdcd0","0xd64b","0xd940","0xd81c","0xf2a5","0xd7c9","0xf310","0xd664","0xde82","0xd7db","0xf159","0xde70","0xd863","0xf2cd","0xd52a","0xdaec","0xdd29","0xd49e","0xecc1","0xd338","0xdd95","0xd2f6","0xdb2b","0xdb0f","0xdb3e","0xd3d9","0xd9fd","0xd4f4","0xd61e","0xd3bd","0xdaa5","0xd3f6","0xd671","0xe583","0xe461","0xdf9e","0xdf96","0xdf8e","0xd43e","0xd544","0xdf9a","0xdf92","0xd412","0xdf8a","0xd472","0xd300","0xdbcc","0xdc22","0xd581","0xd5b6","0xd5ea","0xd604","0xdb7d","0xe56e","0xe537","0xe121","0xe0f3","0xe0eb","0xd377","0xd33f","0xe0ef","0xe0e7","0xd35b","0xe0f7","0xd394","0xe500","0xe4c1","0xe4e3","0xd9d7","0xd4c9","0xd2dd","UNIMPL","UNIMPL","0xee75","0xd776","0xd2dd","0xd34e","0xd34e","0xd34e","0xd34e","0xd34e","0xd34e","0xd34e","0xd34e","0xd34e","0xd34e","0xd34e","0xd34e","0xd34e","0xd34e","0xd34e","0xd34e","0xd3b0","0xd3b0","0xd3b0","0xd3b0","0xd3b0","0xd3b0","0xd3b0","0xd3b0","0xd3b0","0xd3b0","0xd3b0","0xd3b0","0xd3b0","0xd3b0","0xd3b0","0xd3b0","0xd519","0xd516","0xd516","0xd516","0xd516","0xd516","0xd516","0xd516","0xf554","0xd705","0xeeea","0xeeea","0xeda4","0xf6bc","0xf6c1","UNIMPL","UNIMPL","0xee8b","0xecd2","0xed17","0xf577","RSRVD","RSRVD","RSRVD","RSRVD","RSRVD","RSRVD","RSRVD","RSRVD","0xecad","0xecb7","0xf420","0xf40b","UNIMPL","UNIMPL","UNIMPL","UNIMPL","UNIMPL","UNIMPL","UNIMPL","0xd741","0xd758","0xf549","0xf55f","0xf435","0xf56d","0xf5f2","0xee7d","0xef54"
"pascal-results/images/8e997d3f50cef2d3e38ea292268cc83f8242f463072abf03344b49ad592d301a/files","SMARTYP","","SYSTEM.APPLE","91c02f06172bc131b363d8f516b9baf4","b65565a1b7decb939de9002163debef3","10dab2e535d61b01f9e73b2150c1894c","PASCALSY;USERPROG;FIOPRIMS;PRINTERR;INITIALI;GETCMD;FILEPROC;","0;1;2;3;4;5;6;15","PASCALIO;CHAINSTU;TURTLEGR;TURTLEGR;APPLESTU","31;28;20;21;22","0x03","0x00","5","5","0x3000","0x3100","0xd6d0","0xecd3","0xd6ee","0xeae3","0xd580","0xdb6c","0xd84e","0xeb7b","0xd893","0xed60","0xed83","0xdc6a","0xdb35","0xd593","0xd87b","0xd757","0xec76","0xd706","0xece1","0xd5a6","0xdce1","0xd718","0xeb2a","0xdccf","0xd79e","0xec9e","0xd48d","0xd95d","0xdb8e","0xd413","0xe650","0xd2a8","0xdbfa","0xd271","0xd99c","0xd980","0xd9af","0xd355","0xd8fa","0xd45d","0xd56c","0xd337","0xd91c","0xd37b","0xd5b3","0xe342","0xe256","0xddfd","0xddf5","0xdded","0xd3bf","0xd4a7","0xddf9","0xddf1","0xd399","0xdde9","0xd3ed","0xd279","0xda31","0xda87","0xd4db","0xd50a","0xd538","0xd552","0xd9ee","0xe32d","0xe2fc","0xdf7a","0xdf4c","0xdf44","0xd2e6","0xd2af","0xdf48","0xdf40","0xd2c8","0xdf50","0xd30c","0xe2d7","0xe2a4","0xe2c0","0xd8e2","0xd438","0xd25e","UNIMPL","UNIMPL","0xe84c","0xd6b5","0xd25e","0xd2bb","0xd2bb","0xd2bb","0xd2bb","0xd2bb","0xd2bb","0xd2bb","0xd2bb","0xd2bb","0xd2bb","0xd2bb","0xd2bb","0xd2bb","0xd2bb","0xd2bb","0xd2bb","0xd32a","0xd32a","0xd32a","0xd32a","0xd32a","0xd32a","0xd32a","0xd32a","0xd32a","0xd32a","0xd32a","0xd32a","0xd32a","0xd32a","0xd32a","0xd32a","0xd47c","0xd479","0xd479","0xd479","0xd479","0xd479","0xd479","0xd479","0xef25","0xd644","0xe8c1","0xe8c1","0xe7a5","0xf08a","0xf08f","0xe65b","0xe661","0xe862","0xe6d3","0xe718","0xef48","RSRVD","RSRVD","RSRVD","RSRVD","RSRVD","RSRVD","RSRVD","RSRVD","0xe63c","0xe646","0xedf1","0xeddc","UNIMPL","UNIMPL","UNIMPL","UNIMPL","UNIMPL","UNIMPL","UNIMPL","0xd680","0xd697","0xef1a","0xef30","0xee06","0xef3e","0xefc6","0xe854","0xe925"
"pascal-results/images/b98757cd725ae6a824c80f7a6e05a4aa9a00f8363b08bfb7c3a029b2a74287bd/files","O3SYS","","SYSTEM.APPLE","54b5df4d19bbd7ddeee5c5af19973908","16165b117cc8eb127479e100665c78f9","e7bc7f182f6654842d8d4cf653f7bbcf","PASCALSY;USERPROG;FIOPRIMS;PRINTERR;INITIALI;GETCMD;FILEPROC;","0;1;2;3;4;5;6;15","LONGINTI;CHAINSTU;LOCKSEG;LOCKSEG","30;28;23;24","0x04","0x40","6","6","0x3000","0x3100","0xd762","0xf2d3","0xd780","0xf0e3","0xd603","0xdcd8","0xd8e4","0xf17b","0xd929","0xf360","0xf383","0xdddc","0xdca1","0xd61c","0xd911","0xd7ed","0xf276","0xd79a","0xf2e1","0xd635","0xde53","0xd7ac","0xf12a","0xde41","0xd834","0xf29e","0xd4fb","0xdabd","0xdcfa","0xd46f","0xec92","0xd309","0xdd66","0xd2c7","0xdafc","0xdae0","0xdb0f","0xd3aa","0xd9ce","0xd4c5","0xd5ef","0xd38e","0xda76","0xd3c7","0xd642","0xe554","0xe432","0xdf6f","0xdf67","0xdf5f","0xd40f","0xd515","0xdf6b","0xdf63","0xd3e3","0xdf5b","0xd443","0xd2d1","0xdb9d","0xdbf3","0xd552","0xd587","0xd5bb","0xd5d5","0xdb4e","0xe53f","0xe508","0xe0f2","0xe0c4","0xe0bc","0xd348","0xd310","0xe0c0","0xe0b8","0xd32c","0xe0c8","0xd365","0xe4d1","0xe492","0xe4b4","0xd9a8","0xd49a","0xd2ae","UNIMPL","UNIMPL","0xee46","0xd747","0xd2ae","0xd31f","0xd31f","0xd31f","0xd31f","0xd31f","0xd31f","0xd31f","0xd31f","0xd31f","0xd31f","0xd31f","0xd31f","0xd31f","0xd31f","0xd31f","0xd31f","0xd381","0xd381","0xd381","0xd381","0xd381","0xd381","0xd381","0xd381","0xd381","0xd381","0xd381","0xd381","0xd381","0xd381","0xd381","0xd381","0xd4ea","0xd4e7","0xd4e7","0xd4e7","0xd4e7","0xd4e7","0xd4e7","0xd4e7","0xf525","0xd6d6","0xeebb","0xeebb","0xed75","0xf68d","0xf692","UNIMPL","UNIMPL","0xee5c","0xeca3","0xece8","0xf548","RSRVD","RSRVD","RSRVD","RSRVD","RSRVD","RSRVD","RSRVD","RSRVD","0xec7e","0xec88","0xf3f1","0xf3dc","UNIMPL","UNIMPL","UNIMPL","UNIMPL","UNIMPL","UNIMPL","UNIMPL","0xd712","0xd729","0xf51a","0xf530","0xf406","0xf53e","0xf5c3","0xee4e","0xef25"
"pascal-results/images/9777a2e0b2ba3df5b6676b9c01a6885b24630d42ec58a40cff52d1ae5189af61/files","WGBJV10","","RTSTND.APPLE","a156f24e12901b3ee841ceddb4179310","5c506ea6b2f881bdf9adc4800346cafa","335c6a2b10734798424785fe161cf21a","PASCALSY;USERPROG;SYSIO;PRINTERR;INITIALI;GETCMD;FIOPRIMS","0;1;2;3;4;5;6","PASCALIO;LONGINTI;CHAINSTU;TRANSCEN;TURTLEGR;TURTLEGR;APPLESTU","31;30;28;29;20;21;22","0x02","0x02","2","2","0x0400","0x0500","0x93e3","0xa962","0x9401","0xa772","0x92ab","0x987f","0x9561","0xa80a","0x95a6","0xa9ef","0xaa12","0x997d","0x9848","0x92be","0x958e","0x946a","0xa905","0x9419","0xa970","0x92d1","0x99f4","0x942b","0xa7b9","0x99e2","0x94b1","0xa92d","0x91bb","0x9670","0x98a1","0x9141","0xa358","0x8fd6","0x990d","0x8f9f","0x96af","0x9693","0x96c2","0x9083","0x960d","0x918b","0x9297","0x9065","0x962f","0x90a9","0x92de","0xa067","0x9f7b","0x9b10","0x9b08","0x9b00","0x90ed","0x91d5","0x9b0c","0x9b04","0x90c7","0x9afc","0x911b","0x8fa7","0x9744","0x979a","0x9208","0x9236","0x9263","0x927d","0x9701","0xa052","0xa021","0x9c8d","0x9c5f","0x9c57","0x9014","0x8fdd","0x9c5b","0x9c53","0x8ff6","0x9c63","0x903a","0x9ffc","0x9fc9","0x9fe5","0x95f5","0x9166","0x8f8d","UNIMPL","UNIMPL","0xa4db","0x93e0","0x8f8d","0x8fe9","0x8fe9","0x8fe9","0x8fe9","0x8fe9","0x8fe9","0x8fe9","0x8fe9","0x8fe9","0x8fe9","0x8fe9","0x8fe9","0x8fe9","0x8fe9","0x8fe9","0x8fe9","0x9058","0x9058","0x9058","0x9058","0x9058","0x9058","0x9058","0x9058","0x9058","0x9058","0x9058","0x9058","0x9058","0x9058","0x9058","0x9058","0x91aa","0x91a7","0x91a7","0x91a7","0x91a7","0x91a7","0x91a7","0x91a7","0xabb4","0x936f","0xa550","0xa550","0xa434","0xad19","0xad1e","UNIMPL","UNIMPL","0xa4f1","0xa362","0xa3a7","0xabd7","RSRVD","RSRVD","RSRVD","RSRVD","RSRVD","RSRVD","RSRVD","RSRVD","0xa344","0xa34e","0xaa80","0xaa6b","UNIMPL","UNIMPL","UNIMPL","UNIMPL","UNIMPL","UNIMPL","UNIMPL","0x93ab","0x93c2","0xaba9","0xabbf","0xaa95","0xabcd","0xac55","0xa4e3","0xa5b4"
"pascal-results/images/b5ea3a1620869b24f41e8c50a975496aa796743503bcc132aa8cd6904e08ad6f/files","MOUSE1","","SYSTEM.APPLE","5abc095a8ed5ac231db236f7f6bf22b3","9caba8da50b2d0ae1470fa31d92abb1d","bc360a25daff43890a8d1fdcb2436012","PASCALSY;USERPROG;FIOPRIMS;PRINTERR;INITIALI;GETCMD;SYSIO;","0;1;2;3;4;5;6;15","MGRKIT;MGRKIT;ASTUFF;DINTROLI;DINTROLI;INIT1;ASTUFF","20;21;22;23;24;25;28","0x03","0x41","5","2","0x3000","0x3100","0xd768","0xf0f1","0xd786","0xef01","0xd615","0xdcda","0xd8e6","0xef99","0xd92b","0xf17e","0xf1a1","0xddde","0xdca3","0xd628","0xd913","0xd7ef","0xf094","0xd79e","0xf0ff","0xd63b","0xde55","0xd7b0","0xef48","0xde43","0xd836","0xf0bc","0xd50d","0xdabf","0xdcfc","0xd481","0xeab0","0xd301","0xdd68","0xd2c1","0xdafe","0xdae2","0xdb11","0xd3b1","0xd9d0","0xd4d7","0xd601","0xd393","0xda78","0xd3d7","0xd648","0xe52c","0xe40a","0xdf71","0xdf69","0xdf61","0xd421","0xd527","0xdf6d","0xdf65","0xd3f5","0xdf5d","0xd455","0xd2c9","0xdb9f","0xdbf5","0xd564","0xd599","0xd5cd","0xd5e7","0xdb50","0xe517","0xe4e0","0xe0f4","0xe0c6","0xe0be","0xd342","0xd308","0xe0c2","0xe0ba","0xd324","0xe0ca","0xd368","0xe4a9","0xe46a","0xe48c","0xd9aa","0xd4ac","0xd2a8","UNIMPL","UNIMPL","0xec64","0xd74d","0xd2a8","0xd317","0xd317","0xd317","0xd317","0xd317","0xd317","0xd317","0xd317","0xd317","0xd317","0xd317","0xd317","0xd317","0xd317","0xd317","0xd317","0xd386","0xd386","0xd386","0xd386","0xd386","0xd386","0xd386","0xd386","0xd386","0xd386","0xd386","0xd386","0xd386","0xd386","0xd386","0xd386","0xd4fc","0xd4f9","0xd4f9","0xd4f9","0xd4f9","0xd4f9","0xd4f9","0xd4f9","0xf343","0xd6dc","0xecd9","0xecd9","0xeb93","0xf4a8","0xf4ad","UNIMPL","UNIMPL","0xec7a","0xeac1","0xeb06","0xf366","RSRVD","RSRVD","RSRVD","RSRVD","RSRVD","RSRVD","RSRVD","RSRVD","0xea9c","0xeaa6","0xf20f","0xf1fa","UNIMPL","UNIMPL","UNIMPL","UNIMPL","UNIMPL","UNIMPL","UNIMPL","0xd718","0xd72f","0xf338","0xf34e","0xf224","0xf35c","0xf3e4","0xec6c","0xed43"
"pascal-results/images/75e463a02a02b5573775a583536041e09bf4faafd6eaa56b13bec5afdc20eeda/files","FBQUEST","","RTSTRP.APPLE","16f3c7a7db04a6f9f45b72556d56f5ad","5c506ea6b2f881bdf9adc4800346cafa","6575a848606771bce23ae6492993aecd","PASCALSY;USERPROG;SYSIO;PRINTERR;INITIALI;GETCMD;FIOPRIMS","0;1;2;3;4;5;6","PASCALIO;FQUNIT1;FQUNIT1;FQUNIT2","31;22;23;24","0x02","0x05","2","2","0x0400","0x0500","0x9ce3","UNIMPL","0x9d01","UNIMPL","0x9bab","UNIMPL","0x9e61","UNIMPL","0x9ea6","UNIMPL","UNIMPL","UNIMPL","UNIMPL","0x9bbe","0x9e8e","0x9d6a","UNIMPL","0x9d19","UNIMPL","0x9bd1","UNIMPL","0x9d2b","UNIMPL","UNIMPL","0x9db1","UNIMPL","0x9abb","0x9f70","UNIMPL","0x9a41","0xa881","0x98d6","UNIMPL","0x989f","0x9faf","0x9f93","0x9fc2","0x9983","0x9f0d","0x9a8b","0x9b97","0x9965","0x9f2f","0x99a9","0x9bde","0xa590","0xa4a4","0xa179","0xa171","0xa169","0x99ed","0x9ad5","0xa175","0xa16d","0x99c7","0xa165","0x9a1b","0x98a7","0xa044","0xa09a","0x9b08","0x9b36","0x9b63","0x9b7d","0xa001","0xa57b","0xa54a","0xa2bc","0xa28e","0xa286","0x9914","0x98dd","0xa28a","0xa282","0x98f6","0xa292","0x993a","0xa525","0xa4f2","0xa50e","0x9ef5","0x9a66","0x988d","UNIMPL","UNIMPL","0xaa04","0x9ce0","0x988d","0x98e9","0x98e9","0x98e9","0x98e9","0x98e9","0x98e9","0x98e9","0x98e9","0x98e9","0x98e9","0x98e9","0x98e9","0x98e9","0x98e9","0x98e9","0x98e9","0x9958","0x9958","0x9958","0x9958","0x9958","0x9958","0x9958","0x9958","0x9958","0x9958","0x9958","0x9958","0x9958","0x9958","0x9958","0x9958","0x9aaa","0x9aa7","0x9aa7","0x9aa7","0x9aa7","0x9aa7","0x9aa7","0x9aa7","0xab5c","0x9c6f","0xaa79","0xaa79","0xa95d","0xacc1","0xacc6","UNIMPL","UNIMPL","0xaa1a","0xa88b","0xa8d0","0xab7f","RSRVD","RSRVD","RSRVD","RSRVD","RSRVD","RSRVD","RSRVD","RSRVD","0xa86d","0xa877","UNIMPL","UNIMPL","UNIMPL","UNIMPL","UNIMPL","UNIMPL","UNIMPL","UNIMPL","UNIMPL","0x9cab","0x9cc2","0xab51","0xab67","UNIMPL","0xab75","0xabfd","0xaa0c","0xaadd"
"pascal-results/images/7b9d7f56b6ea6b3e023953aaf1ac1c4bdb077963969f3aaf32a502e93edb3c2a/files","A1010","","SYSTEM.APPLE","2aa741575266a5359e1579020a1b864d","064a1a1c1d36528e660900a2e609d158","b4ff7fb9bcd2596aac8649f2cc6f66be","PASCALSY;USERPROG;FIOPRIMS;PRINTERR;INITIALI;GETCMD;SYSIO;","0;1;2;3;4;5;6;15","CHAINSTU","28","0x04","0x01","6","6","0x3000","0x3100","0xd71c","0xecc8","0xd73a","0xead8","0xd5c0","0xdbbc","0xd89e","0xeb70","0xd8e3","0xed55","0xed78","0xdcba","0xdb85","0xd5d9","0xd8cb","0xd7a7","0xec6b","0xd754","0xecd6","0xd5f2","0xdd31","0xd766","0xeb1f","0xdd1f","0xd7ee","0xec93","0xd4cd","0xd9ad","0xdbde","0xd453","0xe6bd","0xd302","0xdc4a","0xd2c9","0xd9ec","0xd9d0","0xd9ff","0xd3a0","0xd94a","0xd49d","0xd5ac","0xd384","0xd96c","0xd3bd","0xd5ff","0xe3bc","0xe2d0","0xde4d","0xde45","0xde3d","0xd3ff","0xd4e7","0xde49","0xde41","0xd3d9","0xde39","0xd42d","0xd2d3","0xda81","0xdad7","0xd51b","0xd54a","0xd578","0xd592","0xda3e","0xe3a7","0xe376","0xdfca","0xdf9c","0xdf94","0xd33e","0xd309","0xdf98","0xdf90","0xd322","0xdfa0","0xd35b","0xe351","0xe31e","0xe33a","0xd932","0xd478","0xd2b6","UNIMPL","UNIMPL","0xe841","0xd701","0xd2b6","0xd315","0xd315","0xd315","0xd315","0xd315","0xd315","0xd315","0xd315","0xd315","0xd315","0xd315","0xd315","0xd315","0xd315","0xd315","0xd315","0xd377","0xd377","0xd377","0xd377","0xd377","0xd377","0xd377","0xd377","0xd377","0xd377","0xd377","0xd377","0xd377","0xd377","0xd377","0xd377","0xd4bc","0xd4b9","0xd4b9","0xd4b9","0xd4b9","0xd4b9","0xd4b9","0xd4b9","0xef1a","0xd690","0xe8b6","0xe8b6","0xe79a","0xf082","0xf087","UNIMPL","UNIMPL","0xe857","0xe6c8","0xe70d","0xef3d","RSRVD","RSRVD","RSRVD","RSRVD","RSRVD","RSRVD","RSRVD","RSRVD","0xe6a9","0xe6b3","0xede6","0xedd1","UNIMPL","UNIMPL","UNIMPL","UNIMPL","UNIMPL","UNIMPL","UNIMPL","0xd6cc","0xd6e3","0xef0f","0xef25","0xedfb","0xef33","0xefb8","0xe849","0xe91a"
"pascal-results/images/6648291b96a9c7a5a985cebbd76b4f1e6de9edf1124d686c5c8c3ff510e9e5ef/files","INGLESE","","SYSTEM.APPLE","2ff0b3316b2947998c1cb41cce82334f","6c67161a696176ededdc0f018dc1c438","3f6bd39e32291e9f6a227ed254f2c36c","PASCALSY;USERPROG;FIOPRIMS;PRINTERR;INITIALI;GETCMD;FILEPROC;","0;1;2;3;4;5;6;15","LONGINTI;PASCALIO;CHAINSTU;TURTLEGR;TURTLEGR;APPLESTU;INGUNIT;INGUNIT;VOCUNITD","30;31;28;20;21;22;23;24;19","0x03","0x40","5","5","0x3000","0x3100","0xd739","0xf13a","0xd757","0xef4a","0xd5e6","0xdcab","0xd8b7","0xefe2","0xd8fc","0xf1c7","0xf1ea","0xddaf","0xdc74","0xd5f9","0xd8e4","0xd7c0","0xf0dd","0xd76f","0xf148","0xd60c","0xde26","0xd781","0xef91","0xde14","0xd807","0xf105","0xd4de","0xda90","0xdccd","0xd452","0xea81","0xd2d2","0xdd39","0xd292","0xdacf","0xdab3","0xdae2","0xd382","0xd9a1","0xd4a8","0xd5d2","0xd364","0xda49","0xd3a8","0xd619","0xe4fd","0xe3db","0xdf42","0xdf3a","0xdf32","0xd3f2","0xd4f8","0xdf3e","0xdf36","0xd3c6","0xdf2e","0xd426","0xd29a","0xdb70","0xdbc6","0xd535","0xd56a","0xd59e","0xd5b8","0xdb21","0xe4e8","0xe4b1","0xe0c5","0xe097","0xe08f","0xd313","0xd2d9","0xe093","0xe08b","0xd2f5","0xe09b","0xd339","0xe47a","0xe43b","0xe45d","0xd97b","0xd47d","0xd279","UNIMPL","UNIMPL","0xecad","0xd71e","0xd279","0xd2e8","0xd2e8","0xd2e8","0xd2e8","0xd2e8","0xd2e8","0xd2e8","0xd2e8","0xd2e8","0xd2e8","0xd2e8","0xd2e8","0xd2e8","0xd2e8","0xd2e8","0xd2e8","0xd357","0xd357","0xd357","0xd357","0xd357","0xd357","0xd357","0xd357","0xd357","0xd357","0xd357","0xd357","0xd357","0xd357","0xd357","0xd357","0xd4cd","0xd4ca","0xd4ca","0xd4ca","0xd4ca","0xd4ca","0xd4ca","0xd4ca","0xf38c","0xd6ad","0xed22","0xed22","0xebdc","0xf4f1","0xf4f6","0xea92","0xea98","0xecc3","0xeb0a","0xeb4f","0xf3af","RSRVD","RSRVD","RSRVD","RSRVD","RSRVD","RSRVD","RSRVD","RSRVD","0xea6d","0xea77","0xf258","0xf243","UNIMPL","UNIMPL","UNIMPL","UNIMPL","UNIMPL","UNIMPL","UNIMPL","0xd6e9","0xd700","0xf381","0xf397","0xf26d","0xf3a5","0xf42d","0xecb5","0xed8c"
"pascal-results/images/6858cdbc41b96aa1e461f855a17e87052110877893073a8f6c85e8ca160d1a1c/files","HELP","","SYSTEM.APPLE","fcda8d15f213e8e0d5c3987ab92ba114","e35d6659b6a1c4675cd7c47c411fc726","d59da47be477b46d061f0c5865e75c61","PASCALSY;USERPROG;FIOPRIMS;PRINTERR;INITIALI;GETCMD;SYSIO;","0;1;2;3;4;5;6;15","PASCALIO;CHAINSTU","31;28","0x03","0x01","5","5","0x3000","0x3100","0xd6ff","0xec8a","0xd71d","0xea9a","0xd5af","0xdb9b","0xd87d","0xeb32","0xd8c2","0xed17","0xed3a","0xdc99","0xdb64","0xd5c2","0xd8aa","0xd786","0xec2d","0xd735","0xec98","0xd5d5","0xdd10","0xd747","0xeae1","0xdcfe","0xd7cd","0xec55","0xd4bc","0xd98c","0xdbbd","0xd442","0xe67f","0xd2d7","0xdc29","0xd2a0","0xd9cb","0xd9af","0xd9de","0xd384","0xd929","0xd48c","0xd59b","0xd366","0xd94b","0xd3aa","0xd5e2","0xe371","0xe285","0xde2c","0xde24","0xde1c","0xd3ee","0xd4d6","0xde28","0xde20","0xd3c8","0xde18","0xd41c","0xd2a8","0xda60","0xdab6","0xd50a","0xd539","0xd567","0xd581","0xda1d","0xe35c","0xe32b","0xdfa9","0xdf7b","0xdf73","0xd315","0xd2de","0xdf77","0xdf6f","0xd2f7","0xdf7f","0xd33b","0xe306","0xe2d3","0xe2ef","0xd911","0xd467","0xd28d","UNIMPL","UNIMPL","0xe803","0xd6e4","0xd28d","0xd2ea","0xd2ea","0xd2ea","0xd2ea","0xd2ea","0xd2ea","0xd2ea","0xd2ea","0xd2ea","0xd2ea","0xd2ea","0xd2ea","0xd2ea","0xd2ea","0xd2ea","0xd2ea","0xd359","0xd359","0xd359","0xd359","0xd359","0xd359","0xd359","0xd359","0xd359","0xd359","0xd359","0xd359","0xd359","0xd359","0xd359","0xd359","0xd4ab","0xd4a8","0xd4a8","0xd4a8","0xd4a8","0xd4a8","0xd4a8","0xd4a8","0xeedc","0xd673","0xe878","0xe878","0xe75c","0xf041","0xf046","UNIMPL","UNIMPL","0xe819","0xe68a","0xe6cf","0xeeff","RSRVD","RSRVD","RSRVD","RSRVD","RSRVD","RSRVD","RSRVD","RSRVD","0xe66b","0xe675","0xeda8","0xed93","UNIMPL","UNIMPL","UNIMPL","UNIMPL","UNIMPL","UNIMPL","UNIMPL","0xd6af","0xd6c6","0xeed1","0xeee7","0xedbd","0xeef5","0xef7d","0xe80b","0xe8dc"
"pascal-results/images/3bf5e593920c918984c531b40f206ee880868c8e834abed4b2de47901c4f0c29/files","TOOLKIT","","SYSTEM.APPLE","0745235b2f74b03023fc5945fbbdbc91","24ca8f71aca82a11063a21463ad22184","8db5db1b54c5d2e1654646a5f247b4b9","PASCALSY;USERPROG;DEBUGGER;PRINTERR;INITIALI;GETCMD;FILEPROC;","0;1;2;3;4;5;6;15","LONGINTI;PASCALIO;CHAINSTU;TRANSCEN;TURTLEGR;TURTLEGR;APPLESTU;CHARGEN;CHARGEN","30;31;28;29;20;21;22;16;17","0x02","0x01","2","2","0x3000","0x3100","0xd6bb","0xecb2","0xd6d9","0xeac2","0xd56b","0xdb57","0xd839","0xeb5a","0xd87e","0xed3f","0xed62","0xdc55","0xdb20","0xd57e","0xd866","0xd742","0xec55","0xd6f1","0xecc0","0xd591","0xdccc","0xd703","0xeb09","0xdcba","0xd789","0xec7d","0xd47b","0xd948","0xdb79","0xd401","0xe630","0xd296","0xdbe5","0xd25f","0xd987","0xd96b","0xd99a","0xd343","0xd8e5","0xd44b","0xd557","0xd325","0xd907","0xd369","0xd59e","0xe33f","0xe253","0xdde8","0xdde0","0xddd8","0xd3ad","0xd495","0xdde4","0xdddc","0xd387","0xddd4","0xd3db","0xd267","0xda1c","0xda72","0xd4c8","0xd4f6","0xd523","0xd53d","0xd9d9","0xe32a","0xe2f9","0xdf65","0xdf37","0xdf2f","0xd2d4","0xd29d","0xdf33","0xdf2b","0xd2b6","0xdf3b","0xd2fa","0xe2d4","0xe2a1","0xe2bd","0xd8cd","0xd426","0xd24d","UNIMPL","UNIMPL","0xe82b","0xd6a0","0xd24d","0xd2a9","0xd2a9","0xd2a9","0xd2a9","0xd2a9","0xd2a9","0xd2a9","0xd2a9","0xd2a9","0xd2a9","0xd2a9","0xd2a9","0xd2a9","0xd2a9","0xd2a9","0xd2a9","0xd318","0xd318","0xd318","0xd318","0xd318","0xd318","0xd318","0xd318","0xd318","0xd318","0xd318","0xd318","0xd318","0xd318","0xd318","0xd318","0xd46a","0xd467","0xd467","0xd467","0xd467","0xd467","0xd467","0xd467","0xef04","0xd62f","0xe8a0","0xe8a0","0xe784","0xf069","0xf06e","0xe63a","0xe640","0xe841","0xe6b2","0xe6f7","0xef27","RSRVD","RSRVD","RSRVD","RSRVD","RSRVD","RSRVD","RSRVD","RSRVD","0xe61c","0xe626","0xedd0","0xedbb","UNIMPL","UNIMPL","UNIMPL","UNIMPL","UNIMPL","UNIMPL","UNIMPL","0xd66b","0xd682","0xeef9","0xef0f","0xede5","0xef1d","0xefa5","0xe833","0xe904"
"pascal-results/images/a712b6768e33cb550bfbc8105670bbc23cb098017b674cc882d54bf0adcab3ca/files","RACTER","","SYSTEM.APPLE","bb490fa8d9e28be6c84f8b20774c75f1","9caba8da50b2d0ae1470fa31d92abb1d","49282708bd439da555bfe41416ebeac4","PASCALSY;USERPROG;FIOPRIMS;PRINTERR;INITIALI;GETCMD;SYSIO;","0;1;2;3;4;5;6;15","LONGINTI;PASCALIO;CHAINSTU;TRANSCEN;TURTLEGR;TURTLEGR;APPLESTU","30;31;28;29;20;21;22","0x03","0x41","5","5","0x3000","0x3100","0xd768","0xf0f1","0xd786","0xef01","0xd615","0xdcda","0xd8e6","0xef99","0xd92b","0xf17e","0xf1a1","0xddde","0xdca3","0xd628","0xd913","0xd7ef","0xf094","0xd79e","0xf0ff","0xd63b","0xde55","0xd7b0","0xef48","0xde43","0xd836","0xf0bc","0xd50d","0xdabf","0xdcfc","0xd481","0xeab0","0xd301","0xdd68","0xd2c1","0xdafe","0xdae2","0xdb11","0xd3b1","0xd9d0","0xd4d7","0xd601","0xd393","0xda78","0xd3d7","0xd648","0xe52c","0xe40a","0xdf71","0xdf69","0xdf61","0xd421","0xd527","0xdf6d","0xdf65","0xd3f5","0xdf5d","0xd455","0xd2c9","0xdb9f","0xdbf5","0xd564","0xd599","0xd5cd","0xd5e7","0xdb50","0xe517","0xe4e0","0xe0f4","0xe0c6","0xe0be","0xd342","0xd308","0xe0c2","0xe0ba","0xd324","0xe0ca","0xd368","0xe4a9","0xe46a","0xe48c","0xd9aa","0xd4ac","0xd2a8","UNIMPL","UNIMPL","0xec64","0xd74d","0xd2a8","0xd317","0xd317","0xd317","0xd317","0xd317","0xd317","0xd317","0xd317","0xd317","0xd317","0xd317","0xd317","0xd317","0xd317","0xd317","0xd317","0xd386","0xd386","0xd386","0xd386","0xd386","0xd386","0xd386","0xd386","0xd386","0xd386","0xd386","0xd386","0xd386","0xd386","0xd386","0xd386","0xd4fc","0xd4f9","0xd4f9","0xd4f9","0xd4f9","0xd4f9","0xd4f9","0xd4f9","0xf343","0xd6dc","0xecd9","0xecd9","0xeb93","0xf4a8","0xf4ad","UNIMPL","UNIMPL","0xec7a","0xeac1","0xeb06","0xf366","RSRVD","RSRVD","RSRVD","RSRVD","RSRVD","RSRVD","RSRVD","RSRVD","0xea9c","0xeaa6","0xf20f","0xf1fa","UNIMPL","UNIMPL","UNIMPL","UNIMPL","UNIMPL","UNIMPL","UNIMPL","0xd718","0xd72f","0xf338","0xf34e","0xf224","0xf35c","0xf3e4","0xec6c","0xed43"
"pascal-results/images/3daea4a1905b0822234fc511f8c423a80b6e3594c0c09832ba156230ff62d311/files","PTIT","","SYSTEM.APPLE","b77ab0cbb5771f26aa66049ca6edcf20","24ca8f71aca82a11063a21463ad22184","256f6a7cde5676b1b107b16036c3162e","PASCALSY;USERPROG;DEBUGGER;PRINTERR;INITIALI;GETCMD;FILEPROC;","0;1;2;3;4;5;6;15","LONGINTI;PASCALIO;CHAINSTU;TRANSCEN;TURTLEGR;TURTLEGR;APPLESTU","30;31;28;29;20;21;22","0x02","0x01","2","2","0x3000","0x3100","0xd6bb","0xecb2","0xd6d9","0xeac2","0xd56b","0xdb57","0xd839","0xeb5a","0xd87e","0xed3f","0xed62","0xdc55","0xdb20","0xd57e","0xd866","0xd742","0xec55","0xd6f1","0xecc0","0xd591","0xdccc","0xd703","0xeb09","0xdcba","0xd789","0xec7d","0xd47b","0xd948","0xdb79","0xd401","0xe630","0xd296","0xdbe5","0xd25f","0xd987","0xd96b","0xd99a","0xd343","0xd8e5","0xd44b","0xd557","0xd325","0xd907","0xd369","0xd59e","0xe33f","0xe253","0xdde8","0xdde0","0xddd8","0xd3ad","0xd495","0xdde4","0xdddc","0xd387","0xddd4","0xd3db","0xd267","0xda1c","0xda72","0xd4c8","0xd4f6","0xd523","0xd53d","0xd9d9","0xe32a","0xe2f9","0xdf65","0xdf37","0xdf2f","0xd2d4","0xd29d","0xdf33","0xdf2b","0xd2b6","0xdf3b","0xd2fa","0xe2d4","0xe2a1","0xe2bd","0xd8cd","0xd426","0xd24d","UNIMPL","UNIMPL","0xe82b","0xd6a0","0xd24d","0xd2a9","0xd2a9","0xd2a9","0xd2a9","0xd2a9","0xd2a9","0xd2a9","0xd2a9","0xd2a9","0xd2a9","0xd2a9","0xd2a9","0xd2a9","0xd2a9","0xd2a9","0xd2a9","0xd318","0xd318","0xd318","0xd318","0xd318","0xd318","0xd318","0xd318","0xd318","0xd318","0xd318","0xd318","0xd318","0xd318","0xd318","0xd318","0xd46a","0xd467","0xd467","0xd467","0xd467","0xd467","0xd467","0xd467","0xef04","0xd62f","0xe8a0","0xe8a0","0xe784","0xf069","0xf06e","0xe63a","0xe640","0xe841","0xe6b2","0xe6f7","0xef27","RSRVD","RSRVD","RSRVD","RSRVD","RSRVD","RSRVD","RSRVD","RSRVD","0xe61c","0xe626","0xedd0","0xedbb","UNIMPL","UNIMPL","UNIMPL","UNIMPL","UNIMPL","UNIMPL","UNIMPL","0xd66b","0xd682","0xeef9","0xef0f","0xede5","0xef1d","0xefa5","0xe833","0xe904"
"pascal-results/images/84e215bee5afd3370a57a16697b9087712d6abd6831d014bd679a91a0fa197f6/files","PASSYS","","SYSTEM.APPLE","54b5df4d19bbd7ddeee5c5af19973908","16165b117cc8eb127479e100665c78f9","e0801fdc4a7a62000a59d93f44104146","PASCALSY;USERPROG;FIOPRIMS;PRINTERR;INITIALI;GETCMD;FILEPROC;","0;1;2;3;4;5;6;15","LONGINTI;PASCALIO;CHAINSTU;TRANSCEN;TURTLEGR;TURTLEGR;APPLESTU;SANE;SANE;ELEMS;ELEMS","30;31;28;29;20;21;22;23;24;18;19","0x04","0x40","6","6","0x3000","0x3100","0xd762","0xf2d3","0xd780","0xf0e3","0xd603","0xdcd8","0xd8e4","0xf17b","0xd929","0xf360","0xf383","0xdddc","0xdca1","0xd61c","0xd911","0xd7ed","0xf276","0xd79a","0xf2e1","0xd635","0xde53","0xd7ac","0xf12a","0xde41","0xd834","0xf29e","0xd4fb","0xdabd","0xdcfa","0xd46f","0xec92","0xd309","0xdd66","0xd2c7","0xdafc","0xdae0","0xdb0f","0xd3aa","0xd9ce","0xd4c5","0xd5ef","0xd38e","0xda76","0xd3c7","0xd642","0xe554","0xe432","0xdf6f","0xdf67","0xdf5f","0xd40f","0xd515","0xdf6b","0xdf63","0xd3e3","0xdf5b","0xd443","0xd2d1","0xdb9d","0xdbf3","0xd552","0xd587","0xd5bb","0xd5d5","0xdb4e","0xe53f","0xe508","0xe0f2","0xe0c4","0xe0bc","0xd348","0xd310","0xe0c0","0xe0b8","0xd32c","0xe0c8","0xd365","0xe4d1","0xe492","0xe4b4","0xd9a8","0xd49a","0xd2ae","UNIMPL","UNIMPL","0xee46","0xd747","0xd2ae","0xd31f","0xd31f","0xd31f","0xd31f","0xd31f","0xd31f","0xd31f","0xd31f","0xd31f","0xd31f","0xd31f","0xd31f","0xd31f","0xd31f","0xd31f","0xd31f","0xd381","0xd381","0xd381","0xd381","0xd381","0xd381","0xd381","0xd381","0xd381","0xd381","0xd381","0xd381","0xd381","0xd381","0xd381","0xd381","0xd4ea","0xd4e7","0xd4e7","0xd4e7","0xd4e7","0xd4e7","0xd4e7","0xd4e7","0xf525","0xd6d6","0xeebb","0xeebb","0xed75","0xf68d","0xf692","UNIMPL","UNIMPL","0xee5c","0xeca3","0xece8","0xf548","RSRVD","RSRVD","RSRVD","RSRVD","RSRVD","RSRVD","RSRVD","RSRVD","0xec7e","0xec88","0xf3f1","0xf3dc","UNIMPL","UNIMPL","UNIMPL","UNIMPL","UNIMPL","UNIMPL","UNIMPL","0xd712","0xd729","0xf51a","0xf530","0xf406","0xf53e","0xf5c3","0xee4e","0xef25"
"pascal-results/images/4b218815b5378704be0c1cbbab992abc2d4c104c6d515c9e4b951ca66d6aac8c/files","DATALNK","Also found at: pascal-results/images/5e425199117cb9bdf01fd5383484244a4f3a35f70f9c988efb77fe88b83a38fd/files (volume: GRDBOOK)","SYSTEM.APPLE","1cd11df9e32677f4d3673933d5c996fc","24ca8f71aca82a11063a21463ad22184","38ac5335f990c08115eb7f81d02e13e3","PASCALSY;USERPROG;DEBUGGER;PRINTERR;INITIALI;GETCMD;FILEPROC;","0;1;2;3;4;5;6;15","LONGINTI;PASCALIO","30;31","0x02","0x01","2","2","0x3000","0x3100","0xd6bb","0xecb2","0xd6d9","0xeac2","0xd56b","0xdb57","0xd839","0xeb5a","0xd87e","0xed3f","0xed62","0xdc55","0xdb20","0xd57e","0xd866","0xd742","0xec55","0xd6f1","0xecc0","0xd591","0xdccc","0xd703","0xeb09","0xdcba","0xd789","0xec7d","0xd47b","0xd948","0xdb79","0xd401","0xe630","0xd296","0xdbe5","0xd25f","0xd987","0xd96b","0xd99a","0xd343","0xd8e5","0xd44b","0xd557","0xd325","0xd907","0xd369","0xd59e","0xe33f","0xe253","0xdde8","0xdde0","0xddd8","0xd3ad","0xd495","0xdde4","0xdddc","0xd387","0xddd4","0xd3db","0xd267","0xda1c","0xda72","0xd4c8","0xd4f6","0xd523","0xd53d","0xd9d9","0xe32a","0xe2f9","0xdf65","0xdf37","0xdf2f","0xd2d4","0xd29d","0xdf33","0xdf2b","0xd2b6","0xdf3b","0xd2fa","0xe2d4","0xe2a1","0xe2bd","0xd8cd","0xd426","0xd24d","UNIMPL","UNIMPL","0xe82b","0xd6a0","0xd24d","0xd2a9","0xd2a9","0xd2a9","0xd2a9","0xd2a9","0xd2a9","0xd2a9","0xd2a9","0xd2a9","0xd2a9","0xd2a9","0xd2a9","0xd2a9","0xd2a9","0xd2a9","0xd2a9","0xd318","0xd318","0xd318","0xd318","0xd318","0xd318","0xd318","0xd318","0xd318","0xd318","0xd318","0xd318","0xd318","0xd318","0xd318","0xd318","0xd46a","0xd467","0xd467","0xd467","0xd467","0xd467","0xd467","0xd467","0xef04","0xd62f","0xe8a0","0xe8a0","0xe784","0xf069","0xf06e","0xe63a","0xe640","0xe841","0xe6b2","0xe6f7","0xef27","RSRVD","RSRVD","RSRVD","RSRVD","RSRVD","RSRVD","RSRVD","RSRVD","0xe61c","0xe626","0xedd0","0xedbb","UNIMPL","UNIMPL","UNIMPL","UNIMPL","UNIMPL","UNIMPL","UNIMPL","0xd66b","0xd682","0xeef9","0xef0f","0xede5","0xef1d","0xefa5","0xe833","0xe904"
"pascal-results/images/c366f29beee029dbb3dc9d1d4e14411db9fcaa44e71be44e6ee492f24dc4da0f/files","MICRO.T","","SYSTEM.APPLE","fcda8d15f213e8e0d5c3987ab92ba114","e35d6659b6a1c4675cd7c47c411fc726","3713770e9eeaefaaf5c3502eb7c4cbae","PASCALSY;USERPROG;FIOPRIMS;PRINTERR;INITIALI;GETCMD;SYSIO;","0;1;2;3;4;5;6;15","PASCALIO;TURTLEGR;TURTLEGR;APPLESTU;CHAINSTU;P1DASTUF;P1DASTUF","31;20;21;22;28;25;26","0x03","0x01","5","5","0x3000","0x3100","0xd6ff","0xec8a","0xd71d","0xea9a","0xd5af","0xdb9b","0xd87d","0xeb32","0xd8c2","0xed17","0xed3a","0xdc99","0xdb64","0xd5c2","0xd8aa","0xd786","0xec2d","0xd735","0xec98","0xd5d5","0xdd10","0xd747","0xeae1","0xdcfe","0xd7cd","0xec55","0xd4bc","0xd98c","0xdbbd","0xd442","0xe67f","0xd2d7","0xdc29","0xd2a0","0xd9cb","0xd9af","0xd9de","0xd384","0xd929","0xd48c","0xd59b","0xd366","0xd94b","0xd3aa","0xd5e2","0xe371","0xe285","0xde2c","0xde24","0xde1c","0xd3ee","0xd4d6","0xde28","0xde20","0xd3c8","0xde18","0xd41c","0xd2a8","0xda60","0xdab6","0xd50a","0xd539","0xd567","0xd581","0xda1d","0xe35c","0xe32b","0xdfa9","0xdf7b","0xdf73","0xd315","0xd2de","0xdf77","0xdf6f","0xd2f7","0xdf7f","0xd33b","0xe306","0xe2d3","0xe2ef","0xd911","0xd467","0xd28d","UNIMPL","UNIMPL","0xe803","0xd6e4","0xd28d","0xd2ea","0xd2ea","0xd2ea","0xd2ea","0xd2ea","0xd2ea","0xd2ea","0xd2ea","0xd2ea","0xd2ea","0xd2ea","0xd2ea","0xd2ea","0xd2ea","0xd2ea","0xd2ea","0xd359","0xd359","0xd359","0xd359","0xd359","0xd359","0xd359","0xd359","0xd359","0xd359","0xd359","0xd359","0xd359","0xd359","0xd359","0xd359","0xd4ab","0xd4a8","0xd4a8","0xd4a8","0xd4a8","0xd4a8","0xd4a8","0xd4a8","0xeedc","0xd673","0xe878","0xe878","0xe75c","0xf041","0xf046","UNIMPL","UNIMPL","0xe819","0xe68a","0xe6cf","0xeeff","RSRVD","RSRVD","RSRVD","RSRVD","RSRVD","RSRVD","RSRVD","RSRVD","0xe66b","0xe675","0xeda8","0xed93","UNIMPL","UNIMPL","UNIMPL","UNIMPL","UNIMPL","UNIMPL","UNIMPL","0xd6af","0xd6c6","0xeed1","0xeee7","0xedbd","0xeef5","0xef7d","0xe80b","0xe8dc"
"pascal-results/images/12f4edafd6d17f2998de102488265743cb291ca85978abdbef48d94b2cb28c88/files","TFOS","","SYSTEM.APPLE","c78f77265aae0f6d9764cb4c91258c16","681977fa5a87ea54fa170ffa23b45848","6dd167f481e7666a73ed48ff35fbf4c9","PASCALSY;USERPROG;FIOPRIMS;PRINTERR;INITIALI;GETCMD;SYSIO;","0;1;2;3;4;5;6;15","BIGINT;BIGINT;GLOBAL;GLOBAL;DATAENTR;DATAENTR;CHAINSTU;SHORTGRA;SHORTGRA;PROGINIT;STMTDB;STMTDB","25;26;40;41;44;45;28;20;21;60;46;47","0x04","0x41","6","6","0x3000","0x3100","0xd791","0xf302","0xd7af","0xf112","0xd632","0xdd07","0xd913","0xf1aa","0xd958","0xf38f","0xf3b2","0xde0b","0xdcd0","0xd64b","0xd940","0xd81c","0xf2a5","0xd7c9","0xf310","0xd664","0xde82","0xd7db","0xf159","0xde70","0xd863","0xf2cd","0xd52a","0xdaec","0xdd29","0xd49e","0xecc1","0xd338","0xdd95","0xd2f6","0xdb2b","0xdb0f","0xdb3e","0xd3d9","0xd9fd","0xd4f4","0xd61e","0xd3bd","0xdaa5","0xd3f6","0xd671","0xe583","0xe461","0xdf9e","0xdf96","0xdf8e","0xd43e","0xd544","0xdf9a","0xdf92","0xd412","0xdf8a","0xd472","0xd300","0xdbcc","0xdc22","0xd581","0xd5b6","0xd5ea","0xd604","0xdb7d","0xe56e","0xe537","0xe121","0xe0f3","0xe0eb","0xd377","0xd33f","0xe0ef","0xe0e7","0xd35b","0xe0f7","0xd394","0xe500","0xe4c1","0xe4e3","0xd9d7","0xd4c9","0xd2dd","UNIMPL","UNIMPL","0xee75","0xd776","0xd2dd","0xd34e","0xd34e","0xd34e","0xd34e","0xd34e","0xd34e","0xd34e","0xd34e","0xd34e","0xd34e","0xd34e","0xd34e","0xd34e","0xd34e","0xd34e","0xd34e","0xd3b0","0xd3b0","0xd3b0","0xd3b0","0xd3b0","0xd3b0","0xd3b0","0xd3b0","0xd3b0","0xd3b0","0xd3b0","0xd3b0","0xd3b0","0xd3b0","0xd3b0","0xd3b0","0xd519","0xd516","0xd516","0xd516","0xd516","0xd516","0xd516","0xd516","0xf554","0xd705","0xeeea","0xeeea","0xeda4","0xf6bc","0xf6c1","UNIMPL","UNIMPL","0xee8b","0xecd2","0xed17","0xf577","RSRVD","RSRVD","RSRVD","RSRVD","RSRVD","RSRVD","RSRVD","RSRVD","0xecad","0xecb7","0xf420","0xf40b","UNIMPL","UNIMPL","UNIMPL","UNIMPL","UNIMPL","UNIMPL","UNIMPL","0xd741","0xd758","0xf549","0xf55f","0xf435","0xf56d","0xf5f2","0xee7d","0xef54"
"pascal-results/images/07ff5a6bd09000a2a63a4dfe79b341a2aaa12c2cbe2e248b204ea632fd025539/files","BZDK.VS","","SYSTEM.APPLE","54b5df4d19bbd7ddeee5c5af19973908","16165b117cc8eb127479e100665c78f9","4f8c8b10f3f523304c92c69387c3b763","PASCALSY;USERPROG;FIOPRIMS;PRINTERR;INITIALI;GETCMD;FILEPROC;","0;1;2;3;4;5;6;15",";;;;;;;;;;;;;;","22;30;31;20;21;28;29;32;33;36;25;26;27;39;24","0x04","0x40","6","6","0x3000","0x3100","0xd762","0xf2d3","0xd780","0xf0e3","0xd603","0xdcd8","0xd8e4","0xf17b","0xd929","0xf360","0xf383","0xdddc","0xdca1","0xd61c","0xd911","0xd7ed","0xf276","0xd79a","0xf2e1","0xd635","0xde53","0xd7ac","0xf12a","0xde41","0xd834","0xf29e","0xd4fb","0xdabd","0xdcfa","0xd46f","0xec92","0xd309","0xdd66","0xd2c7","0xdafc","0xdae0","0xdb0f","0xd3aa","0xd9ce","0xd4c5","0xd5ef","0xd38e","0xda76","0xd3c7","0xd642","0xe554","0xe432","0xdf6f","0xdf67","0xdf5f","0xd40f","0xd515","0xdf6b","0xdf63","0xd3e3","0xdf5b","0xd443","0xd2d1","0xdb9d","0xdbf3","0xd552","0xd587","0xd5bb","0xd5d5","0xdb4e","0xe53f","0xe508","0xe0f2","0xe0c4","0xe0bc","0xd348","0xd310","0xe0c0","0xe0b8","0xd32c","0xe0c8","0xd365","0xe4d1","0xe492","0xe4b4","0xd9a8","0xd49a","0xd2ae","UNIMPL","UNIMPL","0xee46","0xd747","0xd2ae","0xd31f","0xd31f","0xd31f","0xd31f","0xd31f","0xd31f","0xd31f","0xd31f","0xd31f","0xd31f","0xd31f","0xd31f","0xd31f","0xd31f","0xd31f","0xd31f","0xd381","0xd381","0xd381","0xd381","0xd381","0xd381","0xd381","0xd381","0xd381","0xd381","0xd381","0xd381","0xd381","0xd381","0xd381","0xd381","0xd4ea","0xd4e7","0xd4e7","0xd4e7","0xd4e7","0xd4e7","0xd4e7","0xd4e7","0xf525","0xd6d6","0xeebb","0xeebb","0xed75","0xf68d","0xf692","UNIMPL","UNIMPL","0xee5c","0xeca3","0xece8","0xf548","RSRVD","RSRVD","RSRVD","RSRVD","RSRVD","RSRVD","RSRVD","RSRVD","0xec7e","0xec88","0xf3f1","0xf3dc","UNIMPL","UNIMPL","UNIMPL","UNIMPL","UNIMPL","UNIMPL","UNIMPL","0xd712","0xd729","0xf51a","0xf530","0xf406","0xf53e","0xf5c3","0xee4e","0xef25"
"pascal-results/images/12ee588106e3459c9ea81719d1a9166e4c4c9767528f5bf9730b6be748073409/files","DJN&QR","Also found at: pascal-results/images/4747f739372ea6adb6054ef83085c8977c847758f519a99ccab2a5d7f8c10eaa/files (volume: BLANK)","RT0003.APPLE","24dcf9affe306b506297369733548bdb","b7093d2f8bd95ecf5088869c2370d934","b87c0150a43b12bf34e38fd5cbf6fac2","PASCALSY;USERPROG;DEBUGGER;PRINTERR;INITIALI;GETCMD;CHECKDEL","0;1;2;3;4;5;6","LONGINTI;PASCALIO;TRANSCEN;APPLESTU;TURTLEGR;TURTLEGR;SYSIO","30;31;29;22;20;21;28","0","0","1","1","0x0000","0x0100","0xe1ba","UNIMPL","0xe1d8","UNIMPL","0xe082","UNIMPL","0xe337","UNIMPL","0xe37c","UNIMPL","UNIMPL","UNIMPL","UNIMPL","0xe095","0xe364","0xe241","UNIMPL","0xe1f0","UNIMPL","0xe0a8","UNIMPL","0xe202","UNIMPL","UNIMPL","0xe288","UNIMPL","0xdfa5","0xe446","UNIMPL","0xdf2b","0xecfc","0xddc0","UNIMPL","0xdd89","0xe485","0xe469","0xe498","0xde6d","0xe3e3","0xdf75","0xe06e","0xde4f","0xe405","0xde93","0xe0b5","0xea47","0xe95b","0xe648","0xe640","0xe638","0xded7","0xdfbf","0xe644","0xe63c","0xdeb1","0xe634","0xdf05","0xdd91","0xe51a","0xe570","0xdff2","0xe00d","0xe03a","0xe054","0xe4d7","0xea32","0xea01","0xe78b","0xe75d","0xe755","0xddfe","0xddc7","0xe759","0xe751","0xdde0","0xe761","0xde24","0xe9dc","0xe9a9","0xe9c5","0xe3cb","0xdf50","0xdd77","UNIMPL","UNIMPL","0xee7d","0xe1b7","0xdd77","0xddd3","0xddd3","0xddd3","0xddd3","0xddd3","0xddd3","0xddd3","0xddd3","0xddd3","0xddd3","0xddd3","0xddd3","0xddd3","0xddd3","0xddd3","0xddd3","0xde42","0xde42","0xde42","0xde42","0xde42","0xde42","0xde42","0xde42","0xde42","0xde42","0xde42","0xde42","0xde42","0xde42","0xde42","0xde42","0xdf94","0xdf91","0xdf91","0xdf91","0xdf91","0xdf91","0xdf91","0xdf91","0xefb4","0xe146","0xeef2","0xeef2","0xedd8","0xf067","0xf06c","UNIMPL","UNIMPL","0xee93","0xed06","0xed4b","RSRVD","RSRVD","RSRVD","RSRVD","RSRVD","RSRVD","RSRVD","RSRVD","RSRVD","0xece8","0xecf2","UNIMPL","UNIMPL","UNIMPL","UNIMPL","UNIMPL","UNIMPL","UNIMPL","UNIMPL","UNIMPL","0xe182","0xe199","0xefa9","0xefbf","UNIMPL","0xefcd","0xefd7","0xee85","0xef56"
"pascal-results/images/12ee588106e3459c9ea81719d1a9166e4c4c9767528f5bf9730b6be748073409/files","DJN&QR","Also found at: pascal-results/images/4747f739372ea6adb6054ef83085c8977c847758f519a99ccab2a5d7f8c10eaa/files (volume: BLANK)","RT0004.APPLE","e7ad903014736177569d19c8f8a9aca2","b7093d2f8bd95ecf5088869c2370d934","b87c0150a43b12bf34e38fd5cbf6fac2","PASCALSY;USERPROG;DEBUGGER;PRINTERR;INITIALI;GETCMD;CHECKDEL","0;1;2;3;4;5;6","LONGINTI;PASCALIO;TRANSCEN;APPLESTU;TURTLEGR;TURTLEGR;SYSIO","30;31;29;22;20;21;28","0","0","1","1","0x0000","0x0100","0xa0ba","UNIMPL","0xa0d8","UNIMPL","0x9f82","UNIMPL","0xa237","UNIMPL","0xa27c","UNIMPL","UNIMPL","UNIMPL","UNIMPL","0x9f95","0xa264","0xa141","UNIMPL","0xa0f0","UNIMPL","0x9fa8","UNIMPL","0xa102","UNIMPL","UNIMPL","0xa188","UNIMPL","0x9ea5","0xa346","UNIMPL","0x9e2b","0xabfc","0x9cc0","UNIMPL","0x9c89","0xa385","0xa369","0xa398","0x9d6d","0xa2e3","0x9e75","0x9f6e","0x9d4f","0xa305","0x9d93","0x9fb5","0xa947","0xa85b","0xa548","0xa540","0xa538","0x9dd7","0x9ebf","0xa544","0xa53c","0x9db1","0xa534","0x9e05","0x9c91","0xa41a","0xa470","0x9ef2","0x9f0d","0x9f3a","0x9f54","0xa3d7","0xa932","0xa901","0xa68b","0xa65d","0xa655","0x9cfe","0x9cc7","0xa659","0xa651","0x9ce0","0xa661","0x9d24","0xa8dc","0xa8a9","0xa8c5","0xa2cb","0x9e50","0x9c77","UNIMPL","UNIMPL","0xad7d","0xa0b7","0x9c77","0x9cd3","0x9cd3","0x9cd3","0x9cd3","0x9cd3","0x9cd3","0x9cd3","0x9cd3","0x9cd3","0x9cd3","0x9cd3","0x9cd3","0x9cd3","0x9cd3","0x9cd3","0x9cd3","0x9d42","0x9d42","0x9d42","0x9d42","0x9d42","0x9d42","0x9d42","0x9d42","0x9d42","0x9d42","0x9d42","0x9d42","0x9d42","0x9d42","0x9d42","0x9d42","0x9e94","0x9e91","0x9e91","0x9e91","0x9e91","0x9e91","0x9e91","0x9e91","0xaeb4","0xa046","0xadf2","0xadf2","0xacd8","0xaf67","0xaf6c","UNIMPL","UNIMPL","0xad93","0xac06","0xac4b","RSRVD","RSRVD","RSRVD","RSRVD","RSRVD","RSRVD","RSRVD","RSRVD","RSRVD","0xabe8","0xabf2","UNIMPL","UNIMPL","UNIMPL","UNIMPL","UNIMPL","UNIMPL","UNIMPL","UNIMPL","UNIMPL","0xa082","0xa099","0xaea9","0xaebf","UNIMPL","0xaecd","0xaed7","0xad85","0xae56"
"pascal-results/images/aeef08eb00ee0faab4d74a472628cc219a52cfbec7b47fbeb4041826810a287c/files","M042083","Also found at: pascal-results/images/68de9b5aac273d61e8d58b55a50d6529555f618a74174f765e2024a08343c2f8/files (volume: M042083)","RTSTRP.APPLE","1a1c0dccfedba2120a66fdc469640d4d","b8420e9c750697d416d6367d437425ac","4e30156e6c54f1d51344032c4abd757d","PASCALSY;USERPROG;SYSIO;PRINTERR;INITIALI;GETCMD;FIOPRIMS","0;1;2;3;4;5;6","PASCALIO;CHAINSTU;MICROMOD;MICROMOD;UTILITIE;UTILITIE","31;28;18;19;25;26","0x02","0x05","2","2","0x0400","0x0500","0x9ce3","UNIMPL","0x9d01","UNIMPL","0x9bab","UNIMPL","0x9e61","UNIMPL","0x9ea6","UNIMPL","UNIMPL","UNIMPL","UNIMPL","0x9bbe","0x9e8e","0x9d6a","UNIMPL","0x9d19","UNIMPL","0x9bd1","UNIMPL","0x9d2b","UNIMPL","UNIMPL","0x9db1","UNIMPL","0x9abb","0x9f70","UNIMPL","0x9a41","0xa881","0x98d6","UNIMPL","0x989f","0x9faf","0x9f93","0x9fc2","0x9983","0x9f0d","0x9a8b","0x9b97","0x9965","0x9f2f","0x99a9","0x9bde","0xa590","0xa4a4","0xa179","0xa171","0xa169","0x99ed","0x9ad5","0xa175","0xa16d","0x99c7","0xa165","0x9a1b","0x98a7","0xa044","0xa09a","0x9b08","0x9b36","0x9b63","0x9b7d","0xa001","0xa57b","0xa54a","0xa2bc","0xa28e","0xa286","0x9914","0x98dd","0xa28a","0xa282","0x98f6","0xa292","0x993a","0xa525","0xa4f2","0xa50e","0x9ef5","0x9a66","0x988d","UNIMPL","UNIMPL","0xaa04","0x9ce0","0x988d","0x98e9","0x98e9","0x98e9","0x98e9","0x98e9","0x98e9","0x98e9","0x98e9","0x98e9","0x98e9","0x98e9","0x98e9","0x98e9","0x98e9","0x98e9","0x98e9","0x9958","0x9958","0x9958","0x9958","0x9958","0x9958","0x9958","0x9958","0x9958","0x9958","0x9958","0x9958","0x9958","0x9958","0x9958","0x9958","0x9aaa","0x9aa7","0x9aa7","0x9aa7","0x9aa7","0x9aa7","0x9aa7","0x9aa7","0xab5c","0x9c6f","0xaa79","0xaa79","0xa95d","0xacc1","0xacc6","UNIMPL","UNIMPL","0xaa1a","0xa88b","0xa8d0","0xab7f","RSRVD","RSRVD","RSRVD","RSRVD","RSRVD","RSRVD","RSRVD","RSRVD","0xa86d","0xa877","UNIMPL","UNIMPL","UNIMPL","UNIMPL","UNIMPL","UNIMPL","UNIMPL","UNIMPL","UNIMPL","0x9cab","0x9cc2","0xab51","0xab67","UNIMPL","0xab75","0xabfd","0xaa0c","0xaadd"
"pascal-results/images/5af16a115eba1f4ed6dc00a67b2fb1d7592dba48416f4c440a4261bddfeb27d1/files","FB","","SYSTEM.APPLE","2aa741575266a5359e1579020a1b864d","064a1a1c1d36528e660900a2e609d158","25199d44c24eed3d380e899389ee914b","PASCALSY;USERPROG;FIOPRIMS;PRINTERR;INITIALI;GETCMD;SYSIO;","0;1;2;3;4;5;6;15","LONGINTI;PASCALIO;FBLIB;FBLIB","30;31;25;26","0x04","0x01","6","6","0x3000","0x3100","0xd71c","0xecc8","0xd73a","0xead8","0xd5c0","0xdbbc","0xd89e","0xeb70","0xd8e3","0xed55","0xed78","0xdcba","0xdb85","0xd5d9","0xd8cb","0xd7a7","0xec6b","0xd754","0xecd6","0xd5f2","0xdd31","0xd766","0xeb1f","0xdd1f","0xd7ee","0xec93","0xd4cd","0xd9ad","0xdbde","0xd453","0xe6bd","0xd302","0xdc4a","0xd2c9","0xd9ec","0xd9d0","0xd9ff","0xd3a0","0xd94a","0xd49d","0xd5ac","0xd384","0xd96c","0xd3bd","0xd5ff","0xe3bc","0xe2d0","0xde4d","0xde45","0xde3d","0xd3ff","0xd4e7","0xde49","0xde41","0xd3d9","0xde39","0xd42d","0xd2d3","0xda81","0xdad7","0xd51b","0xd54a","0xd578","0xd592","0xda3e","0xe3a7","0xe376","0xdfca","0xdf9c","0xdf94","0xd33e","0xd309","0xdf98","0xdf90","0xd322","0xdfa0","0xd35b","0xe351","0xe31e","0xe33a","0xd932","0xd478","0xd2b6","UNIMPL","UNIMPL","0xe841","0xd701","0xd2b6","0xd315","0xd315","0xd315","0xd315","0xd315","0xd315","0xd315","0xd315","0xd315","0xd315","0xd315","0xd315","0xd315","0xd315","0xd315","0xd315","0xd377","0xd377","0xd377","0xd377","0xd377","0xd377","0xd377","0xd377","0xd377","0xd377","0xd377","0xd377","0xd377","0xd377","0xd377","0xd377","0xd4bc","0xd4b9","0xd4b9","0xd4b9","0xd4b9","0xd4b9","0xd4b9","0xd4b9","0xef1a","0xd690","0xe8b6","0xe8b6","0xe79a","0xf082","0xf087","UNIMPL","UNIMPL","0xe857","0xe6c8","0xe70d","0xef3d","RSRVD","RSRVD","RSRVD","RSRVD","RSRVD","RSRVD","RSRVD","RSRVD","0xe6a9","0xe6b3","0xede6","0xedd1","UNIMPL","UNIMPL","UNIMPL","UNIMPL","UNIMPL","UNIMPL","UNIMPL","0xd6cc","0xd6e3","0xef0f","0xef25","0xedfb","0xef33","0xefb8","0xe849","0xe91a"
"pascal-results/images/526467c476732df06c45fa34af2e1cf9e65d1770fd0c188d3688d6ecda97028b/files","SSD-3.3","","SYSTEM.APPLE","1cd11df9e32677f4d3673933d5c996fc","24ca8f71aca82a11063a21463ad22184","18bbf6ebd236de36c35fb56ff18b4fd9","PASCALSY;USERPROG;DEBUGGER;PRINTERR;INITIALI;GETCMD;FILEPROC;","0;1;2;3;4;5;6;15","LONGINTI;PASCALIO;CHAINSTU;TRANSCEN;TURTLEGR;TURTLEGR;APPLESTU","30;31;28;29;20;21;22","0x02","0x01","2","2","0x3000","0x3100","0xd6bb","0xecb2","0xd6d9","0xeac2","0xd56b","0xdb57","0xd839","0xeb5a","0xd87e","0xed3f","0xed62","0xdc55","0xdb20","0xd57e","0xd866","0xd742","0xec55","0xd6f1","0xecc0","0xd591","0xdccc","0xd703","0xeb09","0xdcba","0xd789","0xec7d","0xd47b","0xd948","0xdb79","0xd401","0xe630","0xd296","0xdbe5","0xd25f","0xd987","0xd96b","0xd99a","0xd343","0xd8e5","0xd44b","0xd557","0xd325","0xd907","0xd369","0xd59e","0xe33f","0xe253","0xdde8","0xdde0","0xddd8","0xd3ad","0xd495","0xdde4","0xdddc","0xd387","0xddd4","0xd3db","0xd267","0xda1c","0xda72","0xd4c8","0xd4f6","0xd523","0xd53d","0xd9d9","0xe32a","0xe2f9","0xdf65","0xdf37","0xdf2f","0xd2d4","0xd29d","0xdf33","0xdf2b","0xd2b6","0xdf3b","0xd2fa","0xe2d4","0xe2a1","0xe2bd","0xd8cd","0xd426","0xd24d","UNIMPL","UNIMPL","0xe82b","0xd6a0","0xd24d","0xd2a9","0xd2a9","0xd2a9","0xd2a9","0xd2a9","0xd2a9","0xd2a9","0xd2a9","0xd2a9","0xd2a9","0xd2a9","0xd2a9","0xd2a9","0xd2a9","0xd2a9","0xd2a9","0xd318","0xd318","0xd318","0xd318","0xd318","0xd318","0xd318","0xd318","0xd318","0xd318","0xd318","0xd318","0xd318","0xd318","0xd318","0xd318","0xd46a","0xd467","0xd467","0xd467","0xd467","0xd467","0xd467","0xd467","0xef04","0xd62f","0xe8a0","0xe8a0","0xe784","0xf069","0xf06e","0xe63a","0xe640","0xe841","0xe6b2","0xe6f7","0xef27","RSRVD","RSRVD","RSRVD","RSRVD","RSRVD","RSRVD","RSRVD","RSRVD","0xe61c","0xe626","0xedd0","0xedbb","UNIMPL","UNIMPL","UNIMPL","UNIMPL","UNIMPL","UNIMPL","UNIMPL","0xd66b","0xd682","0xeef9","0xef0f","0xede5","0xef1d","0xefa5","0xe833","0xe904"
"pascal-results/images/1c400c8933dd52deda8f7a6e05c189a8bbde18e9fd202ad72eb6ec307dc1d11f/files","LCDBOOT","Also found at: pascal-results/images/5b73f388c2e132fb2952346a35e0d022e7d9e85972c444081fab8cd5a11ca8a8/files (volume: WBV2.1)","RTSTRP.APPLE","77323df675a2d94f7a34c6ff2f2727cd","5c506ea6b2f881bdf9adc4800346cafa","86aeaa5d9bd9aedc5d7e46ef893231cc","PASCALSY;USERPROG;SYSIO;PRINTERR;INITIALI;GETCMD;FIOPRIMS","0;1;2;3;4;5;6","PASCALIO;CHAINSTU","31;28","0x02","0x05","2","2","0x0400","0x0500","0x9ce3","UNIMPL","0x9d01","UNIMPL","0x9bab","UNIMPL","0x9e61","UNIMPL","0x9ea6","UNIMPL","UNIMPL","UNIMPL","UNIMPL","0x9bbe","0x9e8e","0x9d6a","UNIMPL","0x9d19","UNIMPL","0x9bd1","UNIMPL","0x9d2b","UNIMPL","UNIMPL","0x9db1","UNIMPL","0x9abb","0x9f70","UNIMPL","0x9a41","0xa881","0x98d6","UNIMPL","0x989f","0x9faf","0x9f93","0x9fc2","0x9983","0x9f0d","0x9a8b","0x9b97","0x9965","0x9f2f","0x99a9","0x9bde","0xa590","0xa4a4","0xa179","0xa171","0xa169","0x99ed","0x9ad5","0xa175","0xa16d","0x99c7","0xa165","0x9a1b","0x98a7","0xa044","0xa09a","0x9b08","0x9b36","0x9b63","0x9b7d","0xa001","0xa57b","0xa54a","0xa2bc","0xa28e","0xa286","0x9914","0x98dd","0xa28a","0xa282","0x98f6","0xa292","0x993a","0xa525","0xa4f2","0xa50e","0x9ef5","0x9a66","0x988d","UNIMPL","UNIMPL","0xaa04","0x9ce0","0x988d","0x98e9","0x98e9","0x98e9","0x98e9","0x98e9","0x98e9","0x98e9","0x98e9","0x98e9","0x98e9","0x98e9","0x98e9","0x98e9","0x98e9","0x98e9","0x98e9","0x9958","0x9958","0x9958","0x9958","0x9958","0x9958","0x9958","0x9958","0x9958","0x9958","0x9958","0x9958","0x9958","0x9958","0x9958","0x9958","0x9aaa","0x9aa7","0x9aa7","0x9aa7","0x9aa7","0x9aa7","0x9aa7","0x9aa7","0xab5c","0x9c6f","0xaa79","0xaa79","0xa95d","0xacc1","0xacc6","UNIMPL","UNIMPL","0xaa1a","0xa88b","0xa8d0","0xab7f","RSRVD","RSRVD","RSRVD","RSRVD","RSRVD","RSRVD","RSRVD","RSRVD","0xa86d","0xa877","UNIMPL","UNIMPL","UNIMPL","UNIMPL","UNIMPL","UNIMPL","UNIMPL","UNIMPL","UNIMPL","0x9cab","0x9cc2","0xab51","0xab67","UNIMPL","0xab75","0xabfd","0xaa0c","0xaadd"
"pascal-results/images/5ebe5af40898d91515f0774a837ce3360780ad119335ad80da81e9af67ea9ce7/files","TFOS","","SYSTEM.APPLE","c78f77265aae0f6d9764cb4c91258c16","681977fa5a87ea54fa170ffa23b45848","6721b883dff951cfcf8638fad6f9df38","PASCALSY;USERPROG;FIOPRIMS;PRINTERR;INITIALI;GETCMD;SYSIO;","0;1;2;3;4;5;6;15","BIGINT;BIGINT;GLOBAL;GLOBAL;DATAENTR;DATAENTR;CHAINSTU;SHORTGRA;SHORTGRA;PROGINIT;STMTDB;STMTDB","25;26;40;41;44;45;28;20;21;60;46;47","0x04","0x41","6","6","0x3000","0x3100","0xd791","0xf302","0xd7af","0xf112","0xd632","0xdd07","0xd913","0xf1aa","0xd958","0xf38f","0xf3b2","0xde0b","0xdcd0","0xd64b","0xd940","0xd81c","0xf2a5","0xd7c9","0xf310","0xd664","0xde82","0xd7db","0xf159","0xde70","0xd863","0xf2cd","0xd52a","0xdaec","0xdd29","0xd49e","0xecc1","0xd338","0xdd95","0xd2f6","0xdb2b","0xdb0f","0xdb3e","0xd3d9","0xd9fd","0xd4f4","0xd61e","0xd3bd","0xdaa5","0xd3f6","0xd671","0xe583","0xe461","0xdf9e","0xdf96","0xdf8e","0xd43e","0xd544","0xdf9a","0xdf92","0xd412","0xdf8a","0xd472","0xd300","0xdbcc","0xdc22","0xd581","0xd5b6","0xd5ea","0xd604","0xdb7d","0xe56e","0xe537","0xe121","0xe0f3","0xe0eb","0xd377","0xd33f","0xe0ef","0xe0e7","0xd35b","0xe0f7","0xd394","0xe500","0xe4c1","0xe4e3","0xd9d7","0xd4c9","0xd2dd","UNIMPL","UNIMPL","0xee75","0xd776","0xd2dd","0xd34e","0xd34e","0xd34e","0xd34e","0xd34e","0xd34e","0xd34e","0xd34e","0xd34e","0xd34e","0xd34e","0xd34e","0xd34e","0xd34e","0xd34e","0xd34e","0xd3b0","0xd3b0","0xd3b0","0xd3b0","0xd3b0","0xd3b0","0xd3b0","0xd3b0","0xd3b0","0xd3b0","0xd3b0","0xd3b0","0xd3b0","0xd3b0","0xd3b0","0xd3b0","0xd519","0xd516","0xd516","0xd516","0xd516","0xd516","0xd516","0xd516","0xf554","0xd705","0xeeea","0xeeea","0xeda4","0xf6bc","0xf6c1","UNIMPL","UNIMPL","0xee8b","0xecd2","0xed17","0xf577","RSRVD","RSRVD","RSRVD","RSRVD","RSRVD","RSRVD","RSRVD","RSRVD","0xecad","0xecb7","0xf420","0xf40b","UNIMPL","UNIMPL","UNIMPL","UNIMPL","UNIMPL","UNIMPL","UNIMPL","0xd741","0xd758","0xf549","0xf55f","0xf435","0xf56d","0xf5f2","0xee7d","0xef54"
"pascal-results/images/af926df84f8040ae59d2909f1b24319b6fcae876724f0377606fe196e36ce2ba/files","PPMSTAR","","SYSTEM.APPLE","aac1403e7ef4611fae5a3c8c6861fae6","b65565a1b7decb939de9002163debef3","23b79e75c9689f7d98e02b5fd484d32d","PASCALSY;USERPROG;FIOPRIMS;PRINTERR;INITIALI;GETCMD;FILEPROC;","0;1;2;3;4;5;6;15","PASCALSY;CHAINSTU","0;28","0x03","0x00","5","5","0x3000","0x3100","0xd6d0","0xecd3","0xd6ee","0xeae3","0xd580","0xdb6c","0xd84e","0xeb7b","0xd893","0xed60","0xed83","0xdc6a","0xdb35","0xd593","0xd87b","0xd757","0xec76","0xd706","0xece1","0xd5a6","0xdce1","0xd718","0xeb2a","0xdccf","0xd79e","0xec9e","0xd48d","0xd95d","0xdb8e","0xd413","0xe650","0xd2a8","0xdbfa","0xd271","0xd99c","0xd980","0xd9af","0xd355","0xd8fa","0xd45d","0xd56c","0xd337","0xd91c","0xd37b","0xd5b3","0xe342","0xe256","0xddfd","0xddf5","0xdded","0xd3bf","0xd4a7","0xddf9","0xddf1","0xd399","0xdde9","0xd3ed","0xd279","0xda31","0xda87","0xd4db","0xd50a","0xd538","0xd552","0xd9ee","0xe32d","0xe2fc","0xdf7a","0xdf4c","0xdf44","0xd2e6","0xd2af","0xdf48","0xdf40","0xd2c8","0xdf50","0xd30c","0xe2d7","0xe2a4","0xe2c0","0xd8e2","0xd438","0xd25e","UNIMPL","UNIMPL","0xe84c","0xd6b5","0xd25e","0xd2bb","0xd2bb","0xd2bb","0xd2bb","0xd2bb","0xd2bb","0xd2bb","0xd2bb","0xd2bb","0xd2bb","0xd2bb","0xd2bb","0xd2bb","0xd2bb","0xd2bb","0xd2bb","0xd32a","0xd32a","0xd32a","0xd32a","0xd32a","0xd32a","0xd32a","0xd32a","0xd32a","0xd32a","0xd32a","0xd32a","0xd32a","0xd32a","0xd32a","0xd32a","0xd47c","0xd479","0xd479","0xd479","0xd479","0xd479","0xd479","0xd479","0xef25","0xd644","0xe8c1","0xe8c1","0xe7a5","0xf08a","0xf08f","0xe65b","0xe661","0xe862","0xe6d3","0xe718","0xef48","RSRVD","RSRVD","RSRVD","RSRVD","RSRVD","RSRVD","RSRVD","RSRVD","0xe63c","0xe646","0xedf1","0xeddc","UNIMPL","UNIMPL","UNIMPL","UNIMPL","UNIMPL","UNIMPL","UNIMPL","0xd680","0xd697","0xef1a","0xef30","0xee06","0xef3e","0xefc6","0xe854","0xe925"
"pascal-results/images/f4a3d9a7b60d7026eacc039c155609a047aecdb96d8c6315de97a2159b01362b/files","G1","","SYSTEM.APPLE","19896b0efbcda2b244c21986f27a4a1b","e35d6659b6a1c4675cd7c47c411fc726","d59da47be477b46d061f0c5865e75c61","PASCALSY;USERPROG;FIOPRIMS;PRINTERR;INITIALI;GETCMD;SYSIO;","0;1;2;3;4;5;6;15","PASCALIO;CHAINSTU","31;28","0x03","0x01","5","5","0x3000","0x3100","0xd6ff","0xec8a","0xd71d","0xea9a","0xd5af","0xdb9b","0xd87d","0xeb32","0xd8c2","0xed17","0xed3a","0xdc99","0xdb64","0xd5c2","0xd8aa","0xd786","0xec2d","0xd735","0xec98","0xd5d5","0xdd10","0xd747","0xeae1","0xdcfe","0xd7cd","0xec55","0xd4bc","0xd98c","0xdbbd","0xd442","0xe67f","0xd2d7","0xdc29","0xd2a0","0xd9cb","0xd9af","0xd9de","0xd384","0xd929","0xd48c","0xd59b","0xd366","0xd94b","0xd3aa","0xd5e2","0xe371","0xe285","0xde2c","0xde24","0xde1c","0xd3ee","0xd4d6","0xde28","0xde20","0xd3c8","0xde18","0xd41c","0xd2a8","0xda60","0xdab6","0xd50a","0xd539","0xd567","0xd581","0xda1d","0xe35c","0xe32b","0xdfa9","0xdf7b","0xdf73","0xd315","0xd2de","0xdf77","0xdf6f","0xd2f7","0xdf7f","0xd33b","0xe306","0xe2d3","0xe2ef","0xd911","0xd467","0xd28d","UNIMPL","UNIMPL","0xe803","0xd6e4","0xd28d","0xd2ea","0xd2ea","0xd2ea","0xd2ea","0xd2ea","0xd2ea","0xd2ea","0xd2ea","0xd2ea","0xd2ea","0xd2ea","0xd2ea","0xd2ea","0xd2ea","0xd2ea","0xd2ea","0xd359","0xd359","0xd359","0xd359","0xd359","0xd359","0xd359","0xd359","0xd359","0xd359","0xd359","0xd359","0xd359","0xd359","0xd359","0xd359","0xd4ab","0xd4a8","0xd4a8","0xd4a8","0xd4a8","0xd4a8","0xd4a8","0xd4a8","0xeedc","0xd673","0xe878","0xe878","0xe75c","0xf041","0xf046","UNIMPL","UNIMPL","0xe819","0xe68a","0xe6cf","0xeeff","RSRVD","RSRVD","RSRVD","RSRVD","RSRVD","RSRVD","RSRVD","RSRVD","0xe66b","0xe675","0xeda8","0xed93","UNIMPL","UNIMPL","UNIMPL","UNIMPL","UNIMPL","UNIMPL","UNIMPL","0xd6af","0xd6c6","0xeed1","0xeee7","0xedbd","0xeef5","0xef7d","0xe80b","0xe8dc"
"pascal-results/images/d6f95737412c6183f48f9e5b2e51b342ba9b3f613befc944e5b479b512f3bfce/files","MIDWEST","","RTSTRP.APPLE","cfbd42367f33c1ec8a2d69c5b00d1eea","5c506ea6b2f881bdf9adc4800346cafa","96163952026cfe00cf4f25026b92d8e3","PASCALSY;USERPROG;SYSIO;PRINTERR;INITIALI;GETCMD;FIOPRIMS","0;1;2;3;4;5;6","LONGINTI;PASCALIO;CHAINSTU;TURTLEGR;TURTLEGR;APPLESTU","30;31;28;20;21;22","0x02","0x05","2","2","0x0400","0x0500","0x9ce3","UNIMPL","0x9d01","UNIMPL","0x9bab","UNIMPL","0x9e61","UNIMPL","0x9ea6","UNIMPL","UNIMPL","UNIMPL","UNIMPL","0x9bbe","0x9e8e","0x9d6a","UNIMPL","0x9d19","UNIMPL","0x9bd1","UNIMPL","0x9d2b","UNIMPL","UNIMPL","0x9db1","UNIMPL","0x9abb","0x9f70","UNIMPL","0x9a41","0xa881","0x98d6","UNIMPL","0x989f","0x9faf","0x9f93","0x9fc2","0x9983","0x9f0d","0x9a8b","0x9b97","0x9965","0x9f2f","0x99a9","0x9bde","0xa590","0xa4a4","0xa179","0xa171","0xa169","0x99ed","0x9ad5","0xa175","0xa16d","0x99c7","0xa165","0x9a1b","0x98a7","0xa044","0xa09a","0x9b08","0x9b36","0x9b63","0x9b7d","0xa001","0xa57b","0xa54a","0xa2bc","0xa28e","0xa286","0x9914","0x98dd","0xa28a","0xa282","0x98f6","0xa292","0x993a","0xa525","0xa4f2","0xa50e","0x9ef5","0x9a66","0x988d","UNIMPL","UNIMPL","0xaa04","0x9ce0","0x988d","0x98e9","0x98e9","0x98e9","0x98e9","0x98e9","0x98e9","0x98e9","0x98e9","0x98e9","0x98e9","0x98e9","0x98e9","0x98e9","0x98e9","0x98e9","0x98e9","0x9958","0x9958","0x9958","0x9958","0x9958","0x9958","0x9958","0x9958","0x9958","0x9958","0x9958","0x9958","0x9958","0x9958","0x9958","0x9958","0x9aaa","0x9aa7","0x9aa7","0x9aa7","0x9aa7","0x9aa7","0x9aa7","0x9aa7","0xab5c","0x9c6f","0xaa79","0xaa79","0xa95d","0xacc1","0xacc6","UNIMPL","UNIMPL","0xaa1a","0xa88b","0xa8d0","0xab7f","RSRVD","RSRVD","RSRVD","RSRVD","RSRVD","RSRVD","RSRVD","RSRVD","0xa86d","0xa877","UNIMPL","UNIMPL","UNIMPL","UNIMPL","UNIMPL","UNIMPL","UNIMPL","UNIMPL","UNIMPL","0x9cab","0x9cc2","0xab51","0xab67","UNIMPL","0xab75","0xabfd","0xaa0c","0xaadd"
"pascal-results/images/035b6c5740d9e90661f63538b7f068ad3e796c6541810a596d5a045edb7741c5/files","MICRO.T","","SYSTEM.APPLE","fcda8d15f213e8e0d5c3987ab92ba114","e35d6659b6a1c4675cd7c47c411fc726","a882687fbfe66d6674e1ee1768a9ad94","PASCALSY;USERPROG;FIOPRIMS;PRINTERR;INITIALI;GETCMD;SYSIO;","0;1;2;3;4;5;6;15","PASCALIO;TURTLEGR;TURTLEGR;APPLESTU;CHAINSTU;P1DBSTUF;P1DBSTUF","31;20;21;22;28;25;26","0x03","0x01","5","5","0x3000","0x3100","0xd6ff","0xec8a","0xd71d","0xea9a","0xd5af","0xdb9b","0xd87d","0xeb32","0xd8c2","0xed17","0xed3a","0xdc99","0xdb64","0xd5c2","0xd8aa","0xd786","0xec2d","0xd735","0xec98","0xd5d5","0xdd10","0xd747","0xeae1","0xdcfe","0xd7cd","0xec55","0xd4bc","0xd98c","0xdbbd","0xd442","0xe67f","0xd2d7","0xdc29","0xd2a0","0xd9cb","0xd9af","0xd9de","0xd384","0xd929","0xd48c","0xd59b","0xd366","0xd94b","0xd3aa","0xd5e2","0xe371","0xe285","0xde2c","0xde24","0xde1c","0xd3ee","0xd4d6","0xde28","0xde20","0xd3c8","0xde18","0xd41c","0xd2a8","0xda60","0xdab6","0xd50a","0xd539","0xd567","0xd581","0xda1d","0xe35c","0xe32b","0xdfa9","0xdf7b","0xdf73","0xd315","0xd2de","0xdf77","0xdf6f","0xd2f7","0xdf7f","0xd33b","0xe306","0xe2d3","0xe2ef","0xd911","0xd467","0xd28d","UNIMPL","UNIMPL","0xe803","0xd6e4","0xd28d","0xd2ea","0xd2ea","0xd2ea","0xd2ea","0xd2ea","0xd2ea","0xd2ea","0xd2ea","0xd2ea","0xd2ea","0xd2ea","0xd2ea","0xd2ea","0xd2ea","0xd2ea","0xd2ea","0xd359","0xd359","0xd359","0xd359","0xd359","0xd359","0xd359","0xd359","0xd359","0xd359","0xd359","0xd359","0xd359","0xd359","0xd359","0xd359","0xd4ab","0xd4a8","0xd4a8","0xd4a8","0xd4a8","0xd4a8","0xd4a8","0xd4a8","0xeedc","0xd673","0xe878","0xe878","0xe75c","0xf041","0xf046","UNIMPL","UNIMPL","0xe819","0xe68a","0xe6cf","0xeeff","RSRVD","RSRVD","RSRVD","RSRVD","RSRVD","RSRVD","RSRVD","RSRVD","0xe66b","0xe675","0xeda8","0xed93","UNIMPL","UNIMPL","UNIMPL","UNIMPL","UNIMPL","UNIMPL","UNIMPL","0xd6af","0xd6c6","0xeed1","0xeee7","0xedbd","0xeef5","0xef7d","0xe80b","0xe8dc"
"pascal-results/images/668485d6bde93b104040b37804e7a2b32cc9a0525e6689d1ff71dd83dbc5d907/files","MASTER","","SYSTEM.APPLE","b4178eecb0c6775ab9499ff297b8dbb9","24ca8f71aca82a11063a21463ad22184","72ca4a71f79743d8a64afe6dfd8f4769","PASCALSY;USERPROG;DEBUGGER;PRINTERR;INITIALI;GETCMD;FILEPROC;","0;1;2;3;4;5;6;15","APPLESTU;CHAINSTU;TURTLEGR;TURTLEGR;DOSSTUFF;DOSSTUFF;DOSSDISK;USERSTUF;USERSTUF;PROGSTUF;DOSSTEMP;DOSSTEMP;DOSSMATH;DOSSCOPY;DOSSRUN","22;28;20;21;30;31;25;26;27;23;18;19;24;29;17","0x02","0x01","2","3","0x3000","0x3100","0xd6bb","0xecb2","0xd6d9","0xeac2","0xd56b","0xdb57","0xd839","0xeb5a","0xd87e","0xed3f","0xed62","0xdc55","0xdb20","0xd57e","0xd866","0xd742","0xec55","0xd6f1","0xecc0","0xd591","0xdccc","0xd703","0xeb09","0xdcba","0xd789","0xec7d","0xd47b","0xd948","0xdb79","0xd401","0xe630","0xd296","0xdbe5","0xd25f","0xd987","0xd96b","0xd99a","0xd343","0xd8e5","0xd44b","0xd557","0xd325","0xd907","0xd369","0xd59e","0xe33f","0xe253","0xdde8","0xdde0","0xddd8","0xd3ad","0xd495","0xdde4","0xdddc","0xd387","0xddd4","0xd3db","0xd267","0xda1c","0xda72","0xd4c8","0xd4f6","0xd523","0xd53d","0xd9d9","0xe32a","0xe2f9","0xdf65","0xdf37","0xdf2f","0xd2d4","0xd29d","0xdf33","0xdf2b","0xd2b6","0xdf3b","0xd2fa","0xe2d4","0xe2a1","0xe2bd","0xd8cd","0xd426","0xd24d","UNIMPL","UNIMPL","0xe82b","0xd6a0","0xd24d","0xd2a9","0xd2a9","0xd2a9","0xd2a9","0xd2a9","0xd2a9","0xd2a9","0xd2a9","0xd2a9","0xd2a9","0xd2a9","0xd2a9","0xd2a9","0xd2a9","0xd2a9","0xd2a9","0xd318","0xd318","0xd318","0xd318","0xd318","0xd318","0xd318","0xd318","0xd318","0xd318","0xd318","0xd318","0xd318","0xd318","0xd318","0xd318","0xd46a","0xd467","0xd467","0xd467","0xd467","0xd467","0xd467","0xd467","0xef04","0xd62f","0xe8a0","0xe8a0","0xe784","0xf069","0xf06e","0xe63a","0xe640","0xe841","0xe6b2","0xe6f7","0xef27","RSRVD","RSRVD","RSRVD","RSRVD","RSRVD","RSRVD","RSRVD","RSRVD","0xe61c","0xe626","0xedd0","0xedbb","UNIMPL","UNIMPL","UNIMPL","UNIMPL","UNIMPL","UNIMPL","UNIMPL","0xd66b","0xd682","0xeef9","0xef0f","0xede5","0xef1d","0xefa5","0xe833","0xe904"
"pascal-results/images/891a5b6c35925f301a866de9ca5a5c1df1276b89459b1e1d44bc87ec9b2546c6/files","SIDER","Also found at: pascal-results/images/9d3df16fd8d028718ec171efea067eb1cb054c75d1c405b87dc28a9c6548b252/files (volume: SIDER)","SYSTEM.APPLE","71f7954f0b8f0f3b2d7e2d9e1b1b9382","93a7bf87d5584360449f339c1d3958ce","23b3797fc86eb294b348091e70903d86","PASCALSY;USERPROG;FIOPRIMS;PRINTERR;INITIALI;GETCMD;FILEPROC;","0;1;2;3;4;5;6;15","LONGINTI;PASCALIO;CHAINSTU;TRANSCEN;TURTLEGR;TURTLEGR;APPLESTU","30;31;28;29;20;21;22","0x04","0x00","6","6","0x3000","0x3100","0xd6ed","0xec99","0xd70b","0xeaa9","0xd591","0xdb8d","0xd86f","0xeb41","0xd8b4","0xed26","0xed49","0xdc8b","0xdb56","0xd5aa","0xd89c","0xd778","0xec3c","0xd725","0xeca7","0xd5c3","0xdd02","0xd737","0xeaf0","0xdcf0","0xd7bf","0xec64","0xd49e","0xd97e","0xdbaf","0xd424","0xe68e","0xd2d3","0xdc1b","0xd29a","0xd9bd","0xd9a1","0xd9d0","0xd371","0xd91b","0xd46e","0xd57d","0xd355","0xd93d","0xd38e","0xd5d0","0xe38d","0xe2a1","0xde1e","0xde16","0xde0e","0xd3d0","0xd4b8","0xde1a","0xde12","0xd3aa","0xde0a","0xd3fe","0xd2a4","0xda52","0xdaa8","0xd4ec","0xd51b","0xd549","0xd563","0xda0f","0xe378","0xe347","0xdf9b","0xdf6d","0xdf65","0xd30f","0xd2da","0xdf69","0xdf61","0xd2f3","0xdf71","0xd32c","0xe322","0xe2ef","0xe30b","0xd903","0xd449","0xd287","UNIMPL","UNIMPL","0xe812","0xd6d2","0xd287","0xd2e6","0xd2e6","0xd2e6","0xd2e6","0xd2e6","0xd2e6","0xd2e6","0xd2e6","0xd2e6","0xd2e6","0xd2e6","0xd2e6","0xd2e6","0xd2e6","0xd2e6","0xd2e6","0xd348","0xd348","0xd348","0xd348","0xd348","0xd348","0xd348","0xd348","0xd348","0xd348","0xd348","0xd348","0xd348","0xd348","0xd348","0xd348","0xd48d","0xd48a","0xd48a","0xd48a","0xd48a","0xd48a","0xd48a","0xd48a","0xeeeb","0xd661","0xe887","0xe887","0xe76b","0xf053","0xf058","UNIMPL","UNIMPL","0xe828","0xe699","0xe6de","0xef0e","RSRVD","RSRVD","RSRVD","RSRVD","RSRVD","RSRVD","RSRVD","RSRVD","0xe67a","0xe684","0xedb7","0xeda2","UNIMPL","UNIMPL","UNIMPL","UNIMPL","UNIMPL","UNIMPL","UNIMPL","0xd69d","0xd6b4","0xeee0","0xeef6","0xedcc","0xef04","0xef89","0xe81a","0xe8eb"
"pascal-results/images/c923bbe092f6f63fd2e9e82f4eceb33159f8bb99ddbdf930fd3ce7bcb99b4462/files","INTRO","","SYSTEM.APPLE","b171707fed34e35c30375a6601fc8829","5a160e53833eab6ae1008555f4fc7d8f","2c892247ae89316d10cd6e40ae006f2f","PASCALSY;USERPROG;SYSIO;PRINTERR;INITIALI;GETCMD;FIOPRIMS;","0;1;2;3;4;5;6;15","CHAINSTU;APPLESTU;SHORTGRA;SHORTGRA;INTROLIB;INTROLIB;TYPE1UNI;SHIFTUNI;TYPE3UNI","28;22;20;21;26;27;25;23;24","0x02","0x0b","2","2","0x3000","0x3100","0xd6fb","0xec7a","0xd719","0xea8a","0xd5ab","0xdb97","0xd879","0xeb22","0xd8be","0xed07","0xed2a","0xdc95","0xdb60","0xd5be","0xd8a6","0xd782","0xec1d","0xd731","0xec88","0xd5d1","0xdd0c","0xd743","0xead1","0xdcfa","0xd7c9","0xec45","0xd4bb","0xd988","0xdbb9","0xd441","0xe670","0xd2d6","0xdc25","0xd29f","0xd9c7","0xd9ab","0xd9da","0xd383","0xd925","0xd48b","0xd597","0xd365","0xd947","0xd3a9","0xd5de","0xe37f","0xe293","0xde28","0xde20","0xde18","0xd3ed","0xd4d5","0xde24","0xde1c","0xd3c7","0xde14","0xd41b","0xd2a7","0xda5c","0xdab2","0xd508","0xd536","0xd563","0xd57d","0xda19","0xe36a","0xe339","0xdfa5","0xdf77","0xdf6f","0xd314","0xd2dd","0xdf73","0xdf6b","0xd2f6","0xdf7b","0xd33a","0xe314","0xe2e1","0xe2fd","0xd90d","0xd466","0xd28d","UNIMPL","UNIMPL","0xe7f3","0xd6e0","0xd28d","0xd2e9","0xd2e9","0xd2e9","0xd2e9","0xd2e9","0xd2e9","0xd2e9","0xd2e9","0xd2e9","0xd2e9","0xd2e9","0xd2e9","0xd2e9","0xd2e9","0xd2e9","0xd2e9","0xd358","0xd358","0xd358","0xd358","0xd358","0xd358","0xd358","0xd358","0xd358","0xd358","0xd358","0xd358","0xd358","0xd358","0xd358","0xd358","0xd4aa","0xd4a7","0xd4a7","0xd4a7","0xd4a7","0xd4a7","0xd4a7","0xd4a7","0xeecc","0xd66f","0xe868","0xe868","0xe74c","0xf031","0xf036","UNIMPL","UNIMPL","0xe809","0xe67a","0xe6bf","0xeeef","RSRVD","RSRVD","RSRVD","RSRVD","RSRVD","RSRVD","RSRVD","RSRVD","0xe65c","0xe666","0xed98","0xed83","UNIMPL","UNIMPL","UNIMPL","UNIMPL","UNIMPL","UNIMPL","UNIMPL","0xd6ab","0xd6c2","0xeec1","0xeed7","0xedad","0xeee5","0xef6d","0xe7fb","0xe8cc"
"pascal-results/images/7231a6de84d9a24be5c36d8e9bd0b5c0512b64dd265d979a42fe105c7cc04ba2/files","BBMSTR","","SYSTEM.APPLE","c93c194fe62efe4ab2d30e539ccb82d3","681977fa5a87ea54fa170ffa23b45848","aee737f2703238a141a055bd2b06c57b","PASCALSY;USERPROG;FIOPRIMS;PRINTERR;INITIALI;GETCMD;SYSIO;","0;1;2;3;4;5;6;15","PASCALIO;APPLESTU;IOLIB;IOLIB","31;22;50;51","0x04","0x41","6","6","0x3000","0x3100","0xd791","0xf302","0xd7af","0xf112","0xd632","0xdd07","0xd913","0xf1aa","0xd958","0xf38f","0xf3b2","0xde0b","0xdcd0","0xd64b","0xd940","0xd81c","0xf2a5","0xd7c9","0xf310","0xd664","0xde82","0xd7db","0xf159","0xde70","0xd863","0xf2cd","0xd52a","0xdaec","0xdd29","0xd49e","0xecc1","0xd338","0xdd95","0xd2f6","0xdb2b","0xdb0f","0xdb3e","0xd3d9","0xd9fd","0xd4f4","0xd61e","0xd3bd","0xdaa5","0xd3f6","0xd671","0xe583","0xe461","0xdf9e","0xdf96","0xdf8e","0xd43e","0xd544","0xdf9a","0xdf92","0xd412","0xdf8a","0xd472","0xd300","0xdbcc","0xdc22","0xd581","0xd5b6","0xd5ea","0xd604","0xdb7d","0xe56e","0xe537","0xe121","0xe0f3","0xe0eb","0xd377","0xd33f","0xe0ef","0xe0e7","0xd35b","0xe0f7","0xd394","0xe500","0xe4c1","0xe4e3","0xd9d7","0xd4c9","0xd2dd","UNIMPL","UNIMPL","0xee75","0xd776","0xd2dd","0xd34e","0xd34e","0xd34e","0xd34e","0xd34e","0xd34e","0xd34e","0xd34e","0xd34e","0xd34e","0xd34e","0xd34e","0xd34e","0xd34e","0xd34e","0xd34e","0xd3b0","0xd3b0","0xd3b0","0xd3b0","0xd3b0","0xd3b0","0xd3b0","0xd3b0","0xd3b0","0xd3b0","0xd3b0","0xd3b0","0xd3b0","0xd3b0","0xd3b0","0xd3b0","0xd519","0xd516","0xd516","0xd516","0xd516","0xd516","0xd516","0xd516","0xf554","0xd705","0xeeea","0xeeea","0xeda4","0xf6bc","0xf6c1","UNIMPL","UNIMPL","0xee8b","0xecd2","0xed17","0xf577","RSRVD","RSRVD","RSRVD","RSRVD","RSRVD","RSRVD","RSRVD","RSRVD","0xecad","0xecb7","0xf420","0xf40b","UNIMPL","UNIMPL","UNIMPL","UNIMPL","UNIMPL","UNIMPL","UNIMPL","0xd741","0xd758","0xf549","0xf55f","0xf435","0xf56d","0xf5f2","0xee7d","0xef54"
"pascal-results/images/fd0028623d186ec0b4ea965110bb21c7ef6bde996e97d27a4e6b0d17ca1515c6/files","T","","RTSTRP.APPLE","80b259e2150f631fbcf6c861857584bf","5c506ea6b2f881bdf9adc4800346cafa","335c6a2b10734798424785fe161cf21a","PASCALSY;USERPROG;SYSIO;PRINTERR;INITIALI;GETCMD;FIOPRIMS","0;1;2;3;4;5;6","PASCALIO;LONGINTI;CHAINSTU;TRANSCEN;TURTLEGR;TURTLEGR;APPLESTU","31;30;28;29;20;21;22","0x02","0x05","2","2","0x0400","0x0500","0x9ce3","UNIMPL","0x9d01","UNIMPL","0x9bab","UNIMPL","0x9e61","UNIMPL","0x9ea6","UNIMPL","UNIMPL","UNIMPL","UNIMPL","0x9bbe","0x9e8e","0x9d6a","UNIMPL","0x9d19","UNIMPL","0x9bd1","UNIMPL","0x9d2b","UNIMPL","UNIMPL","0x9db1","UNIMPL","0x9abb","0x9f70","UNIMPL","0x9a41","0xa881","0x98d6","UNIMPL","0x989f","0x9faf","0x9f93","0x9fc2","0x9983","0x9f0d","0x9a8b","0x9b97","0x9965","0x9f2f","0x99a9","0x9bde","0xa590","0xa4a4","0xa179","0xa171","0xa169","0x99ed","0x9ad5","0xa175","0xa16d","0x99c7","0xa165","0x9a1b","0x98a7","0xa044","0xa09a","0x9b08","0x9b36","0x9b63","0x9b7d","0xa001","0xa57b","0xa54a","0xa2bc","0xa28e","0xa286","0x9914","0x98dd","0xa28a","0xa282","0x98f6","0xa292","0x993a","0xa525","0xa4f2","0xa50e","0x9ef5","0x9a66","0x988d","UNIMPL","UNIMPL","0xaa04","0x9ce0","0x988d","0x98e9","0x98e9","0x98e9","0x98e9","0x98e9","0x98e9","0x98e9","0x98e9","0x98e9","0x98e9","0x98e9","0x98e9","0x98e9","0x98e9","0x98e9","0x98e9","0x9958","0x9958","0x9958","0x9958","0x9958","0x9958","0x9958","0x9958","0x9958","0x9958","0x9958","0x9958","0x9958","0x9958","0x9958","0x9958","0x9aaa","0x9aa7","0x9aa7","0x9aa7","0x9aa7","0x9aa7","0x9aa7","0x9aa7","0xab5c","0x9c6f","0xaa79","0xaa79","0xa95d","0xacc1","0xacc6","UNIMPL","UNIMPL","0xaa1a","0xa88b","0xa8d0","0xab7f","RSRVD","RSRVD","RSRVD","RSRVD","RSRVD","RSRVD","RSRVD","RSRVD","0xa86d","0xa877","UNIMPL","UNIMPL","UNIMPL","UNIMPL","UNIMPL","UNIMPL","UNIMPL","UNIMPL","UNIMPL","0x9cab","0x9cc2","0xab51","0xab67","UNIMPL","0xab75","0xabfd","0xaa0c","0xaadd"
"pascal-results/images/a9a57a0347585829077d836bcd85f789e01d66a1f2a698ccbd483302dce3fc7f/files","GEOM","Also found at: pascal-results/images/1e08098932ee5f4c5b07b908e5ffed0960476ffd1e1a52e8b24ee3ac2d9ab75f/files (volume: BFRAC)","SYSTEM.APPLE","1cd11df9e32677f4d3673933d5c996fc","24ca8f71aca82a11063a21463ad22184","ee04b8d281d95ec3046d89eb921eaf69","PASCALSY;USERPROG;DEBUGGER;PRINTERR;INITIALI;GETCMD;FILEPROC;","0;1;2;3;4;5;6;15","PASCALIO;LONGINTI;CHAINSTU;SHORTGRA;SHORTGRA;APPLESTU;LESSONST;LESSONST;WNSTUFF;AFRACSTU;AFRACSTU","31;30;28;20;21;22;24;25;26;23;29","0x02","0x01","2","2","0x3000","0x3100","0xd6bb","0xecb2","0xd6d9","0xeac2","0xd56b","0xdb57","0xd839","0xeb5a","0xd87e","0xed3f","0xed62","0xdc55","0xdb20","0xd57e","0xd866","0xd742","0xec55","0xd6f1","0xecc0","0xd591","0xdccc","0xd703","0xeb09","0xdcba","0xd789","0xec7d","0xd47b","0xd948","0xdb79","0xd401","0xe630","0xd296","0xdbe5","0xd25f","0xd987","0xd96b","0xd99a","0xd343","0xd8e5","0xd44b","0xd557","0xd325","0xd907","0xd369","0xd59e","0xe33f","0xe253","0xdde8","0xdde0","0xddd8","0xd3ad","0xd495","0xdde4","0xdddc","0xd387","0xddd4","0xd3db","0xd267","0xda1c","0xda72","0xd4c8","0xd4f6","0xd523","0xd53d","0xd9d9","0xe32a","0xe2f9","0xdf65","0xdf37","0xdf2f","0xd2d4","0xd29d","0xdf33","0xdf2b","0xd2b6","0xdf3b","0xd2fa","0xe2d4","0xe2a1","0xe2bd","0xd8cd","0xd426","0xd24d","UNIMPL","UNIMPL","0xe82b","0xd6a0","0xd24d","0xd2a9","0xd2a9","0xd2a9","0xd2a9","0xd2a9","0xd2a9","0xd2a9","0xd2a9","0xd2a9","0xd2a9","0xd2a9","0xd2a9","0xd2a9","0xd2a9","0xd2a9","0xd2a9","0xd318","0xd318","0xd318","0xd318","0xd318","0xd318","0xd318","0xd318","0xd318","0xd318","0xd318","0xd318","0xd318","0xd318","0xd318","0xd318","0xd46a","0xd467","0xd467","0xd467","0xd467","0xd467","0xd467","0xd467","0xef04","0xd62f","0xe8a0","0xe8a0","0xe784","0xf069","0xf06e","0xe63a","0xe640","0xe841","0xe6b2","0xe6f7","0xef27","RSRVD","RSRVD","RSRVD","RSRVD","RSRVD","RSRVD","RSRVD","RSRVD","0xe61c","0xe626","0xedd0","0xedbb","UNIMPL","UNIMPL","UNIMPL","UNIMPL","UNIMPL","UNIMPL","UNIMPL","0xd66b","0xd682","0xeef9","0xef0f","0xede5","0xef1d","0xefa5","0xe833","0xe904"
"pascal-results/images/9cd6868d6f3d2d6b90e94614443d3b030cb07c1328392faf32d06492c3a36527/files","NO.DEMO","","SYSTEM.APPLE","b171707fed34e35c30375a6601fc8829","5a160e53833eab6ae1008555f4fc7d8f","6b45237761b9e38809259b6cfd5ee943","PASCALSY;USERPROG;SYSIO;PRINTERR;INITIALI;GETCMD;FIOPRIMS;","0;1;2;3;4;5;6;15","CHAINSTU;APPLESTU;ASMLIB;SHORTGRA;SHORTGRA;INTROLIB;INTROLIB;TYPE1UNI;TYPE2UNI;TYPE3UNI","28;22;29;20;21;26;27;25;23;24","0x02","0x0b","2","2","0x3000","0x3100","0xd6fb","0xec7a","0xd719","0xea8a","0xd5ab","0xdb97","0xd879","0xeb22","0xd8be","0xed07","0xed2a","0xdc95","0xdb60","0xd5be","0xd8a6","0xd782","0xec1d","0xd731","0xec88","0xd5d1","0xdd0c","0xd743","0xead1","0xdcfa","0xd7c9","0xec45","0xd4bb","0xd988","0xdbb9","0xd441","0xe670","0xd2d6","0xdc25","0xd29f","0xd9c7","0xd9ab","0xd9da","0xd383","0xd925","0xd48b","0xd597","0xd365","0xd947","0xd3a9","0xd5de","0xe37f","0xe293","0xde28","0xde20","0xde18","0xd3ed","0xd4d5","0xde24","0xde1c","0xd3c7","0xde14","0xd41b","0xd2a7","0xda5c","0xdab2","0xd508","0xd536","0xd563","0xd57d","0xda19","0xe36a","0xe339","0xdfa5","0xdf77","0xdf6f","0xd314","0xd2dd","0xdf73","0xdf6b","0xd2f6","0xdf7b","0xd33a","0xe314","0xe2e1","0xe2fd","0xd90d","0xd466","0xd28d","UNIMPL","UNIMPL","0xe7f3","0xd6e0","0xd28d","0xd2e9","0xd2e9","0xd2e9","0xd2e9","0xd2e9","0xd2e9","0xd2e9","0xd2e9","0xd2e9","0xd2e9","0xd2e9","0xd2e9","0xd2e9","0xd2e9","0xd2e9","0xd2e9","0xd358","0xd358","0xd358","0xd358","0xd358","0xd358","0xd358","0xd358","0xd358","0xd358","0xd358","0xd358","0xd358","0xd358","0xd358","0xd358","0xd4aa","0xd4a7","0xd4a7","0xd4a7","0xd4a7","0xd4a7","0xd4a7","0xd4a7","0xeecc","0xd66f","0xe868","0xe868","0xe74c","0xf031","0xf036","UNIMPL","UNIMPL","0xe809","0xe67a","0xe6bf","0xeeef","RSRVD","RSRVD","RSRVD","RSRVD","RSRVD","RSRVD","RSRVD","RSRVD","0xe65c","0xe666","0xed98","0xed83","UNIMPL","UNIMPL","UNIMPL","UNIMPL","UNIMPL","UNIMPL","UNIMPL","0xd6ab","0xd6c2","0xeec1","0xeed7","0xedad","0xeee5","0xef6d","0xe7fb","0xe8cc"
"pascal-results/images/98b02513145abfce5c2106d8bd78296db6ca2f4eea37bede372cc84a70afaa52/files","MICRO.T","","SYSTEM.APPLE","fcda8d15f213e8e0d5c3987ab92ba114","e35d6659b6a1c4675cd7c47c411fc726","51ffa72b0154753a750ab290fdc7ea7b","PASCALSY;USERPROG;FIOPRIMS;PRINTERR;INITIALI;GETCMD;SYSIO;","0;1;2;3;4;5;6;15","PASCALIO;TURTLEGR;TURTLEGR;APPLESTU;CHAINSTU;P3DFSTUF;P3DFSTUF","31;20;21;22;28;25;26","0x03","0x01","5","5","0x3000","0x3100","0xd6ff","0xec8a","0xd71d","0xea9a","0xd5af","0xdb9b","0xd87d","0xeb32","0xd8c2","0xed17","0xed3a","0xdc99","0xdb64","0xd5c2","0xd8aa","0xd786","0xec2d","0xd735","0xec98","0xd5d5","0xdd10","0xd747","0xeae1","0xdcfe","0xd7cd","0xec55","0xd4bc","0xd98c","0xdbbd","0xd442","0xe67f","0xd2d7","0xdc29","0xd2a0","0xd9cb","0xd9af","0xd9de","0xd384","0xd929","0xd48c","0xd59b","0xd366","0xd94b","0xd3aa","0xd5e2","0xe371","0xe285","0xde2c","0xde24","0xde1c","0xd3ee","0xd4d6","0xde28","0xde20","0xd3c8","0xde18","0xd41c","0xd2a8","0xda60","0xdab6","0xd50a","0xd539","0xd567","0xd581","0xda1d","0xe35c","0xe32b","0xdfa9","0xdf7b","0xdf73","0xd315","0xd2de","0xdf77","0xdf6f","0xd2f7","0xdf7f","0xd33b","0xe306","0xe2d3","0xe2ef","0xd911","0xd467","0xd28d","UNIMPL","UNIMPL","0xe803","0xd6e4","0xd28d","0xd2ea","0xd2ea","0xd2ea","0xd2ea","0xd2ea","0xd2ea","0xd2ea","0xd2ea","0xd2ea","0xd2ea","0xd2ea","0xd2ea","0xd2ea","0xd2ea","0xd2ea","0xd2ea","0xd359","0xd359","0xd359","0xd359","0xd359","0xd359","0xd359","0xd359","0xd359","0xd359","0xd359","0xd359","0xd359","0xd359","0xd359","0xd359","0xd4ab","0xd4a8","0xd4a8","0xd4a8","0xd4a8","0xd4a8","0xd4a8","0xd4a8","0xeedc","0xd673","0xe878","0xe878","0xe75c","0xf041","0xf046","UNIMPL","UNIMPL","0xe819","0xe68a","0xe6cf","0xeeff","RSRVD","RSRVD","RSRVD","RSRVD","RSRVD","RSRVD","RSRVD","RSRVD","0xe66b","0xe675","0xeda8","0xed93","UNIMPL","UNIMPL","UNIMPL","UNIMPL","UNIMPL","UNIMPL","UNIMPL","0xd6af","0xd6c6","0xeed1","0xeee7","0xedbd","0xeef5","0xef7d","0xe80b","0xe8dc"
"pascal-results/images/8187b2a7d448d829fbb5eecfbf8d4e60b73b5f77df8683936cb58cd81ee5758c/files","GEOM","","SYSTEM.APPLE","1cd11df9e32677f4d3673933d5c996fc","24ca8f71aca82a11063a21463ad22184","1fece5eedc549da0d3d90eeef062e1e9","PASCALSY;USERPROG;DEBUGGER;PRINTERR;INITIALI;GETCMD;FILEPROC;","0;1;2;3;4;5;6;15","PASCALIO;LONGINTI;CHAINSTU;SHORTGRA;SHORTGRA;APPLESTU;LESSONST;LESSONST;WNSTUFF","31;30;28;20;21;22;24;25;26","0x02","0x01","2","2","0x3000","0x3100","0xd6bb","0xecb2","0xd6d9","0xeac2","0xd56b","0xdb57","0xd839","0xeb5a","0xd87e","0xed3f","0xed62","0xdc55","0xdb20","0xd57e","0xd866","0xd742","0xec55","0xd6f1","0xecc0","0xd591","0xdccc","0xd703","0xeb09","0xdcba","0xd789","0xec7d","0xd47b","0xd948","0xdb79","0xd401","0xe630","0xd296","0xdbe5","0xd25f","0xd987","0xd96b","0xd99a","0xd343","0xd8e5","0xd44b","0xd557","0xd325","0xd907","0xd369","0xd59e","0xe33f","0xe253","0xdde8","0xdde0","0xddd8","0xd3ad","0xd495","0xdde4","0xdddc","0xd387","0xddd4","0xd3db","0xd267","0xda1c","0xda72","0xd4c8","0xd4f6","0xd523","0xd53d","0xd9d9","0xe32a","0xe2f9","0xdf65","0xdf37","0xdf2f","0xd2d4","0xd29d","0xdf33","0xdf2b","0xd2b6","0xdf3b","0xd2fa","0xe2d4","0xe2a1","0xe2bd","0xd8cd","0xd426","0xd24d","UNIMPL","UNIMPL","0xe82b","0xd6a0","0xd24d","0xd2a9","0xd2a9","0xd2a9","0xd2a9","0xd2a9","0xd2a9","0xd2a9","0xd2a9","0xd2a9","0xd2a9","0xd2a9","0xd2a9","0xd2a9","0xd2a9","0xd2a9","0xd2a9","0xd318","0xd318","0xd318","0xd318","0xd318","0xd318","0xd318","0xd318","0xd318","0xd318","0xd318","0xd318","0xd318","0xd318","0xd318","0xd318","0xd46a","0xd467","0xd467","0xd467","0xd467","0xd467","0xd467","0xd467","0xef04","0xd62f","0xe8a0","0xe8a0","0xe784","0xf069","0xf06e","0xe63a","0xe640","0xe841","0xe6b2","0xe6f7","0xef27","RSRVD","RSRVD","RSRVD","RSRVD","RSRVD","RSRVD","RSRVD","RSRVD","0xe61c","0xe626","0xedd0","0xedbb","UNIMPL","UNIMPL","UNIMPL","UNIMPL","UNIMPL","UNIMPL","UNIMPL","0xd66b","0xd682","0xeef9","0xef0f","0xede5","0xef1d","0xefa5","0xe833","0xe904"
"pascal-results/images/3032dcd3a74ce1bcd886470cb7b73a4aea6b13697ada205cd1c3f8ccf3be1361/files","INGLESE","","SYSTEM.APPLE","987195bdbc087f2eda1665419ed68b4a","6c67161a696176ededdc0f018dc1c438","26f2870d85e942a2e5123a5f23bfd59e","PASCALSY;USERPROG;FIOPRIMS;PRINTERR;INITIALI;GETCMD;FILEPROC;","0;1;2;3;4;5;6;15","LONGINTI;PASCALIO;CHAINSTU;TURTLEGR;TURTLEGR;APPLESTU;INGUNIT;INGUNIT;VOCUNITF","30;31;28;20;21;22;23;24;19","0x03","0x40","5","5","0x3000","0x3100","0xd739","0xf13a","0xd757","0xef4a","0xd5e6","0xdcab","0xd8b7","0xefe2","0xd8fc","0xf1c7","0xf1ea","0xddaf","0xdc74","0xd5f9","0xd8e4","0xd7c0","0xf0dd","0xd76f","0xf148","0xd60c","0xde26","0xd781","0xef91","0xde14","0xd807","0xf105","0xd4de","0xda90","0xdccd","0xd452","0xea81","0xd2d2","0xdd39","0xd292","0xdacf","0xdab3","0xdae2","0xd382","0xd9a1","0xd4a8","0xd5d2","0xd364","0xda49","0xd3a8","0xd619","0xe4fd","0xe3db","0xdf42","0xdf3a","0xdf32","0xd3f2","0xd4f8","0xdf3e","0xdf36","0xd3c6","0xdf2e","0xd426","0xd29a","0xdb70","0xdbc6","0xd535","0xd56a","0xd59e","0xd5b8","0xdb21","0xe4e8","0xe4b1","0xe0c5","0xe097","0xe08f","0xd313","0xd2d9","0xe093","0xe08b","0xd2f5","0xe09b","0xd339","0xe47a","0xe43b","0xe45d","0xd97b","0xd47d","0xd279","UNIMPL","UNIMPL","0xecad","0xd71e","0xd279","0xd2e8","0xd2e8","0xd2e8","0xd2e8","0xd2e8","0xd2e8","0xd2e8","0xd2e8","0xd2e8","0xd2e8","0xd2e8","0xd2e8","0xd2e8","0xd2e8","0xd2e8","0xd2e8","0xd357","0xd357","0xd357","0xd357","0xd357","0xd357","0xd357","0xd357","0xd357","0xd357","0xd357","0xd357","0xd357","0xd357","0xd357","0xd357","0xd4cd","0xd4ca","0xd4ca","0xd4ca","0xd4ca","0xd4ca","0xd4ca","0xd4ca","0xf38c","0xd6ad","0xed22","0xed22","0xebdc","0xf4f1","0xf4f6","0xea92","0xea98","0xecc3","0xeb0a","0xeb4f","0xf3af","RSRVD","RSRVD","RSRVD","RSRVD","RSRVD","RSRVD","RSRVD","RSRVD","0xea6d","0xea77","0xf258","0xf243","UNIMPL","UNIMPL","UNIMPL","UNIMPL","UNIMPL","UNIMPL","UNIMPL","0xd6e9","0xd700","0xf381","0xf397","0xf26d","0xf3a5","0xf42d","0xecb5","0xed8c"
"pascal-results/images/bd9dd9b12c99f645b9354aad119dc36af7f9bb88798329b517b854caf880480e/files","EGPROG","","SYSTEM.APPLE","2d6025e55153c8517f2376bb5ef7f68d","e35d6659b6a1c4675cd7c47c411fc726","53d04d10be04b650d046d478196e3eeb","PASCALSY;USERPROG;FIOPRIMS;PRINTERR;INITIALI;GETCMD;SYSIO;","0;1;2;3;4;5;6;15","LONGINTI;PASCALIO;CHAINSTU;TRANSCEN;SHORTGRA;SHORTGRA;APPLESTU;SHORTPRI;PRINTSET;PRINTSET","30;31;28;29;20;21;22;25;23;24","0x03","0x01","5","5","0x3000","0x3100","0xd6ff","0xec8a","0xd71d","0xea9a","0xd5af","0xdb9b","0xd87d","0xeb32","0xd8c2","0xed17","0xed3a","0xdc99","0xdb64","0xd5c2","0xd8aa","0xd786","0xec2d","0xd735","0xec98","0xd5d5","0xdd10","0xd747","0xeae1","0xdcfe","0xd7cd","0xec55","0xd4bc","0xd98c","0xdbbd","0xd442","0xe67f","0xd2d7","0xdc29","0xd2a0","0xd9cb","0xd9af","0xd9de","0xd384","0xd929","0xd48c","0xd59b","0xd366","0xd94b","0xd3aa","0xd5e2","0xe371","0xe285","0xde2c","0xde24","0xde1c","0xd3ee","0xd4d6","0xde28","0xde20","0xd3c8","0xde18","0xd41c","0xd2a8","0xda60","0xdab6","0xd50a","0xd539","0xd567","0xd581","0xda1d","0xe35c","0xe32b","0xdfa9","0xdf7b","0xdf73","0xd315","0xd2de","0xdf77","0xdf6f","0xd2f7","0xdf7f","0xd33b","0xe306","0xe2d3","0xe2ef","0xd911","0xd467","0xd28d","UNIMPL","UNIMPL","0xe803","0xd6e4","0xd28d","0xd2ea","0xd2ea","0xd2ea","0xd2ea","0xd2ea","0xd2ea","0xd2ea","0xd2ea","0xd2ea","0xd2ea","0xd2ea","0xd2ea","0xd2ea","0xd2ea","0xd2ea","0xd2ea","0xd359","0xd359","0xd359","0xd359","0xd359","0xd359","0xd359","0xd359","0xd359","0xd359","0xd359","0xd359","0xd359","0xd359","0xd359","0xd359","0xd4ab","0xd4a8","0xd4a8","0xd4a8","0xd4a8","0xd4a8","0xd4a8","0xd4a8","0xeedc","0xd673","0xe878","0xe878","0xe75c","0xf041","0xf046","UNIMPL","UNIMPL","0xe819","0xe68a","0xe6cf","0xeeff","RSRVD","RSRVD","RSRVD","RSRVD","RSRVD","RSRVD","RSRVD","RSRVD","0xe66b","0xe675","0xeda8","0xed93","UNIMPL","UNIMPL","UNIMPL","UNIMPL","UNIMPL","UNIMPL","UNIMPL","0xd6af","0xd6c6","0xeed1","0xeee7","0xedbd","0xeef5","0xef7d","0xe80b","0xe8dc"
"pascal-results/images/3535a89776d0256fb0ba4947a60a441b4df79ccb307c4715478b8531c3a805f1/files","MUSIC","","SYSTEM.APPLE","1cd11df9e32677f4d3673933d5c996fc","24ca8f71aca82a11063a21463ad22184","59a49463faeac750e19e8c29c1904caf","PASCALSY;USERPROG;DEBUGGER;PRINTERR;INITIALI;GETCMD;FILEPROC;","0;1;2;3;4;5;6;15","CHAINSTU;DRAW;FBOX;RASCARL;TWOEE;APPLESTU;PASCALIO","28;1;1;7;1;22;31","0x02","0x01","2","2","0x3000","0x3100","0xd6bb","0xecb2","0xd6d9","0xeac2","0xd56b","0xdb57","0xd839","0xeb5a","0xd87e","0xed3f","0xed62","0xdc55","0xdb20","0xd57e","0xd866","0xd742","0xec55","0xd6f1","0xecc0","0xd591","0xdccc","0xd703","0xeb09","0xdcba","0xd789","0xec7d","0xd47b","0xd948","0xdb79","0xd401","0xe630","0xd296","0xdbe5","0xd25f","0xd987","0xd96b","0xd99a","0xd343","0xd8e5","0xd44b","0xd557","0xd325","0xd907","0xd369","0xd59e","0xe33f","0xe253","0xdde8","0xdde0","0xddd8","0xd3ad","0xd495","0xdde4","0xdddc","0xd387","0xddd4","0xd3db","0xd267","0xda1c","0xda72","0xd4c8","0xd4f6","0xd523","0xd53d","0xd9d9","0xe32a","0xe2f9","0xdf65","0xdf37","0xdf2f","0xd2d4","0xd29d","0xdf33","0xdf2b","0xd2b6","0xdf3b","0xd2fa","0xe2d4","0xe2a1","0xe2bd","0xd8cd","0xd426","0xd24d","UNIMPL","UNIMPL","0xe82b","0xd6a0","0xd24d","0xd2a9","0xd2a9","0xd2a9","0xd2a9","0xd2a9","0xd2a9","0xd2a9","0xd2a9","0xd2a9","0xd2a9","0xd2a9","0xd2a9","0xd2a9","0xd2a9","0xd2a9","0xd2a9","0xd318","0xd318","0xd318","0xd318","0xd318","0xd318","0xd318","0xd318","0xd318","0xd318","0xd318","0xd318","0xd318","0xd318","0xd318","0xd318","0xd46a","0xd467","0xd467","0xd467","0xd467","0xd467","0xd467","0xd467","0xef04","0xd62f","0xe8a0","0xe8a0","0xe784","0xf069","0xf06e","0xe63a","0xe640","0xe841","0xe6b2","0xe6f7","0xef27","RSRVD","RSRVD","RSRVD","RSRVD","RSRVD","RSRVD","RSRVD","RSRVD","0xe61c","0xe626","0xedd0","0xedbb","UNIMPL","UNIMPL","UNIMPL","UNIMPL","UNIMPL","UNIMPL","UNIMPL","0xd66b","0xd682","0xeef9","0xef0f","0xede5","0xef1d","0xefa5","0xe833","0xe904"
"pascal-results/images/f33565c49be2cbb145d0242cc135fddaa49b1b9e13d7848134b4ec46e5e38994/files","PGM","","SYSTEM.APPLE","2ff0b3316b2947998c1cb41cce82334f","6c67161a696176ededdc0f018dc1c438","08e042bf25e6fe70916c2733ea156312","PASCALSY;USERPROG;FIOPRIMS;PRINTERR;INITIALI;GETCMD;FILEPROC;","0;1;2;3;4;5;6;15","PASCALIO;CHAINSTU;ARLEQUIN;ARLEQUIN;APPLESTU","31;28;54;55;22","0x03","0x40","5","5","0x3000","0x3100","0xd739","0xf13a","0xd757","0xef4a","0xd5e6","0xdcab","0xd8b7","0xefe2","0xd8fc","0xf1c7","0xf1ea","0xddaf","0xdc74","0xd5f9","0xd8e4","0xd7c0","0xf0dd","0xd76f","0xf148","0xd60c","0xde26","0xd781","0xef91","0xde14","0xd807","0xf105","0xd4de","0xda90","0xdccd","0xd452","0xea81","0xd2d2","0xdd39","0xd292","0xdacf","0xdab3","0xdae2","0xd382","0xd9a1","0xd4a8","0xd5d2","0xd364","0xda49","0xd3a8","0xd619","0xe4fd","0xe3db","0xdf42","0xdf3a","0xdf32","0xd3f2","0xd4f8","0xdf3e","0xdf36","0xd3c6","0xdf2e","0xd426","0xd29a","0xdb70","0xdbc6","0xd535","0xd56a","0xd59e","0xd5b8","0xdb21","0xe4e8","0xe4b1","0xe0c5","0xe097","0xe08f","0xd313","0xd2d9","0xe093","0xe08b","0xd2f5","0xe09b","0xd339","0xe47a","0xe43b","0xe45d","0xd97b","0xd47d","0xd279","UNIMPL","UNIMPL","0xecad","0xd71e","0xd279","0xd2e8","0xd2e8","0xd2e8","0xd2e8","0xd2e8","0xd2e8","0xd2e8","0xd2e8","0xd2e8","0xd2e8","0xd2e8","0xd2e8","0xd2e8","0xd2e8","0xd2e8","0xd2e8","0xd357","0xd357","0xd357","0xd357","0xd357","0xd357","0xd357","0xd357","0xd357","0xd357","0xd357","0xd357","0xd357","0xd357","0xd357","0xd357","0xd4cd","0xd4ca","0xd4ca","0xd4ca","0xd4ca","0xd4ca","0xd4ca","0xd4ca","0xf38c","0xd6ad","0xed22","0xed22","0xebdc","0xf4f1","0xf4f6","0xea92","0xea98","0xecc3","0xeb0a","0xeb4f","0xf3af","RSRVD","RSRVD","RSRVD","RSRVD","RSRVD","RSRVD","RSRVD","RSRVD","0xea6d","0xea77","0xf258","0xf243","UNIMPL","UNIMPL","UNIMPL","UNIMPL","UNIMPL","UNIMPL","UNIMPL","0xd6e9","0xd700","0xf381","0xf397","0xf26d","0xf3a5","0xf42d","0xecb5","0xed8c"
"pascal-results/images/b75e43126be1574eda9436f121616cff1b45351bccbb066ed6f2711b844f8e97/files","BIBLIS","","SYSTEM.APPLE","b2abc9230f94a0e503d676294c4d6ceb","24ca8f71aca82a11063a21463ad22184","1c431c18e82afc0db3045a2e8f0cfcc0","PASCALSY;USERPROG;DEBUGGER;PRINTERR;INITIALI;GETCMD;FILEPROC;","0;1;2;3;4;5;6;15","LONGINTI;PASCALIO;DIENSTB;DIENSTB;AUSDRUCK;AUSDRUCK;SYSTEMB;SYSTEMB;INITB;SELEKTB;SELEKTB;DRUCKB;DRUCKB;ZERLEGEN","30;31;19;29;14;15;26;27;25;23;24;17;18;16","0x02","0x01","2","2","0x3000","0x3100","0xd6bb","0xecb2","0xd6d9","0xeac2","0xd56b","0xdb57","0xd839","0xeb5a","0xd87e","0xed3f","0xed62","0xdc55","0xdb20","0xd57e","0xd866","0xd742","0xec55","0xd6f1","0xecc0","0xd591","0xdccc","0xd703","0xeb09","0xdcba","0xd789","0xec7d","0xd47b","0xd948","0xdb79","0xd401","0xe630","0xd296","0xdbe5","0xd25f","0xd987","0xd96b","0xd99a","0xd343","0xd8e5","0xd44b","0xd557","0xd325","0xd907","0xd369","0xd59e","0xe33f","0xe253","0xdde8","0xdde0","0xddd8","0xd3ad","0xd495","0xdde4","0xdddc","0xd387","0xddd4","0xd3db","0xd267","0xda1c","0xda72","0xd4c8","0xd4f6","0xd523","0xd53d","0xd9d9","0xe32a","0xe2f9","0xdf65","0xdf37","0xdf2f","0xd2d4","0xd29d","0xdf33","0xdf2b","0xd2b6","0xdf3b","0xd2fa","0xe2d4","0xe2a1","0xe2bd","0xd8cd","0xd426","0xd24d","UNIMPL","UNIMPL","0xe82b","0xd6a0","0xd24d","0xd2a9","0xd2a9","0xd2a9","0xd2a9","0xd2a9","0xd2a9","0xd2a9","0xd2a9","0xd2a9","0xd2a9","0xd2a9","0xd2a9","0xd2a9","0xd2a9","0xd2a9","0xd2a9","0xd318","0xd318","0xd318","0xd318","0xd318","0xd318","0xd318","0xd318","0xd318","0xd318","0xd318","0xd318","0xd318","0xd318","0xd318","0xd318","0xd46a","0xd467","0xd467","0xd467","0xd467","0xd467","0xd467","0xd467","0xef04","0xd62f","0xe8a0","0xe8a0","0xe784","0xf069","0xf06e","0xe63a","0xe640","0xe841","0xe6b2","0xe6f7","0xef27","RSRVD","RSRVD","RSRVD","RSRVD","RSRVD","RSRVD","RSRVD","RSRVD","0xe61c","0xe626","0xedd0","0xedbb","UNIMPL","UNIMPL","UNIMPL","UNIMPL","UNIMPL","UNIMPL","UNIMPL","0xd66b","0xd682","0xeef9","0xef0f","0xede5","0xef1d","0xefa5","0xe833","0xe904"
"pascal-results/images/c92b186147d5030c42aa39171b0cb0b59fa95eea711e211450503cae1041449e/files","AW.DIB","Also found at: pascal-results/images/0611e73dbbc74234cf5ac4371d113bc05f1fcf195a2c061f1ea260ee41aca5fe/files (volume: AW.D1B)","SYSTEM.APPLE","fcda8d15f213e8e0d5c3987ab92ba114","e35d6659b6a1c4675cd7c47c411fc726","69263f7770ec950a040c319ccf91ce39","PASCALSY;USERPROG;FIOPRIMS;PRINTERR;INITIALI;GETCMD;SYSIO;","0;1;2;3;4;5;6;15","CHAINSTU;TURTLEGR;TURTLEGR;PCSDSTUF;PCSDSTUF;AWSTUFF;AWSTUFF","28;20;21;25;26;23;24","0x03","0x01","5","5","0x3000","0x3100","0xd6ff","0xec8a","0xd71d","0xea9a","0xd5af","0xdb9b","0xd87d","0xeb32","0xd8c2","0xed17","0xed3a","0xdc99","0xdb64","0xd5c2","0xd8aa","0xd786","0xec2d","0xd735","0xec98","0xd5d5","0xdd10","0xd747","0xeae1","0xdcfe","0xd7cd","0xec55","0xd4bc","0xd98c","0xdbbd","0xd442","0xe67f","0xd2d7","0xdc29","0xd2a0","0xd9cb","0xd9af","0xd9de","0xd384","0xd929","0xd48c","0xd59b","0xd366","0xd94b","0xd3aa","0xd5e2","0xe371","0xe285","0xde2c","0xde24","0xde1c","0xd3ee","0xd4d6","0xde28","0xde20","0xd3c8","0xde18","0xd41c","0xd2a8","0xda60","0xdab6","0xd50a","0xd539","0xd567","0xd581","0xda1d","0xe35c","0xe32b","0xdfa9","0xdf7b","0xdf73","0xd315","0xd2de","0xdf77","0xdf6f","0xd2f7","0xdf7f","0xd33b","0xe306","0xe2d3","0xe2ef","0xd911","0xd467","0xd28d","UNIMPL","UNIMPL","0xe803","0xd6e4","0xd28d","0xd2ea","0xd2ea","0xd2ea","0xd2ea","0xd2ea","0xd2ea","0xd2ea","0xd2ea","0xd2ea","0xd2ea","0xd2ea","0xd2ea","0xd2ea","0xd2ea","0xd2ea","0xd2ea","0xd359","0xd359","0xd359","0xd359","0xd359","0xd359","0xd359","0xd359","0xd359","0xd359","0xd359","0xd359","0xd359","0xd359","0xd359","0xd359","0xd4ab","0xd4a8","0xd4a8","0xd4a8","0xd4a8","0xd4a8","0xd4a8","0xd4a8","0xeedc","0xd673","0xe878","0xe878","0xe75c","0xf041","0xf046","UNIMPL","UNIMPL","0xe819","0xe68a","0xe6cf","0xeeff","RSRVD","RSRVD","RSRVD","RSRVD","RSRVD","RSRVD","RSRVD","RSRVD","0xe66b","0xe675","0xeda8","0xed93","UNIMPL","UNIMPL","UNIMPL","UNIMPL","UNIMPL","UNIMPL","UNIMPL","0xd6af","0xd6c6","0xeed1","0xeee7","0xedbd","0xeef5","0xef7d","0xe80b","0xe8dc"
"pascal-results/images/2ec0fa48ba119fe0ca91f713bf19e7f5c93014ce14f43f01c90766ff58a745a0/files","KOALA","","RTSTRP.APPLE","cfbd42367f33c1ec8a2d69c5b00d1eea","5c506ea6b2f881bdf9adc4800346cafa","4678801d20509e07107035038cf6a6fa","PASCALSY;USERPROG;SYSIO;PRINTERR;INITIALI;GETCMD;FIOPRIMS","0;1;2;3;4;5;6","PASCALIO;CHAINSTU;TURTLEGR;TURTLEGR;APPLESTU","31;28;20;21;22","0x02","0x05","2","2","0x0400","0x0500","0x9ce3","UNIMPL","0x9d01","UNIMPL","0x9bab","UNIMPL","0x9e61","UNIMPL","0x9ea6","UNIMPL","UNIMPL","UNIMPL","UNIMPL","0x9bbe","0x9e8e","0x9d6a","UNIMPL","0x9d19","UNIMPL","0x9bd1","UNIMPL","0x9d2b","UNIMPL","UNIMPL","0x9db1","UNIMPL","0x9abb","0x9f70","UNIMPL","0x9a41","0xa881","0x98d6","UNIMPL","0x989f","0x9faf","0x9f93","0x9fc2","0x9983","0x9f0d","0x9a8b","0x9b97","0x9965","0x9f2f","0x99a9","0x9bde","0xa590","0xa4a4","0xa179","0xa171","0xa169","0x99ed","0x9ad5","0xa175","0xa16d","0x99c7","0xa165","0x9a1b","0x98a7","0xa044","0xa09a","0x9b08","0x9b36","0x9b63","0x9b7d","0xa001","0xa57b","0xa54a","0xa2bc","0xa28e","0xa286","0x9914","0x98dd","0xa28a","0xa282","0x98f6","0xa292","0x993a","0xa525","0xa4f2","0xa50e","0x9ef5","0x9a66","0x988d","UNIMPL","UNIMPL","0xaa04","0x9ce0","0x988d","0x98e9","0x98e9","0x98e9","0x98e9","0x98e9","0x98e9","0x98e9","0x98e9","0x98e9","0x98e9","0x98e9","0x98e9","0x98e9","0x98e9","0x98e9","0x98e9","0x9958","0x9958","0x9958","0x9958","0x9958","0x9958","0x9958","0x9958","0x9958","0x9958","0x9958","0x9958","0x9958","0x9958","0x9958","0x9958","0x9aaa","0x9aa7","0x9aa7","0x9aa7","0x9aa7","0x9aa7","0x9aa7","0x9aa7","0xab5c","0x9c6f","0xaa79","0xaa79","0xa95d","0xacc1","0xacc6","UNIMPL","UNIMPL","0xaa1a","0xa88b","0xa8d0","0xab7f","RSRVD","RSRVD","RSRVD","RSRVD","RSRVD","RSRVD","RSRVD","RSRVD","0xa86d","0xa877","UNIMPL","UNIMPL","UNIMPL","UNIMPL","UNIMPL","UNIMPL","UNIMPL","UNIMPL","UNIMPL","0x9cab","0x9cc2","0xab51","0xab67","UNIMPL","0xab75","0xabfd","0xaa0c","0xaadd"
"pascal-results/images/c80e52980bf7d1143ad4035efac64014351c72013270ea36636729fe0e9014aa/files","MULAL","","SYSTEM.APPLE","1cd11df9e32677f4d3673933d5c996fc","24ca8f71aca82a11063a21463ad22184","d45edf6551d7c897dddbd3d85e763e2f","PASCALSY;USERPROG;DEBUGGER;PRINTERR;INITIALI;GETCMD;FILEPROC;","0;1;2;3;4;5;6;15","PASCALIO;LONGINTI;CHAINSTU;SHORTGRA;SHORTGRA;APPLESTU;LESSONST;LESSONST;WNSTUFF","31;30;28;20;21;22;24;25;26","0x02","0x01","2","2","0x3000","0x3100","0xd6bb","0xecb2","0xd6d9","0xeac2","0xd56b","0xdb57","0xd839","0xeb5a","0xd87e","0xed3f","0xed62","0xdc55","0xdb20","0xd57e","0xd866","0xd742","0xec55","0xd6f1","0xecc0","0xd591","0xdccc","0xd703","0xeb09","0xdcba","0xd789","0xec7d","0xd47b","0xd948","0xdb79","0xd401","0xe630","0xd296","0xdbe5","0xd25f","0xd987","0xd96b","0xd99a","0xd343","0xd8e5","0xd44b","0xd557","0xd325","0xd907","0xd369","0xd59e","0xe33f","0xe253","0xdde8","0xdde0","0xddd8","0xd3ad","0xd495","0xdde4","0xdddc","0xd387","0xddd4","0xd3db","0xd267","0xda1c","0xda72","0xd4c8","0xd4f6","0xd523","0xd53d","0xd9d9","0xe32a","0xe2f9","0xdf65","0xdf37","0xdf2f","0xd2d4","0xd29d","0xdf33","0xdf2b","0xd2b6","0xdf3b","0xd2fa","0xe2d4","0xe2a1","0xe2bd","0xd8cd","0xd426","0xd24d","UNIMPL","UNIMPL","0xe82b","0xd6a0","0xd24d","0xd2a9","0xd2a9","0xd2a9","0xd2a9","0xd2a9","0xd2a9","0xd2a9","0xd2a9","0xd2a9","0xd2a9","0xd2a9","0xd2a9","0xd2a9","0xd2a9","0xd2a9","0xd2a9","0xd318","0xd318","0xd318","0xd318","0xd318","0xd318","0xd318","0xd318","0xd318","0xd318","0xd318","0xd318","0xd318","0xd318","0xd318","0xd318","0xd46a","0xd467","0xd467","0xd467","0xd467","0xd467","0xd467","0xd467","0xef04","0xd62f","0xe8a0","0xe8a0","0xe784","0xf069","0xf06e","0xe63a","0xe640","0xe841","0xe6b2","0xe6f7","0xef27","RSRVD","RSRVD","RSRVD","RSRVD","RSRVD","RSRVD","RSRVD","RSRVD","0xe61c","0xe626","0xedd0","0xedbb","UNIMPL","UNIMPL","UNIMPL","UNIMPL","UNIMPL","UNIMPL","UNIMPL","0xd66b","0xd682","0xeef9","0xef0f","0xede5","0xef1d","0xefa5","0xe833","0xe904"
"pascal-results/images/b5ed4f1957944c3b056be9d44d0dca1875af170d19a7dd337f9e6d77d9e7e7e5/files","DEMO","","SYSTEM.APPLE","fcda8d15f213e8e0d5c3987ab92ba114","e35d6659b6a1c4675cd7c47c411fc726","fe20b8b83bfc99680ed9191a55edcc83","PASCALSY;USERPROG;FIOPRIMS;PRINTERR;INITIALI;GETCMD;SYSIO;","0;1;2;3;4;5;6;15","PASCALIO;SHORTGRA;SHORTGRA;CHAINSTU;APPLESTU;MEMGLOBA;MEMGLOBA;FILESTUF;FILESTUF;HINTS;HINTS","31;20;21;28;22;25;26;18;19;23;24","0x03","0x01","5","5","0x3000","0x3100","0xd6ff","0xec8a","0xd71d","0xea9a","0xd5af","0xdb9b","0xd87d","0xeb32","0xd8c2","0xed17","0xed3a","0xdc99","0xdb64","0xd5c2","0xd8aa","0xd786","0xec2d","0xd735","0xec98","0xd5d5","0xdd10","0xd747","0xeae1","0xdcfe","0xd7cd","0xec55","0xd4bc","0xd98c","0xdbbd","0xd442","0xe67f","0xd2d7","0xdc29","0xd2a0","0xd9cb","0xd9af","0xd9de","0xd384","0xd929","0xd48c","0xd59b","0xd366","0xd94b","0xd3aa","0xd5e2","0xe371","0xe285","0xde2c","0xde24","0xde1c","0xd3ee","0xd4d6","0xde28","0xde20","0xd3c8","0xde18","0xd41c","0xd2a8","0xda60","0xdab6","0xd50a","0xd539","0xd567","0xd581","0xda1d","0xe35c","0xe32b","0xdfa9","0xdf7b","0xdf73","0xd315","0xd2de","0xdf77","0xdf6f","0xd2f7","0xdf7f","0xd33b","0xe306","0xe2d3","0xe2ef","0xd911","0xd467","0xd28d","UNIMPL","UNIMPL","0xe803","0xd6e4","0xd28d","0xd2ea","0xd2ea","0xd2ea","0xd2ea","0xd2ea","0xd2ea","0xd2ea","0xd2ea","0xd2ea","0xd2ea","0xd2ea","0xd2ea","0xd2ea","0xd2ea","0xd2ea","0xd2ea","0xd359","0xd359","0xd359","0xd359","0xd359","0xd359","0xd359","0xd359","0xd359","0xd359","0xd359","0xd359","0xd359","0xd359","0xd359","0xd359","0xd4ab","0xd4a8","0xd4a8","0xd4a8","0xd4a8","0xd4a8","0xd4a8","0xd4a8","0xeedc","0xd673","0xe878","0xe878","0xe75c","0xf041","0xf046","UNIMPL","UNIMPL","0xe819","0xe68a","0xe6cf","0xeeff","RSRVD","RSRVD","RSRVD","RSRVD","RSRVD","RSRVD","RSRVD","RSRVD","0xe66b","0xe675","0xeda8","0xed93","UNIMPL","UNIMPL","UNIMPL","UNIMPL","UNIMPL","UNIMPL","UNIMPL","0xd6af","0xd6c6","0xeed1","0xeee7","0xedbd","0xeef5","0xef7d","0xe80b","0xe8dc"
"pascal-results/images/85a277979c617b185bba63788b9c80184ead269a8eada9ac91163211cc66e642/files","LOGORUN","","SYSTEM.APPLE","b171707fed34e35c30375a6601fc8829","5a160e53833eab6ae1008555f4fc7d8f","60b49ff5790c0928cfcdbf2c1d304ba0","PASCALSY;USERPROG;SYSIO;PRINTERR;INITIALI;GETCMD;FIOPRIMS;","0;1;2;3;4;5;6;15","APPLESTU;SHORTGRA;SHORTGRA;TRANSCEN;INTROLIB;INTROLIB;INPUTSTU;LOGOSTUF;LOGOSTUF","22;20;21;29;26;27;25;23;28","0x02","0x0b","2","2","0x3000","0x3100","0xd6fb","0xec7a","0xd719","0xea8a","0xd5ab","0xdb97","0xd879","0xeb22","0xd8be","0xed07","0xed2a","0xdc95","0xdb60","0xd5be","0xd8a6","0xd782","0xec1d","0xd731","0xec88","0xd5d1","0xdd0c","0xd743","0xead1","0xdcfa","0xd7c9","0xec45","0xd4bb","0xd988","0xdbb9","0xd441","0xe670","0xd2d6","0xdc25","0xd29f","0xd9c7","0xd9ab","0xd9da","0xd383","0xd925","0xd48b","0xd597","0xd365","0xd947","0xd3a9","0xd5de","0xe37f","0xe293","0xde28","0xde20","0xde18","0xd3ed","0xd4d5","0xde24","0xde1c","0xd3c7","0xde14","0xd41b","0xd2a7","0xda5c","0xdab2","0xd508","0xd536","0xd563","0xd57d","0xda19","0xe36a","0xe339","0xdfa5","0xdf77","0xdf6f","0xd314","0xd2dd","0xdf73","0xdf6b","0xd2f6","0xdf7b","0xd33a","0xe314","0xe2e1","0xe2fd","0xd90d","0xd466","0xd28d","UNIMPL","UNIMPL","0xe7f3","0xd6e0","0xd28d","0xd2e9","0xd2e9","0xd2e9","0xd2e9","0xd2e9","0xd2e9","0xd2e9","0xd2e9","0xd2e9","0xd2e9","0xd2e9","0xd2e9","0xd2e9","0xd2e9","0xd2e9","0xd2e9","0xd358","0xd358","0xd358","0xd358","0xd358","0xd358","0xd358","0xd358","0xd358","0xd358","0xd358","0xd358","0xd358","0xd358","0xd358","0xd358","0xd4aa","0xd4a7","0xd4a7","0xd4a7","0xd4a7","0xd4a7","0xd4a7","0xd4a7","0xeecc","0xd66f","0xe868","0xe868","0xe74c","0xf031","0xf036","UNIMPL","UNIMPL","0xe809","0xe67a","0xe6bf","0xeeef","RSRVD","RSRVD","RSRVD","RSRVD","RSRVD","RSRVD","RSRVD","RSRVD","0xe65c","0xe666","0xed98","0xed83","UNIMPL","UNIMPL","UNIMPL","UNIMPL","UNIMPL","UNIMPL","UNIMPL","0xd6ab","0xd6c2","0xeec1","0xeed7","0xedad","0xeee5","0xef6d","0xe7fb","0xe8cc"
"pascal-results/images/c08afa2992bb0261bfbfdb8f4fc566d0566d018cc4e584a19d25f8d9e23a5a3c/files","TFOS","","RTSTRP.APPLE","cfbd42367f33c1ec8a2d69c5b00d1eea","724db397a83ea9a7e22ac6dd73e6f333","b99a0352da74319c9f658c3e6ef7fb90","PASCALSY;USERPROG;SYSIO;PRINTERR;INITIALI;GETCMD;FIOPRIMS","0;1;2;3;4;5;6","CHAINSTU;SHORTGRA;SHORTGRA;BIGINT","28;20;21;25","0x02","0x05","2","2","0x0400","0x0500","0x9ce3","UNIMPL","0x9d01","UNIMPL","0x9bab","UNIMPL","0x9e61","UNIMPL","0x9ea6","UNIMPL","UNIMPL","UNIMPL","UNIMPL","0x9bbe","0x9e8e","0x9d6a","UNIMPL","0x9d19","UNIMPL","0x9bd1","UNIMPL","0x9d2b","UNIMPL","UNIMPL","0x9db1","UNIMPL","0x9abb","0x9f70","UNIMPL","0x9a41","0xa881","0x98d6","UNIMPL","0x989f","0x9faf","0x9f93","0x9fc2","0x9983","0x9f0d","0x9a8b","0x9b97","0x9965","0x9f2f","0x99a9","0x9bde","0xa590","0xa4a4","0xa179","0xa171","0xa169","0x99ed","0x9ad5","0xa175","0xa16d","0x99c7","0xa165","0x9a1b","0x98a7","0xa044","0xa09a","0x9b08","0x9b36","0x9b63","0x9b7d","0xa001","0xa57b","0xa54a","0xa2bc","0xa28e","0xa286","0x9914","0x98dd","0xa28a","0xa282","0x98f6","0xa292","0x993a","0xa525","0xa4f2","0xa50e","0x9ef5","0x9a66","0x988d","UNIMPL","UNIMPL","0xaa04","0x9ce0","0x988d","0x98e9","0x98e9","0x98e9","0x98e9","0x98e9","0x98e9","0x98e9","0x98e9","0x98e9","0x98e9","0x98e9","0x98e9","0x98e9","0x98e9","0x98e9","0x98e9","0x9958","0x9958","0x9958","0x9958","0x9958","0x9958","0x9958","0x9958","0x9958","0x9958","0x9958","0x9958","0x9958","0x9958","0x9958","0x9958","0x9aaa","0x9aa7","0x9aa7","0x9aa7","0x9aa7","0x9aa7","0x9aa7","0x9aa7","0xab5c","0x9c6f","0xaa79","0xaa79","0xa95d","0xacc1","0xacc6","UNIMPL","UNIMPL","0xaa1a","0xa88b","0xa8d0","0xab7f","RSRVD","RSRVD","RSRVD","RSRVD","RSRVD","RSRVD","RSRVD","RSRVD","0xa86d","0xa877","UNIMPL","UNIMPL","UNIMPL","UNIMPL","UNIMPL","UNIMPL","UNIMPL","UNIMPL","UNIMPL","0x9cab","0x9cc2","0xab51","0xab67","UNIMPL","0xab75","0xabfd","0xaa0c","0xaadd"
"pascal-results/images/fd0b0a2bc54c89cc784e20fbaf1394ba3117405e7c972855410dd70795aeb6c8/files","BADBEJ","","SYSTEM.APPLE","fcda8d15f213e8e0d5c3987ab92ba114","e35d6659b6a1c4675cd7c47c411fc726","98b743b714152ffe393a3fc09f5ab095","PASCALSY;USERPROG;FIOPRIMS;PRINTERR;INITIALI;GETCMD;SYSIO;","0;1;2;3;4;5;6;15","LONGINTI;PASCALIO;CHAINSTU;INFOGRAF;INFOGRAF;EDSTUFF1;EDSTUFF1;EDCREATE;EDCREATE;EDITADD;EDITADD;EDITCHDE;EDITCHDE;DSKFORM;DSKFORM","30;31;28;19;20;26;27;24;25;21;23;15;16;17;18","0x03","0x01","5","5","0x3000","0x3100","0xd6ff","0xec8a","0xd71d","0xea9a","0xd5af","0xdb9b","0xd87d","0xeb32","0xd8c2","0xed17","0xed3a","0xdc99","0xdb64","0xd5c2","0xd8aa","0xd786","0xec2d","0xd735","0xec98","0xd5d5","0xdd10","0xd747","0xeae1","0xdcfe","0xd7cd","0xec55","0xd4bc","0xd98c","0xdbbd","0xd442","0xe67f","0xd2d7","0xdc29","0xd2a0","0xd9cb","0xd9af","0xd9de","0xd384","0xd929","0xd48c","0xd59b","0xd366","0xd94b","0xd3aa","0xd5e2","0xe371","0xe285","0xde2c","0xde24","0xde1c","0xd3ee","0xd4d6","0xde28","0xde20","0xd3c8","0xde18","0xd41c","0xd2a8","0xda60","0xdab6","0xd50a","0xd539","0xd567","0xd581","0xda1d","0xe35c","0xe32b","0xdfa9","0xdf7b","0xdf73","0xd315","0xd2de","0xdf77","0xdf6f","0xd2f7","0xdf7f","0xd33b","0xe306","0xe2d3","0xe2ef","0xd911","0xd467","0xd28d","UNIMPL","UNIMPL","0xe803","0xd6e4","0xd28d","0xd2ea","0xd2ea","0xd2ea","0xd2ea","0xd2ea","0xd2ea","0xd2ea","0xd2ea","0xd2ea","0xd2ea","0xd2ea","0xd2ea","0xd2ea","0xd2ea","0xd2ea","0xd2ea","0xd359","0xd359","0xd359","0xd359","0xd359","0xd359","0xd359","0xd359","0xd359","0xd359","0xd359","0xd359","0xd359","0xd359","0xd359","0xd359","0xd4ab","0xd4a8","0xd4a8","0xd4a8","0xd4a8","0xd4a8","0xd4a8","0xd4a8","0xeedc","0xd673","0xe878","0xe878","0xe75c","0xf041","0xf046","UNIMPL","UNIMPL","0xe819","0xe68a","0xe6cf","0xeeff","RSRVD","RSRVD","RSRVD","RSRVD","RSRVD","RSRVD","RSRVD","RSRVD","0xe66b","0xe675","0xeda8","0xed93","UNIMPL","UNIMPL","UNIMPL","UNIMPL","UNIMPL","UNIMPL","UNIMPL","0xd6af","0xd6c6","0xeed1","0xeee7","0xedbd","0xeef5","0xef7d","0xe80b","0xe8dc"
"pascal-results/images/44242c0bef5a308ede745f0b1ab64868511847c55a7dff4061fbfbf794eefb25/files","CLOCK","","SYSTEM.APPLE","1cd11df9e32677f4d3673933d5c996fc","24ca8f71aca82a11063a21463ad22184","604d4081b4364f0e99f2239b31f665ff","PASCALSY;USERPROG;DEBUGGER;PRINTERR;INITIALI;GETCMD;FILEPROC;","0;1;2;3;4;5;6;15","LONGINTI;PASCALIO;CHAINSTU;TRANSCEN;TURTLEGR;TURTLEGR;APPLESTU;GMCLOCKI;GMCLOCKI","30;31;28;29;20;21;22;23;24","0x02","0x01","2","2","0x3000","0x3100","0xd6bb","0xecb2","0xd6d9","0xeac2","0xd56b","0xdb57","0xd839","0xeb5a","0xd87e","0xed3f","0xed62","0xdc55","0xdb20","0xd57e","0xd866","0xd742","0xec55","0xd6f1","0xecc0","0xd591","0xdccc","0xd703","0xeb09","0xdcba","0xd789","0xec7d","0xd47b","0xd948","0xdb79","0xd401","0xe630","0xd296","0xdbe5","0xd25f","0xd987","0xd96b","0xd99a","0xd343","0xd8e5","0xd44b","0xd557","0xd325","0xd907","0xd369","0xd59e","0xe33f","0xe253","0xdde8","0xdde0","0xddd8","0xd3ad","0xd495","0xdde4","0xdddc","0xd387","0xddd4","0xd3db","0xd267","0xda1c","0xda72","0xd4c8","0xd4f6","0xd523","0xd53d","0xd9d9","0xe32a","0xe2f9","0xdf65","0xdf37","0xdf2f","0xd2d4","0xd29d","0xdf33","0xdf2b","0xd2b6","0xdf3b","0xd2fa","0xe2d4","0xe2a1","0xe2bd","0xd8cd","0xd426","0xd24d","UNIMPL","UNIMPL","0xe82b","0xd6a0","0xd24d","0xd2a9","0xd2a9","0xd2a9","0xd2a9","0xd2a9","0xd2a9","0xd2a9","0xd2a9","0xd2a9","0xd2a9","0xd2a9","0xd2a9","0xd2a9","0xd2a9","0xd2a9","0xd2a9","0xd318","0xd318","0xd318","0xd318","0xd318","0xd318","0xd318","0xd318","0xd318","0xd318","0xd318","0xd318","0xd318","0xd318","0xd318","0xd318","0xd46a","0xd467","0xd467","0xd467","0xd467","0xd467","0xd467","0xd467","0xef04","0xd62f","0xe8a0","0xe8a0","0xe784","0xf069","0xf06e","0xe63a","0xe640","0xe841","0xe6b2","0xe6f7","0xef27","RSRVD","RSRVD","RSRVD","RSRVD","RSRVD","RSRVD","RSRVD","RSRVD","0xe61c","0xe626","0xedd0","0xedbb","UNIMPL","UNIMPL","UNIMPL","UNIMPL","UNIMPL","UNIMPL","UNIMPL","0xd66b","0xd682","0xeef9","0xef0f","0xede5","0xef1d","0xefa5","0xe833","0xe904"
"pascal-results/images/a8beba9b6cf5d66f492c7b4c1375f289dbb4b95948b039e6606c251b7945b283/files","BOOT","Also found at: pascal-results/images/7b613d36a69b150935c8d3f9f8756eaa999d5a757faa70ff70c844c43cdb63a2/files (volume: BOOT); pascal-results/images/3eecf45b31aba4a9b599f845ab865c02ba81965344df6c88330b270a9379dfcd/files (volume: BOOT)","RTSTND.APPLE","fc6f6696385bc7a2b6c3e06e8db082f4","0e91e85bb5325df78148899124443e49","5fa80065ccd12910739daa00a584d150","PASCALSY;USERPROG;FIOPRIMS;PRINTERR;INITIALI;GETCMD;SYSIO","0;1;2;3;4;5;6","PASCALIO;APPLESTU","31;22","0x03","0x21","5","2","0x0500","0x0600","0x94ff","0xaa70","0x951d","0xa880","0x93af","0x999b","0x967d","0xa918","0x96c2","0xaafd","0xab20","0x9a99","0x9964","0x93c2","0x96aa","0x9586","0xaa13","0x9535","0xaa7e","0x93d5","0x9b10","0x9547","0xa8c7","0x9afe","0x95cd","0xaa3b","0x92bc","0x978c","0x99bd","0x9242","0xa465","0x90d7","0x9a29","0x90a0","0x97cb","0x97af","0x97de","0x9184","0x9729","0x928c","0x939b","0x9166","0x974b","0x91aa","0x93e2","0xa171","0xa085","0x9c2c","0x9c24","0x9c1c","0x91ee","0x92d6","0x9c28","0x9c20","0x91c8","0x9c18","0x921c","0x90a8","0x9860","0x98b6","0x930a","0x9339","0x9367","0x9381","0x981d","0xa15c","0xa12b","0x9da9","0x9d7b","0x9d73","0x9115","0x90de","0x9d77","0x9d6f","0x90f7","0x9d7f","0x913b","0xa106","0xa0d3","0xa0ef","0x9711","0x9267","0x908d","UNIMPL","UNIMPL","0xa5e9","0x94e4","0x908d","0x90ea","0x90ea","0x90ea","0x90ea","0x90ea","0x90ea","0x90ea","0x90ea","0x90ea","0x90ea","0x90ea","0x90ea","0x90ea","0x90ea","0x90ea","0x90ea","0x9159","0x9159","0x9159","0x9159","0x9159","0x9159","0x9159","0x9159","0x9159","0x9159","0x9159","0x9159","0x9159","0x9159","0x9159","0x9159","0x92ab","0x92a8","0x92a8","0x92a8","0x92a8","0x92a8","0x92a8","0x92a8","0xacc2","0x9473","0xa65e","0xa65e","0xa542","0xae27","0xae2c","UNIMPL","UNIMPL","0xa5ff","0xa470","0xa4b5","0xace5","RSRVD","RSRVD","RSRVD","RSRVD","RSRVD","RSRVD","RSRVD","RSRVD","0xa451","0xa45b","0xab8e","0xab79","UNIMPL","UNIMPL","UNIMPL","UNIMPL","UNIMPL","UNIMPL","UNIMPL","0x94af","0x94c6","0xacb7","0xaccd","0xaba3","0xacdb","0xad63","0xa5f1","0xa6c2"
"pascal-results/images/a31c72e4426c650288816fd10e9e547e7621dd63104a54e069d4993f2714aaed/files","GRAFM","","SYSTEM.APPLE","2d6025e55153c8517f2376bb5ef7f68d","e35d6659b6a1c4675cd7c47c411fc726","d47695ca031bb5236616ecb4a0865a20","PASCALSY;USERPROG;FIOPRIMS;PRINTERR;INITIALI;GETCMD;SYSIO;","0;1;2;3;4;5;6;15","LONGINTI;PASCALIO;CHAINSTU;TRANSCEN;SHORTGRA;SHORTGRA;APPLESTU","30;31;28;29;20;21;22","0x03","0x01","5","5","0x3000","0x3100","0xd6ff","0xec8a","0xd71d","0xea9a","0xd5af","0xdb9b","0xd87d","0xeb32","0xd8c2","0xed17","0xed3a","0xdc99","0xdb64","0xd5c2","0xd8aa","0xd786","0xec2d","0xd735","0xec98","0xd5d5","0xdd10","0xd747","0xeae1","0xdcfe","0xd7cd","0xec55","0xd4bc","0xd98c","0xdbbd","0xd442","0xe67f","0xd2d7","0xdc29","0xd2a0","0xd9cb","0xd9af","0xd9de","0xd384","0xd929","0xd48c","0xd59b","0xd366","0xd94b","0xd3aa","0xd5e2","0xe371","0xe285","0xde2c","0xde24","0xde1c","0xd3ee","0xd4d6","0xde28","0xde20","0xd3c8","0xde18","0xd41c","0xd2a8","0xda60","0xdab6","0xd50a","0xd539","0xd567","0xd581","0xda1d","0xe35c","0xe32b","0xdfa9","0xdf7b","0xdf73","0xd315","0xd2de","0xdf77","0xdf6f","0xd2f7","0xdf7f","0xd33b","0xe306","0xe2d3","0xe2ef","0xd911","0xd467","0xd28d","UNIMPL","UNIMPL","0xe803","0xd6e4","0xd28d","0xd2ea","0xd2ea","0xd2ea","0xd2ea","0xd2ea","0xd2ea","0xd2ea","0xd2ea","0xd2ea","0xd2ea","0xd2ea","0xd2ea","0xd2ea","0xd2ea","0xd2ea","0xd2ea","0xd359","0xd359","0xd359","0xd359","0xd359","0xd359","0xd359","0xd359","0xd359","0xd359","0xd359","0xd359","0xd359","0xd359","0xd359","0xd359","0xd4ab","0xd4a8","0xd4a8","0xd4a8","0xd4a8","0xd4a8","0xd4a8","0xd4a8","0xeedc","0xd673","0xe878","0xe878","0xe75c","0xf041","0xf046","UNIMPL","UNIMPL","0xe819","0xe68a","0xe6cf","0xeeff","RSRVD","RSRVD","RSRVD","RSRVD","RSRVD","RSRVD","RSRVD","RSRVD","0xe66b","0xe675","0xeda8","0xed93","UNIMPL","UNIMPL","UNIMPL","UNIMPL","UNIMPL","UNIMPL","UNIMPL","0xd6af","0xd6c6","0xeed1","0xeee7","0xedbd","0xeef5","0xef7d","0xe80b","0xe8dc"
"pascal-results/images/4dfeabafdfe0ef18d42343aac25045f531467f18497382c023a1038d6c759356/files","INVADER","","RTSTRP.APPLE","b2f344690168ada3e213f8e5d72ec8ef","5c506ea6b2f881bdf9adc4800346cafa","none","PASCALSY;USERPROG;SYSIO;PRINTERR;INITIALI;GETCMD;FIOPRIMS","0;1;2;3;4;5;6","","","0x02","0x05","2","0","0x0400","0x0500","0x9ce3","UNIMPL","0x9d01","UNIMPL","0x9bab","UNIMPL","0x9e61","UNIMPL","0x9ea6","UNIMPL","UNIMPL","UNIMPL","UNIMPL","0x9bbe","0x9e8e","0x9d6a","UNIMPL","0x9d19","UNIMPL","0x9bd1","UNIMPL","0x9d2b","UNIMPL","UNIMPL","0x9db1","UNIMPL","0x9abb","0x9f70","UNIMPL","0x9a41","0xa881","0x98d6","UNIMPL","0x989f","0x9faf","0x9f93","0x9fc2","0x9983","0x9f0d","0x9a8b","0x9b97","0x9965","0x9f2f","0x99a9","0x9bde","0xa590","0xa4a4","0xa179","0xa171","0xa169","0x99ed","0x9ad5","0xa175","0xa16d","0x99c7","0xa165","0x9a1b","0x98a7","0xa044","0xa09a","0x9b08","0x9b36","0x9b63","0x9b7d","0xa001","0xa57b","0xa54a","0xa2bc","0xa28e","0xa286","0x9914","0x98dd","0xa28a","0xa282","0x98f6","0xa292","0x993a","0xa525","0xa4f2","0xa50e","0x9ef5","0x9a66","0x988d","UNIMPL","UNIMPL","0xaa04","0x9ce0","0x988d","0x98e9","0x98e9","0x98e9","0x98e9","0x98e9","0x98e9","0x98e9","0x98e9","0x98e9","0x98e9","0x98e9","0x98e9","0x98e9","0x98e9","0x98e9","0x98e9","0x9958","0x9958","0x9958","0x9958","0x9958","0x9958","0x9958","0x9958","0x9958","0x9958","0x9958","0x9958","0x9958","0x9958","0x9958","0x9958","0x9aaa","0x9aa7","0x9aa7","0x9aa7","0x9aa7","0x9aa7","0x9aa7","0x9aa7","0xab5c","0x9c6f","0xaa79","0xaa79","0xa95d","0xacc1","0xacc6","UNIMPL","UNIMPL","0xaa1a","0xa88b","0xa8d0","0xab7f","RSRVD","RSRVD","RSRVD","RSRVD","RSRVD","RSRVD","RSRVD","RSRVD","0xa86d","0xa877","UNIMPL","UNIMPL","UNIMPL","UNIMPL","UNIMPL","UNIMPL","UNIMPL","UNIMPL","UNIMPL","0x9cab","0x9cc2","0xab51","0xab67","UNIMPL","0xab75","0xabfd","0xaa0c","0xaadd"
"pascal-results/images/ff836c3b8a7f87a35e163632076ad3e15f653f754a439e634624e833ffb15aa7/files","PORN1","","SYSTEM.APPLE","d3ce0e977b1bc6f1ab1e8b27e4df5b6a","16165b117cc8eb127479e100665c78f9","42e477fa4507d9294a1c252e04dc4774","PASCALSY;USERPROG;FIOPRIMS;PRINTERR;INITIALI;GETCMD;FILEPROC;","0;1;2;3;4;5;6;15","LONGINTI;PASCALIO;APPLESTU","30;31;22","0x04","0x40","6","6","0x3000","0x3100","0xd762","0xf2d3","0xd780","0xf0e3","0xd603","0xdcd8","0xd8e4","0xf17b","0xd929","0xf360","0xf383","0xdddc","0xdca1","0xd61c","0xd911","0xd7ed","0xf276","0xd79a","0xf2e1","0xd635","0xde53","0xd7ac","0xf12a","0xde41","0xd834","0xf29e","0xd4fb","0xdabd","0xdcfa","0xd46f","0xec92","0xd309","0xdd66","0xd2c7","0xdafc","0xdae0","0xdb0f","0xd3aa","0xd9ce","0xd4c5","0xd5ef","0xd38e","0xda76","0xd3c7","0xd642","0xe554","0xe432","0xdf6f","0xdf67","0xdf5f","0xd40f","0xd515","0xdf6b","0xdf63","0xd3e3","0xdf5b","0xd443","0xd2d1","0xdb9d","0xdbf3","0xd552","0xd587","0xd5bb","0xd5d5","0xdb4e","0xe53f","0xe508","0xe0f2","0xe0c4","0xe0bc","0xd348","0xd310","0xe0c0","0xe0b8","0xd32c","0xe0c8","0xd365","0xe4d1","0xe492","0xe4b4","0xd9a8","0xd49a","0xd2ae","UNIMPL","UNIMPL","0xee46","0xd747","0xd2ae","0xd31f","0xd31f","0xd31f","0xd31f","0xd31f","0xd31f","0xd31f","0xd31f","0xd31f","0xd31f","0xd31f","0xd31f","0xd31f","0xd31f","0xd31f","0xd31f","0xd381","0xd381","0xd381","0xd381","0xd381","0xd381","0xd381","0xd381","0xd381","0xd381","0xd381","0xd381","0xd381","0xd381","0xd381","0xd381","0xd4ea","0xd4e7","0xd4e7","0xd4e7","0xd4e7","0xd4e7","0xd4e7","0xd4e7","0xf525","0xd6d6","0xeebb","0xeebb","0xed75","0xf68d","0xf692","UNIMPL","UNIMPL","0xee5c","0xeca3","0xece8","0xf548","RSRVD","RSRVD","RSRVD","RSRVD","RSRVD","RSRVD","RSRVD","RSRVD","0xec7e","0xec88","0xf3f1","0xf3dc","UNIMPL","UNIMPL","UNIMPL","UNIMPL","UNIMPL","UNIMPL","UNIMPL","0xd712","0xd729","0xf51a","0xf530","0xf406","0xf53e","0xf5c3","0xee4e","0xef25"
"pascal-results/images/89b62d834ef8ff02af1a1691425c9a3e8b53b766e407137ae77a76bbc05c36dc/files","PLOT128","","SYSTEM.APPLE","c93c194fe62efe4ab2d30e539ccb82d3","681977fa5a87ea54fa170ffa23b45848","1864a60e7674e4be4e7a35c1697f23db","PASCALSY;USERPROG;FIOPRIMS;PRINTERR;INITIALI;GETCMD;SYSIO;","0;1;2;3;4;5;6;15","PASCALIO;TRANSCEN","31;29","0x04","0x41","6","6","0x3000","0x3100","0xd791","0xf302","0xd7af","0xf112","0xd632","0xdd07","0xd913","0xf1aa","0xd958","0xf38f","0xf3b2","0xde0b","0xdcd0","0xd64b","0xd940","0xd81c","0xf2a5","0xd7c9","0xf310","0xd664","0xde82","0xd7db","0xf159","0xde70","0xd863","0xf2cd","0xd52a","0xdaec","0xdd29","0xd49e","0xecc1","0xd338","0xdd95","0xd2f6","0xdb2b","0xdb0f","0xdb3e","0xd3d9","0xd9fd","0xd4f4","0xd61e","0xd3bd","0xdaa5","0xd3f6","0xd671","0xe583","0xe461","0xdf9e","0xdf96","0xdf8e","0xd43e","0xd544","0xdf9a","0xdf92","0xd412","0xdf8a","0xd472","0xd300","0xdbcc","0xdc22","0xd581","0xd5b6","0xd5ea","0xd604","0xdb7d","0xe56e","0xe537","0xe121","0xe0f3","0xe0eb","0xd377","0xd33f","0xe0ef","0xe0e7","0xd35b","0xe0f7","0xd394","0xe500","0xe4c1","0xe4e3","0xd9d7","0xd4c9","0xd2dd","UNIMPL","UNIMPL","0xee75","0xd776","0xd2dd","0xd34e","0xd34e","0xd34e","0xd34e","0xd34e","0xd34e","0xd34e","0xd34e","0xd34e","0xd34e","0xd34e","0xd34e","0xd34e","0xd34e","0xd34e","0xd34e","0xd3b0","0xd3b0","0xd3b0","0xd3b0","0xd3b0","0xd3b0","0xd3b0","0xd3b0","0xd3b0","0xd3b0","0xd3b0","0xd3b0","0xd3b0","0xd3b0","0xd3b0","0xd3b0","0xd519","0xd516","0xd516","0xd516","0xd516","0xd516","0xd516","0xd516","0xf554","0xd705","0xeeea","0xeeea","0xeda4","0xf6bc","0xf6c1","UNIMPL","UNIMPL","0xee8b","0xecd2","0xed17","0xf577","RSRVD","RSRVD","RSRVD","RSRVD","RSRVD","RSRVD","RSRVD","RSRVD","0xecad","0xecb7","0xf420","0xf40b","UNIMPL","UNIMPL","UNIMPL","UNIMPL","UNIMPL","UNIMPL","UNIMPL","0xd741","0xd758","0xf549","0xf55f","0xf435","0xf56d","0xf5f2","0xee7d","0xef54"
"pascal-results/images/e959d9a0780d88ced9906d85678b1e956e3c19b0e82b75d6b6ac3361162f1fa8/files","USDIS22","","SYSTEM.APPLE","1cd11df9e32677f4d3673933d5c996fc","24ca8f71aca82a11063a21463ad22184","1811922f788b81e9db97b25c6e3bf918","PASCALSY;USERPROG;DEBUGGER;PRINTERR;INITIALI;GETCMD;FILEPROC;","0;1;2;3;4;5;6;15","LONGINTI;PASCALIO;CHAINSTU;TRANSCEN;TURTLEGR;TURTLEGR;APPLESTU;IYO;IYO;CIRCLE;CIRCLE","30;31;28;29;20;21;22;23;24;25;26","0x02","0x01","2","2","0x3000","0x3100","0xd6bb","0xecb2","0xd6d9","0xeac2","0xd56b","0xdb57","0xd839","0xeb5a","0xd87e","0xed3f","0xed62","0xdc55","0xdb20","0xd57e","0xd866","0xd742","0xec55","0xd6f1","0xecc0","0xd591","0xdccc","0xd703","0xeb09","0xdcba","0xd789","0xec7d","0xd47b","0xd948","0xdb79","0xd401","0xe630","0xd296","0xdbe5","0xd25f","0xd987","0xd96b","0xd99a","0xd343","0xd8e5","0xd44b","0xd557","0xd325","0xd907","0xd369","0xd59e","0xe33f","0xe253","0xdde8","0xdde0","0xddd8","0xd3ad","0xd495","0xdde4","0xdddc","0xd387","0xddd4","0xd3db","0xd267","0xda1c","0xda72","0xd4c8","0xd4f6","0xd523","0xd53d","0xd9d9","0xe32a","0xe2f9","0xdf65","0xdf37","0xdf2f","0xd2d4","0xd29d","0xdf33","0xdf2b","0xd2b6","0xdf3b","0xd2fa","0xe2d4","0xe2a1","0xe2bd","0xd8cd","0xd426","0xd24d","UNIMPL","UNIMPL","0xe82b","0xd6a0","0xd24d","0xd2a9","0xd2a9","0xd2a9","0xd2a9","0xd2a9","0xd2a9","0xd2a9","0xd2a9","0xd2a9","0xd2a9","0xd2a9","0xd2a9","0xd2a9","0xd2a9","0xd2a9","0xd2a9","0xd318","0xd318","0xd318","0xd318","0xd318","0xd318","0xd318","0xd318","0xd318","0xd318","0xd318","0xd318","0xd318","0xd318","0xd318","0xd318","0xd46a","0xd467","0xd467","0xd467","0xd467","0xd467","0xd467","0xd467","0xef04","0xd62f","0xe8a0","0xe8a0","0xe784","0xf069","0xf06e","0xe63a","0xe640","0xe841","0xe6b2","0xe6f7","0xef27","RSRVD","RSRVD","RSRVD","RSRVD","RSRVD","RSRVD","RSRVD","RSRVD","0xe61c","0xe626","0xedd0","0xedbb","UNIMPL","UNIMPL","UNIMPL","UNIMPL","UNIMPL","UNIMPL","UNIMPL","0xd66b","0xd682","0xeef9","0xef0f","0xede5","0xef1d","0xefa5","0xe833","0xe904"
"pascal-results/images/c2c5074d16dcb90a4d5747065ed9b042471043cc378b8bf2abb9c8e93d7290e9/files","CX","","SYSTEM.APPLE","1cd11df9e32677f4d3673933d5c996fc","24ca8f71aca82a11063a21463ad22184","a490952177b093d04d957eac28784b49","PASCALSY;USERPROG;DEBUGGER;PRINTERR;INITIALI;GETCMD;FILEPROC;","0;1;2;3;4;5;6;15","CHAINSTU;APPLESTU;MYSTUFF;MYSTUFF;LONGINTI;PASCALIO","28;22;25;26;30;31","0x02","0x01","2","2","0x3000","0x3100","0xd6bb","0xecb2","0xd6d9","0xeac2","0xd56b","0xdb57","0xd839","0xeb5a","0xd87e","0xed3f","0xed62","0xdc55","0xdb20","0xd57e","0xd866","0xd742","0xec55","0xd6f1","0xecc0","0xd591","0xdccc","0xd703","0xeb09","0xdcba","0xd789","0xec7d","0xd47b","0xd948","0xdb79","0xd401","0xe630","0xd296","0xdbe5","0xd25f","0xd987","0xd96b","0xd99a","0xd343","0xd8e5","0xd44b","0xd557","0xd325","0xd907","0xd369","0xd59e","0xe33f","0xe253","0xdde8","0xdde0","0xddd8","0xd3ad","0xd495","0xdde4","0xdddc","0xd387","0xddd4","0xd3db","0xd267","0xda1c","0xda72","0xd4c8","0xd4f6","0xd523","0xd53d","0xd9d9","0xe32a","0xe2f9","0xdf65","0xdf37","0xdf2f","0xd2d4","0xd29d","0xdf33","0xdf2b","0xd2b6","0xdf3b","0xd2fa","0xe2d4","0xe2a1","0xe2bd","0xd8cd","0xd426","0xd24d","UNIMPL","UNIMPL","0xe82b","0xd6a0","0xd24d","0xd2a9","0xd2a9","0xd2a9","0xd2a9","0xd2a9","0xd2a9","0xd2a9","0xd2a9","0xd2a9","0xd2a9","0xd2a9","0xd2a9","0xd2a9","0xd2a9","0xd2a9","0xd2a9","0xd318","0xd318","0xd318","0xd318","0xd318","0xd318","0xd318","0xd318","0xd318","0xd318","0xd318","0xd318","0xd318","0xd318","0xd318","0xd318","0xd46a","0xd467","0xd467","0xd467","0xd467","0xd467","0xd467","0xd467","0xef04","0xd62f","0xe8a0","0xe8a0","0xe784","0xf069","0xf06e","0xe63a","0xe640","0xe841","0xe6b2","0xe6f7","0xef27","RSRVD","RSRVD","RSRVD","RSRVD","RSRVD","RSRVD","RSRVD","RSRVD","0xe61c","0xe626","0xedd0","0xedbb","UNIMPL","UNIMPL","UNIMPL","UNIMPL","UNIMPL","UNIMPL","UNIMPL","0xd66b","0xd682","0xeef9","0xef0f","0xede5","0xef1d","0xefa5","0xe833","0xe904"
"pascal-results/images/7e65b96b1800123506ecd844bd12f4c9a9c25dca0f05d0cecabeba6d9e57d10b/files","TGP","","SYSTEM.APPLE","2ff0b3316b2947998c1cb41cce82334f","6c67161a696176ededdc0f018dc1c438","e4f29fb5f3e3dfcef757c3eb09c0d666","PASCALSY;USERPROG;FIOPRIMS;PRINTERR;INITIALI;GETCMD;FILEPROC;","0;1;2;3;4;5;6;15","GRAFPRIM;GRAFPRIM","20;21","0x03","0x40","5","2","0x3000","0x3100","0xd739","0xf13a","0xd757","0xef4a","0xd5e6","0xdcab","0xd8b7","0xefe2","0xd8fc","0xf1c7","0xf1ea","0xddaf","0xdc74","0xd5f9","0xd8e4","0xd7c0","0xf0dd","0xd76f","0xf148","0xd60c","0xde26","0xd781","0xef91","0xde14","0xd807","0xf105","0xd4de","0xda90","0xdccd","0xd452","0xea81","0xd2d2","0xdd39","0xd292","0xdacf","0xdab3","0xdae2","0xd382","0xd9a1","0xd4a8","0xd5d2","0xd364","0xda49","0xd3a8","0xd619","0xe4fd","0xe3db","0xdf42","0xdf3a","0xdf32","0xd3f2","0xd4f8","0xdf3e","0xdf36","0xd3c6","0xdf2e","0xd426","0xd29a","0xdb70","0xdbc6","0xd535","0xd56a","0xd59e","0xd5b8","0xdb21","0xe4e8","0xe4b1","0xe0c5","0xe097","0xe08f","0xd313","0xd2d9","0xe093","0xe08b","0xd2f5","0xe09b","0xd339","0xe47a","0xe43b","0xe45d","0xd97b","0xd47d","0xd279","UNIMPL","UNIMPL","0xecad","0xd71e","0xd279","0xd2e8","0xd2e8","0xd2e8","0xd2e8","0xd2e8","0xd2e8","0xd2e8","0xd2e8","0xd2e8","0xd2e8","0xd2e8","0xd2e8","0xd2e8","0xd2e8","0xd2e8","0xd2e8","0xd357","0xd357","0xd357","0xd357","0xd357","0xd357","0xd357","0xd357","0xd357","0xd357","0xd357","0xd357","0xd357","0xd357","0xd357","0xd357","0xd4cd","0xd4ca","0xd4ca","0xd4ca","0xd4ca","0xd4ca","0xd4ca","0xd4ca","0xf38c","0xd6ad","0xed22","0xed22","0xebdc","0xf4f1","0xf4f6","0xea92","0xea98","0xecc3","0xeb0a","0xeb4f","0xf3af","RSRVD","RSRVD","RSRVD","RSRVD","RSRVD","RSRVD","RSRVD","RSRVD","0xea6d","0xea77","0xf258","0xf243","UNIMPL","UNIMPL","UNIMPL","UNIMPL","UNIMPL","UNIMPL","UNIMPL","0xd6e9","0xd700","0xf381","0xf397","0xf26d","0xf3a5","0xf42d","0xecb5","0xed8c"
"pascal-results/images/e989b43ffe7869e9aff99d4a0a3daeb74949d572d3c01e68aaef9f8908b46736/files","DISCAD1","","SYSTEM.APPLE","c93c194fe62efe4ab2d30e539ccb82d3","681977fa5a87ea54fa170ffa23b45848","36fbfca8801cabf5c613ce7328e26e92","PASCALSY;USERPROG;FIOPRIMS;PRINTERR;INITIALI;GETCMD;SYSIO;","0;1;2;3;4;5;6;15","MGRKIT;MGRKIT;TRANSCEN;PASCALIO;VARS;VARS;INIT;MENUS;PROCS;COORDINA;DBASE;DRAW1;DRAW2;REDRAWUN;PLOTTERS","20;21;29;31;22;23;24;25;26;27;28;30;32;33;34","0x04","0x41","6","6","0x3000","0x3100","0xd791","0xf302","0xd7af","0xf112","0xd632","0xdd07","0xd913","0xf1aa","0xd958","0xf38f","0xf3b2","0xde0b","0xdcd0","0xd64b","0xd940","0xd81c","0xf2a5","0xd7c9","0xf310","0xd664","0xde82","0xd7db","0xf159","0xde70","0xd863","0xf2cd","0xd52a","0xdaec","0xdd29","0xd49e","0xecc1","0xd338","0xdd95","0xd2f6","0xdb2b","0xdb0f","0xdb3e","0xd3d9","0xd9fd","0xd4f4","0xd61e","0xd3bd","0xdaa5","0xd3f6","0xd671","0xe583","0xe461","0xdf9e","0xdf96","0xdf8e","0xd43e","0xd544","0xdf9a","0xdf92","0xd412","0xdf8a","0xd472","0xd300","0xdbcc","0xdc22","0xd581","0xd5b6","0xd5ea","0xd604","0xdb7d","0xe56e","0xe537","0xe121","0xe0f3","0xe0eb","0xd377","0xd33f","0xe0ef","0xe0e7","0xd35b","0xe0f7","0xd394","0xe500","0xe4c1","0xe4e3","0xd9d7","0xd4c9","0xd2dd","UNIMPL","UNIMPL","0xee75","0xd776","0xd2dd","0xd34e","0xd34e","0xd34e","0xd34e","0xd34e","0xd34e","0xd34e","0xd34e","0xd34e","0xd34e","0xd34e","0xd34e","0xd34e","0xd34e","0xd34e","0xd34e","0xd3b0","0xd3b0","0xd3b0","0xd3b0","0xd3b0","0xd3b0","0xd3b0","0xd3b0","0xd3b0","0xd3b0","0xd3b0","0xd3b0","0xd3b0","0xd3b0","0xd3b0","0xd3b0","0xd519","0xd516","0xd516","0xd516","0xd516","0xd516","0xd516","0xd516","0xf554","0xd705","0xeeea","0xeeea","0xeda4","0xf6bc","0xf6c1","UNIMPL","UNIMPL","0xee8b","0xecd2","0xed17","0xf577","RSRVD","RSRVD","RSRVD","RSRVD","RSRVD","RSRVD","RSRVD","RSRVD","0xecad","0xecb7","0xf420","0xf40b","UNIMPL","UNIMPL","UNIMPL","UNIMPL","UNIMPL","UNIMPL","UNIMPL","0xd741","0xd758","0xf549","0xf55f","0xf435","0xf56d","0xf5f2","0xee7d","0xef54"
"pascal-results/images/1a1179e7f91a2c58147ed856ef30da67545f446710f3db70f1585be1cf17fa02/files","CDPURS","","SYSTEM.APPLE","fcda8d15f213e8e0d5c3987ab92ba114","e35d6659b6a1c4675cd7c47c411fc726","06d4934485321410ae65296b69b926e7","PASCALSY;USERPROG;FIOPRIMS;PRINTERR;INITIALI;GETCMD;SYSIO;","0;1;2;3;4;5;6;15","LONGINTI;PASCALIO;INFOGRAF;INFOGRAF;EDSTUFF;EDSTUFF","30;31;24;25;26;27","0x03","0x01","5","5","0x3000","0x3100","0xd6ff","0xec8a","0xd71d","0xea9a","0xd5af","0xdb9b","0xd87d","0xeb32","0xd8c2","0xed17","0xed3a","0xdc99","0xdb64","0xd5c2","0xd8aa","0xd786","0xec2d","0xd735","0xec98","0xd5d5","0xdd10","0xd747","0xeae1","0xdcfe","0xd7cd","0xec55","0xd4bc","0xd98c","0xdbbd","0xd442","0xe67f","0xd2d7","0xdc29","0xd2a0","0xd9cb","0xd9af","0xd9de","0xd384","0xd929","0xd48c","0xd59b","0xd366","0xd94b","0xd3aa","0xd5e2","0xe371","0xe285","0xde2c","0xde24","0xde1c","0xd3ee","0xd4d6","0xde28","0xde20","0xd3c8","0xde18","0xd41c","0xd2a8","0xda60","0xdab6","0xd50a","0xd539","0xd567","0xd581","0xda1d","0xe35c","0xe32b","0xdfa9","0xdf7b","0xdf73","0xd315","0xd2de","0xdf77","0xdf6f","0xd2f7","0xdf7f","0xd33b","0xe306","0xe2d3","0xe2ef","0xd911","0xd467","0xd28d","UNIMPL","UNIMPL","0xe803","0xd6e4","0xd28d","0xd2ea","0xd2ea","0xd2ea","0xd2ea","0xd2ea","0xd2ea","0xd2ea","0xd2ea","0xd2ea","0xd2ea","0xd2ea","0xd2ea","0xd2ea","0xd2ea","0xd2ea","0xd2ea","0xd359","0xd359","0xd359","0xd359","0xd359","0xd359","0xd359","0xd359","0xd359","0xd359","0xd359","0xd359","0xd359","0xd359","0xd359","0xd359","0xd4ab","0xd4a8","0xd4a8","0xd4a8","0xd4a8","0xd4a8","0xd4a8","0xd4a8","0xeedc","0xd673","0xe878","0xe878","0xe75c","0xf041","0xf046","UNIMPL","UNIMPL","0xe819","0xe68a","0xe6cf","0xeeff","RSRVD","RSRVD","RSRVD","RSRVD","RSRVD","RSRVD","RSRVD","RSRVD","0xe66b","0xe675","0xeda8","0xed93","UNIMPL","UNIMPL","UNIMPL","UNIMPL","UNIMPL","UNIMPL","UNIMPL","0xd6af","0xd6c6","0xeed1","0xeee7","0xedbd","0xeef5","0xef7d","0xe80b","0xe8dc"
"pascal-results/images/74455b53d03129de8fdad253ec8856da3ab87187956c35d84b55e7bcd26f9f98/files","GBIVIEW","","SYSTEM.APPLE","46f534259e475bdae18b074f6ed27a20","b65565a1b7decb939de9002163debef3","99880790295a6baaad5c26447a8dd86a","PASCALSY;USERPROG;FIOPRIMS;PRINTERR;INITIALI;GETCMD;FILEPROC;","0;1;2;3;4;5;6;15","PASCALIO;CHAINSTU;UUTIL;UUTIL;UFILESTU","31;28;22;23;24","0x03","0x00","5","5","0x3000","0x3100","0xd6d0","0xecd3","0xd6ee","0xeae3","0xd580","0xdb6c","0xd84e","0xeb7b","0xd893","0xed60","0xed83","0xdc6a","0xdb35","0xd593","0xd87b","0xd757","0xec76","0xd706","0xece1","0xd5a6","0xdce1","0xd718","0xeb2a","0xdccf","0xd79e","0xec9e","0xd48d","0xd95d","0xdb8e","0xd413","0xe650","0xd2a8","0xdbfa","0xd271","0xd99c","0xd980","0xd9af","0xd355","0xd8fa","0xd45d","0xd56c","0xd337","0xd91c","0xd37b","0xd5b3","0xe342","0xe256","0xddfd","0xddf5","0xdded","0xd3bf","0xd4a7","0xddf9","0xddf1","0xd399","0xdde9","0xd3ed","0xd279","0xda31","0xda87","0xd4db","0xd50a","0xd538","0xd552","0xd9ee","0xe32d","0xe2fc","0xdf7a","0xdf4c","0xdf44","0xd2e6","0xd2af","0xdf48","0xdf40","0xd2c8","0xdf50","0xd30c","0xe2d7","0xe2a4","0xe2c0","0xd8e2","0xd438","0xd25e","UNIMPL","UNIMPL","0xe84c","0xd6b5","0xd25e","0xd2bb","0xd2bb","0xd2bb","0xd2bb","0xd2bb","0xd2bb","0xd2bb","0xd2bb","0xd2bb","0xd2bb","0xd2bb","0xd2bb","0xd2bb","0xd2bb","0xd2bb","0xd2bb","0xd32a","0xd32a","0xd32a","0xd32a","0xd32a","0xd32a","0xd32a","0xd32a","0xd32a","0xd32a","0xd32a","0xd32a","0xd32a","0xd32a","0xd32a","0xd32a","0xd47c","0xd479","0xd479","0xd479","0xd479","0xd479","0xd479","0xd479","0xef25","0xd644","0xe8c1","0xe8c1","0xe7a5","0xf08a","0xf08f","0xe65b","0xe661","0xe862","0xe6d3","0xe718","0xef48","RSRVD","RSRVD","RSRVD","RSRVD","RSRVD","RSRVD","RSRVD","RSRVD","0xe63c","0xe646","0xedf1","0xeddc","UNIMPL","UNIMPL","UNIMPL","UNIMPL","UNIMPL","UNIMPL","UNIMPL","0xd680","0xd697","0xef1a","0xef30","0xee06","0xef3e","0xefc6","0xe854","0xe925"
"pascal-results/images/ce05cdb2643c2217102736406595e9379aa74ec4ed74eb48e59f580d5b1e0749/files","AWTRAIN","Also found at: pascal-results/images/02b80170e8c17367bdb5b856d094f7ad3960548c84c2f341881bc9334d2f0b34/files (volume: AW.D1B)","SYSTEM.APPLE","2aa741575266a5359e1579020a1b864d","064a1a1c1d36528e660900a2e609d158","90f8a3e1bef914133a5adada232054bb","PASCALSY;USERPROG;FIOPRIMS;PRINTERR;INITIALI;GETCMD;SYSIO;","0;1;2;3;4;5;6;15","CHAINSTU;TURTLEGR;TURTLEGR;PCSDSTUF;PCSDSTUF;AWSTUFF;AWSTUFF","28;20;21;25;26;23;24","0x04","0x01","6","6","0x3000","0x3100","0xd71c","0xecc8","0xd73a","0xead8","0xd5c0","0xdbbc","0xd89e","0xeb70","0xd8e3","0xed55","0xed78","0xdcba","0xdb85","0xd5d9","0xd8cb","0xd7a7","0xec6b","0xd754","0xecd6","0xd5f2","0xdd31","0xd766","0xeb1f","0xdd1f","0xd7ee","0xec93","0xd4cd","0xd9ad","0xdbde","0xd453","0xe6bd","0xd302","0xdc4a","0xd2c9","0xd9ec","0xd9d0","0xd9ff","0xd3a0","0xd94a","0xd49d","0xd5ac","0xd384","0xd96c","0xd3bd","0xd5ff","0xe3bc","0xe2d0","0xde4d","0xde45","0xde3d","0xd3ff","0xd4e7","0xde49","0xde41","0xd3d9","0xde39","0xd42d","0xd2d3","0xda81","0xdad7","0xd51b","0xd54a","0xd578","0xd592","0xda3e","0xe3a7","0xe376","0xdfca","0xdf9c","0xdf94","0xd33e","0xd309","0xdf98","0xdf90","0xd322","0xdfa0","0xd35b","0xe351","0xe31e","0xe33a","0xd932","0xd478","0xd2b6","UNIMPL","UNIMPL","0xe841","0xd701","0xd2b6","0xd315","0xd315","0xd315","0xd315","0xd315","0xd315","0xd315","0xd315","0xd315","0xd315","0xd315","0xd315","0xd315","0xd315","0xd315","0xd315","0xd377","0xd377","0xd377","0xd377","0xd377","0xd377","0xd377","0xd377","0xd377","0xd377","0xd377","0xd377","0xd377","0xd377","0xd377","0xd377","0xd4bc","0xd4b9","0xd4b9","0xd4b9","0xd4b9","0xd4b9","0xd4b9","0xd4b9","0xef1a","0xd690","0xe8b6","0xe8b6","0xe79a","0xf082","0xf087","UNIMPL","UNIMPL","0xe857","0xe6c8","0xe70d","0xef3d","RSRVD","RSRVD","RSRVD","RSRVD","RSRVD","RSRVD","RSRVD","RSRVD","0xe6a9","0xe6b3","0xede6","0xedd1","UNIMPL","UNIMPL","UNIMPL","UNIMPL","UNIMPL","UNIMPL","UNIMPL","0xd6cc","0xd6e3","0xef0f","0xef25","0xedfb","0xef33","0xefb8","0xe849","0xe91a"
"pascal-results/images/2dad4695c95881b6c8076765114966181215c8630344e115ccb90211a58aa4f6/files","INGLESE","","SYSTEM.APPLE","2ff0b3316b2947998c1cb41cce82334f","6c67161a696176ededdc0f018dc1c438","173e3897e2cc50ee9cd9c964a438af76","PASCALSY;USERPROG;FIOPRIMS;PRINTERR;INITIALI;GETCMD;FILEPROC;","0;1;2;3;4;5;6;15","LONGINTI;PASCALIO;CHAINSTU;TURTLEGR;TURTLEGR;APPLESTU;INGUNIT;INGUNIT;VOCUNITA","30;31;28;20;21;22;23;24;19","0x03","0x40","5","5","0x3000","0x3100","0xd739","0xf13a","0xd757","0xef4a","0xd5e6","0xdcab","0xd8b7","0xefe2","0xd8fc","0xf1c7","0xf1ea","0xddaf","0xdc74","0xd5f9","0xd8e4","0xd7c0","0xf0dd","0xd76f","0xf148","0xd60c","0xde26","0xd781","0xef91","0xde14","0xd807","0xf105","0xd4de","0xda90","0xdccd","0xd452","0xea81","0xd2d2","0xdd39","0xd292","0xdacf","0xdab3","0xdae2","0xd382","0xd9a1","0xd4a8","0xd5d2","0xd364","0xda49","0xd3a8","0xd619","0xe4fd","0xe3db","0xdf42","0xdf3a","0xdf32","0xd3f2","0xd4f8","0xdf3e","0xdf36","0xd3c6","0xdf2e","0xd426","0xd29a","0xdb70","0xdbc6","0xd535","0xd56a","0xd59e","0xd5b8","0xdb21","0xe4e8","0xe4b1","0xe0c5","0xe097","0xe08f","0xd313","0xd2d9","0xe093","0xe08b","0xd2f5","0xe09b","0xd339","0xe47a","0xe43b","0xe45d","0xd97b","0xd47d","0xd279","UNIMPL","UNIMPL","0xecad","0xd71e","0xd279","0xd2e8","0xd2e8","0xd2e8","0xd2e8","0xd2e8","0xd2e8","0xd2e8","0xd2e8","0xd2e8","0xd2e8","0xd2e8","0xd2e8","0xd2e8","0xd2e8","0xd2e8","0xd2e8","0xd357","0xd357","0xd357","0xd357","0xd357","0xd357","0xd357","0xd357","0xd357","0xd357","0xd357","0xd357","0xd357","0xd357","0xd357","0xd357","0xd4cd","0xd4ca","0xd4ca","0xd4ca","0xd4ca","0xd4ca","0xd4ca","0xd4ca","0xf38c","0xd6ad","0xed22","0xed22","0xebdc","0xf4f1","0xf4f6","0xea92","0xea98","0xecc3","0xeb0a","0xeb4f","0xf3af","RSRVD","RSRVD","RSRVD","RSRVD","RSRVD","RSRVD","RSRVD","RSRVD","0xea6d","0xea77","0xf258","0xf243","UNIMPL","UNIMPL","UNIMPL","UNIMPL","UNIMPL","UNIMPL","UNIMPL","0xd6e9","0xd700","0xf381","0xf397","0xf26d","0xf3a5","0xf42d","0xecb5","0xed8c"
"pascal-results/images/732fd267e9a4e170d0d1b9d1fdcab948269fde16cf635a5db396d6f5f7b2fc8b/files","WBV2.1","","RTSTRP.APPLE","cfbd42367f33c1ec8a2d69c5b00d1eea","5c506ea6b2f881bdf9adc4800346cafa","86aeaa5d9bd9aedc5d7e46ef893231cc","PASCALSY;USERPROG;SYSIO;PRINTERR;INITIALI;GETCMD;FIOPRIMS","0;1;2;3;4;5;6","PASCALIO;CHAINSTU","31;28","0x02","0x05","2","2","0x0400","0x0500","0x9ce3","UNIMPL","0x9d01","UNIMPL","0x9bab","UNIMPL","0x9e61","UNIMPL","0x9ea6","UNIMPL","UNIMPL","UNIMPL","UNIMPL","0x9bbe","0x9e8e","0x9d6a","UNIMPL","0x9d19","UNIMPL","0x9bd1","UNIMPL","0x9d2b","UNIMPL","UNIMPL","0x9db1","UNIMPL","0x9abb","0x9f70","UNIMPL","0x9a41","0xa881","0x98d6","UNIMPL","0x989f","0x9faf","0x9f93","0x9fc2","0x9983","0x9f0d","0x9a8b","0x9b97","0x9965","0x9f2f","0x99a9","0x9bde","0xa590","0xa4a4","0xa179","0xa171","0xa169","0x99ed","0x9ad5","0xa175","0xa16d","0x99c7","0xa165","0x9a1b","0x98a7","0xa044","0xa09a","0x9b08","0x9b36","0x9b63","0x9b7d","0xa001","0xa57b","0xa54a","0xa2bc","0xa28e","0xa286","0x9914","0x98dd","0xa28a","0xa282","0x98f6","0xa292","0x993a","0xa525","0xa4f2","0xa50e","0x9ef5","0x9a66","0x988d","UNIMPL","UNIMPL","0xaa04","0x9ce0","0x988d","0x98e9","0x98e9","0x98e9","0x98e9","0x98e9","0x98e9","0x98e9","0x98e9","0x98e9","0x98e9","0x98e9","0x98e9","0x98e9","0x98e9","0x98e9","0x98e9","0x9958","0x9958","0x9958","0x9958","0x9958","0x9958","0x9958","0x9958","0x9958","0x9958","0x9958","0x9958","0x9958","0x9958","0x9958","0x9958","0x9aaa","0x9aa7","0x9aa7","0x9aa7","0x9aa7","0x9aa7","0x9aa7","0x9aa7","0xab5c","0x9c6f","0xaa79","0xaa79","0xa95d","0xacc1","0xacc6","UNIMPL","UNIMPL","0xaa1a","0xa88b","0xa8d0","0xab7f","RSRVD","RSRVD","RSRVD","RSRVD","RSRVD","RSRVD","RSRVD","RSRVD","0xa86d","0xa877","UNIMPL","UNIMPL","UNIMPL","UNIMPL","UNIMPL","UNIMPL","UNIMPL","UNIMPL","UNIMPL","0x9cab","0x9cc2","0xab51","0xab67","UNIMPL","0xab75","0xabfd","0xaa0c","0xaadd"
"pascal-results/images/27cbf1edae265fe8b629564671f910b33e062e6842854dbd8177fbecd8f09398/files","BLANK","","SYSTEM.APPLE","c93c194fe62efe4ab2d30e539ccb82d3","681977fa5a87ea54fa170ffa23b45848","6e118e3add2df691c695c3efc9bc1fae","PASCALSY;USERPROG;FIOPRIMS;PRINTERR;INITIALI;GETCMD;SYSIO;","0;1;2;3;4;5;6;15","LONGINTI;PASCALIO;CHAINSTU;TURTLEGR;TURTLEGR;PDOSCORE;PDOSCORE;PDOSREF;PDOSFILE;AID1;AID1;CHARGSTU;CHARGSTU;SENDSTUF;DIRSTUFF;DIRSTUFF","30;31;28;20;21;24;25;26;27;40;41;18;19;16;42;43","0x04","0x41","6","6","0x3000","0x3100","0xd791","0xf302","0xd7af","0xf112","0xd632","0xdd07","0xd913","0xf1aa","0xd958","0xf38f","0xf3b2","0xde0b","0xdcd0","0xd64b","0xd940","0xd81c","0xf2a5","0xd7c9","0xf310","0xd664","0xde82","0xd7db","0xf159","0xde70","0xd863","0xf2cd","0xd52a","0xdaec","0xdd29","0xd49e","0xecc1","0xd338","0xdd95","0xd2f6","0xdb2b","0xdb0f","0xdb3e","0xd3d9","0xd9fd","0xd4f4","0xd61e","0xd3bd","0xdaa5","0xd3f6","0xd671","0xe583","0xe461","0xdf9e","0xdf96","0xdf8e","0xd43e","0xd544","0xdf9a","0xdf92","0xd412","0xdf8a","0xd472","0xd300","0xdbcc","0xdc22","0xd581","0xd5b6","0xd5ea","0xd604","0xdb7d","0xe56e","0xe537","0xe121","0xe0f3","0xe0eb","0xd377","0xd33f","0xe0ef","0xe0e7","0xd35b","0xe0f7","0xd394","0xe500","0xe4c1","0xe4e3","0xd9d7","0xd4c9","0xd2dd","UNIMPL","UNIMPL","0xee75","0xd776","0xd2dd","0xd34e","0xd34e","0xd34e","0xd34e","0xd34e","0xd34e","0xd34e","0xd34e","0xd34e","0xd34e","0xd34e","0xd34e","0xd34e","0xd34e","0xd34e","0xd34e","0xd3b0","0xd3b0","0xd3b0","0xd3b0","0xd3b0","0xd3b0","0xd3b0","0xd3b0","0xd3b0","0xd3b0","0xd3b0","0xd3b0","0xd3b0","0xd3b0","0xd3b0","0xd3b0","0xd519","0xd516","0xd516","0xd516","0xd516","0xd516","0xd516","0xd516","0xf554","0xd705","0xeeea","0xeeea","0xeda4","0xf6bc","0xf6c1","UNIMPL","UNIMPL","0xee8b","0xecd2","0xed17","0xf577","RSRVD","RSRVD","RSRVD","RSRVD","RSRVD","RSRVD","RSRVD","RSRVD","0xecad","0xecb7","0xf420","0xf40b","UNIMPL","UNIMPL","UNIMPL","UNIMPL","UNIMPL","UNIMPL","UNIMPL","0xd741","0xd758","0xf549","0xf55f","0xf435","0xf56d","0xf5f2","0xee7d","0xef54"
"pascal-results/images/24e328599046733bad8446270e2e7fe53a4e238299830d350df8e8070eb640a9/files","NCMTOOL","","SYSTEM.APPLE","fcda8d15f213e8e0d5c3987ab92ba114","e35d6659b6a1c4675cd7c47c411fc726","37005ab1101c609aa04bb04359c89cd5","PASCALSY;USERPROG;FIOPRIMS;PRINTERR;INITIALI;GETCMD;SYSIO;","0;1;2;3;4;5;6;15","LONGINTI;PASCALIO;CHAINSTU;NCMGLOB;NCMGLOB;GSTRGLOB;GSTRGLOB;GSTR2;BCGLOB;BCGLOB","30;31;28;26;27;25;29;24;23;22","0x03","0x01","5","5","0x3000","0x3100","0xd6ff","0xec8a","0xd71d","0xea9a","0xd5af","0xdb9b","0xd87d","0xeb32","0xd8c2","0xed17","0xed3a","0xdc99","0xdb64","0xd5c2","0xd8aa","0xd786","0xec2d","0xd735","0xec98","0xd5d5","0xdd10","0xd747","0xeae1","0xdcfe","0xd7cd","0xec55","0xd4bc","0xd98c","0xdbbd","0xd442","0xe67f","0xd2d7","0xdc29","0xd2a0","0xd9cb","0xd9af","0xd9de","0xd384","0xd929","0xd48c","0xd59b","0xd366","0xd94b","0xd3aa","0xd5e2","0xe371","0xe285","0xde2c","0xde24","0xde1c","0xd3ee","0xd4d6","0xde28","0xde20","0xd3c8","0xde18","0xd41c","0xd2a8","0xda60","0xdab6","0xd50a","0xd539","0xd567","0xd581","0xda1d","0xe35c","0xe32b","0xdfa9","0xdf7b","0xdf73","0xd315","0xd2de","0xdf77","0xdf6f","0xd2f7","0xdf7f","0xd33b","0xe306","0xe2d3","0xe2ef","0xd911","0xd467","0xd28d","UNIMPL","UNIMPL","0xe803","0xd6e4","0xd28d","0xd2ea","0xd2ea","0xd2ea","0xd2ea","0xd2ea","0xd2ea","0xd2ea","0xd2ea","0xd2ea","0xd2ea","0xd2ea","0xd2ea","0xd2ea","0xd2ea","0xd2ea","0xd2ea","0xd359","0xd359","0xd359","0xd359","0xd359","0xd359","0xd359","0xd359","0xd359","0xd359","0xd359","0xd359","0xd359","0xd359","0xd359","0xd359","0xd4ab","0xd4a8","0xd4a8","0xd4a8","0xd4a8","0xd4a8","0xd4a8","0xd4a8","0xeedc","0xd673","0xe878","0xe878","0xe75c","0xf041","0xf046","UNIMPL","UNIMPL","0xe819","0xe68a","0xe6cf","0xeeff","RSRVD","RSRVD","RSRVD","RSRVD","RSRVD","RSRVD","RSRVD","RSRVD","0xe66b","0xe675","0xeda8","0xed93","UNIMPL","UNIMPL","UNIMPL","UNIMPL","UNIMPL","UNIMPL","UNIMPL","0xd6af","0xd6c6","0xeed1","0xeee7","0xedbd","0xeef5","0xef7d","0xe80b","0xe8dc"
"pascal-results/images/7a9f623ccc8e049a288627bd53fb48a3400eec4728ab4808d7db7abff323a9b0/files","TFOS","","SYSTEM.APPLE","5abc095a8ed5ac231db236f7f6bf22b3","9caba8da50b2d0ae1470fa31d92abb1d","7b4cc12b5ae6dc321d69750cd079f68d","PASCALSY;USERPROG;FIOPRIMS;PRINTERR;INITIALI;GETCMD;SYSIO;","0;1;2;3;4;5;6;15","BIGINT;BIGINT;GLOBAL;GLOBAL;DATAENTR;DATAENTR;CHAINSTU;QUICKTAX;TAXREPOR;TAXREPOR;TAXCOMP","25;26;40;41;44;45;28;18;20;21;22","0x03","0x41","5","5","0x3000","0x3100","0xd768","0xf0f1","0xd786","0xef01","0xd615","0xdcda","0xd8e6","0xef99","0xd92b","0xf17e","0xf1a1","0xddde","0xdca3","0xd628","0xd913","0xd7ef","0xf094","0xd79e","0xf0ff","0xd63b","0xde55","0xd7b0","0xef48","0xde43","0xd836","0xf0bc","0xd50d","0xdabf","0xdcfc","0xd481","0xeab0","0xd301","0xdd68","0xd2c1","0xdafe","0xdae2","0xdb11","0xd3b1","0xd9d0","0xd4d7","0xd601","0xd393","0xda78","0xd3d7","0xd648","0xe52c","0xe40a","0xdf71","0xdf69","0xdf61","0xd421","0xd527","0xdf6d","0xdf65","0xd3f5","0xdf5d","0xd455","0xd2c9","0xdb9f","0xdbf5","0xd564","0xd599","0xd5cd","0xd5e7","0xdb50","0xe517","0xe4e0","0xe0f4","0xe0c6","0xe0be","0xd342","0xd308","0xe0c2","0xe0ba","0xd324","0xe0ca","0xd368","0xe4a9","0xe46a","0xe48c","0xd9aa","0xd4ac","0xd2a8","UNIMPL","UNIMPL","0xec64","0xd74d","0xd2a8","0xd317","0xd317","0xd317","0xd317","0xd317","0xd317","0xd317","0xd317","0xd317","0xd317","0xd317","0xd317","0xd317","0xd317","0xd317","0xd317","0xd386","0xd386","0xd386","0xd386","0xd386","0xd386","0xd386","0xd386","0xd386","0xd386","0xd386","0xd386","0xd386","0xd386","0xd386","0xd386","0xd4fc","0xd4f9","0xd4f9","0xd4f9","0xd4f9","0xd4f9","0xd4f9","0xd4f9","0xf343","0xd6dc","0xecd9","0xecd9","0xeb93","0xf4a8","0xf4ad","UNIMPL","UNIMPL","0xec7a","0xeac1","0xeb06","0xf366","RSRVD","RSRVD","RSRVD","RSRVD","RSRVD","RSRVD","RSRVD","RSRVD","0xea9c","0xeaa6","0xf20f","0xf1fa","UNIMPL","UNIMPL","UNIMPL","UNIMPL","UNIMPL","UNIMPL","UNIMPL","0xd718","0xd72f","0xf338","0xf34e","0xf224","0xf35c","0xf3e4","0xec6c","0xed43"
"pascal-results/images/1c8518686f7eee05a150a73b3d57c100d0ad562ab628727f8877cbfb0bca15f3/files","BLANK","","SYSTEM.APPLE","6a8b6b699bba2ccd34b7c66fc700e20e","16165b117cc8eb127479e100665c78f9","3721f3aa45b90d5c4ed2a9f981219b6e","PASCALSY;USERPROG;FIOPRIMS;PRINTERR;INITIALI;GETCMD;FILEPROC;","0;1;2;3;4;5;6;15","LONGINTI;PASCALIO;CHAINSTU;PDOSCORE;PDOSCORE;PDOSREF;PDOSFILE","30;31;28;24;25;26;27","0x04","0x40","6","6","0x3000","0x3100","0xd762","0xf2d3","0xd780","0xf0e3","0xd603","0xdcd8","0xd8e4","0xf17b","0xd929","0xf360","0xf383","0xdddc","0xdca1","0xd61c","0xd911","0xd7ed","0xf276","0xd79a","0xf2e1","0xd635","0xde53","0xd7ac","0xf12a","0xde41","0xd834","0xf29e","0xd4fb","0xdabd","0xdcfa","0xd46f","0xec92","0xd309","0xdd66","0xd2c7","0xdafc","0xdae0","0xdb0f","0xd3aa","0xd9ce","0xd4c5","0xd5ef","0xd38e","0xda76","0xd3c7","0xd642","0xe554","0xe432","0xdf6f","0xdf67","0xdf5f","0xd40f","0xd515","0xdf6b","0xdf63","0xd3e3","0xdf5b","0xd443","0xd2d1","0xdb9d","0xdbf3","0xd552","0xd587","0xd5bb","0xd5d5","0xdb4e","0xe53f","0xe508","0xe0f2","0xe0c4","0xe0bc","0xd348","0xd310","0xe0c0","0xe0b8","0xd32c","0xe0c8","0xd365","0xe4d1","0xe492","0xe4b4","0xd9a8","0xd49a","0xd2ae","UNIMPL","UNIMPL","0xee46","0xd747","0xd2ae","0xd31f","0xd31f","0xd31f","0xd31f","0xd31f","0xd31f","0xd31f","0xd31f","0xd31f","0xd31f","0xd31f","0xd31f","0xd31f","0xd31f","0xd31f","0xd31f","0xd381","0xd381","0xd381","0xd381","0xd381","0xd381","0xd381","0xd381","0xd381","0xd381","0xd381","0xd381","0xd381","0xd381","0xd381","0xd381","0xd4ea","0xd4e7","0xd4e7","0xd4e7","0xd4e7","0xd4e7","0xd4e7","0xd4e7","0xf525","0xd6d6","0xeebb","0xeebb","0xed75","0xf68d","0xf692","UNIMPL","UNIMPL","0xee5c","0xeca3","0xece8","0xf548","RSRVD","RSRVD","RSRVD","RSRVD","RSRVD","RSRVD","RSRVD","RSRVD","0xec7e","0xec88","0xf3f1","0xf3dc","UNIMPL","UNIMPL","UNIMPL","UNIMPL","UNIMPL","UNIMPL","UNIMPL","0xd712","0xd729","0xf51a","0xf530","0xf406","0xf53e","0xf5c3","0xee4e","0xef25"
"pascal-results/images/b0b2a5d451a9653865ddd19c5eda7f1893ea4080082f469f312b549dbe7f8109/files","INGLESE","","SYSTEM.APPLE","2ff0b3316b2947998c1cb41cce82334f","6c67161a696176ededdc0f018dc1c438","995f9ddeb348ef978c5d84d6909675a0","PASCALSY;USERPROG;FIOPRIMS;PRINTERR;INITIALI;GETCMD;FILEPROC;","0;1;2;3;4;5;6;15","LONGINTI;PASCALIO;CHAINSTU;TURTLEGR;TURTLEGR;APPLESTU;INGUNIT;INGUNIT;VOCUNITA","30;31;28;20;21;22;23;24;19","0x03","0x40","5","5","0x3000","0x3100","0xd739","0xf13a","0xd757","0xef4a","0xd5e6","0xdcab","0xd8b7","0xefe2","0xd8fc","0xf1c7","0xf1ea","0xddaf","0xdc74","0xd5f9","0xd8e4","0xd7c0","0xf0dd","0xd76f","0xf148","0xd60c","0xde26","0xd781","0xef91","0xde14","0xd807","0xf105","0xd4de","0xda90","0xdccd","0xd452","0xea81","0xd2d2","0xdd39","0xd292","0xdacf","0xdab3","0xdae2","0xd382","0xd9a1","0xd4a8","0xd5d2","0xd364","0xda49","0xd3a8","0xd619","0xe4fd","0xe3db","0xdf42","0xdf3a","0xdf32","0xd3f2","0xd4f8","0xdf3e","0xdf36","0xd3c6","0xdf2e","0xd426","0xd29a","0xdb70","0xdbc6","0xd535","0xd56a","0xd59e","0xd5b8","0xdb21","0xe4e8","0xe4b1","0xe0c5","0xe097","0xe08f","0xd313","0xd2d9","0xe093","0xe08b","0xd2f5","0xe09b","0xd339","0xe47a","0xe43b","0xe45d","0xd97b","0xd47d","0xd279","UNIMPL","UNIMPL","0xecad","0xd71e","0xd279","0xd2e8","0xd2e8","0xd2e8","0xd2e8","0xd2e8","0xd2e8","0xd2e8","0xd2e8","0xd2e8","0xd2e8","0xd2e8","0xd2e8","0xd2e8","0xd2e8","0xd2e8","0xd2e8","0xd357","0xd357","0xd357","0xd357","0xd357","0xd357","0xd357","0xd357","0xd357","0xd357","0xd357","0xd357","0xd357","0xd357","0xd357","0xd357","0xd4cd","0xd4ca","0xd4ca","0xd4ca","0xd4ca","0xd4ca","0xd4ca","0xd4ca","0xf38c","0xd6ad","0xed22","0xed22","0xebdc","0xf4f1","0xf4f6","0xea92","0xea98","0xecc3","0xeb0a","0xeb4f","0xf3af","RSRVD","RSRVD","RSRVD","RSRVD","RSRVD","RSRVD","RSRVD","RSRVD","0xea6d","0xea77","0xf258","0xf243","UNIMPL","UNIMPL","UNIMPL","UNIMPL","UNIMPL","UNIMPL","UNIMPL","0xd6e9","0xd700","0xf381","0xf397","0xf26d","0xf3a5","0xf42d","0xecb5","0xed8c"
"pascal-results/images/1628763f973f7cf6c6907cf783297b9a773839801d88069a5bca3ffe28b83f0e/files","BOOT","Also found at: pascal-results/images/c5efbbbec06b3a0530c6c7b1d40c2daf3da83c762e25cde8a71ddbb5e8bf13df/files (volume: DISK1)","SYSTEM.APPLE","c78f77265aae0f6d9764cb4c91258c16","681977fa5a87ea54fa170ffa23b45848","6187870fb81e17422c4c4fbc32c90d0f","PASCALSY;USERPROG;FIOPRIMS;PRINTERR;INITIALI;GETCMD;SYSIO;","0;1;2;3;4;5;6;15","LONGINTI;PASCALIO;SCREENIO;SCREENIO;CONVERT;SUBSYS;SUBSYS","30;31;16;17;34;23;24","0x04","0x41","6","6","0x3000","0x3100","0xd791","0xf302","0xd7af","0xf112","0xd632","0xdd07","0xd913","0xf1aa","0xd958","0xf38f","0xf3b2","0xde0b","0xdcd0","0xd64b","0xd940","0xd81c","0xf2a5","0xd7c9","0xf310","0xd664","0xde82","0xd7db","0xf159","0xde70","0xd863","0xf2cd","0xd52a","0xdaec","0xdd29","0xd49e","0xecc1","0xd338","0xdd95","0xd2f6","0xdb2b","0xdb0f","0xdb3e","0xd3d9","0xd9fd","0xd4f4","0xd61e","0xd3bd","0xdaa5","0xd3f6","0xd671","0xe583","0xe461","0xdf9e","0xdf96","0xdf8e","0xd43e","0xd544","0xdf9a","0xdf92","0xd412","0xdf8a","0xd472","0xd300","0xdbcc","0xdc22","0xd581","0xd5b6","0xd5ea","0xd604","0xdb7d","0xe56e","0xe537","0xe121","0xe0f3","0xe0eb","0xd377","0xd33f","0xe0ef","0xe0e7","0xd35b","0xe0f7","0xd394","0xe500","0xe4c1","0xe4e3","0xd9d7","0xd4c9","0xd2dd","UNIMPL","UNIMPL","0xee75","0xd776","0xd2dd","0xd34e","0xd34e","0xd34e","0xd34e","0xd34e","0xd34e","0xd34e","0xd34e","0xd34e","0xd34e","0xd34e","0xd34e","0xd34e","0xd34e","0xd34e","0xd34e","0xd3b0","0xd3b0","0xd3b0","0xd3b0","0xd3b0","0xd3b0","0xd3b0","0xd3b0","0xd3b0","0xd3b0","0xd3b0","0xd3b0","0xd3b0","0xd3b0","0xd3b0","0xd3b0","0xd519","0xd516","0xd516","0xd516","0xd516","0xd516","0xd516","0xd516","0xf554","0xd705","0xeeea","0xeeea","0xeda4","0xf6bc","0xf6c1","UNIMPL","UNIMPL","0xee8b","0xecd2","0xed17","0xf577","RSRVD","RSRVD","RSRVD","RSRVD","RSRVD","RSRVD","RSRVD","RSRVD","0xecad","0xecb7","0xf420","0xf40b","UNIMPL","UNIMPL","UNIMPL","UNIMPL","UNIMPL","UNIMPL","UNIMPL","0xd741","0xd758","0xf549","0xf55f","0xf435","0xf56d","0xf5f2","0xee7d","0xef54"
"pascal-results/images/ddde1efe0ef229952c152a337654df8af718797d93da156f913eb9c7cb4b3477/files","BAGL","","SYSTEM.APPLE","1cd11df9e32677f4d3673933d5c996fc","24ca8f71aca82a11063a21463ad22184","33faa286497fd20a38b9cfdb58bf41a2","PASCALSY;USERPROG;DEBUGGER;PRINTERR;INITIALI;GETCMD;FILEPROC;","0;1;2;3;4;5;6;15","PASCALIO;CHAINSTU;TURTLEGR;TURTLEGR;APPLESTU","31;28;20;21;22","0x02","0x01","2","2","0x3000","0x3100","0xd6bb","0xecb2","0xd6d9","0xeac2","0xd56b","0xdb57","0xd839","0xeb5a","0xd87e","0xed3f","0xed62","0xdc55","0xdb20","0xd57e","0xd866","0xd742","0xec55","0xd6f1","0xecc0","0xd591","0xdccc","0xd703","0xeb09","0xdcba","0xd789","0xec7d","0xd47b","0xd948","0xdb79","0xd401","0xe630","0xd296","0xdbe5","0xd25f","0xd987","0xd96b","0xd99a","0xd343","0xd8e5","0xd44b","0xd557","0xd325","0xd907","0xd369","0xd59e","0xe33f","0xe253","0xdde8","0xdde0","0xddd8","0xd3ad","0xd495","0xdde4","0xdddc","0xd387","0xddd4","0xd3db","0xd267","0xda1c","0xda72","0xd4c8","0xd4f6","0xd523","0xd53d","0xd9d9","0xe32a","0xe2f9","0xdf65","0xdf37","0xdf2f","0xd2d4","0xd29d","0xdf33","0xdf2b","0xd2b6","0xdf3b","0xd2fa","0xe2d4","0xe2a1","0xe2bd","0xd8cd","0xd426","0xd24d","UNIMPL","UNIMPL","0xe82b","0xd6a0","0xd24d","0xd2a9","0xd2a9","0xd2a9","0xd2a9","0xd2a9","0xd2a9","0xd2a9","0xd2a9","0xd2a9","0xd2a9","0xd2a9","0xd2a9","0xd2a9","0xd2a9","0xd2a9","0xd2a9","0xd318","0xd318","0xd318","0xd318","0xd318","0xd318","0xd318","0xd318","0xd318","0xd318","0xd318","0xd318","0xd318","0xd318","0xd318","0xd318","0xd46a","0xd467","0xd467","0xd467","0xd467","0xd467","0xd467","0xd467","0xef04","0xd62f","0xe8a0","0xe8a0","0xe784","0xf069","0xf06e","0xe63a","0xe640","0xe841","0xe6b2","0xe6f7","0xef27","RSRVD","RSRVD","RSRVD","RSRVD","RSRVD","RSRVD","RSRVD","RSRVD","0xe61c","0xe626","0xedd0","0xedbb","UNIMPL","UNIMPL","UNIMPL","UNIMPL","UNIMPL","UNIMPL","UNIMPL","0xd66b","0xd682","0xeef9","0xef0f","0xede5","0xef1d","0xefa5","0xe833","0xe904"
"pascal-results/images/8cb416a6fb12adba929af358dca7a94a143afda1ebc3f104ddb6371f492ef0f4/files","SPTY","","SYSTEM.APPLE","5c8dfccbe68ae128baecae83cd7aa185","24ca8f71aca82a11063a21463ad22184","b4f572465ea25ceb71a5f3076e17f902","PASCALSY;USERPROG;DEBUGGER;PRINTERR;INITIALI;GETCMD;FILEPROC;","0;1;2;3;4;5;6;15","PASCALIO;CHAINSTU;SHORTGRA;SHORTGRA;APPLESTU;LONGINTI;TGRAF;TGRAF","31;28;20;21;22;30;25;26","0x02","0x01","2","2","0x3000","0x3100","0xd6bb","0xecb2","0xd6d9","0xeac2","0xd56b","0xdb57","0xd839","0xeb5a","0xd87e","0xed3f","0xed62","0xdc55","0xdb20","0xd57e","0xd866","0xd742","0xec55","0xd6f1","0xecc0","0xd591","0xdccc","0xd703","0xeb09","0xdcba","0xd789","0xec7d","0xd47b","0xd948","0xdb79","0xd401","0xe630","0xd296","0xdbe5","0xd25f","0xd987","0xd96b","0xd99a","0xd343","0xd8e5","0xd44b","0xd557","0xd325","0xd907","0xd369","0xd59e","0xe33f","0xe253","0xdde8","0xdde0","0xddd8","0xd3ad","0xd495","0xdde4","0xdddc","0xd387","0xddd4","0xd3db","0xd267","0xda1c","0xda72","0xd4c8","0xd4f6","0xd523","0xd53d","0xd9d9","0xe32a","0xe2f9","0xdf65","0xdf37","0xdf2f","0xd2d4","0xd29d","0xdf33","0xdf2b","0xd2b6","0xdf3b","0xd2fa","0xe2d4","0xe2a1","0xe2bd","0xd8cd","0xd426","0xd24d","UNIMPL","UNIMPL","0xe82b","0xd6a0","0xd24d","0xd2a9","0xd2a9","0xd2a9","0xd2a9","0xd2a9","0xd2a9","0xd2a9","0xd2a9","0xd2a9","0xd2a9","0xd2a9","0xd2a9","0xd2a9","0xd2a9","0xd2a9","0xd2a9","0xd318","0xd318","0xd318","0xd318","0xd318","0xd318","0xd318","0xd318","0xd318","0xd318","0xd318","0xd318","0xd318","0xd318","0xd318","0xd318","0xd46a","0xd467","0xd467","0xd467","0xd467","0xd467","0xd467","0xd467","0xef04","0xd62f","0xe8a0","0xe8a0","0xe784","0xf069","0xf06e","0xe63a","0xe640","0xe841","0xe6b2","0xe6f7","0xef27","RSRVD","RSRVD","RSRVD","RSRVD","RSRVD","RSRVD","RSRVD","RSRVD","0xe61c","0xe626","0xedd0","0xedbb","UNIMPL","UNIMPL","UNIMPL","UNIMPL","UNIMPL","UNIMPL","UNIMPL","0xd66b","0xd682","0xeef9","0xef0f","0xede5","0xef1d","0xefa5","0xe833","0xe904"
"pascal-results/images/ff2d819c4929628d32b85f99a759d6a39443e0f15833d7eabe5cec255c66cb46/files","DEMO","","SYSTEM.APPLE","fcda8d15f213e8e0d5c3987ab92ba114","e35d6659b6a1c4675cd7c47c411fc726","256bb3fbd58ed60542be17043db23b67","PASCALSY;USERPROG;FIOPRIMS;PRINTERR;INITIALI;GETCMD;SYSIO;","0;1;2;3;4;5;6;15","PASCALIO;SHORTGRA;SHORTGRA;CHAINSTU;APPLESTU;MEMGLOBA;MEMGLOBA;FILESTUF;FILESTUF;HINTS;HINTS","31;20;21;28;22;25;26;18;19;23;24","0x03","0x01","5","5","0x3000","0x3100","0xd6ff","0xec8a","0xd71d","0xea9a","0xd5af","0xdb9b","0xd87d","0xeb32","0xd8c2","0xed17","0xed3a","0xdc99","0xdb64","0xd5c2","0xd8aa","0xd786","0xec2d","0xd735","0xec98","0xd5d5","0xdd10","0xd747","0xeae1","0xdcfe","0xd7cd","0xec55","0xd4bc","0xd98c","0xdbbd","0xd442","0xe67f","0xd2d7","0xdc29","0xd2a0","0xd9cb","0xd9af","0xd9de","0xd384","0xd929","0xd48c","0xd59b","0xd366","0xd94b","0xd3aa","0xd5e2","0xe371","0xe285","0xde2c","0xde24","0xde1c","0xd3ee","0xd4d6","0xde28","0xde20","0xd3c8","0xde18","0xd41c","0xd2a8","0xda60","0xdab6","0xd50a","0xd539","0xd567","0xd581","0xda1d","0xe35c","0xe32b","0xdfa9","0xdf7b","0xdf73","0xd315","0xd2de","0xdf77","0xdf6f","0xd2f7","0xdf7f","0xd33b","0xe306","0xe2d3","0xe2ef","0xd911","0xd467","0xd28d","UNIMPL","UNIMPL","0xe803","0xd6e4","0xd28d","0xd2ea","0xd2ea","0xd2ea","0xd2ea","0xd2ea","0xd2ea","0xd2ea","0xd2ea","0xd2ea","0xd2ea","0xd2ea","0xd2ea","0xd2ea","0xd2ea","0xd2ea","0xd2ea","0xd359","0xd359","0xd359","0xd359","0xd359","0xd359","0xd359","0xd359","0xd359","0xd359","0xd359","0xd359","0xd359","0xd359","0xd359","0xd359","0xd4ab","0xd4a8","0xd4a8","0xd4a8","0xd4a8","0xd4a8","0xd4a8","0xd4a8","0xeedc","0xd673","0xe878","0xe878","0xe75c","0xf041","0xf046","UNIMPL","UNIMPL","0xe819","0xe68a","0xe6cf","0xeeff","RSRVD","RSRVD","RSRVD","RSRVD","RSRVD","RSRVD","RSRVD","RSRVD","0xe66b","0xe675","0xeda8","0xed93","UNIMPL","UNIMPL","UNIMPL","UNIMPL","UNIMPL","UNIMPL","UNIMPL","0xd6af","0xd6c6","0xeed1","0xeee7","0xedbd","0xeef5","0xef7d","0xe80b","0xe8dc"
"pascal-results/images/cec9655f14e07165b8eb708dffbf6b87a56f21384fe753673982a36c51d176f7/files","LCBOOT","","SYSTEM.APPLE","4b21b08c12ae6dbdb24217ccbbc626c0","ae42d3f2a3dc68ad8f813c709c04f96b","c9a8cf501dd3efc0ae81bb96e4c75d32","PASCALSY;USERPROG;DEBUGGER;PRINTERR;INITIALI;GETCMD;FILEPROC;","0;1;2;3;4;5;6;15","PASCALIO;TRANSCEN;APPLESTU","31;29;22","0x02","0x01","2","2","0x3000","0x3100","0xd6bb","0xecb2","0xd6d9","0xeac2","0xd56b","0xdb57","0xd839","0xeb5a","0xd87e","0xed3f","0xed62","0xdc55","0xdb20","0xd57e","0xd866","0xd742","0xec55","0xd6f1","0xecc0","0xd591","0xdccc","0xd703","0xeb09","0xdcba","0xd789","0xec7d","0xd47b","0xd948","0xdb79","0xd401","0xe630","0xd296","0xdbe5","0xd25f","0xd987","0xd96b","0xd99a","0xd343","0xd8e5","0xd44b","0xd557","0xd325","0xd907","0xd369","0xd59e","0xe33f","0xe253","0xdde8","0xdde0","0xddd8","0xd3ad","0xd495","0xdde4","0xdddc","0xd387","0xddd4","0xd3db","0xd267","0xda1c","0xda72","0xd4c8","0xd4f6","0xd523","0xd53d","0xd9d9","0xe32a","0xe2f9","0xdf65","0xdf37","0xdf2f","0xd2d4","0xd29d","0xdf33","0xdf2b","0xd2b6","0xdf3b","0xd2fa","0xe2d4","0xe2a1","0xe2bd","0xd8cd","0xd426","0xd24d","UNIMPL","UNIMPL","0xe82b","0xd6a0","0xd24d","0xd2a9","0xd2a9","0xd2a9","0xd2a9","0xd2a9","0xd2a9","0xd2a9","0xd2a9","0xd2a9","0xd2a9","0xd2a9","0xd2a9","0xd2a9","0xd2a9","0xd2a9","0xd2a9","0xd318","0xd318","0xd318","0xd318","0xd318","0xd318","0xd318","0xd318","0xd318","0xd318","0xd318","0xd318","0xd318","0xd318","0xd318","0xd318","0xd46a","0xd467","0xd467","0xd467","0xd467","0xd467","0xd467","0xd467","0xef04","0xd62f","0xe8a0","0xe8a0","0xe784","0xf069","0xf06e","0xe63a","0xe640","0xe841","0xe6b2","0xe6f7","0xef27","RSRVD","RSRVD","RSRVD","RSRVD","RSRVD","RSRVD","RSRVD","RSRVD","0xe61c","0xe626","0xedd0","0xedbb","UNIMPL","UNIMPL","UNIMPL","UNIMPL","UNIMPL","UNIMPL","UNIMPL","0xd66b","0xd682","0xeef9","0xef0f","0xede5","0xef1d","0xefa5","0xe833","0xe904"
"pascal-results/images/cb68f12f9155727b5c2d1cf08758db7434a48b7b92257d29609f3035854acca9/files","TURNKEY","Also found at: pascal-results/images/60cee4a694618fd4709336e56f244ca77ab28f3dca948ab0b880d6eb8e1b204b/files (volume: TURNKEY)","SYSTEM.APPLE","93b3b570ad7d4f281c32863274b7bc4b","064a1a1c1d36528e660900a2e609d158","1869a63d1f8635e0e3c503b721411e4e","PASCALSY;USERPROG;FIOPRIMS;PRINTERR;INITIALI;GETCMD;SYSIO;","0;1;2;3;4;5;6;15","LONGINTI;PASCALIO;CHAINSTU;TRANSCEN;TURTLEGR;TURTLEGR;APPLESTU","30;31;28;29;20;21;22","0x04","0x01","6","6","0x3000","0x3100","0xd71c","0xecc8","0xd73a","0xead8","0xd5c0","0xdbbc","0xd89e","0xeb70","0xd8e3","0xed55","0xed78","0xdcba","0xdb85","0xd5d9","0xd8cb","0xd7a7","0xec6b","0xd754","0xecd6","0xd5f2","0xdd31","0xd766","0xeb1f","0xdd1f","0xd7ee","0xec93","0xd4cd","0xd9ad","0xdbde","0xd453","0xe6bd","0xd302","0xdc4a","0xd2c9","0xd9ec","0xd9d0","0xd9ff","0xd3a0","0xd94a","0xd49d","0xd5ac","0xd384","0xd96c","0xd3bd","0xd5ff","0xe3bc","0xe2d0","0xde4d","0xde45","0xde3d","0xd3ff","0xd4e7","0xde49","0xde41","0xd3d9","0xde39","0xd42d","0xd2d3","0xda81","0xdad7","0xd51b","0xd54a","0xd578","0xd592","0xda3e","0xe3a7","0xe376","0xdfca","0xdf9c","0xdf94","0xd33e","0xd309","0xdf98","0xdf90","0xd322","0xdfa0","0xd35b","0xe351","0xe31e","0xe33a","0xd932","0xd478","0xd2b6","UNIMPL","UNIMPL","0xe841","0xd701","0xd2b6","0xd315","0xd315","0xd315","0xd315","0xd315","0xd315","0xd315","0xd315","0xd315","0xd315","0xd315","0xd315","0xd315","0xd315","0xd315","0xd315","0xd377","0xd377","0xd377","0xd377","0xd377","0xd377","0xd377","0xd377","0xd377","0xd377","0xd377","0xd377","0xd377","0xd377","0xd377","0xd377","0xd4bc","0xd4b9","0xd4b9","0xd4b9","0xd4b9","0xd4b9","0xd4b9","0xd4b9","0xef1a","0xd690","0xe8b6","0xe8b6","0xe79a","0xf082","0xf087","UNIMPL","UNIMPL","0xe857","0xe6c8","0xe70d","0xef3d","RSRVD","RSRVD","RSRVD","RSRVD","RSRVD","RSRVD","RSRVD","RSRVD","0xe6a9","0xe6b3","0xede6","0xedd1","UNIMPL","UNIMPL","UNIMPL","UNIMPL","UNIMPL","UNIMPL","UNIMPL","0xd6cc","0xd6e3","0xef0f","0xef25","0xedfb","0xef33","0xefb8","0xe849","0xe91a"
"pascal-results/images/5f03bd37a43a9d5f116589c75b0e9b98556aba7769a4222b2ed78fc2a0bbf1cf/files","SYSTEM","","SYSTEM.APPLE","54b5df4d19bbd7ddeee5c5af19973908","16165b117cc8eb127479e100665c78f9","5af4af802e3f3bb4916f8460f537c756","PASCALSY;USERPROG;FIOPRIMS;PRINTERR;INITIALI;GETCMD;FILEPROC;","0;1;2;3;4;5;6;15","LONGINTI;PASCALIO;CHAINSTU;TRANSCEN;TURTLEGR;TURTLEGR;APPLESTU;CHSTRIO;CHSTRIO;DIRSTUFF;DIRSTUFF","30;31;28;29;20;21;22;42;43;44;45","0x04","0x40","6","6","0x3000","0x3100","0xd762","0xf2d3","0xd780","0xf0e3","0xd603","0xdcd8","0xd8e4","0xf17b","0xd929","0xf360","0xf383","0xdddc","0xdca1","0xd61c","0xd911","0xd7ed","0xf276","0xd79a","0xf2e1","0xd635","0xde53","0xd7ac","0xf12a","0xde41","0xd834","0xf29e","0xd4fb","0xdabd","0xdcfa","0xd46f","0xec92","0xd309","0xdd66","0xd2c7","0xdafc","0xdae0","0xdb0f","0xd3aa","0xd9ce","0xd4c5","0xd5ef","0xd38e","0xda76","0xd3c7","0xd642","0xe554","0xe432","0xdf6f","0xdf67","0xdf5f","0xd40f","0xd515","0xdf6b","0xdf63","0xd3e3","0xdf5b","0xd443","0xd2d1","0xdb9d","0xdbf3","0xd552","0xd587","0xd5bb","0xd5d5","0xdb4e","0xe53f","0xe508","0xe0f2","0xe0c4","0xe0bc","0xd348","0xd310","0xe0c0","0xe0b8","0xd32c","0xe0c8","0xd365","0xe4d1","0xe492","0xe4b4","0xd9a8","0xd49a","0xd2ae","UNIMPL","UNIMPL","0xee46","0xd747","0xd2ae","0xd31f","0xd31f","0xd31f","0xd31f","0xd31f","0xd31f","0xd31f","0xd31f","0xd31f","0xd31f","0xd31f","0xd31f","0xd31f","0xd31f","0xd31f","0xd31f","0xd381","0xd381","0xd381","0xd381","0xd381","0xd381","0xd381","0xd381","0xd381","0xd381","0xd381","0xd381","0xd381","0xd381","0xd381","0xd381","0xd4ea","0xd4e7","0xd4e7","0xd4e7","0xd4e7","0xd4e7","0xd4e7","0xd4e7","0xf525","0xd6d6","0xeebb","0xeebb","0xed75","0xf68d","0xf692","UNIMPL","UNIMPL","0xee5c","0xeca3","0xece8","0xf548","RSRVD","RSRVD","RSRVD","RSRVD","RSRVD","RSRVD","RSRVD","RSRVD","0xec7e","0xec88","0xf3f1","0xf3dc","UNIMPL","UNIMPL","UNIMPL","UNIMPL","UNIMPL","UNIMPL","UNIMPL","0xd712","0xd729","0xf51a","0xf530","0xf406","0xf53e","0xf5c3","0xee4e","0xef25"
"pascal-results/images/795f4efd995fb9f3ffdca80f0eb5b3607afb45ec90cc1a270da142e677bc9ded/files","HDLBOOT","","RTSTRP.APPLE","0fa10920f0b6fc377ef0d6c90cc2babc","1b0a1da91cd9805d7210e9d1b7807500","52ed803d229fa92ae6eb2e636cc63d16","PASCALSY;USERPROG;FIOPRIMS;INITIALI;GETCMD;SYSIO","0;1;2;4;5;6","PASCALIO;CHAINSTU","31;28","0x03","0x27","5","5","0x0500","0x0600","0x9dff","UNIMPL","0x9e1d","UNIMPL","0x9caf","UNIMPL","0x9f7d","UNIMPL","0x9fc2","UNIMPL","UNIMPL","UNIMPL","UNIMPL","0x9cc2","0x9faa","0x9e86","UNIMPL","0x9e35","UNIMPL","0x9cd5","UNIMPL","0x9e47","UNIMPL","UNIMPL","0x9ecd","UNIMPL","0x9bbc","0xa08c","UNIMPL","0x9b42","0xa98e","0x99d7","UNIMPL","0x99a0","0xa0cb","0xa0af","0xa0de","0x9a84","0xa029","0x9b8c","0x9c9b","0x9a66","0xa04b","0x9aaa","0x9ce2","0xa69a","0xa5ae","0xa295","0xa28d","0xa285","0x9aee","0x9bd6","0xa291","0xa289","0x9ac8","0xa281","0x9b1c","0x99a8","0xa160","0xa1b6","0x9c0a","0x9c39","0x9c67","0x9c81","0xa11d","0xa685","0xa654","0xa3d8","0xa3aa","0xa3a2","0x9a15","0x99de","0xa3a6","0xa39e","0x99f7","0xa3ae","0x9a3b","0xa62f","0xa5fc","0xa618","0xa011","0x9b67","0x998d","UNIMPL","UNIMPL","0xab12","0x9de4","0x998d","0x99ea","0x99ea","0x99ea","0x99ea","0x99ea","0x99ea","0x99ea","0x99ea","0x99ea","0x99ea","0x99ea","0x99ea","0x99ea","0x99ea","0x99ea","0x99ea","0x9a59","0x9a59","0x9a59","0x9a59","0x9a59","0x9a59","0x9a59","0x9a59","0x9a59","0x9a59","0x9a59","0x9a59","0x9a59","0x9a59","0x9a59","0x9a59","0x9bab","0x9ba8","0x9ba8","0x9ba8","0x9ba8","0x9ba8","0x9ba8","0x9ba8","0xac6a","0x9d73","0xab87","0xab87","0xaa6b","0xadcf","0xadd4","UNIMPL","UNIMPL","0xab28","0xa999","0xa9de","0xac8d","RSRVD","RSRVD","RSRVD","RSRVD","RSRVD","RSRVD","RSRVD","RSRVD","0xa97a","0xa984","UNIMPL","UNIMPL","UNIMPL","UNIMPL","UNIMPL","UNIMPL","UNIMPL","UNIMPL","UNIMPL","0x9daf","0x9dc6","0xac5f","0xac75","UNIMPL","0xac83","0xad0b","0xab1a","0xabeb"
"pascal-results/images/cd2478d884ab7e8ce573d3f5b7061224894e9e8da7bb94cca19229bbee22d42d/files","M080883","","RTSTRP.APPLE","ef2c65ef16c0907b04baa380a004a3a4","b8420e9c750697d416d6367d437425ac","436d2261236f38e1f54b0dfd71c54558","PASCALSY;USERPROG;SYSIO;PRINTERR;INITIALI;GETCMD;FIOPRIMS","0;1;2;3;4;5;6","PASCALIO;CHAINSTU;UTILITIE;UTILITIE","31;28;25;26","0x02","0x05","2","2","0x0400","0x0500","0x9ce3","UNIMPL","0x9d01","UNIMPL","0x9bab","UNIMPL","0x9e61","UNIMPL","0x9ea6","UNIMPL","UNIMPL","UNIMPL","UNIMPL","0x9bbe","0x9e8e","0x9d6a","UNIMPL","0x9d19","UNIMPL","0x9bd1","UNIMPL","0x9d2b","UNIMPL","UNIMPL","0x9db1","UNIMPL","0x9abb","0x9f70","UNIMPL","0x9a41","0xa881","0x98d6","UNIMPL","0x989f","0x9faf","0x9f93","0x9fc2","0x9983","0x9f0d","0x9a8b","0x9b97","0x9965","0x9f2f","0x99a9","0x9bde","0xa590","0xa4a4","0xa179","0xa171","0xa169","0x99ed","0x9ad5","0xa175","0xa16d","0x99c7","0xa165","0x9a1b","0x98a7","0xa044","0xa09a","0x9b08","0x9b36","0x9b63","0x9b7d","0xa001","0xa57b","0xa54a","0xa2bc","0xa28e","0xa286","0x9914","0x98dd","0xa28a","0xa282","0x98f6","0xa292","0x993a","0xa525","0xa4f2","0xa50e","0x9ef5","0x9a66","0x988d","UNIMPL","UNIMPL","0xaa04","0x9ce0","0x988d","0x98e9","0x98e9","0x98e9","0x98e9","0x98e9","0x98e9","0x98e9","0x98e9","0x98e9","0x98e9","0x98e9","0x98e9","0x98e9","0x98e9","0x98e9","0x98e9","0x9958","0x9958","0x9958","0x9958","0x9958","0x9958","0x9958","0x9958","0x9958","0x9958","0x9958","0x9958","0x9958","0x9958","0x9958","0x9958","0x9aaa","0x9aa7","0x9aa7","0x9aa7","0x9aa7","0x9aa7","0x9aa7","0x9aa7","0xab5c","0x9c6f","0xaa79","0xaa79","0xa95d","0xacc1","0xacc6","UNIMPL","UNIMPL","0xaa1a","0xa88b","0xa8d0","0xab7f","RSRVD","RSRVD","RSRVD","RSRVD","RSRVD","RSRVD","RSRVD","RSRVD","0xa86d","0xa877","UNIMPL","UNIMPL","UNIMPL","UNIMPL","UNIMPL","UNIMPL","UNIMPL","UNIMPL","UNIMPL","0x9cab","0x9cc2","0xab51","0xab67","UNIMPL","0xab75","0xabfd","0xaa0c","0xaadd"
"pascal-results/images/4935ca2292ff6d390474594a40f4d70cb5a81d474c092566dcdd3b8bac47eb5f/files","MICRO.T","","SYSTEM.APPLE","fcda8d15f213e8e0d5c3987ab92ba114","e35d6659b6a1c4675cd7c47c411fc726","e36cb0a1206bc82e70031865ac74b0f3","PASCALSY;USERPROG;FIOPRIMS;PRINTERR;INITIALI;GETCMD;SYSIO;","0;1;2;3;4;5;6;15","PASCALIO;TURTLEGR;TURTLEGR;APPLESTU;CHAINSTU;P2DCSTUF;P2DCSTUF","31;20;21;22;28;25;26","0x03","0x01","5","5","0x3000","0x3100","0xd6ff","0xec8a","0xd71d","0xea9a","0xd5af","0xdb9b","0xd87d","0xeb32","0xd8c2","0xed17","0xed3a","0xdc99","0xdb64","0xd5c2","0xd8aa","0xd786","0xec2d","0xd735","0xec98","0xd5d5","0xdd10","0xd747","0xeae1","0xdcfe","0xd7cd","0xec55","0xd4bc","0xd98c","0xdbbd","0xd442","0xe67f","0xd2d7","0xdc29","0xd2a0","0xd9cb","0xd9af","0xd9de","0xd384","0xd929","0xd48c","0xd59b","0xd366","0xd94b","0xd3aa","0xd5e2","0xe371","0xe285","0xde2c","0xde24","0xde1c","0xd3ee","0xd4d6","0xde28","0xde20","0xd3c8","0xde18","0xd41c","0xd2a8","0xda60","0xdab6","0xd50a","0xd539","0xd567","0xd581","0xda1d","0xe35c","0xe32b","0xdfa9","0xdf7b","0xdf73","0xd315","0xd2de","0xdf77","0xdf6f","0xd2f7","0xdf7f","0xd33b","0xe306","0xe2d3","0xe2ef","0xd911","0xd467","0xd28d","UNIMPL","UNIMPL","0xe803","0xd6e4","0xd28d","0xd2ea","0xd2ea","0xd2ea","0xd2ea","0xd2ea","0xd2ea","0xd2ea","0xd2ea","0xd2ea","0xd2ea","0xd2ea","0xd2ea","0xd2ea","0xd2ea","0xd2ea","0xd2ea","0xd359","0xd359","0xd359","0xd359","0xd359","0xd359","0xd359","0xd359","0xd359","0xd359","0xd359","0xd359","0xd359","0xd359","0xd359","0xd359","0xd4ab","0xd4a8","0xd4a8","0xd4a8","0xd4a8","0xd4a8","0xd4a8","0xd4a8","0xeedc","0xd673","0xe878","0xe878","0xe75c","0xf041","0xf046","UNIMPL","UNIMPL","0xe819","0xe68a","0xe6cf","0xeeff","RSRVD","RSRVD","RSRVD","RSRVD","RSRVD","RSRVD","RSRVD","RSRVD","0xe66b","0xe675","0xeda8","0xed93","UNIMPL","UNIMPL","UNIMPL","UNIMPL","UNIMPL","UNIMPL","UNIMPL","0xd6af","0xd6c6","0xeed1","0xeee7","0xedbd","0xeef5","0xef7d","0xe80b","0xe8dc"
"pascal-results/images/be7a884d33e682375f9d271d4b658c0a8b33cb909b24b036a2be237970ac0df6/files","PFSWORD","","SYSTEM.APPLE","c2d4706531e42cc63b891910837f9494","b3853bc8f27e8380ca8a90f8aea920b8","d91737e01d07a3b905ac75b7bad2f798","PASCALSY;USERPROG;FIOPRIMS;PRINTERR;INITIALI;GETCMD;SYSIO;","0;1;2;3;4;5;6;15","TURTLEGR","20","0x03","0x01","5","2","0x3000","0x3100","0xd6ff","0xec77","0xd71d","0xea87","0xd5af","0xdb9b","0xd87d","0xeb1f","0xd8c2","0xed04","0xed27","0xdc99","0xdb64","0xd5c2","0xd8aa","0xd786","0xec1a","0xd735","0xec85","0xd5d5","0xdd10","0xd747","0xeace","0xdcfe","0xd7cd","0xec42","0xd4bc","0xd98c","0xdbbd","0xd442","0xe66c","0xd2d7","0xdc29","0xd2a0","0xd9cb","0xd9af","0xd9de","0xd384","0xd929","0xd48c","0xd59b","0xd366","0xd94b","0xd3aa","0xd5e2","0xe371","0xe285","0xde2c","0xde24","0xde1c","0xd3ee","0xd4d6","0xde28","0xde20","0xd3c8","0xde18","0xd41c","0xd2a8","0xda60","0xdab6","0xd50a","0xd539","0xd567","0xd581","0xda1d","0xe35c","0xe32b","0xdfa9","0xdf7b","0xdf73","0xd315","0xd2de","0xdf77","0xdf6f","0xd2f7","0xdf7f","0xd33b","0xe306","0xe2d3","0xe2ef","0xd911","0xd467","0xd28d","UNIMPL","UNIMPL","0xe7f0","0xd6e4","0xd28d","0xd2ea","0xd2ea","0xd2ea","0xd2ea","0xd2ea","0xd2ea","0xd2ea","0xd2ea","0xd2ea","0xd2ea","0xd2ea","0xd2ea","0xd2ea","0xd2ea","0xd2ea","0xd2ea","0xd359","0xd359","0xd359","0xd359","0xd359","0xd359","0xd359","0xd359","0xd359","0xd359","0xd359","0xd359","0xd359","0xd359","0xd359","0xd359","0xd4ab","0xd4a8","0xd4a8","0xd4a8","0xd4a8","0xd4a8","0xd4a8","0xd4a8","0xeec9","0xd673","0xe865","0xe865","0xe749","0xf02e","0xf033","UNIMPL","UNIMPL","0xe806","0xe677","0xe6bc","0xeeec","RSRVD","RSRVD","RSRVD","RSRVD","RSRVD","RSRVD","RSRVD","RSRVD","0xe658","0xe662","0xed95","0xed80","UNIMPL","UNIMPL","UNIMPL","UNIMPL","UNIMPL","UNIMPL","UNIMPL","0xd6af","0xd6c6","0xeebe","0xeed4","0xedaa","0xeee2","0xef6a","0xe7f8","0xe8c9"
"pascal-results/images/96b0e93400ec9fb603e19fe2218dc9eed4aa0a850512b7616af181d45dba6a65/files","LOGORUN","","SYSTEM.APPLE","b171707fed34e35c30375a6601fc8829","5a160e53833eab6ae1008555f4fc7d8f","0d67edff8d58c4cca437c073f9afc0be","PASCALSY;USERPROG;SYSIO;PRINTERR;INITIALI;GETCMD;FIOPRIMS;","0;1;2;3;4;5;6;15","APPLESTU;SHORTGRA;SHORTGRA;TRANSCEN;INTROLIB;INTROLIB;INPUTSTU;LOGOSTUF;LOGOSTUF","22;20;21;29;26;27;25;23;28","0x02","0x0b","2","2","0x3000","0x3100","0xd6fb","0xec7a","0xd719","0xea8a","0xd5ab","0xdb97","0xd879","0xeb22","0xd8be","0xed07","0xed2a","0xdc95","0xdb60","0xd5be","0xd8a6","0xd782","0xec1d","0xd731","0xec88","0xd5d1","0xdd0c","0xd743","0xead1","0xdcfa","0xd7c9","0xec45","0xd4bb","0xd988","0xdbb9","0xd441","0xe670","0xd2d6","0xdc25","0xd29f","0xd9c7","0xd9ab","0xd9da","0xd383","0xd925","0xd48b","0xd597","0xd365","0xd947","0xd3a9","0xd5de","0xe37f","0xe293","0xde28","0xde20","0xde18","0xd3ed","0xd4d5","0xde24","0xde1c","0xd3c7","0xde14","0xd41b","0xd2a7","0xda5c","0xdab2","0xd508","0xd536","0xd563","0xd57d","0xda19","0xe36a","0xe339","0xdfa5","0xdf77","0xdf6f","0xd314","0xd2dd","0xdf73","0xdf6b","0xd2f6","0xdf7b","0xd33a","0xe314","0xe2e1","0xe2fd","0xd90d","0xd466","0xd28d","UNIMPL","UNIMPL","0xe7f3","0xd6e0","0xd28d","0xd2e9","0xd2e9","0xd2e9","0xd2e9","0xd2e9","0xd2e9","0xd2e9","0xd2e9","0xd2e9","0xd2e9","0xd2e9","0xd2e9","0xd2e9","0xd2e9","0xd2e9","0xd2e9","0xd358","0xd358","0xd358","0xd358","0xd358","0xd358","0xd358","0xd358","0xd358","0xd358","0xd358","0xd358","0xd358","0xd358","0xd358","0xd358","0xd4aa","0xd4a7","0xd4a7","0xd4a7","0xd4a7","0xd4a7","0xd4a7","0xd4a7","0xeecc","0xd66f","0xe868","0xe868","0xe74c","0xf031","0xf036","UNIMPL","UNIMPL","0xe809","0xe67a","0xe6bf","0xeeef","RSRVD","RSRVD","RSRVD","RSRVD","RSRVD","RSRVD","RSRVD","RSRVD","0xe65c","0xe666","0xed98","0xed83","UNIMPL","UNIMPL","UNIMPL","UNIMPL","UNIMPL","UNIMPL","UNIMPL","0xd6ab","0xd6c2","0xeec1","0xeed7","0xedad","0xeee5","0xef6d","0xe7fb","0xe8cc"
"pascal-results/images/3ddcf28276b7e0cbda6fc0e6c7a267e392d6d25d798946e5e692f8f937c832f4/files","MTXKIT","","SYSTEM.APPLE","91c02f06172bc131b363d8f516b9baf4","b65565a1b7decb939de9002163debef3","4a004e012586f773600b66e6a091ab2c","PASCALSY;USERPROG;FIOPRIMS;PRINTERR;INITIALI;GETCMD;FILEPROC;","0;1;2;3;4;5;6;15","MTXKIT;MTXKIT","20;21","0x03","0x00","5","2","0x3000","0x3100","0xd6d0","0xecd3","0xd6ee","0xeae3","0xd580","0xdb6c","0xd84e","0xeb7b","0xd893","0xed60","0xed83","0xdc6a","0xdb35","0xd593","0xd87b","0xd757","0xec76","0xd706","0xece1","0xd5a6","0xdce1","0xd718","0xeb2a","0xdccf","0xd79e","0xec9e","0xd48d","0xd95d","0xdb8e","0xd413","0xe650","0xd2a8","0xdbfa","0xd271","0xd99c","0xd980","0xd9af","0xd355","0xd8fa","0xd45d","0xd56c","0xd337","0xd91c","0xd37b","0xd5b3","0xe342","0xe256","0xddfd","0xddf5","0xdded","0xd3bf","0xd4a7","0xddf9","0xddf1","0xd399","0xdde9","0xd3ed","0xd279","0xda31","0xda87","0xd4db","0xd50a","0xd538","0xd552","0xd9ee","0xe32d","0xe2fc","0xdf7a","0xdf4c","0xdf44","0xd2e6","0xd2af","0xdf48","0xdf40","0xd2c8","0xdf50","0xd30c","0xe2d7","0xe2a4","0xe2c0","0xd8e2","0xd438","0xd25e","UNIMPL","UNIMPL","0xe84c","0xd6b5","0xd25e","0xd2bb","0xd2bb","0xd2bb","0xd2bb","0xd2bb","0xd2bb","0xd2bb","0xd2bb","0xd2bb","0xd2bb","0xd2bb","0xd2bb","0xd2bb","0xd2bb","0xd2bb","0xd2bb","0xd32a","0xd32a","0xd32a","0xd32a","0xd32a","0xd32a","0xd32a","0xd32a","0xd32a","0xd32a","0xd32a","0xd32a","0xd32a","0xd32a","0xd32a","0xd32a","0xd47c","0xd479","0xd479","0xd479","0xd479","0xd479","0xd479","0xd479","0xef25","0xd644","0xe8c1","0xe8c1","0xe7a5","0xf08a","0xf08f","0xe65b","0xe661","0xe862","0xe6d3","0xe718","0xef48","RSRVD","RSRVD","RSRVD","RSRVD","RSRVD","RSRVD","RSRVD","RSRVD","0xe63c","0xe646","0xedf1","0xeddc","UNIMPL","UNIMPL","UNIMPL","UNIMPL","UNIMPL","UNIMPL","UNIMPL","0xd680","0xd697","0xef1a","0xef30","0xee06","0xef3e","0xefc6","0xe854","0xe925"
"pascal-results/images/a46e5d064d46e460f132b3ed06d28424180f8d6700c26dcbafbe365eb73a4d25/files","WBV3.0","","RTSTRP.APPLE","c6d182f0819dc4f55a927fb76327cde1","5c506ea6b2f881bdf9adc4800346cafa","335c6a2b10734798424785fe161cf21a","PASCALSY;USERPROG;SYSIO;PRINTERR;INITIALI;GETCMD;FIOPRIMS","0;1;2;3;4;5;6","PASCALIO;LONGINTI;CHAINSTU;TRANSCEN;TURTLEGR;TURTLEGR;APPLESTU","31;30;28;29;20;21;22","0x02","0x05","2","2","0x0400","0x0500","0x9ce3","UNIMPL","0x9d01","UNIMPL","0x9bab","UNIMPL","0x9e61","UNIMPL","0x9ea6","UNIMPL","UNIMPL","UNIMPL","UNIMPL","0x9bbe","0x9e8e","0x9d6a","UNIMPL","0x9d19","UNIMPL","0x9bd1","UNIMPL","0x9d2b","UNIMPL","UNIMPL","0x9db1","UNIMPL","0x9abb","0x9f70","UNIMPL","0x9a41","0xa881","0x98d6","UNIMPL","0x989f","0x9faf","0x9f93","0x9fc2","0x9983","0x9f0d","0x9a8b","0x9b97","0x9965","0x9f2f","0x99a9","0x9bde","0xa590","0xa4a4","0xa179","0xa171","0xa169","0x99ed","0x9ad5","0xa175","0xa16d","0x99c7","0xa165","0x9a1b","0x98a7","0xa044","0xa09a","0x9b08","0x9b36","0x9b63","0x9b7d","0xa001","0xa57b","0xa54a","0xa2bc","0xa28e","0xa286","0x9914","0x98dd","0xa28a","0xa282","0x98f6","0xa292","0x993a","0xa525","0xa4f2","0xa50e","0x9ef5","0x9a66","0x988d","UNIMPL","UNIMPL","0xaa04","0x9ce0","0x988d","0x98e9","0x98e9","0x98e9","0x98e9","0x98e9","0x98e9","0x98e9","0x98e9","0x98e9","0x98e9","0x98e9","0x98e9","0x98e9","0x98e9","0x98e9","0x98e9","0x9958","0x9958","0x9958","0x9958","0x9958","0x9958","0x9958","0x9958","0x9958","0x9958","0x9958","0x9958","0x9958","0x9958","0x9958","0x9958","0x9aaa","0x9aa7","0x9aa7","0x9aa7","0x9aa7","0x9aa7","0x9aa7","0x9aa7","0xab5c","0x9c6f","0xaa79","0xaa79","0xa95d","0xacc1","0xacc6","UNIMPL","UNIMPL","0xaa1a","0xa88b","0xa8d0","0xab7f","RSRVD","RSRVD","RSRVD","RSRVD","RSRVD","RSRVD","RSRVD","RSRVD","0xa86d","0xa877","UNIMPL","UNIMPL","UNIMPL","UNIMPL","UNIMPL","UNIMPL","UNIMPL","UNIMPL","UNIMPL","0x9cab","0x9cc2","0xab51","0xab67","UNIMPL","0xab75","0xabfd","0xaa0c","0xaadd"
"pascal-results/images/0c72da3b7a4638f7703771baf946eed66b4e2813478a3e89f4e4f4fec8473a59/files","GBK64","","SYSTEM.APPLE","d8fffa16fd9f3280f78d44ec228e8e40","064a1a1c1d36528e660900a2e609d158","bbc7b9c07eb16d58f07326f6d7a36aa4","PASCALSY;USERPROG;FIOPRIMS;PRINTERR;INITIALI;GETCMD;SYSIO;","0;1;2;3;4;5;6;15","PASCALIO;GRADESTU;GRADESTU;INITSTUF;CATSTUFF;CURVESTU","31;22;23;26;25;24","0x04","0x01","6","6","0x3000","0x3100","0xd71c","0xecc8","0xd73a","0xead8","0xd5c0","0xdbbc","0xd89e","0xeb70","0xd8e3","0xed55","0xed78","0xdcba","0xdb85","0xd5d9","0xd8cb","0xd7a7","0xec6b","0xd754","0xecd6","0xd5f2","0xdd31","0xd766","0xeb1f","0xdd1f","0xd7ee","0xec93","0xd4cd","0xd9ad","0xdbde","0xd453","0xe6bd","0xd302","0xdc4a","0xd2c9","0xd9ec","0xd9d0","0xd9ff","0xd3a0","0xd94a","0xd49d","0xd5ac","0xd384","0xd96c","0xd3bd","0xd5ff","0xe3bc","0xe2d0","0xde4d","0xde45","0xde3d","0xd3ff","0xd4e7","0xde49","0xde41","0xd3d9","0xde39","0xd42d","0xd2d3","0xda81","0xdad7","0xd51b","0xd54a","0xd578","0xd592","0xda3e","0xe3a7","0xe376","0xdfca","0xdf9c","0xdf94","0xd33e","0xd309","0xdf98","0xdf90","0xd322","0xdfa0","0xd35b","0xe351","0xe31e","0xe33a","0xd932","0xd478","0xd2b6","UNIMPL","UNIMPL","0xe841","0xd701","0xd2b6","0xd315","0xd315","0xd315","0xd315","0xd315","0xd315","0xd315","0xd315","0xd315","0xd315","0xd315","0xd315","0xd315","0xd315","0xd315","0xd315","0xd377","0xd377","0xd377","0xd377","0xd377","0xd377","0xd377","0xd377","0xd377","0xd377","0xd377","0xd377","0xd377","0xd377","0xd377","0xd377","0xd4bc","0xd4b9","0xd4b9","0xd4b9","0xd4b9","0xd4b9","0xd4b9","0xd4b9","0xef1a","0xd690","0xe8b6","0xe8b6","0xe79a","0xf082","0xf087","UNIMPL","UNIMPL","0xe857","0xe6c8","0xe70d","0xef3d","RSRVD","RSRVD","RSRVD","RSRVD","RSRVD","RSRVD","RSRVD","RSRVD","0xe6a9","0xe6b3","0xede6","0xedd1","UNIMPL","UNIMPL","UNIMPL","UNIMPL","UNIMPL","UNIMPL","UNIMPL","0xd6cc","0xd6e3","0xef0f","0xef25","0xedfb","0xef33","0xefb8","0xe849","0xe91a"
"pascal-results/images/6cf1b3140bc8eabf6ffd02bf03da09b40f53b45d0407721dceb5532c616d319b/files","SIDE2","","SYSTEM.APPLE","c1dfba20d09c58729ead6b933773a6d3","e35d6659b6a1c4675cd7c47c411fc726","d256052527b7906433d620a63d84f396","PASCALSY;USERPROG;FIOPRIMS;PRINTERR;INITIALI;GETCMD;SYSIO;","0;1;2;3;4;5;6;15","PASCALIO;SHORTGRA;SHORTGRA;CHAINSTU;APPLESTU;MEMGLOBA;MEMGLOBA;FILESTUF;FILESTUF;QUITTER;QUITTER;HINTS;HINTS","31;20;21;28;22;16;17;18;19;23;24;25;26","0x03","0x01","5","5","0x3000","0x3100","0xd6ff","0xec8a","0xd71d","0xea9a","0xd5af","0xdb9b","0xd87d","0xeb32","0xd8c2","0xed17","0xed3a","0xdc99","0xdb64","0xd5c2","0xd8aa","0xd786","0xec2d","0xd735","0xec98","0xd5d5","0xdd10","0xd747","0xeae1","0xdcfe","0xd7cd","0xec55","0xd4bc","0xd98c","0xdbbd","0xd442","0xe67f","0xd2d7","0xdc29","0xd2a0","0xd9cb","0xd9af","0xd9de","0xd384","0xd929","0xd48c","0xd59b","0xd366","0xd94b","0xd3aa","0xd5e2","0xe371","0xe285","0xde2c","0xde24","0xde1c","0xd3ee","0xd4d6","0xde28","0xde20","0xd3c8","0xde18","0xd41c","0xd2a8","0xda60","0xdab6","0xd50a","0xd539","0xd567","0xd581","0xda1d","0xe35c","0xe32b","0xdfa9","0xdf7b","0xdf73","0xd315","0xd2de","0xdf77","0xdf6f","0xd2f7","0xdf7f","0xd33b","0xe306","0xe2d3","0xe2ef","0xd911","0xd467","0xd28d","UNIMPL","UNIMPL","0xe803","0xd6e4","0xd28d","0xd2ea","0xd2ea","0xd2ea","0xd2ea","0xd2ea","0xd2ea","0xd2ea","0xd2ea","0xd2ea","0xd2ea","0xd2ea","0xd2ea","0xd2ea","0xd2ea","0xd2ea","0xd2ea","0xd359","0xd359","0xd359","0xd359","0xd359","0xd359","0xd359","0xd359","0xd359","0xd359","0xd359","0xd359","0xd359","0xd359","0xd359","0xd359","0xd4ab","0xd4a8","0xd4a8","0xd4a8","0xd4a8","0xd4a8","0xd4a8","0xd4a8","0xeedc","0xd673","0xe878","0xe878","0xe75c","0xf041","0xf046","UNIMPL","UNIMPL","0xe819","0xe68a","0xe6cf","0xeeff","RSRVD","RSRVD","RSRVD","RSRVD","RSRVD","RSRVD","RSRVD","RSRVD","0xe66b","0xe675","0xeda8","0xed93","UNIMPL","UNIMPL","UNIMPL","UNIMPL","UNIMPL","UNIMPL","UNIMPL","0xd6af","0xd6c6","0xeed1","0xeee7","0xedbd","0xeef5","0xef7d","0xe80b","0xe8dc"
"pascal-results/images/9291124fdd35d7943e3079492cfcb19c24130cc6d823c6c7fd94e45e44be97e5/files","LGRUN2","","SYSTEM.APPLE","b171707fed34e35c30375a6601fc8829","5a160e53833eab6ae1008555f4fc7d8f","ae41c80c08bf0761cb9472cbd3ab6327","PASCALSY;USERPROG;SYSIO;PRINTERR;INITIALI;GETCMD;FIOPRIMS;","0;1;2;3;4;5;6;15","APPLESTU;SHORTGRA;SHORTGRA;INTROLIB;INTROLIB;INPUTSTU;LOGOSTUF;LOGOSTUF","22;20;21;26;27;25;23;28","0x02","0x0b","2","2","0x3000","0x3100","0xd6fb","0xec7a","0xd719","0xea8a","0xd5ab","0xdb97","0xd879","0xeb22","0xd8be","0xed07","0xed2a","0xdc95","0xdb60","0xd5be","0xd8a6","0xd782","0xec1d","0xd731","0xec88","0xd5d1","0xdd0c","0xd743","0xead1","0xdcfa","0xd7c9","0xec45","0xd4bb","0xd988","0xdbb9","0xd441","0xe670","0xd2d6","0xdc25","0xd29f","0xd9c7","0xd9ab","0xd9da","0xd383","0xd925","0xd48b","0xd597","0xd365","0xd947","0xd3a9","0xd5de","0xe37f","0xe293","0xde28","0xde20","0xde18","0xd3ed","0xd4d5","0xde24","0xde1c","0xd3c7","0xde14","0xd41b","0xd2a7","0xda5c","0xdab2","0xd508","0xd536","0xd563","0xd57d","0xda19","0xe36a","0xe339","0xdfa5","0xdf77","0xdf6f","0xd314","0xd2dd","0xdf73","0xdf6b","0xd2f6","0xdf7b","0xd33a","0xe314","0xe2e1","0xe2fd","0xd90d","0xd466","0xd28d","UNIMPL","UNIMPL","0xe7f3","0xd6e0","0xd28d","0xd2e9","0xd2e9","0xd2e9","0xd2e9","0xd2e9","0xd2e9","0xd2e9","0xd2e9","0xd2e9","0xd2e9","0xd2e9","0xd2e9","0xd2e9","0xd2e9","0xd2e9","0xd2e9","0xd358","0xd358","0xd358","0xd358","0xd358","0xd358","0xd358","0xd358","0xd358","0xd358","0xd358","0xd358","0xd358","0xd358","0xd358","0xd358","0xd4aa","0xd4a7","0xd4a7","0xd4a7","0xd4a7","0xd4a7","0xd4a7","0xd4a7","0xeecc","0xd66f","0xe868","0xe868","0xe74c","0xf031","0xf036","UNIMPL","UNIMPL","0xe809","0xe67a","0xe6bf","0xeeef","RSRVD","RSRVD","RSRVD","RSRVD","RSRVD","RSRVD","RSRVD","RSRVD","0xe65c","0xe666","0xed98","0xed83","UNIMPL","UNIMPL","UNIMPL","UNIMPL","UNIMPL","UNIMPL","UNIMPL","0xd6ab","0xd6c2","0xeec1","0xeed7","0xedad","0xeee5","0xef6d","0xe7fb","0xe8cc"
"pascal-results/images/6e187cf05962ea6737e71d4306c81f6205ed5bd7eb498997ac8f843df54dacdb/files","SYS3.6","","SYSTEM.APPLE","3318d12ecc02b2349b02339e0ac4e67a","16165b117cc8eb127479e100665c78f9","5ed3320aca997a96275d5e04f8d9c832","PASCALSY;USERPROG;FIOPRIMS;PRINTERR;INITIALI;GETCMD;FILEPROC;","0;1;2;3;4;5;6;15","LONGINTI;PASCALIO;CHAINSTU;TRANSCEN;TURTLEGR;TURTLEGR;APPLESTU;MOUSESTU;CHSTRIO;CHSTRIO;DIRSTUFF;DIRSTUFF;PRINTSTU;PRINTSTU;IPDRAW;IPDRAW","30;31;28;29;20;21;22;23;42;43;44;45;48;49;54;55","0x04","0x40","6","6","0x3000","0x3100","0xd762","0xf2d3","0xd780","0xf0e3","0xd603","0xdcd8","0xd8e4","0xf17b","0xd929","0xf360","0xf383","0xdddc","0xdca1","0xd61c","0xd911","0xd7ed","0xf276","0xd79a","0xf2e1","0xd635","0xde53","0xd7ac","0xf12a","0xde41","0xd834","0xf29e","0xd4fb","0xdabd","0xdcfa","0xd46f","0xec92","0xd309","0xdd66","0xd2c7","0xdafc","0xdae0","0xdb0f","0xd3aa","0xd9ce","0xd4c5","0xd5ef","0xd38e","0xda76","0xd3c7","0xd642","0xe554","0xe432","0xdf6f","0xdf67","0xdf5f","0xd40f","0xd515","0xdf6b","0xdf63","0xd3e3","0xdf5b","0xd443","0xd2d1","0xdb9d","0xdbf3","0xd552","0xd587","0xd5bb","0xd5d5","0xdb4e","0xe53f","0xe508","0xe0f2","0xe0c4","0xe0bc","0xd348","0xd310","0xe0c0","0xe0b8","0xd32c","0xe0c8","0xd365","0xe4d1","0xe492","0xe4b4","0xd9a8","0xd49a","0xd2ae","UNIMPL","UNIMPL","0xee46","0xd747","0xd2ae","0xd31f","0xd31f","0xd31f","0xd31f","0xd31f","0xd31f","0xd31f","0xd31f","0xd31f","0xd31f","0xd31f","0xd31f","0xd31f","0xd31f","0xd31f","0xd31f","0xd381","0xd381","0xd381","0xd381","0xd381","0xd381","0xd381","0xd381","0xd381","0xd381","0xd381","0xd381","0xd381","0xd381","0xd381","0xd381","0xd4ea","0xd4e7","0xd4e7","0xd4e7","0xd4e7","0xd4e7","0xd4e7","0xd4e7","0xf525","0xd6d6","0xeebb","0xeebb","0xed75","0xf68d","0xf692","UNIMPL","UNIMPL","0xee5c","0xeca3","0xece8","0xf548","RSRVD","RSRVD","RSRVD","RSRVD","RSRVD","RSRVD","RSRVD","RSRVD","0xec7e","0xec88","0xf3f1","0xf3dc","UNIMPL","UNIMPL","UNIMPL","UNIMPL","UNIMPL","UNIMPL","UNIMPL","0xd712","0xd729","0xf51a","0xf530","0xf406","0xf53e","0xf5c3","0xee4e","0xef25"
"pascal-results/images/7bda885da0172e097d2a02f8aa2747f18d251fe0b3024164ade8206c51947a5f/files","P","","SYSTEM.APPLE","3b42d8c9396a2ece7f9815ec207709da","4f96b34140a8a88f8fd36f1260d00878","c8f0459172ac2349f50dd24d24bd4cca","PASCALSY;USERPROG;DEBUGGER;PRINTERR;INITIALI;GETCMD;","0;1;2;3;4;5;15","LONGINTI;PASCALIO;CHAINSTU;CGISAM;DIALOG;GEREDATE;GEREPRT;SFISAM","30;31;28;7;7;7;7;7","0","0","0","2","0x3000","0x3100","0xd698","0xeaf2","0xd6b6","0xe902","0xd548","0xdb2c","0xd815","0xe99a","0xd85a","0xeb6f","0xeb92","0xdc2a","0xdaf5","0xd55b","0xd842","0xd71f","0xea95","0xd6ce","0xeb00","0xd56e","0xdca1","0xd6e0","0xe949","0xdc8f","0xd766","0xeabd","0xd46b","0xd924","0xdb4e","0xd3f1","0xe5b1","0xd286","0xdbba","0xd24f","0xd963","0xd947","0xd976","0xd333","0xd8c1","0xd43b","0xd534","0xd315","0xd8e3","0xd359","0xd57b","0xe2fc","0xe210","0xddbd","0xddb5","0xddad","0xd39d","0xd485","0xddb9","0xddb1","0xd377","0xdda9","0xd3cb","0xd257","0xd9f8","0xda4e","0xd4b8","0xd4d3","0xd500","0xd51a","0xd9b5","0xe2e7","0xe2b6","0xdf3a","0xdf0c","0xdf04","0xd2c4","0xd28d","0xdf08","0xdf00","0xd2a6","0xdf10","0xd2ea","0xe291","0xe25e","0xe27a","0xd8a9","0xd416","0xd23d","UNIMPL","UNIMPL","0xe67e","0xd67d","0xd23d","0xd299","0xd299","0xd299","0xd299","0xd299","0xd299","0xd299","0xd299","0xd299","0xd299","0xd299","0xd299","0xd299","0xd299","0xd299","0xd299","0xd308","0xd308","0xd308","0xd308","0xd308","0xd308","0xd308","0xd308","0xd308","0xd308","0xd308","0xd308","0xd308","0xd308","0xd308","0xd308","0xd45a","0xd457","0xd457","0xd457","0xd457","0xd457","0xd457","0xd457","0xed26","0xd60c","0xe6f3","0xe6f3","0xe5d9","0xedd9","0xedde","0xe5bb","0xe5cd","0xe694","0xe5c1","0xe5c7","RSRVD","RSRVD","RSRVD","RSRVD","RSRVD","RSRVD","RSRVD","RSRVD","RSRVD","0xe59d","0xe5a7","0xec00","0xebeb","UNIMPL","UNIMPL","UNIMPL","UNIMPL","UNIMPL","UNIMPL","UNIMPL","0xd648","0xd65f","0xed1b","0xed31","0xec15","0xed3f","0xed49","0xe686","0xe757"
"pascal-results/images/9d7efc59520f761ce194db3a724c03e276b6f6a7096d92fc162c7f5fe282bffc/files","DISK1","","SYSTEM.APPLE","c93c194fe62efe4ab2d30e539ccb82d3","681977fa5a87ea54fa170ffa23b45848","7640a6d54e9a279dde74a8393a144e0f","PASCALSY;USERPROG;FIOPRIMS;PRINTERR;INITIALI;GETCMD;SYSIO;","0;1;2;3;4;5;6;15","LONGINTI;PASCALIO;SCREENIO;SCREENIO;CONVERT;SUBSYS;SUBSYS","30;31;16;17;34;23;24","0x04","0x41","6","6","0x3000","0x3100","0xd791","0xf302","0xd7af","0xf112","0xd632","0xdd07","0xd913","0xf1aa","0xd958","0xf38f","0xf3b2","0xde0b","0xdcd0","0xd64b","0xd940","0xd81c","0xf2a5","0xd7c9","0xf310","0xd664","0xde82","0xd7db","0xf159","0xde70","0xd863","0xf2cd","0xd52a","0xdaec","0xdd29","0xd49e","0xecc1","0xd338","0xdd95","0xd2f6","0xdb2b","0xdb0f","0xdb3e","0xd3d9","0xd9fd","0xd4f4","0xd61e","0xd3bd","0xdaa5","0xd3f6","0xd671","0xe583","0xe461","0xdf9e","0xdf96","0xdf8e","0xd43e","0xd544","0xdf9a","0xdf92","0xd412","0xdf8a","0xd472","0xd300","0xdbcc","0xdc22","0xd581","0xd5b6","0xd5ea","0xd604","0xdb7d","0xe56e","0xe537","0xe121","0xe0f3","0xe0eb","0xd377","0xd33f","0xe0ef","0xe0e7","0xd35b","0xe0f7","0xd394","0xe500","0xe4c1","0xe4e3","0xd9d7","0xd4c9","0xd2dd","UNIMPL","UNIMPL","0xee75","0xd776","0xd2dd","0xd34e","0xd34e","0xd34e","0xd34e","0xd34e","0xd34e","0xd34e","0xd34e","0xd34e","0xd34e","0xd34e","0xd34e","0xd34e","0xd34e","0xd34e","0xd34e","0xd3b0","0xd3b0","0xd3b0","0xd3b0","0xd3b0","0xd3b0","0xd3b0","0xd3b0","0xd3b0","0xd3b0","0xd3b0","0xd3b0","0xd3b0","0xd3b0","0xd3b0","0xd3b0","0xd519","0xd516","0xd516","0xd516","0xd516","0xd516","0xd516","0xd516","0xf554","0xd705","0xeeea","0xeeea","0xeda4","0xf6bc","0xf6c1","UNIMPL","UNIMPL","0xee8b","0xecd2","0xed17","0xf577","RSRVD","RSRVD","RSRVD","RSRVD","RSRVD","RSRVD","RSRVD","RSRVD","0xecad","0xecb7","0xf420","0xf40b","UNIMPL","UNIMPL","UNIMPL","UNIMPL","UNIMPL","UNIMPL","UNIMPL","0xd741","0xd758","0xf549","0xf55f","0xf435","0xf56d","0xf5f2","0xee7d","0xef54"
"pascal-results/images/83bcb0e1c7b93cb31c14588f67d6910097f09d8c5d744660c792e763fd1821ad/files","ELEVE","","SYSTEM.APPLE","0dac359ed758f62821400c4c97dcb1a6","24ca8f71aca82a11063a21463ad22184","d3bfb447632da99fd2794e9e3332ec93","PASCALSY;USERPROG;DEBUGGER;PRINTERR;INITIALI;GETCMD;FILEPROC;","0;1;2;3;4;5;6;15","LONGINTI;PASCALIO;CHAINSTU;DOSLV;DOSLV;APPLESTU;EXTERN","30;31;28;18;19;22;16","0x02","0x01","2","2","0x3000","0x3100","0xd6bb","0xecb2","0xd6d9","0xeac2","0xd56b","0xdb57","0xd839","0xeb5a","0xd87e","0xed3f","0xed62","0xdc55","0xdb20","0xd57e","0xd866","0xd742","0xec55","0xd6f1","0xecc0","0xd591","0xdccc","0xd703","0xeb09","0xdcba","0xd789","0xec7d","0xd47b","0xd948","0xdb79","0xd401","0xe630","0xd296","0xdbe5","0xd25f","0xd987","0xd96b","0xd99a","0xd343","0xd8e5","0xd44b","0xd557","0xd325","0xd907","0xd369","0xd59e","0xe33f","0xe253","0xdde8","0xdde0","0xddd8","0xd3ad","0xd495","0xdde4","0xdddc","0xd387","0xddd4","0xd3db","0xd267","0xda1c","0xda72","0xd4c8","0xd4f6","0xd523","0xd53d","0xd9d9","0xe32a","0xe2f9","0xdf65","0xdf37","0xdf2f","0xd2d4","0xd29d","0xdf33","0xdf2b","0xd2b6","0xdf3b","0xd2fa","0xe2d4","0xe2a1","0xe2bd","0xd8cd","0xd426","0xd24d","UNIMPL","UNIMPL","0xe82b","0xd6a0","0xd24d","0xd2a9","0xd2a9","0xd2a9","0xd2a9","0xd2a9","0xd2a9","0xd2a9","0xd2a9","0xd2a9","0xd2a9","0xd2a9","0xd2a9","0xd2a9","0xd2a9","0xd2a9","0xd2a9","0xd318","0xd318","0xd318","0xd318","0xd318","0xd318","0xd318","0xd318","0xd318","0xd318","0xd318","0xd318","0xd318","0xd318","0xd318","0xd318","0xd46a","0xd467","0xd467","0xd467","0xd467","0xd467","0xd467","0xd467","0xef04","0xd62f","0xe8a0","0xe8a0","0xe784","0xf069","0xf06e","0xe63a","0xe640","0xe841","0xe6b2","0xe6f7","0xef27","RSRVD","RSRVD","RSRVD","RSRVD","RSRVD","RSRVD","RSRVD","RSRVD","0xe61c","0xe626","0xedd0","0xedbb","UNIMPL","UNIMPL","UNIMPL","UNIMPL","UNIMPL","UNIMPL","UNIMPL","0xd66b","0xd682","0xeef9","0xef0f","0xede5","0xef1d","0xefa5","0xe833","0xe904"
"pascal-results/images/715057451970d715c516bfd8904fbcb3e3dffbc5191791bca33a4cdac4d0bf76/files","PFSWORD","","SYSTEM.APPLE","c2d4706531e42cc63b891910837f9494","b3853bc8f27e8380ca8a90f8aea920b8","d6eef1a20016b0ce343b3673e6e99d83","PASCALSY;USERPROG;FIOPRIMS;PRINTERR;INITIALI;GETCMD;SYSIO;","0;1;2;3;4;5;6;15","TURTLEGR","20","0x03","0x01","5","2","0x3000","0x3100","0xd6ff","0xec77","0xd71d","0xea87","0xd5af","0xdb9b","0xd87d","0xeb1f","0xd8c2","0xed04","0xed27","0xdc99","0xdb64","0xd5c2","0xd8aa","0xd786","0xec1a","0xd735","0xec85","0xd5d5","0xdd10","0xd747","0xeace","0xdcfe","0xd7cd","0xec42","0xd4bc","0xd98c","0xdbbd","0xd442","0xe66c","0xd2d7","0xdc29","0xd2a0","0xd9cb","0xd9af","0xd9de","0xd384","0xd929","0xd48c","0xd59b","0xd366","0xd94b","0xd3aa","0xd5e2","0xe371","0xe285","0xde2c","0xde24","0xde1c","0xd3ee","0xd4d6","0xde28","0xde20","0xd3c8","0xde18","0xd41c","0xd2a8","0xda60","0xdab6","0xd50a","0xd539","0xd567","0xd581","0xda1d","0xe35c","0xe32b","0xdfa9","0xdf7b","0xdf73","0xd315","0xd2de","0xdf77","0xdf6f","0xd2f7","0xdf7f","0xd33b","0xe306","0xe2d3","0xe2ef","0xd911","0xd467","0xd28d","UNIMPL","UNIMPL","0xe7f0","0xd6e4","0xd28d","0xd2ea","0xd2ea","0xd2ea","0xd2ea","0xd2ea","0xd2ea","0xd2ea","0xd2ea","0xd2ea","0xd2ea","0xd2ea","0xd2ea","0xd2ea","0xd2ea","0xd2ea","0xd2ea","0xd359","0xd359","0xd359","0xd359","0xd359","0xd359","0xd359","0xd359","0xd359","0xd359","0xd359","0xd359","0xd359","0xd359","0xd359","0xd359","0xd4ab","0xd4a8","0xd4a8","0xd4a8","0xd4a8","0xd4a8","0xd4a8","0xd4a8","0xeec9","0xd673","0xe865","0xe865","0xe749","0xf02e","0xf033","UNIMPL","UNIMPL","0xe806","0xe677","0xe6bc","0xeeec","RSRVD","RSRVD","RSRVD","RSRVD","RSRVD","RSRVD","RSRVD","RSRVD","0xe658","0xe662","0xed95","0xed80","UNIMPL","UNIMPL","UNIMPL","UNIMPL","UNIMPL","UNIMPL","UNIMPL","0xd6af","0xd6c6","0xeebe","0xeed4","0xedaa","0xeee2","0xef6a","0xe7f8","0xe8c9"
"pascal-results/images/5ce25100142678112ea2a5ad875ab765ef74526eadeb29962a867cfe9a9faf6f/files","INGLESE","","SYSTEM.APPLE","2ff0b3316b2947998c1cb41cce82334f","6c67161a696176ededdc0f018dc1c438","7f23763948890f50b1674c0dadc3f7ba","PASCALSY;USERPROG;FIOPRIMS;PRINTERR;INITIALI;GETCMD;FILEPROC;","0;1;2;3;4;5;6;15","LONGINTI;PASCALIO;CHAINSTU;TURTLEGR;TURTLEGR;APPLESTU;INGUNIT;INGUNIT;VOCUNITE","30;31;28;20;21;22;23;24;19","0x03","0x40","5","5","0x3000","0x3100","0xd739","0xf13a","0xd757","0xef4a","0xd5e6","0xdcab","0xd8b7","0xefe2","0xd8fc","0xf1c7","0xf1ea","0xddaf","0xdc74","0xd5f9","0xd8e4","0xd7c0","0xf0dd","0xd76f","0xf148","0xd60c","0xde26","0xd781","0xef91","0xde14","0xd807","0xf105","0xd4de","0xda90","0xdccd","0xd452","0xea81","0xd2d2","0xdd39","0xd292","0xdacf","0xdab3","0xdae2","0xd382","0xd9a1","0xd4a8","0xd5d2","0xd364","0xda49","0xd3a8","0xd619","0xe4fd","0xe3db","0xdf42","0xdf3a","0xdf32","0xd3f2","0xd4f8","0xdf3e","0xdf36","0xd3c6","0xdf2e","0xd426","0xd29a","0xdb70","0xdbc6","0xd535","0xd56a","0xd59e","0xd5b8","0xdb21","0xe4e8","0xe4b1","0xe0c5","0xe097","0xe08f","0xd313","0xd2d9","0xe093","0xe08b","0xd2f5","0xe09b","0xd339","0xe47a","0xe43b","0xe45d","0xd97b","0xd47d","0xd279","UNIMPL","UNIMPL","0xecad","0xd71e","0xd279","0xd2e8","0xd2e8","0xd2e8","0xd2e8","0xd2e8","0xd2e8","0xd2e8","0xd2e8","0xd2e8","0xd2e8","0xd2e8","0xd2e8","0xd2e8","0xd2e8","0xd2e8","0xd2e8","0xd357","0xd357","0xd357","0xd357","0xd357","0xd357","0xd357","0xd357","0xd357","0xd357","0xd357","0xd357","0xd357","0xd357","0xd357","0xd357","0xd4cd","0xd4ca","0xd4ca","0xd4ca","0xd4ca","0xd4ca","0xd4ca","0xd4ca","0xf38c","0xd6ad","0xed22","0xed22","0xebdc","0xf4f1","0xf4f6","0xea92","0xea98","0xecc3","0xeb0a","0xeb4f","0xf3af","RSRVD","RSRVD","RSRVD","RSRVD","RSRVD","RSRVD","RSRVD","RSRVD","0xea6d","0xea77","0xf258","0xf243","UNIMPL","UNIMPL","UNIMPL","UNIMPL","UNIMPL","UNIMPL","UNIMPL","0xd6e9","0xd700","0xf381","0xf397","0xf26d","0xf3a5","0xf42d","0xecb5","0xed8c"
"pascal-results/images/cfe7fa73c34f2572587739557c1210398b318002bf8174ea300efda0419ad358/files","KBDRUN","","SYSTEM.APPLE","8e68d03d3fef3eb1ec1d0be3b7dbb6c5","5a160e53833eab6ae1008555f4fc7d8f","none","PASCALSY;USERPROG;SYSIO;PRINTERR;INITIALI;GETCMD;FIOPRIMS;","0;1;2;3;4;5;6;15","","","0x02","0x0b","2","0","0x3000","0x3100","0xd6fb","0xec7a","0xd719","0xea8a","0xd5ab","0xdb97","0xd879","0xeb22","0xd8be","0xed07","0xed2a","0xdc95","0xdb60","0xd5be","0xd8a6","0xd782","0xec1d","0xd731","0xec88","0xd5d1","0xdd0c","0xd743","0xead1","0xdcfa","0xd7c9","0xec45","0xd4bb","0xd988","0xdbb9","0xd441","0xe670","0xd2d6","0xdc25","0xd29f","0xd9c7","0xd9ab","0xd9da","0xd383","0xd925","0xd48b","0xd597","0xd365","0xd947","0xd3a9","0xd5de","0xe37f","0xe293","0xde28","0xde20","0xde18","0xd3ed","0xd4d5","0xde24","0xde1c","0xd3c7","0xde14","0xd41b","0xd2a7","0xda5c","0xdab2","0xd508","0xd536","0xd563","0xd57d","0xda19","0xe36a","0xe339","0xdfa5","0xdf77","0xdf6f","0xd314","0xd2dd","0xdf73","0xdf6b","0xd2f6","0xdf7b","0xd33a","0xe314","0xe2e1","0xe2fd","0xd90d","0xd466","0xd28d","UNIMPL","UNIMPL","0xe7f3","0xd6e0","0xd28d","0xd2e9","0xd2e9","0xd2e9","0xd2e9","0xd2e9","0xd2e9","0xd2e9","0xd2e9","0xd2e9","0xd2e9","0xd2e9","0xd2e9","0xd2e9","0xd2e9","0xd2e9","0xd2e9","0xd358","0xd358","0xd358","0xd358","0xd358","0xd358","0xd358","0xd358","0xd358","0xd358","0xd358","0xd358","0xd358","0xd358","0xd358","0xd358","0xd4aa","0xd4a7","0xd4a7","0xd4a7","0xd4a7","0xd4a7","0xd4a7","0xd4a7","0xeecc","0xd66f","0xe868","0xe868","0xe74c","0xf031","0xf036","UNIMPL","UNIMPL","0xe809","0xe67a","0xe6bf","0xeeef","RSRVD","RSRVD","RSRVD","RSRVD","RSRVD","RSRVD","RSRVD","RSRVD","0xe65c","0xe666","0xed98","0xed83","UNIMPL","UNIMPL","UNIMPL","UNIMPL","UNIMPL","UNIMPL","UNIMPL","0xd6ab","0xd6c2","0xeec1","0xeed7","0xedad","0xeee5","0xef6d","0xe7fb","0xe8cc"
"pascal-results/images/0d8b05274c555c3c5da08adc7e07e74aa7efb578018c8470f11780e9c78db58d/files","TK","","SYSTEM.APPLE","2ff0b3316b2947998c1cb41cce82334f","6c67161a696176ededdc0f018dc1c438","68ce16a0b094a9b36b07389f9e8839aa","PASCALSY;USERPROG;FIOPRIMS;PRINTERR;INITIALI;GETCMD;FILEPROC;","0;1;2;3;4;5;6;15","MGRKIT;MGRKIT","20;21","0x03","0x40","5","2","0x3000","0x3100","0xd739","0xf13a","0xd757","0xef4a","0xd5e6","0xdcab","0xd8b7","0xefe2","0xd8fc","0xf1c7","0xf1ea","0xddaf","0xdc74","0xd5f9","0xd8e4","0xd7c0","0xf0dd","0xd76f","0xf148","0xd60c","0xde26","0xd781","0xef91","0xde14","0xd807","0xf105","0xd4de","0xda90","0xdccd","0xd452","0xea81","0xd2d2","0xdd39","0xd292","0xdacf","0xdab3","0xdae2","0xd382","0xd9a1","0xd4a8","0xd5d2","0xd364","0xda49","0xd3a8","0xd619","0xe4fd","0xe3db","0xdf42","0xdf3a","0xdf32","0xd3f2","0xd4f8","0xdf3e","0xdf36","0xd3c6","0xdf2e","0xd426","0xd29a","0xdb70","0xdbc6","0xd535","0xd56a","0xd59e","0xd5b8","0xdb21","0xe4e8","0xe4b1","0xe0c5","0xe097","0xe08f","0xd313","0xd2d9","0xe093","0xe08b","0xd2f5","0xe09b","0xd339","0xe47a","0xe43b","0xe45d","0xd97b","0xd47d","0xd279","UNIMPL","UNIMPL","0xecad","0xd71e","0xd279","0xd2e8","0xd2e8","0xd2e8","0xd2e8","0xd2e8","0xd2e8","0xd2e8","0xd2e8","0xd2e8","0xd2e8","0xd2e8","0xd2e8","0xd2e8","0xd2e8","0xd2e8","0xd2e8","0xd357","0xd357","0xd357","0xd357","0xd357","0xd357","0xd357","0xd357","0xd357","0xd357","0xd357","0xd357","0xd357","0xd357","0xd357","0xd357","0xd4cd","0xd4ca","0xd4ca","0xd4ca","0xd4ca","0xd4ca","0xd4ca","0xd4ca","0xf38c","0xd6ad","0xed22","0xed22","0xebdc","0xf4f1","0xf4f6","0xea92","0xea98","0xecc3","0xeb0a","0xeb4f","0xf3af","RSRVD","RSRVD","RSRVD","RSRVD","RSRVD","RSRVD","RSRVD","RSRVD","0xea6d","0xea77","0xf258","0xf243","UNIMPL","UNIMPL","UNIMPL","UNIMPL","UNIMPL","UNIMPL","UNIMPL","0xd6e9","0xd700","0xf381","0xf397","0xf26d","0xf3a5","0xf42d","0xecb5","0xed8c"
"pascal-results/images/56fecb1e10d3e72164af1d562353b9ee2be79c66f8162cad7e879cb43c1d10fe/files","CH128","","SYSTEM.APPLE","2ff0b3316b2947998c1cb41cce82334f","6c67161a696176ededdc0f018dc1c438","7b683daa2c55c4abaef3a322dfe612bd","PASCALSY;USERPROG;FIOPRIMS;PRINTERR;INITIALI;GETCMD;FILEPROC;","0;1;2;3;4;5;6;15","LONGINTI;PASCALIO;TURTLEGR;TURTLEGR;FILEHAND;SENDSTUF;CLAUSTUF;CLAUSTUF;CHARGSTU;CHARGSTU","30;31;20;21;24;16;26;27;18;19","0x03","0x40","5","5","0x3000","0x3100","0xd739","0xf13a","0xd757","0xef4a","0xd5e6","0xdcab","0xd8b7","0xefe2","0xd8fc","0xf1c7","0xf1ea","0xddaf","0xdc74","0xd5f9","0xd8e4","0xd7c0","0xf0dd","0xd76f","0xf148","0xd60c","0xde26","0xd781","0xef91","0xde14","0xd807","0xf105","0xd4de","0xda90","0xdccd","0xd452","0xea81","0xd2d2","0xdd39","0xd292","0xdacf","0xdab3","0xdae2","0xd382","0xd9a1","0xd4a8","0xd5d2","0xd364","0xda49","0xd3a8","0xd619","0xe4fd","0xe3db","0xdf42","0xdf3a","0xdf32","0xd3f2","0xd4f8","0xdf3e","0xdf36","0xd3c6","0xdf2e","0xd426","0xd29a","0xdb70","0xdbc6","0xd535","0xd56a","0xd59e","0xd5b8","0xdb21","0xe4e8","0xe4b1","0xe0c5","0xe097","0xe08f","0xd313","0xd2d9","0xe093","0xe08b","0xd2f5","0xe09b","0xd339","0xe47a","0xe43b","0xe45d","0xd97b","0xd47d","0xd279","UNIMPL","UNIMPL","0xecad","0xd71e","0xd279","0xd2e8","0xd2e8","0xd2e8","0xd2e8","0xd2e8","0xd2e8","0xd2e8","0xd2e8","0xd2e8","0xd2e8","0xd2e8","0xd2e8","0xd2e8","0xd2e8","0xd2e8","0xd2e8","0xd357","0xd357","0xd357","0xd357","0xd357","0xd357","0xd357","0xd357","0xd357","0xd357","0xd357","0xd357","0xd357","0xd357","0xd357","0xd357","0xd4cd","0xd4ca","0xd4ca","0xd4ca","0xd4ca","0xd4ca","0xd4ca","0xd4ca","0xf38c","0xd6ad","0xed22","0xed22","0xebdc","0xf4f1","0xf4f6","0xea92","0xea98","0xecc3","0xeb0a","0xeb4f","0xf3af","RSRVD","RSRVD","RSRVD","RSRVD","RSRVD","RSRVD","RSRVD","RSRVD","0xea6d","0xea77","0xf258","0xf243","UNIMPL","UNIMPL","UNIMPL","UNIMPL","UNIMPL","UNIMPL","UNIMPL","0xd6e9","0xd700","0xf381","0xf397","0xf26d","0xf3a5","0xf42d","0xecb5","0xed8c"
"pascal-results/images/2d74d80f6804fdb3d2eae8da574769bdbc12213cceacdaa4a7e7684df7bc790c/files","TFOS","","SYSTEM.APPLE","91c02f06172bc131b363d8f516b9baf4","b65565a1b7decb939de9002163debef3","99378e9e6859d11163759e7c76d97a41","PASCALSY;USERPROG;FIOPRIMS;PRINTERR;INITIALI;GETCMD;FILEPROC;","0;1;2;3;4;5;6;15","BIGINT;GLOBAL;GLOBAL;CHAINSTU;QUICKTAX;TAXCOMP;TAXREPOR;TAXREPOR","25;16;17;28;18;22;20;21","0x03","0x00","5","5","0x3000","0x3100","0xd6d0","0xecd3","0xd6ee","0xeae3","0xd580","0xdb6c","0xd84e","0xeb7b","0xd893","0xed60","0xed83","0xdc6a","0xdb35","0xd593","0xd87b","0xd757","0xec76","0xd706","0xece1","0xd5a6","0xdce1","0xd718","0xeb2a","0xdccf","0xd79e","0xec9e","0xd48d","0xd95d","0xdb8e","0xd413","0xe650","0xd2a8","0xdbfa","0xd271","0xd99c","0xd980","0xd9af","0xd355","0xd8fa","0xd45d","0xd56c","0xd337","0xd91c","0xd37b","0xd5b3","0xe342","0xe256","0xddfd","0xddf5","0xdded","0xd3bf","0xd4a7","0xddf9","0xddf1","0xd399","0xdde9","0xd3ed","0xd279","0xda31","0xda87","0xd4db","0xd50a","0xd538","0xd552","0xd9ee","0xe32d","0xe2fc","0xdf7a","0xdf4c","0xdf44","0xd2e6","0xd2af","0xdf48","0xdf40","0xd2c8","0xdf50","0xd30c","0xe2d7","0xe2a4","0xe2c0","0xd8e2","0xd438","0xd25e","UNIMPL","UNIMPL","0xe84c","0xd6b5","0xd25e","0xd2bb","0xd2bb","0xd2bb","0xd2bb","0xd2bb","0xd2bb","0xd2bb","0xd2bb","0xd2bb","0xd2bb","0xd2bb","0xd2bb","0xd2bb","0xd2bb","0xd2bb","0xd2bb","0xd32a","0xd32a","0xd32a","0xd32a","0xd32a","0xd32a","0xd32a","0xd32a","0xd32a","0xd32a","0xd32a","0xd32a","0xd32a","0xd32a","0xd32a","0xd32a","0xd47c","0xd479","0xd479","0xd479","0xd479","0xd479","0xd479","0xd479","0xef25","0xd644","0xe8c1","0xe8c1","0xe7a5","0xf08a","0xf08f","0xe65b","0xe661","0xe862","0xe6d3","0xe718","0xef48","RSRVD","RSRVD","RSRVD","RSRVD","RSRVD","RSRVD","RSRVD","RSRVD","0xe63c","0xe646","0xedf1","0xeddc","UNIMPL","UNIMPL","UNIMPL","UNIMPL","UNIMPL","UNIMPL","UNIMPL","0xd680","0xd697","0xef1a","0xef30","0xee06","0xef3e","0xefc6","0xe854","0xe925"
"pascal-results/images/a8fc01c3c12ed80c90f27c0b48be643fe3d6fee72eae3fcfaa61024f59bed521/files","QDISK","","SYSTEM.APPLE","e416cce8253cfbe65ca1e63ed0dae162","24ca8f71aca82a11063a21463ad22184","d22c80d8cb15ef6e7724576a28fed95a","PASCALSY;USERPROG;DEBUGGER;PRINTERR;INITIALI;GETCMD;FILEPROC;","0;1;2;3;4;5;6;15","LONGINTI;PASCALIO;APPLESTU;QUILLMAN;QUILLMAN;CHAINSTU;READLINE;READLINE;UTILITY;UTILITY;PLANNER;PLANNER;QUILLIO;QUILLIO","30;31;22;25;26;28;23;24;20;21;27;29;18;19","0x02","0x01","2","2","0x3000","0x3100","0xd6bb","0xecb2","0xd6d9","0xeac2","0xd56b","0xdb57","0xd839","0xeb5a","0xd87e","0xed3f","0xed62","0xdc55","0xdb20","0xd57e","0xd866","0xd742","0xec55","0xd6f1","0xecc0","0xd591","0xdccc","0xd703","0xeb09","0xdcba","0xd789","0xec7d","0xd47b","0xd948","0xdb79","0xd401","0xe630","0xd296","0xdbe5","0xd25f","0xd987","0xd96b","0xd99a","0xd343","0xd8e5","0xd44b","0xd557","0xd325","0xd907","0xd369","0xd59e","0xe33f","0xe253","0xdde8","0xdde0","0xddd8","0xd3ad","0xd495","0xdde4","0xdddc","0xd387","0xddd4","0xd3db","0xd267","0xda1c","0xda72","0xd4c8","0xd4f6","0xd523","0xd53d","0xd9d9","0xe32a","0xe2f9","0xdf65","0xdf37","0xdf2f","0xd2d4","0xd29d","0xdf33","0xdf2b","0xd2b6","0xdf3b","0xd2fa","0xe2d4","0xe2a1","0xe2bd","0xd8cd","0xd426","0xd24d","UNIMPL","UNIMPL","0xe82b","0xd6a0","0xd24d","0xd2a9","0xd2a9","0xd2a9","0xd2a9","0xd2a9","0xd2a9","0xd2a9","0xd2a9","0xd2a9","0xd2a9","0xd2a9","0xd2a9","0xd2a9","0xd2a9","0xd2a9","0xd2a9","0xd318","0xd318","0xd318","0xd318","0xd318","0xd318","0xd318","0xd318","0xd318","0xd318","0xd318","0xd318","0xd318","0xd318","0xd318","0xd318","0xd46a","0xd467","0xd467","0xd467","0xd467","0xd467","0xd467","0xd467","0xef04","0xd62f","0xe8a0","0xe8a0","0xe784","0xf069","0xf06e","0xe63a","0xe640","0xe841","0xe6b2","0xe6f7","0xef27","RSRVD","RSRVD","RSRVD","RSRVD","RSRVD","RSRVD","RSRVD","RSRVD","0xe61c","0xe626","0xedd0","0xedbb","UNIMPL","UNIMPL","UNIMPL","UNIMPL","UNIMPL","UNIMPL","UNIMPL","0xd66b","0xd682","0xeef9","0xef0f","0xede5","0xef1d","0xefa5","0xe833","0xe904"
"pascal-results/images/df0889fe1627cfa347cb596245841d7b9a554f382c9f7d75b325e280b769be54/files","MONROE","","SYSTEM.APPLE","1cd11df9e32677f4d3673933d5c996fc","24ca8f71aca82a11063a21463ad22184","0fb100bbc10eba7cfb5c26f8659c0e20","PASCALSY;USERPROG;DEBUGGER;PRINTERR;INITIALI;GETCMD;FILEPROC;","0;1;2;3;4;5;6;15","LONGINTI;PASCALIO;CHAINSTU;TRANSCEN;TURTLEGR;TURTLEGR;APPLESTU","30;31;28;29;20;21;22","0x02","0x01","2","2","0x3000","0x3100","0xd6bb","0xecb2","0xd6d9","0xeac2","0xd56b","0xdb57","0xd839","0xeb5a","0xd87e","0xed3f","0xed62","0xdc55","0xdb20","0xd57e","0xd866","0xd742","0xec55","0xd6f1","0xecc0","0xd591","0xdccc","0xd703","0xeb09","0xdcba","0xd789","0xec7d","0xd47b","0xd948","0xdb79","0xd401","0xe630","0xd296","0xdbe5","0xd25f","0xd987","0xd96b","0xd99a","0xd343","0xd8e5","0xd44b","0xd557","0xd325","0xd907","0xd369","0xd59e","0xe33f","0xe253","0xdde8","0xdde0","0xddd8","0xd3ad","0xd495","0xdde4","0xdddc","0xd387","0xddd4","0xd3db","0xd267","0xda1c","0xda72","0xd4c8","0xd4f6","0xd523","0xd53d","0xd9d9","0xe32a","0xe2f9","0xdf65","0xdf37","0xdf2f","0xd2d4","0xd29d","0xdf33","0xdf2b","0xd2b6","0xdf3b","0xd2fa","0xe2d4","0xe2a1","0xe2bd","0xd8cd","0xd426","0xd24d","UNIMPL","UNIMPL","0xe82b","0xd6a0","0xd24d","0xd2a9","0xd2a9","0xd2a9","0xd2a9","0xd2a9","0xd2a9","0xd2a9","0xd2a9","0xd2a9","0xd2a9","0xd2a9","0xd2a9","0xd2a9","0xd2a9","0xd2a9","0xd2a9","0xd318","0xd318","0xd318","0xd318","0xd318","0xd318","0xd318","0xd318","0xd318","0xd318","0xd318","0xd318","0xd318","0xd318","0xd318","0xd318","0xd46a","0xd467","0xd467","0xd467","0xd467","0xd467","0xd467","0xd467","0xef04","0xd62f","0xe8a0","0xe8a0","0xe784","0xf069","0xf06e","0xe63a","0xe640","0xe841","0xe6b2","0xe6f7","0xef27","RSRVD","RSRVD","RSRVD","RSRVD","RSRVD","RSRVD","RSRVD","RSRVD","0xe61c","0xe626","0xedd0","0xedbb","UNIMPL","UNIMPL","UNIMPL","UNIMPL","UNIMPL","UNIMPL","UNIMPL","0xd66b","0xd682","0xeef9","0xef0f","0xede5","0xef1d","0xefa5","0xe833","0xe904"
"pascal-results/images/121e5ebcbcc68fcd222ca674b862d5d98dac88a14ea86f31961fc754df614ff8/files","APPLE1","","SYSTEM.APPLE","b48146c20acc5acda2d2fd705304d168","24ca8f71aca82a11063a21463ad22184","none","PASCALSY;USERPROG;DEBUGGER;PRINTERR;INITIALI;GETCMD;FILEPROC;","0;1;2;3;4;5;6;15","","","0x02","0x01","2","0","0x3000","0x3100","0xe060","0xe060","0xe060","0xe060","0xe060","0xe060","0xe060","0xe060","0xe060","0xe060","0xe060","0xe060","0xe060","0xe060","0xe060","0xe060","0xe060","0xe060","0xe060","0xe060","0xe060","0xe060","0xe060","0xe060","0xe060","0xe060","0xe060","0xe060","0xe060","0xe060","0xe630","0xe060","0xe060","0xe060","0xe060","0xe060","0xe060","0xe060","0xe060","0xe060","0xe060","0xe060","0xe060","0xe060","0xe060","0xe060","0xe060","0xe060","0xe060","0xe060","0xe060","0xe060","0xe060","0xe060","0xe060","0xe060","0xe060","0xe060","0xe060","0xe060","0xe060","0xe060","0xe060","0xe060","0xe060","0xe060","0xe060","0xe060","0xe060","0xe060","0xe060","0xe060","0xe060","0xe060","0xe060","0xe060","0xe060","0xe060","0xe060","0xe060","0xe060","0xe060","0xe060","UNIMPL","UNIMPL","0xe060","0xd6a0","0xe060","0xe060","0xe060","0xe060","0xe060","0xe060","0xe060","0xe060","0xe060","0xe060","0xe060","0xe060","0xe060","0xe060","0xe060","0xe060","0xe060","0xe060","0xe060","0xe060","0xe060","0xe060","0xe060","0xe060","0xe060","0xe060","0xe060","0xe060","0xe060","0xe060","0xe060","0xe060","0xe060","0xe060","0xe060","0xe060","0xe060","0xe060","0xe060","0xe060","0xe060","0xe060","0xe060","0xe060","0xe060","0xe060","0xf069","0xf06e","0xe060","0xe060","0xe841","0xe060","0xe060","0xef27","RSRVD","RSRVD","RSRVD","RSRVD","RSRVD","RSRVD","RSRVD","RSRVD","0xe61c","0xe626","0xe060","0xe060","UNIMPL","UNIMPL","UNIMPL","UNIMPL","UNIMPL","UNIMPL","UNIMPL","0xe060","0xe060","0xeef9","0xef0f","0xe060","0xef1d","0xefa5","0xe060","0xe060"
"pascal-results/images/ea74f5dd62dfc0270edbde71abd53ebb7c7be08510092efcc2c0c5ea10f284ef/files","PFSACCE","","SYSTEM.APPLE","c2d4706531e42cc63b891910837f9494","b3853bc8f27e8380ca8a90f8aea920b8","092a819c90f89c441dd2787d9a329153","PASCALSY;USERPROG;FIOPRIMS;PRINTERR;INITIALI;GETCMD;SYSIO;","0;1;2;3;4;5;6;15","TURTLEGR","31","0x03","0x01","5","2","0x3000","0x3100","0xd6ff","0xec77","0xd71d","0xea87","0xd5af","0xdb9b","0xd87d","0xeb1f","0xd8c2","0xed04","0xed27","0xdc99","0xdb64","0xd5c2","0xd8aa","0xd786","0xec1a","0xd735","0xec85","0xd5d5","0xdd10","0xd747","0xeace","0xdcfe","0xd7cd","0xec42","0xd4bc","0xd98c","0xdbbd","0xd442","0xe66c","0xd2d7","0xdc29","0xd2a0","0xd9cb","0xd9af","0xd9de","0xd384","0xd929","0xd48c","0xd59b","0xd366","0xd94b","0xd3aa","0xd5e2","0xe371","0xe285","0xde2c","0xde24","0xde1c","0xd3ee","0xd4d6","0xde28","0xde20","0xd3c8","0xde18","0xd41c","0xd2a8","0xda60","0xdab6","0xd50a","0xd539","0xd567","0xd581","0xda1d","0xe35c","0xe32b","0xdfa9","0xdf7b","0xdf73","0xd315","0xd2de","0xdf77","0xdf6f","0xd2f7","0xdf7f","0xd33b","0xe306","0xe2d3","0xe2ef","0xd911","0xd467","0xd28d","UNIMPL","UNIMPL","0xe7f0","0xd6e4","0xd28d","0xd2ea","0xd2ea","0xd2ea","0xd2ea","0xd2ea","0xd2ea","0xd2ea","0xd2ea","0xd2ea","0xd2ea","0xd2ea","0xd2ea","0xd2ea","0xd2ea","0xd2ea","0xd2ea","0xd359","0xd359","0xd359","0xd359","0xd359","0xd359","0xd359","0xd359","0xd359","0xd359","0xd359","0xd359","0xd359","0xd359","0xd359","0xd359","0xd4ab","0xd4a8","0xd4a8","0xd4a8","0xd4a8","0xd4a8","0xd4a8","0xd4a8","0xeec9","0xd673","0xe865","0xe865","0xe749","0xf02e","0xf033","UNIMPL","UNIMPL","0xe806","0xe677","0xe6bc","0xeeec","RSRVD","RSRVD","RSRVD","RSRVD","RSRVD","RSRVD","RSRVD","RSRVD","0xe658","0xe662","0xed95","0xed80","UNIMPL","UNIMPL","UNIMPL","UNIMPL","UNIMPL","UNIMPL","UNIMPL","0xd6af","0xd6c6","0xeebe","0xeed4","0xedaa","0xeee2","0xef6a","0xe7f8","0xe8c9"
"pascal-results/images/e1e53afbe8a70ff9aafa19bcf755f3fc30418affdf5feccad406b0fdd0f2d33d/files","WS","Also found at: pascal-results/images/c6fd1d87af2682a47949acdff5fbedc830d5d9850a35ec0930f545287e637592/files (volume: WS)","SYSTEM.APPLE","5abc095a8ed5ac231db236f7f6bf22b3","9caba8da50b2d0ae1470fa31d92abb1d","ea8511c5615a600104968234f4c0ab63","PASCALSY;USERPROG;FIOPRIMS;PRINTERR;INITIALI;GETCMD;SYSIO;","0;1;2;3;4;5;6;15","PASCALIO;CHAINSTU;PDOSCORE;PDOSCORE;PDOSREF;PDOSFILE","31;28;24;25;26;27","0x03","0x41","5","5","0x3000","0x3100","0xd768","0xf0f1","0xd786","0xef01","0xd615","0xdcda","0xd8e6","0xef99","0xd92b","0xf17e","0xf1a1","0xddde","0xdca3","0xd628","0xd913","0xd7ef","0xf094","0xd79e","0xf0ff","0xd63b","0xde55","0xd7b0","0xef48","0xde43","0xd836","0xf0bc","0xd50d","0xdabf","0xdcfc","0xd481","0xeab0","0xd301","0xdd68","0xd2c1","0xdafe","0xdae2","0xdb11","0xd3b1","0xd9d0","0xd4d7","0xd601","0xd393","0xda78","0xd3d7","0xd648","0xe52c","0xe40a","0xdf71","0xdf69","0xdf61","0xd421","0xd527","0xdf6d","0xdf65","0xd3f5","0xdf5d","0xd455","0xd2c9","0xdb9f","0xdbf5","0xd564","0xd599","0xd5cd","0xd5e7","0xdb50","0xe517","0xe4e0","0xe0f4","0xe0c6","0xe0be","0xd342","0xd308","0xe0c2","0xe0ba","0xd324","0xe0ca","0xd368","0xe4a9","0xe46a","0xe48c","0xd9aa","0xd4ac","0xd2a8","UNIMPL","UNIMPL","0xec64","0xd74d","0xd2a8","0xd317","0xd317","0xd317","0xd317","0xd317","0xd317","0xd317","0xd317","0xd317","0xd317","0xd317","0xd317","0xd317","0xd317","0xd317","0xd317","0xd386","0xd386","0xd386","0xd386","0xd386","0xd386","0xd386","0xd386","0xd386","0xd386","0xd386","0xd386","0xd386","0xd386","0xd386","0xd386","0xd4fc","0xd4f9","0xd4f9","0xd4f9","0xd4f9","0xd4f9","0xd4f9","0xd4f9","0xf343","0xd6dc","0xecd9","0xecd9","0xeb93","0xf4a8","0xf4ad","UNIMPL","UNIMPL","0xec7a","0xeac1","0xeb06","0xf366","RSRVD","RSRVD","RSRVD","RSRVD","RSRVD","RSRVD","RSRVD","RSRVD","0xea9c","0xeaa6","0xf20f","0xf1fa","UNIMPL","UNIMPL","UNIMPL","UNIMPL","UNIMPL","UNIMPL","UNIMPL","0xd718","0xd72f","0xf338","0xf34e","0xf224","0xf35c","0xf3e4","0xec6c","0xed43"
"pascal-results/images/d2563baa921309e8eefd90f0345483584ed6710006ccc1821b3b89afb9ad8868/files","LEAP0","","SYSTEM.APPLE","1cd11df9e32677f4d3673933d5c996fc","24ca8f71aca82a11063a21463ad22184","05fd79dcc61416ae1fe0f33acfa21b00","PASCALSY;USERPROG;DEBUGGER;PRINTERR;INITIALI;GETCMD;FILEPROC;","0;1;2;3;4;5;6;15","LONGINTI;PASCALIO;CHAINSTU;TRANSCEN;SHORTGRA;SHORTGRA;APPLESTU;VOMUNIT;VOMUNIT","30;31;28;29;20;21;22;23;24","0x02","0x01","2","2","0x3000","0x3100","0xd6bb","0xecb2","0xd6d9","0xeac2","0xd56b","0xdb57","0xd839","0xeb5a","0xd87e","0xed3f","0xed62","0xdc55","0xdb20","0xd57e","0xd866","0xd742","0xec55","0xd6f1","0xecc0","0xd591","0xdccc","0xd703","0xeb09","0xdcba","0xd789","0xec7d","0xd47b","0xd948","0xdb79","0xd401","0xe630","0xd296","0xdbe5","0xd25f","0xd987","0xd96b","0xd99a","0xd343","0xd8e5","0xd44b","0xd557","0xd325","0xd907","0xd369","0xd59e","0xe33f","0xe253","0xdde8","0xdde0","0xddd8","0xd3ad","0xd495","0xdde4","0xdddc","0xd387","0xddd4","0xd3db","0xd267","0xda1c","0xda72","0xd4c8","0xd4f6","0xd523","0xd53d","0xd9d9","0xe32a","0xe2f9","0xdf65","0xdf37","0xdf2f","0xd2d4","0xd29d","0xdf33","0xdf2b","0xd2b6","0xdf3b","0xd2fa","0xe2d4","0xe2a1","0xe2bd","0xd8cd","0xd426","0xd24d","UNIMPL","UNIMPL","0xe82b","0xd6a0","0xd24d","0xd2a9","0xd2a9","0xd2a9","0xd2a9","0xd2a9","0xd2a9","0xd2a9","0xd2a9","0xd2a9","0xd2a9","0xd2a9","0xd2a9","0xd2a9","0xd2a9","0xd2a9","0xd2a9","0xd318","0xd318","0xd318","0xd318","0xd318","0xd318","0xd318","0xd318","0xd318","0xd318","0xd318","0xd318","0xd318","0xd318","0xd318","0xd318","0xd46a","0xd467","0xd467","0xd467","0xd467","0xd467","0xd467","0xd467","0xef04","0xd62f","0xe8a0","0xe8a0","0xe784","0xf069","0xf06e","0xe63a","0xe640","0xe841","0xe6b2","0xe6f7","0xef27","RSRVD","RSRVD","RSRVD","RSRVD","RSRVD","RSRVD","RSRVD","RSRVD","0xe61c","0xe626","0xedd0","0xedbb","UNIMPL","UNIMPL","UNIMPL","UNIMPL","UNIMPL","UNIMPL","UNIMPL","0xd66b","0xd682","0xeef9","0xef0f","0xede5","0xef1d","0xefa5","0xe833","0xe904"
"pascal-results/images/3566bf9a19277d58af39f0b4155360af513b39be51a3b9c2b500d80085045bd8/files","PROLOG","","SYSTEM.APPLE","2ff0b3316b2947998c1cb41cce82334f","6c67161a696176ededdc0f018dc1c438","none","PASCALSY;USERPROG;FIOPRIMS;PRINTERR;INITIALI;GETCMD;FILEPROC;","0;1;2;3;4;5;6;15","","","0x03","0x40","5","0","0x3000","0x3100","0xd739","0xf13a","0xd757","0xef4a","0xd5e6","0xdcab","0xd8b7","0xefe2","0xd8fc","0xf1c7","0xf1ea","0xddaf","0xdc74","0xd5f9","0xd8e4","0xd7c0","0xf0dd","0xd76f","0xf148","0xd60c","0xde26","0xd781","0xef91","0xde14","0xd807","0xf105","0xd4de","0xda90","0xdccd","0xd452","0xea81","0xd2d2","0xdd39","0xd292","0xdacf","0xdab3","0xdae2","0xd382","0xd9a1","0xd4a8","0xd5d2","0xd364","0xda49","0xd3a8","0xd619","0xe4fd","0xe3db","0xdf42","0xdf3a","0xdf32","0xd3f2","0xd4f8","0xdf3e","0xdf36","0xd3c6","0xdf2e","0xd426","0xd29a","0xdb70","0xdbc6","0xd535","0xd56a","0xd59e","0xd5b8","0xdb21","0xe4e8","0xe4b1","0xe0c5","0xe097","0xe08f","0xd313","0xd2d9","0xe093","0xe08b","0xd2f5","0xe09b","0xd339","0xe47a","0xe43b","0xe45d","0xd97b","0xd47d","0xd279","UNIMPL","UNIMPL","0xecad","0xd71e","0xd279","0xd2e8","0xd2e8","0xd2e8","0xd2e8","0xd2e8","0xd2e8","0xd2e8","0xd2e8","0xd2e8","0xd2e8","0xd2e8","0xd2e8","0xd2e8","0xd2e8","0xd2e8","0xd2e8","0xd357","0xd357","0xd357","0xd357","0xd357","0xd357","0xd357","0xd357","0xd357","0xd357","0xd357","0xd357","0xd357","0xd357","0xd357","0xd357","0xd4cd","0xd4ca","0xd4ca","0xd4ca","0xd4ca","0xd4ca","0xd4ca","0xd4ca","0xf38c","0xd6ad","0xed22","0xed22","0xebdc","0xf4f1","0xf4f6","0xea92","0xea98","0xecc3","0xeb0a","0xeb4f","0xf3af","RSRVD","RSRVD","RSRVD","RSRVD","RSRVD","RSRVD","RSRVD","RSRVD","0xea6d","0xea77","0xf258","0xf243","UNIMPL","UNIMPL","UNIMPL","UNIMPL","UNIMPL","UNIMPL","UNIMPL","0xd6e9","0xd700","0xf381","0xf397","0xf26d","0xf3a5","0xf42d","0xecb5","0xed8c"
"pascal-results/images/6f002ef2809a5badd5ff18c5b70669a8127c6d7475e6190de175ea841bee3552/files","KBDRUN","Also found at: pascal-results/images/fc3c8aa370ebf1bb7a1569ee1084fdef3d6345d35cd83da4f6c59de5a7dd1199/files (volume: KBDRUN)","SYSTEM.APPLE","b171707fed34e35c30375a6601fc8829","5a160e53833eab6ae1008555f4fc7d8f","67d89434aeddae093287e2d13c1a2ea8","PASCALSY;USERPROG;SYSIO;PRINTERR;INITIALI;GETCMD;FIOPRIMS;","0;1;2;3;4;5;6;15","CHAINSTU;APPLESTU;SHORTGRA;SHORTGRA;INTROLIB;INTROLIB;TYPE1UNI;TYPE2UNI;TYPE3UNI","28;22;20;21;26;27;25;23;24","0x02","0x0b","2","2","0x3000","0x3100","0xd6fb","0xec7a","0xd719","0xea8a","0xd5ab","0xdb97","0xd879","0xeb22","0xd8be","0xed07","0xed2a","0xdc95","0xdb60","0xd5be","0xd8a6","0xd782","0xec1d","0xd731","0xec88","0xd5d1","0xdd0c","0xd743","0xead1","0xdcfa","0xd7c9","0xec45","0xd4bb","0xd988","0xdbb9","0xd441","0xe670","0xd2d6","0xdc25","0xd29f","0xd9c7","0xd9ab","0xd9da","0xd383","0xd925","0xd48b","0xd597","0xd365","0xd947","0xd3a9","0xd5de","0xe37f","0xe293","0xde28","0xde20","0xde18","0xd3ed","0xd4d5","0xde24","0xde1c","0xd3c7","0xde14","0xd41b","0xd2a7","0xda5c","0xdab2","0xd508","0xd536","0xd563","0xd57d","0xda19","0xe36a","0xe339","0xdfa5","0xdf77","0xdf6f","0xd314","0xd2dd","0xdf73","0xdf6b","0xd2f6","0xdf7b","0xd33a","0xe314","0xe2e1","0xe2fd","0xd90d","0xd466","0xd28d","UNIMPL","UNIMPL","0xe7f3","0xd6e0","0xd28d","0xd2e9","0xd2e9","0xd2e9","0xd2e9","0xd2e9","0xd2e9","0xd2e9","0xd2e9","0xd2e9","0xd2e9","0xd2e9","0xd2e9","0xd2e9","0xd2e9","0xd2e9","0xd2e9","0xd358","0xd358","0xd358","0xd358","0xd358","0xd358","0xd358","0xd358","0xd358","0xd358","0xd358","0xd358","0xd358","0xd358","0xd358","0xd358","0xd4aa","0xd4a7","0xd4a7","0xd4a7","0xd4a7","0xd4a7","0xd4a7","0xd4a7","0xeecc","0xd66f","0xe868","0xe868","0xe74c","0xf031","0xf036","UNIMPL","UNIMPL","0xe809","0xe67a","0xe6bf","0xeeef","RSRVD","RSRVD","RSRVD","RSRVD","RSRVD","RSRVD","RSRVD","RSRVD","0xe65c","0xe666","0xed98","0xed83","UNIMPL","UNIMPL","UNIMPL","UNIMPL","UNIMPL","UNIMPL","UNIMPL","0xd6ab","0xd6c2","0xeec1","0xeed7","0xedad","0xeee5","0xef6d","0xe7fb","0xe8cc"
"pascal-results/images/9595d6b4217730f546d9a02cf755d6e3d72a00c47ba703db3ce9b02a8af4f036/files","NO.DEMO","","SYSTEM.APPLE","b171707fed34e35c30375a6601fc8829","5a160e53833eab6ae1008555f4fc7d8f","6d0ec0801f5e5349ea91e28ab4b13edd","PASCALSY;USERPROG;SYSIO;PRINTERR;INITIALI;GETCMD;FIOPRIMS;","0;1;2;3;4;5;6;15","CHAINSTU;APPLESTU;SHORTGRA;SHORTGRA;ASMLIB;INTROLIB;INTROLIB;TYPE1UNI;TYPE2UNI;TYPE3UNI","28;22;20;21;29;26;27;25;23;24","0x02","0x0b","2","2","0x3000","0x3100","0xd6fb","0xec7a","0xd719","0xea8a","0xd5ab","0xdb97","0xd879","0xeb22","0xd8be","0xed07","0xed2a","0xdc95","0xdb60","0xd5be","0xd8a6","0xd782","0xec1d","0xd731","0xec88","0xd5d1","0xdd0c","0xd743","0xead1","0xdcfa","0xd7c9","0xec45","0xd4bb","0xd988","0xdbb9","0xd441","0xe670","0xd2d6","0xdc25","0xd29f","0xd9c7","0xd9ab","0xd9da","0xd383","0xd925","0xd48b","0xd597","0xd365","0xd947","0xd3a9","0xd5de","0xe37f","0xe293","0xde28","0xde20","0xde18","0xd3ed","0xd4d5","0xde24","0xde1c","0xd3c7","0xde14","0xd41b","0xd2a7","0xda5c","0xdab2","0xd508","0xd536","0xd563","0xd57d","0xda19","0xe36a","0xe339","0xdfa5","0xdf77","0xdf6f","0xd314","0xd2dd","0xdf73","0xdf6b","0xd2f6","0xdf7b","0xd33a","0xe314","0xe2e1","0xe2fd","0xd90d","0xd466","0xd28d","UNIMPL","UNIMPL","0xe7f3","0xd6e0","0xd28d","0xd2e9","0xd2e9","0xd2e9","0xd2e9","0xd2e9","0xd2e9","0xd2e9","0xd2e9","0xd2e9","0xd2e9","0xd2e9","0xd2e9","0xd2e9","0xd2e9","0xd2e9","0xd2e9","0xd358","0xd358","0xd358","0xd358","0xd358","0xd358","0xd358","0xd358","0xd358","0xd358","0xd358","0xd358","0xd358","0xd358","0xd358","0xd358","0xd4aa","0xd4a7","0xd4a7","0xd4a7","0xd4a7","0xd4a7","0xd4a7","0xd4a7","0xeecc","0xd66f","0xe868","0xe868","0xe74c","0xf031","0xf036","UNIMPL","UNIMPL","0xe809","0xe67a","0xe6bf","0xeeef","RSRVD","RSRVD","RSRVD","RSRVD","RSRVD","RSRVD","RSRVD","RSRVD","0xe65c","0xe666","0xed98","0xed83","UNIMPL","UNIMPL","UNIMPL","UNIMPL","UNIMPL","UNIMPL","UNIMPL","0xd6ab","0xd6c2","0xeec1","0xeed7","0xedad","0xeee5","0xef6d","0xe7fb","0xe8cc"
"pascal-results/images/8767ad97828f9488c870c258447e42954e89c492cbfbfcdcc2c705808ac7b72b/files","VISISCH","","RTSTRP.APPLE","cfbd42367f33c1ec8a2d69c5b00d1eea","5c506ea6b2f881bdf9adc4800346cafa","008358447a6dbd320e3a12939fe2a12a","PASCALSY;USERPROG;SYSIO;PRINTERR;INITIALI;GETCMD;FIOPRIMS","0;1;2;3;4;5;6","PASCALIO;LONGINTI;TERMIO;TERMIO;FMT;OPTUNIT;LISTUNIT;DATAUNIT;DATEUNIT","31;30;23;24;25;26;27;28;29","0x02","0x05","2","2","0x0400","0x0500","0x9ce3","UNIMPL","0x9d01","UNIMPL","0x9bab","UNIMPL","0x9e61","UNIMPL","0x9ea6","UNIMPL","UNIMPL","UNIMPL","UNIMPL","0x9bbe","0x9e8e","0x9d6a","UNIMPL","0x9d19","UNIMPL","0x9bd1","UNIMPL","0x9d2b","UNIMPL","UNIMPL","0x9db1","UNIMPL","0x9abb","0x9f70","UNIMPL","0x9a41","0xa881","0x98d6","UNIMPL","0x989f","0x9faf","0x9f93","0x9fc2","0x9983","0x9f0d","0x9a8b","0x9b97","0x9965","0x9f2f","0x99a9","0x9bde","0xa590","0xa4a4","0xa179","0xa171","0xa169","0x99ed","0x9ad5","0xa175","0xa16d","0x99c7","0xa165","0x9a1b","0x98a7","0xa044","0xa09a","0x9b08","0x9b36","0x9b63","0x9b7d","0xa001","0xa57b","0xa54a","0xa2bc","0xa28e","0xa286","0x9914","0x98dd","0xa28a","0xa282","0x98f6","0xa292","0x993a","0xa525","0xa4f2","0xa50e","0x9ef5","0x9a66","0x988d","UNIMPL","UNIMPL","0xaa04","0x9ce0","0x988d","0x98e9","0x98e9","0x98e9","0x98e9","0x98e9","0x98e9","0x98e9","0x98e9","0x98e9","0x98e9","0x98e9","0x98e9","0x98e9","0x98e9","0x98e9","0x98e9","0x9958","0x9958","0x9958","0x9958","0x9958","0x9958","0x9958","0x9958","0x9958","0x9958","0x9958","0x9958","0x9958","0x9958","0x9958","0x9958","0x9aaa","0x9aa7","0x9aa7","0x9aa7","0x9aa7","0x9aa7","0x9aa7","0x9aa7","0xab5c","0x9c6f","0xaa79","0xaa79","0xa95d","0xacc1","0xacc6","UNIMPL","UNIMPL","0xaa1a","0xa88b","0xa8d0","0xab7f","RSRVD","RSRVD","RSRVD","RSRVD","RSRVD","RSRVD","RSRVD","RSRVD","0xa86d","0xa877","UNIMPL","UNIMPL","UNIMPL","UNIMPL","UNIMPL","UNIMPL","UNIMPL","UNIMPL","UNIMPL","0x9cab","0x9cc2","0xab51","0xab67","UNIMPL","0xab75","0xabfd","0xaa0c","0xaadd"
"pascal-results/images/824f5aeb35030cebe6fd1a1b9753ecacf8df79246c3a85e778ed2983d2a53080/files","GATO","","SYSTEM.APPLE","5abc095a8ed5ac231db236f7f6bf22b3","9caba8da50b2d0ae1470fa31d92abb1d","355df37ea927606ea9147bc28c632be5","PASCALSY;USERPROG;FIOPRIMS;PRINTERR;INITIALI;GETCMD;SYSIO;","0;1;2;3;4;5;6;15","GATOGRAF;GATOGRAF;TRANSCEN;APPLESTU;RESDNT;RESDNT;MAINSCRN;DAMSCRN;WORLDSCR;QUADSCRN;RADSCRN;LOOKY","30;31;29;22;27;20;26;25;24;23;21;28","0x03","0x41","5","5","0x3000","0x3100","0xd768","0xf0f1","0xd786","0xef01","0xd615","0xdcda","0xd8e6","0xef99","0xd92b","0xf17e","0xf1a1","0xddde","0xdca3","0xd628","0xd913","0xd7ef","0xf094","0xd79e","0xf0ff","0xd63b","0xde55","0xd7b0","0xef48","0xde43","0xd836","0xf0bc","0xd50d","0xdabf","0xdcfc","0xd481","0xeab0","0xd301","0xdd68","0xd2c1","0xdafe","0xdae2","0xdb11","0xd3b1","0xd9d0","0xd4d7","0xd601","0xd393","0xda78","0xd3d7","0xd648","0xe52c","0xe40a","0xdf71","0xdf69","0xdf61","0xd421","0xd527","0xdf6d","0xdf65","0xd3f5","0xdf5d","0xd455","0xd2c9","0xdb9f","0xdbf5","0xd564","0xd599","0xd5cd","0xd5e7","0xdb50","0xe517","0xe4e0","0xe0f4","0xe0c6","0xe0be","0xd342","0xd308","0xe0c2","0xe0ba","0xd324","0xe0ca","0xd368","0xe4a9","0xe46a","0xe48c","0xd9aa","0xd4ac","0xd2a8","UNIMPL","UNIMPL","0xec64","0xd74d","0xd2a8","0xd317","0xd317","0xd317","0xd317","0xd317","0xd317","0xd317","0xd317","0xd317","0xd317","0xd317","0xd317","0xd317","0xd317","0xd317","0xd317","0xd386","0xd386","0xd386","0xd386","0xd386","0xd386","0xd386","0xd386","0xd386","0xd386","0xd386","0xd386","0xd386","0xd386","0xd386","0xd386","0xd4fc","0xd4f9","0xd4f9","0xd4f9","0xd4f9","0xd4f9","0xd4f9","0xd4f9","0xf343","0xd6dc","0xecd9","0xecd9","0xeb93","0xf4a8","0xf4ad","UNIMPL","UNIMPL","0xec7a","0xeac1","0xeb06","0xf366","RSRVD","RSRVD","RSRVD","RSRVD","RSRVD","RSRVD","RSRVD","RSRVD","0xea9c","0xeaa6","0xf20f","0xf1fa","UNIMPL","UNIMPL","UNIMPL","UNIMPL","UNIMPL","UNIMPL","UNIMPL","0xd718","0xd72f","0xf338","0xf34e","0xf224","0xf35c","0xf3e4","0xec6c","0xed43"
"pascal-results/images/431a6bb8a24d9d438a2915c4c14323da8bd076671976ee4d5c1610c671f05941/files","APPLE1","","SYSTEM.APPLE","97c6670b91db5da55b56cd3acb2d7486","24ca8f71aca82a11063a21463ad22184","256f6a7cde5676b1b107b16036c3162e","PASCALSY;USERPROG;DEBUGGER;PRINTERR;INITIALI;GETCMD;FILEPROC;","0;1;2;3;4;5;6;15","LONGINTI;PASCALIO;CHAINSTU;TRANSCEN;TURTLEGR;TURTLEGR;APPLESTU","30;31;28;29;20;21;22","0x02","0x01","2","2","0x3000","0x3100","0xd261","0xecb2","0xd261","0xeac2","0xd261","0xd261","0xd261","0xeb5a","0xd261","0xed3f","0xed62","0xd261","0xd261","0xd261","0xd261","0xd261","0xec55","0xd261","0xecc0","0xd261","0xd261","0xd261","0xeb09","0xd261","0xd261","0xec7d","0xd261","0xd261","0xd261","0xd261","0xe630","0xd261","0xd261","0xd261","0xd261","0xd261","0xd261","0xd261","0xd261","0xd261","0xd261","0xd261","0xd261","0xd261","0xd261","0xd261","0xd261","0xdde8","0xdde0","0xddd8","0xd261","0xd261","0xdde4","0xdddc","0xd261","0xddd4","0xd261","0xd261","0xd261","0xd261","0xd261","0xd261","0xd261","0xd261","0xd261","0xd261","0xd261","0xd261","0xd261","0xd261","0xd261","0xd261","0xd261","0xd261","0xd261","0xd261","0xd261","0xd261","0xd261","0xd261","0xd261","0xd261","0xd24d","UNIMPL","UNIMPL","0xe82b","0xd261","0xd261","0xd261","0xd261","0xd261","0xd261","0xd261","0xd261","0xd261","0xd261","0xd261","0xd261","0xd261","0xd261","0xd261","0xd261","0xd261","0xd261","0xd261","0xd261","0xd261","0xd261","0xd261","0xd261","0xd261","0xd261","0xd261","0xd261","0xd261","0xd261","0xd261","0xd261","0xd261","0xd261","0xd261","0xd261","0xd261","0xd261","0xd261","0xd261","0xd261","0xd261","0xef04","0xd261","0xd261","0xd261","0xe784","0xf069","0xf06e","0xe63a","0xd261","0xe841","0xd261","0xd261","0xef27","RSRVD","RSRVD","RSRVD","RSRVD","RSRVD","RSRVD","RSRVD","RSRVD","0xe61c","0xe626","0xedd0","0xedbb","UNIMPL","UNIMPL","UNIMPL","UNIMPL","UNIMPL","UNIMPL","UNIMPL","0xd261","0xd261","0xeef9","0xef0f","0xede5","0xef1d","0xefa5","0xe833","0xe904"
"pascal-results/images/3f4a63bd4bb44d4983f3bd0d77f3b998c473ff43f2c78859f36a6bb6b4e78a18/files","GRAFC00","","SYSTEM.APPLE","1cd11df9e32677f4d3673933d5c996fc","3999ba7301dbe916875940e0415d7ded","f9a750388c08b34973a0821fb014d229","PASCALSY;USERPROG;DEBUGGER;PRINTERR;INITIALI;GETCMD;FILEPROC;","0;1;2;3;4;5;6;15","LONGINTI;PASCALIO;CHAINSTU;TRANSCEN;APPLESTU;ASMGRAPH;ASMGRAPH;ASMPRINT;PLOTDRIV;PLOTDRIV","30;31;28;29;22;23;24;18;19;20","0x02","0x01","2","4","0x3000","0x3100","0xd6bb","0xecb2","0xd6d9","0xeac2","0xd56b","0xdb57","0xd839","0xeb5a","0xd87e","0xed3f","0xed62","0xdc55","0xdb20","0xd57e","0xd866","0xd742","0xec55","0xd6f1","0xecc0","0xd591","0xdccc","0xd703","0xeb09","0xdcba","0xd789","0xec7d","0xd47b","0xd948","0xdb79","0xd401","0xe630","0xd296","0xdbe5","0xd25f","0xd987","0xd96b","0xd99a","0xd343","0xd8e5","0xd44b","0xd557","0xd325","0xd907","0xd369","0xd59e","0xe33f","0xe253","0xdde8","0xdde0","0xddd8","0xd3ad","0xd495","0xdde4","0xdddc","0xd387","0xddd4","0xd3db","0xd267","0xda1c","0xda72","0xd4c8","0xd4f6","0xd523","0xd53d","0xd9d9","0xe32a","0xe2f9","0xdf65","0xdf37","0xdf2f","0xd2d4","0xd29d","0xdf33","0xdf2b","0xd2b6","0xdf3b","0xd2fa","0xe2d4","0xe2a1","0xe2bd","0xd8cd","0xd426","0xd24d","UNIMPL","UNIMPL","0xe82b","0xd6a0","0xd24d","0xd2a9","0xd2a9","0xd2a9","0xd2a9","0xd2a9","0xd2a9","0xd2a9","0xd2a9","0xd2a9","0xd2a9","0xd2a9","0xd2a9","0xd2a9","0xd2a9","0xd2a9","0xd2a9","0xd318","0xd318","0xd318","0xd318","0xd318","0xd318","0xd318","0xd318","0xd318","0xd318","0xd318","0xd318","0xd318","0xd318","0xd318","0xd318","0xd46a","0xd467","0xd467","0xd467","0xd467","0xd467","0xd467","0xd467","0xef04","0xd62f","0xe8a0","0xe8a0","0xe784","0xf069","0xf06e","0xe63a","0xe640","0xe841","0xe6b2","0xe6f7","0xef27","RSRVD","RSRVD","RSRVD","RSRVD","RSRVD","RSRVD","RSRVD","RSRVD","0xe61c","0xe626","0xedd0","0xedbb","UNIMPL","UNIMPL","UNIMPL","UNIMPL","UNIMPL","UNIMPL","UNIMPL","0xd66b","0xd682","0xeef9","0xef0f","0xede5","0xef1d","0xefa5","0xe833","0xe904"
"pascal-results/images/d1b38497550fe37ff83d98a86d9e9b70217dabfcd4d34ce093acf0cb0637f3ef/files","MULAL","","SYSTEM.APPLE","1cd11df9e32677f4d3673933d5c996fc","24ca8f71aca82a11063a21463ad22184","0bef58ecf8f06540726fe240cef668d2","PASCALSY;USERPROG;DEBUGGER;PRINTERR;INITIALI;GETCMD;FILEPROC;","0;1;2;3;4;5;6;15","PASCALIO;LONGINTI;CHAINSTU;SHORTGRA;SHORTGRA;APPLESTU;LESSONST;LESSONST;WNSTUFF","31;30;28;20;21;22;24;25;26","0x02","0x01","2","2","0x3000","0x3100","0xd6bb","0xecb2","0xd6d9","0xeac2","0xd56b","0xdb57","0xd839","0xeb5a","0xd87e","0xed3f","0xed62","0xdc55","0xdb20","0xd57e","0xd866","0xd742","0xec55","0xd6f1","0xecc0","0xd591","0xdccc","0xd703","0xeb09","0xdcba","0xd789","0xec7d","0xd47b","0xd948","0xdb79","0xd401","0xe630","0xd296","0xdbe5","0xd25f","0xd987","0xd96b","0xd99a","0xd343","0xd8e5","0xd44b","0xd557","0xd325","0xd907","0xd369","0xd59e","0xe33f","0xe253","0xdde8","0xdde0","0xddd8","0xd3ad","0xd495","0xdde4","0xdddc","0xd387","0xddd4","0xd3db","0xd267","0xda1c","0xda72","0xd4c8","0xd4f6","0xd523","0xd53d","0xd9d9","0xe32a","0xe2f9","0xdf65","0xdf37","0xdf2f","0xd2d4","0xd29d","0xdf33","0xdf2b","0xd2b6","0xdf3b","0xd2fa","0xe2d4","0xe2a1","0xe2bd","0xd8cd","0xd426","0xd24d","UNIMPL","UNIMPL","0xe82b","0xd6a0","0xd24d","0xd2a9","0xd2a9","0xd2a9","0xd2a9","0xd2a9","0xd2a9","0xd2a9","0xd2a9","0xd2a9","0xd2a9","0xd2a9","0xd2a9","0xd2a9","0xd2a9","0xd2a9","0xd2a9","0xd318","0xd318","0xd318","0xd318","0xd318","0xd318","0xd318","0xd318","0xd318","0xd318","0xd318","0xd318","0xd318","0xd318","0xd318","0xd318","0xd46a","0xd467","0xd467","0xd467","0xd467","0xd467","0xd467","0xd467","0xef04","0xd62f","0xe8a0","0xe8a0","0xe784","0xf069","0xf06e","0xe63a","0xe640","0xe841","0xe6b2","0xe6f7","0xef27","RSRVD","RSRVD","RSRVD","RSRVD","RSRVD","RSRVD","RSRVD","RSRVD","0xe61c","0xe626","0xedd0","0xedbb","UNIMPL","UNIMPL","UNIMPL","UNIMPL","UNIMPL","UNIMPL","UNIMPL","0xd66b","0xd682","0xeef9","0xef0f","0xede5","0xef1d","0xefa5","0xe833","0xe904"
"pascal-results/images/b6974c674d86bb8308663f7760d9ebbcb063495e69de48b71ae9eff6263fcc6a/files","DEMO","","RTSTND.APPLE","24ed8495062feff88a45da26825f3ae5","5c506ea6b2f881bdf9adc4800346cafa","28e2b86a023ab4d2370df467029a5ea6","PASCALSY;USERPROG;SYSIO;PRINTERR;INITIALI;GETCMD;FIOPRIMS","0;1;2;3;4;5;6","PASCALIO;RESPONSE;CHAINSTU;SHORTGRA;SHORTGRA;APPLESTU;SFG;SFG;MCIUNIT;SINUNIT;SINUNIT","31;27;28;20;21;22;23;24;25;18;19","0x02","0x02","2","2","0x0400","0x0500","0x93e3","0xa962","0x9401","0xa772","0x92ab","0x987f","0x9561","0xa80a","0x95a6","0xa9ef","0xaa12","0x997d","0x9848","0x92be","0x958e","0x946a","0xa905","0x9419","0xa970","0x92d1","0x99f4","0x942b","0xa7b9","0x99e2","0x94b1","0xa92d","0x91bb","0x9670","0x98a1","0x9141","0xa358","0x8fd6","0x990d","0x8f9f","0x96af","0x9693","0x96c2","0x9083","0x960d","0x918b","0x9297","0x9065","0x962f","0x90a9","0x92de","0xa067","0x9f7b","0x9b10","0x9b08","0x9b00","0x90ed","0x91d5","0x9b0c","0x9b04","0x90c7","0x9afc","0x911b","0x8fa7","0x9744","0x979a","0x9208","0x9236","0x9263","0x927d","0x9701","0xa052","0xa021","0x9c8d","0x9c5f","0x9c57","0x9014","0x8fdd","0x9c5b","0x9c53","0x8ff6","0x9c63","0x903a","0x9ffc","0x9fc9","0x9fe5","0x95f5","0x9166","0x8f8d","UNIMPL","UNIMPL","0xa4db","0x93e0","0x8f8d","0x8fe9","0x8fe9","0x8fe9","0x8fe9","0x8fe9","0x8fe9","0x8fe9","0x8fe9","0x8fe9","0x8fe9","0x8fe9","0x8fe9","0x8fe9","0x8fe9","0x8fe9","0x8fe9","0x9058","0x9058","0x9058","0x9058","0x9058","0x9058","0x9058","0x9058","0x9058","0x9058","0x9058","0x9058","0x9058","0x9058","0x9058","0x9058","0x91aa","0x91a7","0x91a7","0x91a7","0x91a7","0x91a7","0x91a7","0x91a7","0xabb4","0x936f","0xa550","0xa550","0xa434","0xad19","0xad1e","UNIMPL","UNIMPL","0xa4f1","0xa362","0xa3a7","0xabd7","RSRVD","RSRVD","RSRVD","RSRVD","RSRVD","RSRVD","RSRVD","RSRVD","0xa344","0xa34e","0xaa80","0xaa6b","UNIMPL","UNIMPL","UNIMPL","UNIMPL","UNIMPL","UNIMPL","UNIMPL","0x93ab","0x93c2","0xaba9","0xabbf","0xaa95","0xabcd","0xac55","0xa4e3","0xa5b4"
"pascal-results/images/f62ac0fee73131c93828a337ea68c2b695635fe5bd2c9b963ba8b4c8e1325d8f/files","FBQUEST","","RTSTRP.APPLE","56294530e5ed8d3d777675300424b7fd","0e91e85bb5325df78148899124443e49","e3e2fc00a9ff74db2b3e954131cc2fe2","PASCALSY;USERPROG;FIOPRIMS;PRINTERR;INITIALI;GETCMD;SYSIO","0;1;2;3;4;5;6","PASCALIO;FQUNIT1;FQUNIT1;FQUNIT2;FQUNIT2","31;22;23;24;25","0x03","0x27","5","5","0x0500","0x0600","0x9dff","UNIMPL","0x9e1d","UNIMPL","0x9caf","UNIMPL","0x9f7d","UNIMPL","0x9fc2","UNIMPL","UNIMPL","UNIMPL","UNIMPL","0x9cc2","0x9faa","0x9e86","UNIMPL","0x9e35","UNIMPL","0x9cd5","UNIMPL","0x9e47","UNIMPL","UNIMPL","0x9ecd","UNIMPL","0x9bbc","0xa08c","UNIMPL","0x9b42","0xa98e","0x99d7","UNIMPL","0x99a0","0xa0cb","0xa0af","0xa0de","0x9a84","0xa029","0x9b8c","0x9c9b","0x9a66","0xa04b","0x9aaa","0x9ce2","0xa69a","0xa5ae","0xa295","0xa28d","0xa285","0x9aee","0x9bd6","0xa291","0xa289","0x9ac8","0xa281","0x9b1c","0x99a8","0xa160","0xa1b6","0x9c0a","0x9c39","0x9c67","0x9c81","0xa11d","0xa685","0xa654","0xa3d8","0xa3aa","0xa3a2","0x9a15","0x99de","0xa3a6","0xa39e","0x99f7","0xa3ae","0x9a3b","0xa62f","0xa5fc","0xa618","0xa011","0x9b67","0x998d","UNIMPL","UNIMPL","0xab12","0x9de4","0x998d","0x99ea","0x99ea","0x99ea","0x99ea","0x99ea","0x99ea","0x99ea","0x99ea","0x99ea","0x99ea","0x99ea","0x99ea","0x99ea","0x99ea","0x99ea","0x99ea","0x9a59","0x9a59","0x9a59","0x9a59","0x9a59","0x9a59","0x9a59","0x9a59","0x9a59","0x9a59","0x9a59","0x9a59","0x9a59","0x9a59","0x9a59","0x9a59","0x9bab","0x9ba8","0x9ba8","0x9ba8","0x9ba8","0x9ba8","0x9ba8","0x9ba8","0xac6a","0x9d73","0xab87","0xab87","0xaa6b","0xadcf","0xadd4","UNIMPL","UNIMPL","0xab28","0xa999","0xa9de","0xac8d","RSRVD","RSRVD","RSRVD","RSRVD","RSRVD","RSRVD","RSRVD","RSRVD","0xa97a","0xa984","UNIMPL","UNIMPL","UNIMPL","UNIMPL","UNIMPL","UNIMPL","UNIMPL","UNIMPL","UNIMPL","0x9daf","0x9dc6","0xac5f","0xac75","UNIMPL","0xac83","0xad0b","0xab1a","0xabeb"
"pascal-results/images/b210d8fb9969d786f4628e080d8497b7d1aa173de0a340274f097a0fbd4bfff0/files","FROG","","RTSTRP.APPLE","4a283b197430598e579f0a11e257425a","0e91e85bb5325df78148899124443e49","42be162d48f8aed33b8798872ecf23ac","PASCALSY;USERPROG;FIOPRIMS;PRINTERR;INITIALI;GETCMD;SYSIO","0;1;2;3;4;5;6","LONGINTI;PASCALIO;CHAINSTU;TRANSCEN;TURTLEGR;TURTLEGR;APPLESTU","30;31;28;29;20;21;22","0x03","0x27","5","5","0x0500","0x0600","0x9dff","UNIMPL","0x9e1d","UNIMPL","0x9caf","UNIMPL","0x9f7d","UNIMPL","0x9fc2","UNIMPL","UNIMPL","UNIMPL","UNIMPL","0x9cc2","0x9faa","0x9e86","UNIMPL","0x9e35","UNIMPL","0x9cd5","UNIMPL","0x9e47","UNIMPL","UNIMPL","0x9ecd","UNIMPL","0x9bbc","0xa08c","UNIMPL","0x9b42","0xa98e","0x99d7","UNIMPL","0x99a0","0xa0cb","0xa0af","0xa0de","0x9a84","0xa029","0x9b8c","0x9c9b","0x9a66","0xa04b","0x9aaa","0x9ce2","0xa69a","0xa5ae","0xa295","0xa28d","0xa285","0x9aee","0x9bd6","0xa291","0xa289","0x9ac8","0xa281","0x9b1c","0x99a8","0xa160","0xa1b6","0x9c0a","0x9c39","0x9c67","0x9c81","0xa11d","0xa685","0xa654","0xa3d8","0xa3aa","0xa3a2","0x9a15","0x99de","0xa3a6","0xa39e","0x99f7","0xa3ae","0x9a3b","0xa62f","0xa5fc","0xa618","0xa011","0x9b67","0x998d","UNIMPL","UNIMPL","0xab12","0x9de4","0x998d","0x99ea","0x99ea","0x99ea","0x99ea","0x99ea","0x99ea","0x99ea","0x99ea","0x99ea","0x99ea","0x99ea","0x99ea","0x99ea","0x99ea","0x99ea","0x99ea","0x9a59","0x9a59","0x9a59","0x9a59","0x9a59","0x9a59","0x9a59","0x9a59","0x9a59","0x9a59","0x9a59","0x9a59","0x9a59","0x9a59","0x9a59","0x9a59","0x9bab","0x9ba8","0x9ba8","0x9ba8","0x9ba8","0x9ba8","0x9ba8","0x9ba8","0xac6a","0x9d73","0xab87","0xab87","0xaa6b","0xadcf","0xadd4","UNIMPL","UNIMPL","0xab28","0xa999","0xa9de","0xac8d","RSRVD","RSRVD","RSRVD","RSRVD","RSRVD","RSRVD","RSRVD","RSRVD","0xa97a","0xa984","UNIMPL","UNIMPL","UNIMPL","UNIMPL","UNIMPL","UNIMPL","UNIMPL","UNIMPL","UNIMPL","0x9daf","0x9dc6","0xac5f","0xac75","UNIMPL","0xac83","0xad0b","0xab1a","0xabeb"
"pascal-results/images/e2c1e5848af4d3bdae29229aa1e038eedfae6926d087ea3b7d5c0d1bd74e9a34/files","ELEVE","","SYSTEM.APPLE","0dac359ed758f62821400c4c97dcb1a6","24ca8f71aca82a11063a21463ad22184","25f2d3212ebf584d59777f9c4d0b7771","PASCALSY;USERPROG;DEBUGGER;PRINTERR;INITIALI;GETCMD;FILEPROC;","0;1;2;3;4;5;6;15","LONGINTI;PASCALIO;CHAINSTU;DOSLV;DOSLV;APPLESTU;EXTERN","30;31;28;18;19;22;16","0x02","0x01","2","2","0x3000","0x3100","0xd6bb","0xecb2","0xd6d9","0xeac2","0xd56b","0xdb57","0xd839","0xeb5a","0xd87e","0xed3f","0xed62","0xdc55","0xdb20","0xd57e","0xd866","0xd742","0xec55","0xd6f1","0xecc0","0xd591","0xdccc","0xd703","0xeb09","0xdcba","0xd789","0xec7d","0xd47b","0xd948","0xdb79","0xd401","0xe630","0xd296","0xdbe5","0xd25f","0xd987","0xd96b","0xd99a","0xd343","0xd8e5","0xd44b","0xd557","0xd325","0xd907","0xd369","0xd59e","0xe33f","0xe253","0xdde8","0xdde0","0xddd8","0xd3ad","0xd495","0xdde4","0xdddc","0xd387","0xddd4","0xd3db","0xd267","0xda1c","0xda72","0xd4c8","0xd4f6","0xd523","0xd53d","0xd9d9","0xe32a","0xe2f9","0xdf65","0xdf37","0xdf2f","0xd2d4","0xd29d","0xdf33","0xdf2b","0xd2b6","0xdf3b","0xd2fa","0xe2d4","0xe2a1","0xe2bd","0xd8cd","0xd426","0xd24d","UNIMPL","UNIMPL","0xe82b","0xd6a0","0xd24d","0xd2a9","0xd2a9","0xd2a9","0xd2a9","0xd2a9","0xd2a9","0xd2a9","0xd2a9","0xd2a9","0xd2a9","0xd2a9","0xd2a9","0xd2a9","0xd2a9","0xd2a9","0xd2a9","0xd318","0xd318","0xd318","0xd318","0xd318","0xd318","0xd318","0xd318","0xd318","0xd318","0xd318","0xd318","0xd318","0xd318","0xd318","0xd318","0xd46a","0xd467","0xd467","0xd467","0xd467","0xd467","0xd467","0xd467","0xef04","0xd62f","0xe8a0","0xe8a0","0xe784","0xf069","0xf06e","0xe63a","0xe640","0xe841","0xe6b2","0xe6f7","0xef27","RSRVD","RSRVD","RSRVD","RSRVD","RSRVD","RSRVD","RSRVD","RSRVD","0xe61c","0xe626","0xedd0","0xedbb","UNIMPL","UNIMPL","UNIMPL","UNIMPL","UNIMPL","UNIMPL","UNIMPL","0xd66b","0xd682","0xeef9","0xef0f","0xede5","0xef1d","0xefa5","0xe833","0xe904"
